date,state_held,state_signal,w_TECL,w_XLK,w_BIL,ret_gross,cost,ret_net,equity,drawdown,XLK_ret,TECL_ret,BIL_ret
2009-01-02,,BIL,,,,0.0,0.0,0.0,1.0,0.0,0.037633,0.120258,0.000218
2009-01-05,BIL,BIL,0.0,0.0,1.0,0.0,0.0,0.0,1.0,0.0,-0.003116,0.007565,0.0
2009-01-06,BIL,BIL,0.0,0.0,1.0,0.000219,0.0,0.000219,1.0002,0.0,0.023212,0.088309,0.000219
2009-01-07,BIL,BIL,0.0,0.0,1.0,0.001528,0.0,0.001528,1.0017,0.0,-0.031881,-0.105125,0.001528
2009-01-08,BIL,BIL,0.0,0.0,1.0,-0.00109,0.0,-0.00109,1.0007,-0.0011,0.006967,0.015419,-0.00109
2009-01-09,BIL,BIL,0.0,0.0,1.0,0.000655,0.0,0.000655,1.0013,-0.0004,-0.022014,-0.066161,0.000655
2009-01-12,BIL,BIL,0.0,0.0,1.0,-0.000436,0.0,-0.000436,1.0009,-0.0009,-0.018004,-0.03794,-0.000436
2009-01-13,BIL,BIL,0.0,0.0,1.0,0.001309,0.0,0.001309,1.0022,0.0,-0.004588,-0.022535,0.001309
2009-01-14,BIL,BIL,0.0,0.0,1.0,0.000217,0.0,0.000217,1.0024,0.0,-0.030266,-0.097571,0.000217
2009-01-15,BIL,BIL,0.0,0.0,1.0,0.000218,0.0,0.000218,1.0026,0.0,0.006777,0.019617,0.000218
2009-01-16,BIL,BIL,0.0,0.0,1.0,-0.000654,0.0,-0.000654,1.002,-0.0007,0.006749,0.036242,-0.000654
2009-01-20,BIL,BIL,0.0,0.0,1.0,-0.001743,0.0,-0.001743,1.0002,-0.0024,-0.040831,-0.153713,-0.001743
2009-01-21,BIL,BIL,0.0,0.0,1.0,0.001746,0.0,0.001746,1.002,-0.0007,0.048146,0.147959,0.001746
2009-01-22,BIL,BIL,0.0,0.0,1.0,0.000219,0.0,0.000219,1.0022,-0.0004,-0.02263,-0.052444,0.000219
2009-01-23,BIL,BIL,0.0,0.0,1.0,-0.000218,0.0,-0.000218,1.002,-0.0007,0.014299,0.046904,-0.000218
2009-01-26,BIL,BIL,0.0,0.0,1.0,-0.000217,0.0,-0.000217,1.0017,-0.0009,0.012093,0.02509,-0.000217
2009-01-27,BIL,BIL,0.0,0.0,1.0,-0.000436,0.0,-0.000436,1.0013,-0.0013,0.005974,0.040647,-0.000436
2009-01-28,BIL,BIL,0.0,0.0,1.0,-0.000436,0.0,-0.000436,1.0009,-0.0017,0.02836,0.099538,-0.000436
2009-01-29,BIL,BIL,0.0,0.0,1.0,0.0,0.0,0.0,1.0009,-0.0017,-0.029509,-0.092819,0.0
2009-01-30,BIL,BIL,0.0,0.0,1.0,0.000872,0.0,0.000872,1.0017,-0.0009,-0.029737,-0.083789,0.000872
2009-02-02,BIL,BIL,0.0,0.0,1.0,0.000602,0.0,0.000602,1.0024,-0.0003,0.01566,0.032629,0.000602
2009-02-03,BIL,BIL,0.0,0.0,1.0,-0.000872,0.0,-0.000872,1.0015,-0.0011,0.020117,0.049399,-0.000872
2009-02-04,BIL,BIL,0.0,0.0,1.0,0.000655,0.0,0.000655,1.0021,-0.0005,-0.000648,0.020356,0.000655
2009-02-05,BIL,BIL,0.0,0.0,1.0,-0.000436,0.0,-0.000436,1.0017,-0.0009,0.01579,0.057357,-0.000436
2009-02-06,BIL,BIL,0.0,0.0,1.0,-0.001526,0.0,-0.001526,1.0002,-0.0024,0.034316,0.108097,-0.001526
2009-02-09,BIL,BIL,0.0,0.0,1.0,0.001309,0.0,0.001309,1.0015,-0.0011,0.002518,0.011706,0.001309
2009-02-10,BIL,BIL,0.0,0.0,1.0,-0.000217,0.0,-0.000217,1.0013,-0.0014,-0.040614,-0.121318,-0.000217
2009-02-11,BIL,BIL,0.0,0.0,1.0,-0.000219,0.0,-0.000219,1.001,-0.0016,0.001959,0.004789,-0.000219
2009-02-12,BIL,BIL,0.0,0.0,1.0,0.0,0.0,0.0,1.001,-0.0016,0.004552,0.020651,0.0
2009-02-13,BIL,BIL,0.0,0.0,1.0,0.000874,0.0,0.000874,1.0019,-0.0007,-0.004531,-0.010506,0.000874
2009-02-17,BIL,BIL,0.0,0.0,1.0,0.0,0.0,0.0,1.0019,-0.0007,-0.041593,-0.130948,0.0
2009-02-18,BIL,BIL,0.0,0.0,1.0,0.000217,0.0,0.000217,1.0021,-0.0005,0.000686,0.004072,0.000217
2009-02-19,BIL,BIL,0.0,0.0,1.0,0.0,0.0,0.0,1.0021,-0.0005,-0.024383,-0.091032,0.0
2009-02-20,BIL,BIL,0.0,0.0,1.0,0.0,0.0,0.0,1.0021,-0.0005,0.009712,0.000496,0.0
2009-02-23,BIL,BIL,0.0,0.0,1.0,-0.000217,0.0,-0.000217,1.0019,-0.0007,-0.046077,-0.126363,-0.000217
2009-02-24,BIL,BIL,0.0,0.0,1.0,-0.000654,0.0,-0.000654,1.0013,-0.0014,0.026677,0.085649,-0.000654
2009-02-25,BIL,BIL,0.0,0.0,1.0,-0.000436,0.0,-0.000436,1.0008,-0.0018,0.009129,0.007837,-0.000436
2009-02-26,BIL,BIL,0.0,0.0,1.0,0.000217,0.0,0.000217,1.001,-0.0016,-0.010437,-0.033696,0.000217
2009-02-27,BIL,BIL,0.0,0.0,1.0,0.000655,0.0,0.000655,1.0017,-0.0009,-0.007043,-0.00912,0.000655
2009-03-02,BIL,BIL,0.0,0.0,1.0,0.000586,0.0,0.000586,1.0023,-0.0003,-0.024073,-0.090417,0.000586
2009-03-03,BIL,BIL,0.0,0.0,1.0,-0.000218,0.0,-0.000218,1.0021,-0.0006,-0.009434,0.002976,-0.000218
2009-03-04,BIL,BIL,0.0,0.0,1.0,0.0,0.0,0.0,1.0021,-0.0006,0.026384,0.073591,0.0
2009-03-05,BIL,BIL,0.0,0.0,1.0,0.000219,0.0,0.000219,1.0023,-0.0003,-0.030706,-0.098397,0.000219
2009-03-06,BIL,BIL,0.0,0.0,1.0,-0.000218,0.0,-0.000218,1.0021,-0.0006,0.005159,-0.026977,-0.000218
2009-03-09,BIL,BIL,0.0,0.0,1.0,0.0,0.0,0.0,1.0021,-0.0006,-0.031498,-0.076875,0.0
2009-03-10,BIL,BIL,0.0,0.0,1.0,0.0,0.0,0.0,1.0021,-0.0006,0.057488,0.206143,0.0
2009-03-11,BIL,BIL,0.0,0.0,1.0,0.0,0.0,0.0,1.0021,-0.0006,0.022179,0.076967,0.0
2009-03-12,BIL,BIL,0.0,0.0,1.0,-0.000436,0.0,-0.000436,1.0016,-0.001,0.028689,0.080925,-0.000436
2009-03-13,BIL,BIL,0.0,0.0,1.0,-0.000219,0.0,-0.000219,1.0014,-0.0012,0.0,-0.010209,-0.000219
2009-03-16,BIL,BIL,0.0,0.0,1.0,-0.000217,0.0,-0.000217,1.0012,-0.0014,-0.008843,-0.043713,-0.000217
2009-03-17,BIL,BIL,0.0,0.0,1.0,0.000655,0.0,0.000655,1.0018,-0.0008,0.036365,0.107345,0.000655
2009-03-18,BIL,BIL,0.0,0.0,1.0,0.000217,0.0,0.000217,1.0021,-0.0006,0.013918,0.046382,0.000217
2009-03-19,BIL,BIL,0.0,0.0,1.0,-0.000654,0.0,-0.000654,1.0014,-0.0012,0.00261,0.016844,-0.000654
2009-03-20,BIL,BIL,0.0,0.0,1.0,0.000437,0.0,0.000437,1.0018,-0.0008,-0.015257,-0.051439,0.000437
2009-03-23,BIL,XLK,0.0,0.0,1.0,0.000217,0.0,0.000217,1.0021,-0.0006,0.059179,0.183824,0.000217
2009-03-24,XLK,XLK,0.0,1.0,0.0,-0.016318,0.001,-0.017318,0.9847,-0.0179,-0.016318,-0.039208,-0.000217
2009-03-25,XLK,XLK,0.0,1.0,0.0,0.005733,0.0,0.005733,0.9904,-0.0122,0.005733,-0.00202,0.000436
2009-03-26,XLK,XLK,0.0,1.0,0.0,0.026026,0.0,0.026026,1.0161,0.0,0.026026,0.119433,-0.000218
2009-03-27,XLK,XLK,0.0,1.0,0.0,-0.021647,0.0,-0.021647,0.9941,-0.0216,-0.021647,-0.075949,0.000219
2009-03-30,XLK,XLK,0.0,1.0,0.0,-0.030986,0.0,-0.030986,0.9633,-0.052,-0.030986,-0.088454,-0.000218
2009-03-31,XLK,XLK,0.0,1.0,0.0,0.018926,0.0,0.018926,0.9816,-0.034,0.018926,0.050236,-0.000436
2009-04-01,XLK,XLK,0.0,1.0,0.0,0.02816,0.0,0.02816,1.0092,-0.0068,0.02816,0.07686,0.000165
2009-04-02,XLK,XLK,0.0,1.0,0.0,0.026151,0.0,0.026151,1.0356,0.0,0.026151,0.092255,-0.000654
2009-04-03,XLK,XLK,0.0,1.0,0.0,0.013956,0.0,0.013956,1.05,0.0,0.013956,0.045881,0.000655
2009-04-06,XLK,XLK,0.0,1.0,0.0,-0.010165,0.0,-0.010165,1.0394,-0.0102,-0.010165,-0.030907,-0.000219
2009-04-07,XLK,XLK,0.0,1.0,0.0,-0.027811,0.0,-0.027811,1.0105,-0.0377,-0.027811,-0.083676,0.0
2009-04-08,XLK,XLK,0.0,1.0,0.0,0.014929,0.0,0.014929,1.0256,-0.0233,0.014929,0.05988,0.000436
2009-04-09,XLK,XLK,0.0,1.0,0.0,0.025118,0.0,0.025118,1.0513,0.0,0.025118,0.087571,-0.000654
2009-04-13,XLK,TECL,0.0,1.0,0.0,0.0,0.0,0.0,1.0513,0.0,0.0,-0.015909,0.000655
2009-04-14,TECL,TECL,0.75,0.0,0.25,-0.018667,0.001,-0.019667,1.0306,-0.0197,-0.010754,-0.024744,-0.000436
2009-04-15,TECL,TECL,0.75,0.0,0.25,-0.014462,0.0,-0.014462,1.0157,-0.0338,-0.003026,-0.019283,0.0
2009-04-16,TECL,TECL,0.75,0.0,0.25,0.071309,0.0,0.071309,1.0882,0.0,0.029693,0.09486,0.000654
2009-04-17,TECL,TECL,0.75,0.0,0.25,-0.000745,0.0,-0.000745,1.0874,-0.0007,-0.001763,-0.00063,-0.00109
2009-04-20,TECL,TECL,0.75,0.0,0.25,-0.072479,0.0,-0.072479,1.0085,-0.0732,-0.031841,-0.096784,0.000436
2009-04-21,TECL,TECL,0.75,0.0,0.25,0.039474,0.0,0.039474,1.0484,-0.0366,0.017057,0.052705,-0.000219
2009-04-22,TECL,TECL,0.75,0.0,0.25,0.005883,0.0,0.005883,1.0545,-0.0309,0.004792,0.007626,0.000655
2009-04-23,TECL,TECL,0.75,0.0,0.25,0.010968,0.0,0.010968,1.0661,-0.0203,0.004769,0.014478,0.000436
2009-04-24,TECL,TECL,0.75,0.0,0.25,0.045978,0.0,0.045978,1.1151,0.0,0.014224,0.061304,0.0
2009-04-27,TECL,TECL,0.75,0.0,0.25,-0.010369,0.0,-0.010369,1.1035,-0.0104,-0.00468,-0.013753,-0.000217
2009-04-28,TECL,TECL,0.75,0.0,0.25,-0.012264,0.0,-0.012264,1.09,-0.0225,-0.000577,-0.016424,0.000217
2009-04-29,TECL,TECL,0.75,0.0,0.25,0.043897,0.0,0.043897,1.1379,0.0,0.011169,0.058601,-0.000217
2009-04-30,TECL,TECL,0.75,0.0,0.25,0.009821,0.0,0.009821,1.149,0.0,0.002897,0.013095,0.0
2009-05-01,TECL,TECL,0.75,0.0,0.25,0.014184,0.0,0.014184,1.1653,0.0,0.013333,0.018801,0.000332
2009-05-04,TECL,TECL,0.75,0.0,0.25,0.041844,0.0,0.041844,1.2141,0.0,0.018312,0.056228,-0.001308
2009-05-05,TECL,TECL,0.75,0.0,0.25,-0.010183,0.0,-0.010183,1.2017,-0.0102,-0.006178,-0.01365,0.000219
2009-05-06,TECL,TECL,0.75,0.0,0.25,-0.003168,0.0,-0.003168,1.1979,-0.0133,0.005647,-0.004152,-0.000219
2009-05-07,TECL,TECL,0.75,0.0,0.25,-0.071707,0.0,-0.071707,1.112,-0.0841,-0.03822,-0.095609,0.0
2009-05-08,TECL,TECL,0.75,0.0,0.25,-0.004094,0.0,-0.004094,1.1075,-0.0878,-0.001162,-0.005532,0.000219
2009-05-11,TECL,TECL,0.75,0.0,0.25,0.005044,0.0,0.005044,1.1131,-0.0832,0.002915,0.006799,-0.000219
2009-05-12,TECL,TECL,0.75,0.0,0.25,-0.014054,0.0,-0.014054,1.0974,-0.0961,-0.005241,-0.01903,0.000873
2009-05-13,TECL,TECL,0.75,0.0,0.25,-0.057423,0.0,-0.057423,1.0344,-0.148,-0.025223,-0.076345,-0.000654
2009-05-14,TECL,TECL,0.75,0.0,0.25,0.029526,0.0,0.029526,1.0649,-0.1229,0.010826,0.039295,0.000219
2009-05-15,TECL,TECL,0.75,0.0,0.25,0.003178,0.0,0.003178,1.0683,-0.1201,0.0,0.004237,0.0
2009-05-18,TECL,TECL,0.75,0.0,0.25,0.059803,0.0,0.059803,1.1322,-0.0674,0.027381,0.07952,0.000653
2009-05-19,TECL,TECL,0.75,0.0,0.25,0.019338,0.0,0.019338,1.1541,-0.0494,0.005788,0.025857,-0.000217
2009-05-20,TECL,TECL,0.75,0.0,0.25,-0.02176,0.0,-0.02176,1.129,-0.0701,-0.010364,-0.028722,-0.000873
2009-05-21,TECL,TECL,0.75,0.0,0.25,-0.031294,0.0,-0.031294,1.0937,-0.0992,-0.01746,-0.041943,0.000655
2009-05-22,TECL,TECL,0.75,0.0,0.25,-0.009867,0.0,-0.009867,1.0829,-0.1081,0.003548,-0.013228,0.000219
2009-05-26,TECL,TECL,0.75,0.0,0.25,0.074264,0.0,0.074264,1.1633,-0.0418,0.025981,0.098947,0.000217
2009-05-27,TECL,TECL,0.75,0.0,0.25,-0.01503,0.0,-0.01503,1.1458,-0.0562,-0.009788,-0.020041,0.0
2009-05-28,TECL,TECL,0.75,0.0,0.25,0.0324,0.0,0.0324,1.1829,-0.0257,0.014534,0.043272,-0.000217
2009-05-29,TECL,TECL,0.75,0.0,0.25,0.023279,0.0,0.023279,1.2105,-0.003,0.010881,0.030966,0.000217
2009-06-01,TECL,TECL,0.75,0.0,0.25,0.076476,0.0,0.076476,1.303,0.0,0.028329,0.102232,-0.000791
2009-06-02,TECL,TECL,0.75,0.0,0.25,-0.012375,0.0,-0.012375,1.2869,-0.0124,-0.002204,-0.0165,0.0
2009-06-03,TECL,TECL,0.75,0.0,0.25,-0.013618,0.0,-0.013618,1.2694,-0.0258,-0.011047,-0.018302,0.000436
2009-06-04,TECL,TECL,0.75,0.0,0.25,0.030101,0.0,0.030101,1.3076,0.0,0.013966,0.040135,0.0
2009-06-05,TECL,TECL,0.75,0.0,0.25,0.014696,0.0,0.014696,1.3268,0.0,0.009908,0.019666,-0.000217
2009-06-08,TECL,TECL,0.75,0.0,0.25,-0.005256,0.0,-0.005256,1.3198,-0.0053,-0.005996,-0.00708,0.000217
2009-06-09,TECL,TECL,0.75,0.0,0.25,0.022813,0.0,0.022813,1.35,0.0,0.00439,0.030489,-0.000217
2009-06-10,TECL,TECL,0.75,0.0,0.25,-0.002093,0.0,-0.002093,1.3471,-0.0021,0.002721,-0.002863,0.000217
2009-06-11,TECL,TECL,0.75,0.0,0.25,0.007913,0.0,0.007913,1.3578,0.0,0.003824,0.010768,-0.000654
2009-06-12,TECL,TECL,0.75,0.0,0.25,-0.002978,0.0,-0.002978,1.3537,-0.003,-0.002717,-0.004261,0.000873
2009-06-15,TECL,TECL,0.75,0.0,0.25,-0.034415,0.0,-0.034415,1.3072,-0.0373,-0.010337,-0.045887,0.0
2009-06-16,TECL,TECL,0.75,0.0,0.25,-0.024802,0.0,-0.024802,1.2747,-0.0612,-0.012644,-0.033142,0.000218
2009-06-17,TECL,TECL,0.75,0.0,0.25,0.017397,0.0,0.017397,1.2969,-0.0448,0.005562,0.023196,0.0
2009-06-18,TECL,TECL,0.75,0.0,0.25,-0.012523,0.0,-0.012523,1.2807,-0.0568,-0.004431,-0.016625,-0.000218
2009-06-19,TECL,TECL,0.75,0.0,0.25,0.029832,0.0,0.029832,1.3189,-0.0287,0.012358,0.039703,0.000218
2009-06-22,TECL,TECL,0.75,0.0,0.25,-0.063193,0.0,-0.063193,1.2355,-0.09,-0.024843,-0.084257,0.0
2009-06-23,TECL,TECL,0.75,0.0,0.25,-0.006053,0.0,-0.006053,1.228,-0.0955,0.000567,-0.008071,0.0
2009-06-24,TECL,TECL,0.75,0.0,0.25,0.035191,0.0,0.035191,1.2713,-0.0637,0.014141,0.046922,0.0
2009-06-25,TECL,TECL,0.75,0.0,0.25,0.041386,0.0,0.041386,1.3239,-0.025,0.014502,0.055181,0.0
2009-06-26,TECL,TECL,0.75,0.0,0.25,-0.001105,0.0,-0.001105,1.3224,-0.026,-0.001653,-0.001473,0.0
2009-06-29,TECL,TECL,0.75,0.0,0.25,0.013278,0.0,0.013278,1.34,-0.0131,0.01047,0.017703,0.0
2009-06-30,TECL,TECL,0.75,0.0,0.25,-0.009477,0.0,-0.009477,1.3273,-0.0225,-0.007631,-0.012563,-0.000218
2009-07-01,TECL,TECL,0.75,0.0,0.25,0.011017,0.0,0.011017,1.3419,-0.0117,0.004388,0.014681,2.5e-05
2009-07-02,TECL,TECL,0.75,0.0,0.25,-0.046786,0.0,-0.046786,1.2791,-0.0579,-0.025147,-0.062455,0.000218
2009-07-06,TECL,TECL,0.75,0.0,0.25,-0.016451,0.0,-0.016451,1.2581,-0.0734,-0.00281,-0.021862,-0.000218
2009-07-07,TECL,TECL,0.75,0.0,0.25,-0.055022,0.0,-0.055022,1.1888,-0.1244,-0.024741,-0.073363,0.0
2009-07-08,TECL,TECL,0.75,0.0,0.25,0.00346,0.0,0.00346,1.193,-0.1214,0.000578,0.00454,0.000218
2009-07-09,TECL,TECL,0.75,0.0,0.25,0.01075,0.0,0.01075,1.2058,-0.1119,0.006338,0.014407,-0.000218
2009-07-10,TECL,TECL,0.75,0.0,0.25,0.010443,0.0,0.010443,1.2184,-0.1027,0.004003,0.013924,0.0
2009-07-13,TECL,TECL,0.75,0.0,0.25,0.045578,0.0,0.045578,1.2739,-0.0618,0.018834,0.060698,0.000218
2009-07-14,TECL,TECL,0.75,0.0,0.25,0.007768,0.0,0.007768,1.2838,-0.0545,0.001108,0.010357,0.0
2009-07-15,TECL,TECL,0.75,0.0,0.25,0.095227,0.0,0.095227,1.4061,0.0,0.037478,0.127114,-0.000437
2009-07-16,TECL,TECL,0.75,0.0,0.25,0.035409,0.0,0.035409,1.4558,0.0,0.014558,0.047067,0.000437
2009-07-17,TECL,TECL,0.75,0.0,0.25,0.022964,0.0,0.022964,1.4893,0.0,0.009557,0.030619,0.0
2009-07-20,TECL,TECL,0.75,0.0,0.25,0.02075,0.0,0.02075,1.5202,0.0,0.008952,0.027813,-0.000437
2009-07-21,TECL,TECL,0.75,0.0,0.25,0.013376,0.0,0.013376,1.5405,0.0,0.005737,0.017835,0.0
2009-07-22,TECL,TECL,0.75,0.0,0.25,0.013046,0.0,0.013046,1.5606,0.0,0.005704,0.017321,0.000219
2009-07-23,TECL,TECL,0.75,0.0,0.25,0.037215,0.0,0.037215,1.6187,0.0,0.019599,0.049693,-0.000218
2009-07-24,TECL,TECL,0.75,0.0,0.25,-0.0142,0.0,-0.0142,1.5957,-0.0142,-0.005968,-0.018861,-0.000217
2009-07-27,TECL,TECL,0.75,0.0,0.25,-0.008795,0.0,-0.008795,1.5817,-0.0229,-0.000102,-0.011726,0.0
2009-07-28,TECL,TECL,0.75,0.0,0.25,0.008662,0.0,0.008662,1.5954,-0.0144,0.00204,0.011476,0.000217
2009-07-29,TECL,TECL,0.75,0.0,0.25,-0.006346,0.0,-0.006346,1.5852,-0.0207,-0.001018,-0.008462,0.0
2009-07-30,TECL,TECL,0.75,0.0,0.25,0.008928,0.0,0.008928,1.5994,-0.0119,0.005081,0.011831,0.000219
2009-07-31,TECL,TECL,0.75,0.0,0.25,-0.002032,0.0,-0.002032,1.5962,-0.0139,-0.003535,-0.002492,-0.000654
2009-08-03,TECL,TECL,0.75,0.0,0.25,0.02918,0.0,0.02918,1.6427,0.0,0.013708,0.038816,0.000269
2009-08-04,TECL,TECL,0.75,0.0,0.25,-0.00272,0.0,-0.00272,1.6383,-0.0027,-0.003011,-0.0037,0.000217
2009-08-05,TECL,TECL,0.75,0.0,0.25,-0.017321,0.0,-0.017321,1.6099,-0.02,-0.009034,-0.023023,-0.000217
2009-08-06,TECL,TECL,0.75,0.0,0.25,-0.017389,0.0,-0.017389,1.5819,-0.037,-0.007097,-0.023185,0.0
2009-08-07,TECL,TECL,0.75,0.0,0.25,0.020136,0.0,0.020136,1.6137,-0.0176,0.010204,0.026848,0.0
2009-08-10,TECL,TECL,0.75,0.0,0.25,-0.014068,0.0,-0.014068,1.591,-0.0315,-0.004544,-0.018757,0.0
2009-08-11,TECL,TECL,0.75,0.0,0.25,-0.021722,0.0,-0.021722,1.5565,-0.0525,-0.014217,-0.028963,0.0
2009-08-12,TECL,TECL,0.75,0.0,0.25,0.039331,0.0,0.039331,1.6177,-0.0152,0.020084,0.052297,0.000436
2009-08-13,TECL,TECL,0.75,0.0,0.25,0.020016,0.0,0.020016,1.6501,0.0,0.00454,0.026833,-0.000436
2009-08-14,TECL,TECL,0.75,0.0,0.25,-0.021146,0.0,-0.021146,1.6152,-0.0211,-0.009542,-0.02834,0.000436
2009-08-17,TECL,TECL,0.75,0.0,0.25,-0.0592,0.0,-0.0592,1.5196,-0.0791,-0.023856,-0.078788,-0.000436
2009-08-18,TECL,TECL,0.75,0.0,0.25,0.031873,0.0,0.031873,1.568,-0.0497,0.015077,0.042352,0.000436
2009-08-19,TECL,TECL,0.75,0.0,0.25,0.01069,0.0,0.01069,1.5848,-0.0396,0.002565,0.014398,-0.000436
2009-08-20,TECL,TECL,0.75,0.0,0.25,0.024408,0.0,0.024408,1.6234,-0.0161,0.011233,0.032471,0.000217
2009-08-21,TECL,TECL,0.75,0.0,0.25,0.032149,0.0,0.032149,1.6756,0.0,0.014651,0.042938,-0.000217
2009-08-24,TECL,TECL,0.75,0.0,0.25,-0.003521,0.0,-0.003521,1.6697,-0.0035,-0.002993,-0.004695,0.0
2009-08-25,TECL,TECL,0.75,0.0,0.25,0.001225,0.0,0.001225,1.6718,-0.0023,0.002501,0.001633,0.0
2009-08-26,TECL,TECL,0.75,0.0,0.25,0.005081,0.0,0.005081,1.6803,0.0,0.004479,0.006702,0.000217
2009-08-27,TECL,TECL,0.75,0.0,0.25,0.010121,0.0,0.010121,1.6973,0.0,0.001987,0.013494,0.0
2009-08-28,TECL,TECL,0.75,0.0,0.25,0.006312,0.0,0.006312,1.708,0.0,0.003458,0.008344,0.000219
2009-08-31,TECL,TECL,0.75,0.0,0.25,-0.019542,0.0,-0.019542,1.6746,-0.0195,-0.012822,-0.026056,0.0
2009-09-01,TECL,TECL,0.75,0.0,0.25,-0.045839,0.0,-0.045839,1.5978,-0.0645,-0.020483,-0.060918,-0.000602
2009-09-02,TECL,TECL,0.75,0.0,0.25,-7e-05,0.0,-7e-05,1.5977,-0.0646,0.002044,-0.000385,0.000873
2009-09-03,TECL,TECL,0.75,0.0,0.25,0.012998,0.0,0.012998,1.6185,-0.0524,0.004577,0.017331,0.0
2009-09-04,TECL,TECL,0.75,0.0,0.25,0.039182,0.0,0.039182,1.6819,-0.0153,0.017741,0.052243,0.0
2009-09-08,TECL,TECL,0.75,0.0,0.25,0.020507,0.0,0.020507,1.7164,0.0,0.007457,0.027343,0.0
2009-09-09,TECL,TECL,0.75,0.0,0.25,0.015333,0.0,0.015333,1.7427,0.0,0.007414,0.020662,-0.000654
2009-09-10,TECL,TECL,0.75,0.0,0.25,0.029777,0.0,0.029777,1.7946,0.0,0.013735,0.039629,0.000219
2009-09-11,TECL,TECL,0.75,0.0,0.25,-0.002406,0.0,-0.002406,1.7903,-0.0024,0.00097,-0.003135,-0.000219
2009-09-14,TECL,TECL,0.75,0.0,0.25,-0.001242,0.0,-0.001242,1.7881,-0.0036,-0.00339,-0.001655,0.0
2009-09-15,TECL,TECL,0.75,0.0,0.25,0.01256,0.0,0.01256,1.8105,0.0,0.006791,0.016747,0.0
2009-09-16,TECL,TECL,0.75,0.0,0.25,0.022627,0.0,0.022627,1.8515,0.0,0.007711,0.03017,0.0
2009-09-17,TECL,TECL,0.75,0.0,0.25,-0.00422,0.0,-0.00422,1.8437,-0.0042,-0.00382,-0.005699,0.000219
2009-09-18,TECL,TECL,0.75,0.0,0.25,0.000781,0.0,0.000781,1.8451,-0.0034,0.006106,0.001114,-0.000219
2009-09-21,TECL,TECL,0.75,0.0,0.25,-0.000791,0.0,-0.000791,1.8437,-0.0042,-0.004301,-0.001272,0.000654
2009-09-22,TECL,TECL,0.75,0.0,0.25,0.008913,0.0,0.008913,1.8601,0.0,0.005292,0.012102,-0.000654
2009-09-23,TECL,TECL,0.75,0.0,0.25,-0.007089,0.0,-0.007089,1.8469,-0.0071,0.0,-0.009597,0.000436
2009-09-24,TECL,TECL,0.75,0.0,0.25,-0.013929,0.0,-0.013929,1.8212,-0.0209,-0.009573,-0.018427,-0.000436
2009-09-25,TECL,TECL,0.75,0.0,0.25,-0.013121,0.0,-0.013121,1.7973,-0.0338,-0.006279,-0.01764,0.000436
2009-09-28,TECL,TECL,0.75,0.0,0.25,0.038976,0.0,0.038976,1.8673,0.0,0.01653,0.051895,0.000218
2009-09-29,TECL,TECL,0.75,0.0,0.25,-0.015857,0.0,-0.015857,1.8377,-0.0159,-0.005261,-0.021143,0.0
2009-09-30,TECL,TECL,0.75,0.0,0.25,0.0024,0.0,0.0024,1.8421,-0.0135,0.002878,0.0032,0.0
2009-10-01,TECL,TECL,0.75,0.0,0.25,-0.064269,0.0,-0.064269,1.7238,-0.0769,-0.029706,-0.085486,-0.000616
2009-10-02,TECL,TECL,0.75,0.0,0.25,-0.00484,0.0,-0.00484,1.7154,-0.0814,0.0,-0.006453,0.0
2009-10-05,TECL,TECL,0.75,0.0,0.25,0.019856,0.0,0.019856,1.7495,-0.0631,0.008393,0.02633,0.000436
2009-10-06,TECL,TECL,0.75,0.0,0.25,0.045171,0.0,0.045171,1.8285,-0.0208,0.018126,0.060373,-0.000436
2009-10-07,TECL,TECL,0.75,0.0,0.25,0.00398,0.0,0.00398,1.8358,-0.0169,-0.001933,0.005161,0.000436
2009-10-08,TECL,TECL,0.75,0.0,0.25,0.007593,0.0,0.007593,1.8497,-0.0094,0.006267,0.01027,-0.000436
2009-10-09,TECL,TECL,0.75,0.0,0.25,0.025071,0.0,0.025071,1.8961,0.0,0.006706,0.033355,0.000219
2009-10-12,TECL,TECL,0.75,0.0,0.25,0.011643,0.0,0.011643,1.9182,0.0,0.000475,0.015524,0.0
2009-10-13,TECL,TECL,0.75,0.0,0.25,0.000568,0.0,0.000568,1.9193,0.0,0.00381,0.000757,0.0
2009-10-14,TECL,TECL,0.75,0.0,0.25,0.032273,0.0,0.032273,1.9812,0.0,0.011846,0.043103,-0.000218
2009-10-15,TECL,TECL,0.75,0.0,0.25,-0.002827,0.0,-0.002827,1.9756,-0.0028,-0.001881,-0.00377,0.0
2009-10-16,TECL,TECL,0.75,0.0,0.25,-0.022268,0.0,-0.022268,1.9316,-0.025,-0.009377,-0.029836,0.000436
2009-10-19,TECL,TECL,0.75,0.0,0.25,0.021998,0.0,0.021998,1.9741,-0.0036,0.010884,0.029403,-0.000217
2009-10-20,TECL,TECL,0.75,0.0,0.25,0.002022,0.0,0.002022,1.9781,-0.0016,-0.003273,0.002769,-0.000218
2009-10-21,TECL,TECL,0.75,0.0,0.25,-0.009265,0.0,-0.009265,1.9598,-0.0108,0.000469,-0.012353,0.0
2009-10-22,TECL,TECL,0.75,0.0,0.25,0.014126,0.0,0.014126,1.9874,0.0,0.004701,0.018835,0.0
2009-10-23,TECL,TECL,0.75,0.0,0.25,-0.005524,0.0,-0.005524,1.9765,-0.0055,-0.002812,-0.007366,0.0
2009-10-26,TECL,TECL,0.75,0.0,0.25,-0.008402,0.0,-0.008402,1.9599,-0.0139,-0.006564,-0.011203,0.0
2009-10-27,TECL,TECL,0.75,0.0,0.25,-0.025272,0.0,-0.025272,1.9103,-0.0388,-0.005182,-0.033696,0.0
2009-10-28,TECL,TECL,0.75,0.0,0.25,-0.041115,0.0,-0.041115,1.8318,-0.0783,-0.014705,-0.05482,0.0
2009-10-29,TECL,TECL,0.75,0.0,0.25,0.04585,0.0,0.04585,1.9158,-0.0361,0.01925,0.06106,0.000219
2009-10-30,TECL,TECL,0.75,0.0,0.25,-0.057286,0.0,-0.057286,1.806,-0.0913,-0.026444,-0.076526,0.000436
2009-11-02,TECL,TECL,0.75,0.0,0.25,0.008758,0.0,0.008758,1.8218,-0.0833,0.005813,0.011674,1.2e-05
2009-11-03,TECL,TECL,0.75,0.0,0.25,-0.004998,0.0,-0.004998,1.8127,-0.0879,-0.003853,-0.006663,0.0
2009-11-04,TECL,TECL,0.75,0.0,0.25,0.016511,0.0,0.016511,1.8427,-0.0728,0.005813,0.022088,-0.000218
2009-11-05,TECL,TECL,0.75,0.0,0.25,0.048503,0.0,0.048503,1.932,-0.0279,0.021665,0.064671,0.0
2009-11-06,TECL,TECL,0.75,0.0,0.25,0.002535,0.0,0.002535,1.9369,-0.0254,0.001411,0.003308,0.000218
2009-11-09,TECL,TECL,0.75,0.0,0.25,0.051701,0.0,0.051701,2.0371,0.0,0.023055,0.068935,0.0
2009-11-10,TECL,TECL,0.75,0.0,0.25,-0.000689,0.0,-0.000689,2.0357,-0.0007,-0.000459,-0.000701,-0.000654
2009-11-11,TECL,TECL,0.75,0.0,0.25,0.016098,0.0,0.016098,2.0685,0.0,0.005984,0.021465,0.0
2009-11-12,TECL,TECL,0.75,0.0,0.25,-0.01267,0.0,-0.01267,2.0422,-0.0127,-0.007318,-0.016893,0.0
2009-11-13,TECL,TECL,0.75,0.0,0.25,0.021899,0.0,0.021899,2.087,0.0,0.009213,0.029198,0.0
2009-11-16,TECL,TECL,0.75,0.0,0.25,0.022092,0.0,0.022092,2.1331,0.0,0.010963,0.029456,0.0
2009-11-17,TECL,TECL,0.75,0.0,0.25,0.014438,0.0,0.014438,2.1639,0.0,0.004509,0.019251,0.0
2009-11-18,TECL,TECL,0.75,0.0,0.25,-0.01174,0.0,-0.01174,2.1385,-0.0117,-0.005387,-0.015653,0.0
2009-11-19,TECL,TECL,0.75,0.0,0.25,-0.03854,0.0,-0.03854,2.056,-0.0498,-0.014465,-0.051387,0.0
2009-11-20,TECL,TECL,0.75,0.0,0.25,-0.013924,0.0,-0.013924,2.0274,-0.0631,-0.005049,-0.018565,0.0
2009-11-23,TECL,TECL,0.75,0.0,0.25,0.032291,0.0,0.032291,2.0929,-0.0328,0.017513,0.043055,0.0
2009-11-24,TECL,TECL,0.75,0.0,0.25,-0.009541,0.0,-0.009541,2.0729,-0.042,-0.001809,-0.012722,0.0
2009-11-25,TECL,TECL,0.75,0.0,0.25,0.003598,0.0,0.003598,2.0804,-0.0386,0.001813,0.004798,0.0
2009-11-27,TECL,TECL,0.75,0.0,0.25,-0.033506,0.0,-0.033506,2.0107,-0.0708,-0.016307,-0.044748,0.000219
2009-11-30,TECL,TECL,0.75,0.0,0.25,0.000428,0.0,0.000428,2.0115,-0.0704,0.001839,0.000571,0.0
2009-12-01,TECL,TECL,0.75,0.0,0.25,0.032544,0.0,0.032544,2.077,-0.0401,0.016099,0.043391,0.0
2009-12-02,TECL,TECL,0.75,0.0,0.25,0.000664,0.0,0.000664,2.0784,-0.0395,-0.001366,0.000958,-0.000218
2009-12-03,TECL,TECL,0.75,0.0,0.25,-0.000513,0.0,-0.000513,2.0773,-0.04,0.000452,-0.000683,0.0
2009-12-04,TECL,TECL,0.75,0.0,0.25,0.018059,0.0,0.018059,2.1148,-0.0227,0.006341,0.023933,0.000436
2009-12-07,TECL,TECL,0.75,0.0,0.25,-0.011529,0.0,-0.011529,2.0904,-0.0339,-0.001752,-0.015226,-0.000436
2009-12-08,TECL,TECL,0.75,0.0,0.25,-0.014038,0.0,-0.014038,2.0611,-0.0475,-0.009058,-0.018717,0.0
2009-12-09,TECL,TECL,0.75,0.0,0.25,0.01939,0.0,0.01939,2.1011,-0.029,0.009549,0.025708,0.000436
2009-12-10,TECL,TECL,0.75,0.0,0.25,0.009593,0.0,0.009593,2.1212,-0.0197,0.00451,0.012936,-0.000436
2009-12-11,TECL,TECL,0.75,0.0,0.25,-0.007683,0.0,-0.007683,2.1049,-0.0272,-0.002251,-0.010243,0.0
2009-12-14,TECL,TECL,0.75,0.0,0.25,0.019703,0.0,0.019703,2.1464,-0.0081,0.008102,0.026344,-0.000219
2009-12-15,TECL,TECL,0.75,0.0,0.25,-0.010215,0.0,-0.010215,2.1245,-0.0182,-0.006245,-0.01362,0.0
2009-12-16,TECL,TECL,0.75,0.0,0.25,0.011008,0.0,0.011008,2.1479,-0.0074,0.003137,0.014604,0.000219
2009-12-17,TECL,TECL,0.75,0.0,0.25,-0.025222,0.0,-0.025222,2.0937,-0.0324,-0.012083,-0.03363,0.0
2009-12-18,TECL,TECL,0.75,0.0,0.25,0.035545,0.0,0.035545,2.1681,0.0,0.014955,0.047393,0.0
2009-12-21,TECL,TECL,0.75,0.0,0.25,0.024725,0.0,0.024725,2.2217,0.0,0.008965,0.032967,0.0
2009-12-22,TECL,TECL,0.75,0.0,0.25,0.014268,0.0,0.014268,2.2534,0.0,0.00798,0.019024,0.0
2009-12-23,TECL,TECL,0.75,0.0,0.25,0.011514,0.0,0.011514,2.2794,0.0,0.003964,0.015352,0.0
2009-12-24,TECL,TECL,0.75,0.0,0.25,0.024913,0.0,0.024913,2.3361,0.0,0.009217,0.033144,0.000219
2009-12-28,TECL,TECL,0.75,0.0,0.25,0.004512,0.0,0.004512,2.3467,0.0,0.003037,0.006088,-0.000218
2009-12-29,TECL,TECL,0.75,0.0,0.25,-0.005565,0.0,-0.005565,2.3336,-0.0056,-0.001293,-0.007448,8.3e-05
2009-12-30,TECL,TECL,0.75,0.0,0.25,0.011047,0.0,0.011047,2.3594,0.0,0.003463,0.014656,0.000219
2009-12-31,TECL,TECL,0.75,0.0,0.25,-0.022652,0.0,-0.022652,2.306,-0.0227,-0.008644,-0.030275,0.000217
2010-01-04,TECL,TECL,0.75,0.0,0.25,0.03555,0.0,0.03555,2.3879,0.0,0.014826,0.047545,-0.000435
2010-01-05,TECL,TECL,0.75,0.0,0.25,-0.001078,0.0,-0.001078,2.3854,-0.0011,-0.001282,-0.001365,-0.000219
2010-01-06,TECL,TECL,0.75,0.0,0.25,-0.018197,0.0,-0.018197,2.342,-0.0193,-0.011193,-0.024262,0.0
2010-01-07,TECL,TECL,0.75,0.0,0.25,-0.008668,0.0,-0.008668,2.3217,-0.0278,-0.003918,-0.011557,0.0
2010-01-08,TECL,TECL,0.75,0.0,0.25,0.017007,0.0,0.017007,2.3611,-0.0112,0.006551,0.022676,0.0
2010-01-11,TECL,TECL,0.75,0.0,0.25,-0.010914,0.0,-0.010914,2.3354,-0.022,-0.003907,-0.014551,0.0
2010-01-12,TECL,TECL,0.75,0.0,0.25,-0.026017,0.0,-0.026017,2.2746,-0.0475,-0.01089,-0.034689,0.0
2010-01-13,TECL,TECL,0.75,0.0,0.25,0.01923,0.0,0.01923,2.3183,-0.0291,0.009696,0.025495,0.000437
2010-01-14,TECL,TECL,0.75,0.0,0.25,0.017526,0.0,0.017526,2.359,-0.0121,0.002615,0.02344,-0.000218
2010-01-15,TECL,TECL,0.75,0.0,0.25,-0.030104,0.0,-0.030104,2.288,-0.0419,-0.013928,-0.040139,0.0
2010-01-19,TECL,TECL,0.75,0.0,0.25,0.028923,0.0,0.028923,2.3541,-0.0142,0.017219,0.038564,0.0
2010-01-20,TECL,TECL,0.75,0.0,0.25,-0.024281,0.0,-0.024281,2.297,-0.0381,-0.016054,-0.032374,0.0
2010-01-21,TECL,TECL,0.75,0.0,0.25,-0.025812,0.0,-0.025812,2.2377,-0.0629,-0.010581,-0.034417,0.0
2010-01-22,TECL,TECL,0.75,0.0,0.25,-0.08709,0.0,-0.08709,2.0428,-0.1445,-0.034765,-0.11612,0.0
2010-01-25,TECL,TECL,0.75,0.0,0.25,0.015756,0.0,0.015756,2.075,-0.131,0.008313,0.020936,0.000219
2010-01-26,TECL,TECL,0.75,0.0,0.25,-0.001548,0.0,-0.001548,2.0718,-0.1324,-0.002744,-0.002064,0.0
2010-01-27,TECL,TECL,0.75,0.0,0.25,0.011846,0.0,0.011846,2.0963,-0.1221,0.008267,0.015722,0.000217
2010-01-28,TECL,TECL,0.75,0.0,0.25,-0.0637,0.0,-0.0637,1.9628,-0.178,-0.028696,-0.084861,-0.000217
2010-01-29,TECL,TECL,0.75,0.0,0.25,-0.050576,0.0,-0.050576,1.8635,-0.2196,-0.017395,-0.067507,0.000217
2010-02-01,TECL,TECL,0.75,0.0,0.25,0.033001,0.0,0.033001,1.925,-0.1939,0.011498,0.044073,-0.000217
2010-02-02,TECL,TECL,0.75,0.0,0.25,0.020518,0.0,0.020518,1.9645,-0.1773,0.009912,0.027431,-0.000218
2010-02-03,TECL,BIL,0.75,0.0,0.25,0.010343,0.0,0.010343,1.9848,-0.1688,0.002335,0.013646,0.000436
2010-02-04,BIL,BIL,0.0,0.0,1.0,0.0,0.00075,-0.00075,1.9833,-0.1694,-0.027963,-0.085162,0.0
2010-02-05,BIL,BIL,0.0,0.0,1.0,0.0,0.0,0.0,1.9833,-0.1694,0.010074,0.027991,0.0
2010-02-08,BIL,BIL,0.0,0.0,1.0,0.0,0.0,0.0,1.9833,-0.1694,-0.004273,-0.01307,0.0
2010-02-09,BIL,BIL,0.0,0.0,1.0,0.0,0.0,0.0,1.9833,-0.1694,0.008582,0.034842,0.0
2010-02-10,BIL,BIL,0.0,0.0,1.0,0.0,0.0,0.0,1.9833,-0.1694,-0.002844,-0.01036,0.0
2010-02-11,BIL,BIL,0.0,0.0,1.0,0.0,0.0,0.0,1.9833,-0.1694,0.010431,0.04064,0.0
2010-02-12,BIL,BIL,0.0,0.0,1.0,0.0,0.0,0.0,1.9833,-0.1694,0.001878,0.006953,0.0
2010-02-16,BIL,BIL,0.0,0.0,1.0,0.0,0.0,0.0,1.9833,-0.1694,0.014984,0.044513,0.0
2010-02-17,BIL,BIL,0.0,0.0,1.0,-0.000654,0.0,-0.000654,1.982,-0.17,0.002764,0.011674,-0.000654
2010-02-18,BIL,BIL,0.0,0.0,1.0,0.000437,0.0,0.000437,1.9829,-0.1696,0.00644,0.025997,0.000437
2010-02-19,BIL,BIL,0.0,0.0,1.0,-0.000437,0.0,-0.000437,1.982,-0.17,-0.002739,-0.004878,-0.000437
2010-02-22,BIL,BIL,0.0,0.0,1.0,0.000437,0.0,0.000437,1.9829,-0.1696,-0.001835,-0.00817,0.000437
2010-02-23,BIL,BIL,0.0,0.0,1.0,-0.000437,0.0,-0.000437,1.982,-0.17,-0.0124,-0.042147,-0.000437
2010-02-24,BIL,BIL,0.0,0.0,1.0,0.000437,0.0,0.000437,1.9829,-0.1696,0.009758,0.029526,0.000437
2010-02-25,BIL,BIL,0.0,0.0,1.0,0.0,0.0,0.0,1.9829,-0.1696,-0.002759,-0.006543,0.0
2010-02-26,BIL,BIL,0.0,0.0,1.0,0.0,0.0,0.0,1.9829,-0.1696,0.001389,0.004624,0.0
2010-03-01,BIL,BIL,0.0,0.0,1.0,-0.000437,0.0,-0.000437,1.982,-0.17,0.01291,0.039754,-0.000437
2010-03-02,BIL,BIL,0.0,0.0,1.0,0.000219,0.0,0.000219,1.9825,-0.1698,-0.00137,-0.0055,0.000219
2010-03-03,BIL,BIL,0.0,0.0,1.0,-0.000219,0.0,-0.000219,1.982,-0.17,0.000453,0.002698,-0.000219
2010-03-04,BIL,BIL,0.0,0.0,1.0,0.0,0.0,0.0,1.982,-0.17,0.004101,0.012646,0.0
2010-03-05,BIL,XLK,0.0,0.0,1.0,0.0,0.0,0.0,1.982,-0.17,0.012254,0.039325,0.0
2010-03-08,XLK,XLK,0.0,1.0,0.0,0.005373,0.001,0.004373,1.9907,-0.1663,0.005373,0.00767,0.0
2010-03-09,XLK,XLK,0.0,1.0,0.0,0.004468,0.0,0.004468,1.9996,-0.1626,0.004468,0.01091,0.0
2010-03-10,XLK,XLK,0.0,1.0,0.0,0.006656,0.0,0.006656,2.0129,-0.157,0.006656,0.023968,0.000219
2010-03-11,XLK,XLK,0.0,1.0,0.0,0.003969,0.0,0.003969,2.0209,-0.1537,0.003969,0.009069,-0.000219
2010-03-12,XLK,TECL,0.0,1.0,0.0,-0.000885,0.0,-0.000885,2.0191,-0.1544,-0.000885,0.001214,0.0
2010-03-15,TECL,TECL,0.75,0.0,0.25,-0.010189,0.001,-0.011189,1.9965,-0.1639,-0.000875,-0.013586,0.0
2010-03-16,TECL,TECL,0.75,0.0,0.25,0.021581,0.0,0.021581,2.0396,-0.1459,0.007473,0.028775,0.0
2010-03-17,TECL,TECL,0.75,0.0,0.25,0.008427,0.0,0.008427,2.0568,-0.1387,0.003062,0.011236,0.0
2010-03-18,TECL,TECL,0.75,0.0,0.25,0.002571,0.0,0.002571,2.0621,-0.1365,0.001299,0.003428,0.0
2010-03-19,TECL,TECL,0.75,0.0,0.25,-0.018818,0.0,-0.018818,2.0233,-0.1527,-0.005969,-0.025091,0.0
2010-03-22,TECL,TECL,0.75,0.0,0.25,0.018361,0.0,0.018361,2.0604,-0.1371,0.007462,0.024408,0.000219
2010-03-23,TECL,TECL,0.75,0.0,0.25,0.023001,0.0,0.023001,2.1078,-0.1173,0.009577,0.030668,0.0
2010-03-24,TECL,TECL,0.75,0.0,0.25,-0.010955,0.0,-0.010955,2.0847,-0.127,-0.004748,-0.014534,-0.000219
2010-03-25,TECL,TECL,0.75,0.0,0.25,0.003419,0.0,0.003419,2.0919,-0.124,0.001741,0.004413,0.000437
2010-03-26,TECL,TECL,0.75,0.0,0.25,-0.004596,0.0,-0.004596,2.0822,-0.128,-0.004763,-0.006128,0.0
2010-03-29,TECL,TECL,0.75,0.0,0.25,0.000676,0.0,0.000676,2.0837,-0.1274,0.003039,0.001047,-0.000437
2010-03-30,TECL,TECL,0.75,0.0,0.25,0.010023,0.0,0.010023,2.1045,-0.1187,0.004341,0.013364,0.0
2010-03-31,TECL,TECL,0.75,0.0,0.25,-0.01262,0.0,-0.01262,2.078,-0.1298,-0.003028,-0.016972,0.000437
2010-04-01,TECL,TECL,0.75,0.0,0.25,-0.003237,0.0,-0.003237,2.0713,-0.1326,-0.001728,-0.004316,0.0
2010-04-05,TECL,TECL,0.75,0.0,0.25,0.029241,0.0,0.029241,2.1318,-0.1073,0.011707,0.039133,-0.000437
2010-04-06,TECL,TECL,0.75,0.0,0.25,0.002199,0.0,0.002199,2.1365,-0.1053,0.000861,0.002932,0.0
2010-04-07,TECL,TECL,0.75,0.0,0.25,-0.004553,0.0,-0.004553,2.1268,-0.1094,-0.003854,-0.006071,0.0
2010-04-08,TECL,TECL,0.75,0.0,0.25,0.000339,0.0,0.000339,2.1275,-0.1091,0.001716,0.000452,0.0
2010-04-09,TECL,TECL,0.75,0.0,0.25,0.020096,0.0,0.020096,2.1703,-0.0912,0.007724,0.026795,0.0
2010-04-12,TECL,TECL,0.75,0.0,0.25,0.005037,0.0,0.005037,2.1812,-0.0866,0.002133,0.006717,0.0
2010-04-13,TECL,TECL,0.75,0.0,0.25,0.009598,0.0,0.009598,2.2021,-0.0778,0.002971,0.012797,0.0
2010-04-14,TECL,TECL,0.75,0.0,0.25,0.038472,0.0,0.038472,2.2868,-0.0423,0.014412,0.051296,0.0
2010-04-15,TECL,TECL,0.75,0.0,0.25,0.013559,0.0,0.013559,2.3178,-0.0293,0.004598,0.018079,0.0
2010-04-16,TECL,TECL,0.75,0.0,0.25,-0.03148,0.0,-0.03148,2.2449,-0.0599,-0.013307,-0.041974,0.0
2010-04-19,TECL,TECL,0.75,0.0,0.25,0.000213,0.0,0.000213,2.2454,-0.0597,0.0021,0.000211,0.000219
2010-04-20,TECL,TECL,0.75,0.0,0.25,0.011791,0.0,0.011791,2.2718,-0.0486,0.005473,0.015794,-0.000219
2010-04-21,TECL,TECL,0.75,0.0,0.25,0.007152,0.0,0.007152,2.2881,-0.0418,0.002094,0.009537,0.0
2010-04-22,TECL,TECL,0.75,0.0,0.25,0.008779,0.0,0.008779,2.3082,-0.0334,0.002504,0.011706,0.0
2010-04-23,TECL,TECL,0.75,0.0,0.25,0.007764,0.0,0.007764,2.3261,-0.0259,0.002498,0.010352,0.0
2010-04-26,TECL,TECL,0.75,0.0,0.25,-0.004616,0.0,-0.004616,2.3154,-0.0304,-0.001246,-0.006228,0.000219
2010-04-27,TECL,TECL,0.75,0.0,0.25,-0.043646,0.0,-0.043646,2.2143,-0.0727,-0.019543,-0.058122,-0.000219
2010-04-28,TECL,TECL,0.75,0.0,0.25,0.003999,0.0,0.003999,2.2232,-0.069,0.002965,0.005259,0.000219
2010-04-29,TECL,TECL,0.75,0.0,0.25,0.022419,0.0,0.022419,2.273,-0.0481,0.010147,0.029892,0.0
2010-04-30,TECL,TECL,0.75,0.0,0.25,-0.049345,0.0,-0.049345,2.1608,-0.0951,-0.020971,-0.06572,-0.000219
2010-05-03,TECL,TECL,0.75,0.0,0.25,0.03076,0.0,0.03076,2.2273,-0.0673,0.013726,0.040941,0.000219
2010-05-04,TECL,TECL,0.75,0.0,0.25,-0.065126,0.0,-0.065126,2.0822,-0.128,-0.028679,-0.086762,-0.000219
2010-05-05,TECL,TECL,0.75,0.0,0.25,-0.010274,0.0,-0.010274,2.0609,-0.137,-0.004338,-0.013772,0.000219
2010-05-06,TECL,TECL,0.75,0.0,0.25,-0.077253,0.0,-0.077253,1.9016,-0.2036,-0.030098,-0.103077,0.000219
2010-05-07,TECL,TECL,0.75,0.0,0.25,-0.054724,0.0,-0.054724,1.7976,-0.2472,-0.022026,-0.072965,0.0
2010-05-10,TECL,BIL,0.75,0.0,0.25,0.115713,0.0,0.115713,2.0056,-0.1601,0.045966,0.154284,0.0
2010-05-11,BIL,BIL,0.0,0.0,1.0,0.0,0.00075,-0.00075,2.0041,-0.1607,-0.006592,-0.009741,0.0
2010-05-12,BIL,BIL,0.0,0.0,1.0,0.0,0.0,0.0,2.0041,-0.1607,0.026106,0.070477,0.0
2010-05-13,BIL,BIL,0.0,0.0,1.0,-0.000218,0.0,-0.000218,2.0036,-0.1609,-0.014656,-0.042108,-0.000218
2010-05-14,BIL,BIL,0.0,0.0,1.0,0.000219,0.0,0.000219,2.0041,-0.1607,-0.019257,-0.053066,0.000219
2010-05-17,BIL,BIL,0.0,0.0,1.0,0.0,0.0,0.0,2.0041,-0.1607,0.004912,0.004745,0.0
2010-05-18,BIL,BIL,0.0,0.0,1.0,-0.000218,0.0,-0.000218,2.0036,-0.1609,-0.015103,-0.041991,-0.000218
2010-05-19,BIL,BIL,0.0,0.0,1.0,0.000219,0.0,0.000219,2.0041,-0.1607,-0.007667,-0.021583,0.000219
2010-05-20,BIL,BIL,0.0,0.0,1.0,0.0,0.0,0.0,2.0041,-0.1607,-0.031796,-0.106073,0.0
2010-05-21,BIL,BIL,0.0,0.0,1.0,0.0,0.0,0.0,2.0041,-0.1607,0.007503,0.023305,0.0
2010-05-24,BIL,BIL,0.0,0.0,1.0,0.0,0.0,0.0,2.0041,-0.1607,-0.004653,-0.016672,0.0
2010-05-25,BIL,BIL,0.0,0.0,1.0,0.0,0.0,0.0,2.0041,-0.1607,-0.002807,0.00106,0.0
2010-05-26,BIL,BIL,0.0,0.0,1.0,0.000217,0.0,0.000217,2.0045,-0.1606,-0.009853,-0.031604,0.000217
2010-05-27,BIL,BIL,0.0,0.0,1.0,-0.000435,0.0,-0.000435,2.0036,-0.1609,0.034118,0.107745,-0.000435
2010-05-28,BIL,BIL,0.0,0.0,1.0,0.000219,0.0,0.000219,2.0041,-0.1607,-0.008248,-0.020722,0.000219
2010-06-01,BIL,BIL,0.0,0.0,1.0,0.0,0.0,0.0,2.0041,-0.1607,-0.009703,-0.035411,0.0
2010-06-02,BIL,BIL,0.0,0.0,1.0,0.000217,0.0,0.000217,2.0045,-0.1606,0.022395,0.06805,0.000217
2010-06-03,BIL,BIL,0.0,0.0,1.0,-0.000435,0.0,-0.000435,2.0036,-0.1609,0.010036,0.035909,-0.000435
2010-06-04,BIL,BIL,0.0,0.0,1.0,0.000436,0.0,0.000436,2.0045,-0.1606,-0.032082,-0.09509,0.000436
2010-06-07,BIL,BIL,0.0,0.0,1.0,-0.000217,0.0,-0.000217,2.0041,-0.1607,-0.014467,-0.062752,-0.000217
2010-06-08,BIL,BIL,0.0,0.0,1.0,0.000217,0.0,0.000217,2.0045,-0.1606,0.001891,-0.002067,0.000217
2010-06-09,BIL,BIL,0.0,0.0,1.0,0.0,0.0,0.0,2.0045,-0.1606,-0.005204,-0.025976,0.0
2010-06-10,BIL,BIL,0.0,0.0,1.0,0.0,0.0,0.0,2.0045,-0.1606,0.024248,0.074116,0.0
2010-06-11,BIL,BIL,0.0,0.0,1.0,0.0,0.0,0.0,2.0045,-0.1606,0.008812,0.035644,0.0
2010-06-14,BIL,BIL,0.0,0.0,1.0,-0.000435,0.0,-0.000435,2.0036,-0.1609,-0.001836,-0.003089,-0.000435
2010-06-15,BIL,BIL,0.0,0.0,1.0,0.0,0.0,0.0,2.0036,-0.1609,0.026263,0.082473,0.0
2010-06-16,BIL,BIL,0.0,0.0,1.0,0.0,0.0,0.0,2.0036,-0.1609,0.002694,0.011994,0.0
2010-06-17,BIL,BIL,0.0,0.0,1.0,0.0,0.0,0.0,2.0036,-0.1609,0.003586,0.011582,0.0
2010-06-18,BIL,BIL,0.0,0.0,1.0,0.000219,0.0,0.000219,2.0041,-0.1607,-4.4e-05,0.000799,0.000219
2010-06-21,BIL,BIL,0.0,0.0,1.0,-0.000218,0.0,-0.000218,2.0036,-0.1609,-0.007168,-0.027138,-0.000218
2010-06-22,BIL,BIL,0.0,0.0,1.0,0.000219,0.0,0.000219,2.0041,-0.1607,-0.008568,-0.026528,0.000219
2010-06-23,BIL,BIL,0.0,0.0,1.0,0.0,0.0,0.0,2.0041,-0.1607,-0.001821,-0.012221,0.0
2010-06-24,BIL,BIL,0.0,0.0,1.0,0.0,0.0,0.0,2.0041,-0.1607,-0.020052,-0.052901,0.0
2010-06-25,BIL,BIL,0.0,0.0,1.0,0.0,0.0,0.0,2.0041,-0.1607,-0.00116,-0.009309,0.0
2010-06-28,BIL,BIL,0.0,0.0,1.0,0.0,0.0,0.0,2.0041,-0.1607,0.002094,0.002273,0.0
2010-06-29,BIL,BIL,0.0,0.0,1.0,0.0,0.0,0.0,2.0041,-0.1607,-0.03718,-0.111901,0.0
2010-06-30,BIL,BIL,0.0,0.0,1.0,0.000217,0.0,0.000217,2.0045,-0.1606,-0.015439,-0.051251,0.000217
2010-07-01,BIL,BIL,0.0,0.0,1.0,-0.000217,0.0,-0.000217,2.0041,-0.1607,-0.003923,-0.013101,-0.000217
2010-07-02,BIL,BIL,0.0,0.0,1.0,0.0,0.0,0.0,2.0041,-0.1607,-0.001471,-0.00491,0.0
2010-07-06,BIL,BIL,0.0,0.0,1.0,-0.000218,0.0,-0.000218,2.0036,-0.1609,0.009849,0.024854,-0.000218
2010-07-07,BIL,BIL,0.0,0.0,1.0,0.0,0.0,0.0,2.0036,-0.1609,0.032213,0.108238,0.0
2010-07-08,BIL,BIL,0.0,0.0,1.0,0.000219,0.0,0.000219,2.0041,-0.1607,0.006143,0.013837,0.000219
2010-07-09,BIL,BIL,0.0,0.0,1.0,-0.000218,0.0,-0.000218,2.0036,-0.1609,0.005177,0.016347,-0.000218
2010-07-12,BIL,BIL,0.0,0.0,1.0,0.000219,0.0,0.000219,2.0041,-0.1607,0.004666,0.022642,0.000219
2010-07-13,BIL,BIL,0.0,0.0,1.0,0.0,0.0,0.0,2.0041,-0.1607,0.014426,0.042144,0.0
2010-07-14,BIL,BIL,0.0,0.0,1.0,0.0,0.0,0.0,2.0041,-0.1607,0.005972,0.028718,0.0
2010-07-15,BIL,BIL,0.0,0.0,1.0,0.0,0.0,0.0,2.0041,-0.1607,0.003188,0.002564,0.0
2010-07-16,BIL,BIL,0.0,0.0,1.0,0.0,0.0,0.0,2.0041,-0.1607,-0.02852,-0.085808,0.0
2010-07-19,BIL,BIL,0.0,0.0,1.0,-0.000218,0.0,-0.000218,2.0036,-0.1609,0.009709,0.035276,-0.000218
2010-07-20,BIL,BIL,0.0,0.0,1.0,0.0,0.0,0.0,2.0036,-0.1609,0.00649,0.018463,0.0
2010-07-21,BIL,BIL,0.0,0.0,1.0,0.0,0.0,0.0,2.0036,-0.1609,-0.011976,-0.042152,0.0
2010-07-22,BIL,BIL,0.0,0.0,1.0,0.0,0.0,0.0,2.0036,-0.1609,0.027028,0.075242,0.0
2010-07-23,BIL,BIL,0.0,0.0,1.0,0.000219,0.0,0.000219,2.0041,-0.1607,0.006803,0.020321,0.000219
2010-07-26,BIL,BIL,0.0,0.0,1.0,-0.000437,0.0,-0.000437,2.0032,-0.1611,0.005856,0.019776,-0.000437
2010-07-27,BIL,BIL,0.0,0.0,1.0,0.0,0.0,0.0,2.0032,-0.1611,0.003143,0.001788,0.0
2010-07-28,BIL,BIL,0.0,0.0,1.0,0.000219,0.0,0.000219,2.0036,-0.1609,-0.008043,-0.030615,0.000219
2010-07-29,BIL,BIL,0.0,0.0,1.0,-0.000219,0.0,-0.000219,2.0032,-0.1611,-0.009009,-0.027192,-0.000219
2010-07-30,BIL,BIL,0.0,0.0,1.0,0.000219,0.0,0.000219,2.0036,-0.1609,-0.004085,-0.01383,0.000219
2010-08-02,BIL,BIL,0.0,0.0,1.0,-0.000219,0.0,-0.000219,2.0032,-0.1611,0.020984,0.064511,-0.000219
2010-08-03,BIL,BIL,0.0,0.0,1.0,0.0,0.0,0.0,2.0032,-0.1611,-0.005353,-0.012065,0.0
2010-08-04,BIL,BIL,0.0,0.0,1.0,0.0,0.0,0.0,2.0032,-0.1611,0.008079,0.024705,0.0
2010-08-05,BIL,BIL,0.0,0.0,1.0,0.0,0.0,0.0,2.0032,-0.1611,-0.004458,-0.01411,0.0
2010-08-06,BIL,XLK,0.0,0.0,1.0,0.0,0.0,0.0,2.0032,-0.1611,-0.002687,-0.011116,0.0
2010-08-09,XLK,XLK,0.0,1.0,0.0,0.006741,0.001,0.005741,2.0147,-0.1563,0.006741,0.010257,0.0
2010-08-10,XLK,XLK,0.0,1.0,0.0,-0.010253,0.0,-0.010253,1.994,-0.1649,-0.010253,-0.041168,0.000219
2010-08-11,XLK,XLK,0.0,1.0,0.0,-0.023879,0.0,-0.023879,1.9464,-0.1849,-0.023879,-0.078184,0.000219
2010-08-12,XLK,XLK,0.0,1.0,0.0,-0.013839,0.0,-0.013839,1.9195,-0.1962,-0.013839,-0.055547,0.0
2010-08-13,XLK,XLK,0.0,1.0,0.0,-0.004682,0.0,-0.004682,1.9105,-0.1999,-0.004682,-0.016661,0.0
2010-08-16,XLK,BIL,0.0,1.0,0.0,0.001881,0.0,0.001881,1.9141,-0.1984,0.001881,0.010674,-0.000218
2010-08-17,BIL,BIL,0.0,0.0,1.0,0.000219,0.001,-0.000781,1.9126,-0.1991,0.010792,0.032858,0.000219
2010-08-18,BIL,BIL,0.0,0.0,1.0,-0.000218,0.0,-0.000218,1.9122,-0.1992,0.005574,0.017367,-0.000218
2010-08-19,BIL,BIL,0.0,0.0,1.0,0.0,0.0,0.0,1.9122,-0.1992,-0.012009,-0.034939,0.0
2010-08-20,BIL,BIL,0.0,0.0,1.0,0.000219,0.0,0.000219,1.9126,-0.1991,-0.002332,-0.000331,0.000219
2010-08-23,BIL,BIL,0.0,0.0,1.0,-0.000218,0.0,-0.000218,1.9122,-0.1992,-0.008897,-0.029932,-0.000218
2010-08-24,BIL,BIL,0.0,0.0,1.0,0.0,0.0,0.0,1.9122,-0.1992,-0.013705,-0.050119,0.0
2010-08-25,BIL,BIL,0.0,0.0,1.0,0.000219,0.0,0.000219,1.9126,-0.1991,0.006226,0.013281,0.000219
2010-08-26,BIL,BIL,0.0,0.0,1.0,-0.000218,0.0,-0.000218,1.9122,-0.1992,-0.009999,-0.029578,-0.000218
2010-08-27,BIL,BIL,0.0,0.0,1.0,0.0,0.0,0.0,1.9122,-0.1992,0.012024,0.035408,0.0
2010-08-30,BIL,BIL,0.0,0.0,1.0,0.000219,0.0,0.000219,1.9126,-0.1991,-0.013314,-0.035784,0.000219
2010-08-31,BIL,BIL,0.0,0.0,1.0,-0.000218,0.0,-0.000218,1.9122,-0.1992,-0.003367,-0.019196,-0.000218
2010-09-01,BIL,BIL,0.0,0.0,1.0,0.0,0.0,0.0,1.9122,-0.1992,0.02561,0.078099,0.0
2010-09-02,BIL,BIL,0.0,0.0,1.0,0.000219,0.0,0.000219,1.9126,-0.1991,0.008964,0.027835,0.000219
2010-09-03,BIL,BIL,0.0,0.0,1.0,0.0,0.0,0.0,1.9126,-0.1991,0.014941,0.052481,0.0
2010-09-07,BIL,BIL,0.0,0.0,1.0,-0.000218,0.0,-0.000218,1.9122,-0.1992,-0.008287,-0.022535,-0.000218
2010-09-08,BIL,BIL,0.0,0.0,1.0,0.0,0.0,0.0,1.9122,-0.1992,0.005571,0.012753,0.0
2010-09-09,BIL,BIL,0.0,0.0,1.0,0.0,0.0,0.0,1.9122,-0.1992,0.00277,0.006135,0.0
2010-09-10,BIL,BIL,0.0,0.0,1.0,0.0,0.0,0.0,1.9122,-0.1992,0.000455,-0.001765,0.0
2010-09-13,BIL,BIL,0.0,0.0,1.0,0.0,0.0,0.0,1.9122,-0.1992,0.017942,0.065263,0.0
2010-09-14,BIL,BIL,0.0,0.0,1.0,0.000219,0.0,0.000219,1.9126,-0.1991,0.004074,0.016146,0.000219
2010-09-15,BIL,XLK,0.0,0.0,1.0,0.0,0.0,0.0,1.9126,-0.1991,0.006292,0.013811,0.0
2010-09-16,XLK,XLK,0.0,1.0,0.0,0.005822,0.001,0.004822,1.9218,-0.1952,0.005822,0.018017,0.0
2010-09-17,XLK,XLK,0.0,1.0,0.0,0.005393,0.0,0.005393,1.9322,-0.1908,0.005393,0.010504,-0.000218
2010-09-20,XLK,XLK,0.0,1.0,0.0,0.01465,0.0,0.01465,1.9605,-0.179,0.01465,0.042574,0.0
2010-09-21,XLK,XLK,0.0,1.0,0.0,-0.001755,0.0,-0.001755,1.9571,-0.1804,-0.001755,-0.000546,0.0
2010-09-22,XLK,XLK,0.0,1.0,0.0,-0.004811,0.0,-0.004811,1.9476,-0.1844,-0.004811,-0.020224,0.0
2010-09-23,XLK,XLK,0.0,1.0,0.0,-0.001322,0.0,-0.001322,1.9451,-0.1855,-0.001322,0.000976,0.0
2010-09-24,XLK,TECL,0.0,1.0,0.0,0.019393,0.0,0.019393,1.9828,-0.1697,0.019393,0.064233,0.000219
2010-09-27,TECL,TECL,0.75,0.0,0.25,-0.003044,0.001,-0.004044,1.9748,-0.173,0.000436,-0.004059,0.0
2010-09-28,TECL,TECL,0.75,0.0,0.25,0.00241,0.0,0.00241,1.9795,-0.171,0.001298,0.003286,-0.000218
2010-09-29,TECL,TECL,0.75,0.0,0.25,0.001769,0.0,0.001769,1.983,-0.1696,-0.002157,0.002358,0.0
2010-09-30,TECL,TECL,0.75,0.0,0.25,-0.014216,0.0,-0.014216,1.9548,-0.1814,-0.003898,-0.018954,0.0
2010-10-01,TECL,TECL,0.75,0.0,0.25,-0.001999,0.0,-0.001999,1.9509,-0.183,0.000438,-0.002665,0.0
2010-10-04,TECL,TECL,0.75,0.0,0.25,-0.025196,0.0,-0.025196,1.9018,-0.2036,-0.008251,-0.033667,0.000219
2010-10-05,TECL,TECL,0.75,0.0,0.25,0.049199,0.0,0.049199,1.9953,-0.1644,0.019699,0.065671,-0.000218
2010-10-06,TECL,TECL,0.75,0.0,0.25,-0.016541,0.0,-0.016541,1.9623,-0.1782,-0.004724,-0.022055,0.0
2010-10-07,TECL,TECL,0.75,0.0,0.25,0.006268,0.0,0.006268,1.9746,-0.1731,0.0,0.008358,0.0
2010-10-08,TECL,TECL,0.75,0.0,0.25,0.014702,0.0,0.014702,2.0037,-0.1609,0.005607,0.019603,0.0
2010-10-11,TECL,TECL,0.75,0.0,0.25,0.001742,0.0,0.001742,2.0072,-0.1595,0.001721,0.002323,0.0
2010-10-12,TECL,TECL,0.75,0.0,0.25,0.019986,0.0,0.019986,2.0473,-0.1427,0.005998,0.026648,0.0
2010-10-13,TECL,TECL,0.75,0.0,0.25,0.018903,0.0,0.018903,2.086,-0.1264,0.008079,0.025204,0.0
2010-10-14,TECL,TECL,0.75,0.0,0.25,-0.000771,0.0,-0.000771,2.0844,-0.1271,0.000426,-0.001101,0.000219
2010-10-15,TECL,TECL,0.75,0.0,0.25,0.045127,0.0,0.045127,2.1784,-0.0877,0.016883,0.060242,-0.000218
2010-10-18,TECL,TECL,0.75,0.0,0.25,0.009322,0.0,0.009322,2.1987,-0.0792,0.006641,0.012357,0.000219
2010-10-19,TECL,TECL,0.75,0.0,0.25,-0.039668,0.0,-0.039668,2.1115,-0.1158,-0.017732,-0.052818,-0.000218
2010-10-20,TECL,TECL,0.75,0.0,0.25,0.014453,0.0,0.014453,2.142,-0.103,0.008401,0.01927,0.0
2010-10-21,TECL,TECL,0.75,0.0,0.25,0.000177,0.0,0.000177,2.1424,-0.1028,0.00083,0.000236,0.0
2010-10-22,TECL,TECL,0.75,0.0,0.25,0.014585,0.0,0.014585,2.1737,-0.0897,0.002908,0.019374,0.000219
2010-10-25,TECL,TECL,0.75,0.0,0.25,0.007594,0.0,0.007594,2.1902,-0.0828,0.00291,0.010198,-0.000218
2010-10-26,TECL,TECL,0.75,0.0,0.25,0.004271,0.0,0.004271,2.1995,-0.0789,0.002484,0.005621,0.000219
2010-10-27,TECL,TECL,0.75,0.0,0.25,0.012235,0.0,0.012235,2.2264,-0.0676,0.002884,0.016313,0.0
2010-10-28,TECL,TECL,0.75,0.0,0.25,0.003481,0.0,0.003481,2.2342,-0.0644,0.0,0.004714,-0.000218
2010-10-29,TECL,TECL,0.75,0.0,0.25,0.001647,0.0,0.001647,2.2379,-0.0628,0.00165,0.002123,0.000219
2010-11-01,TECL,TECL,0.75,0.0,0.25,0.007776,0.0,0.007776,2.2553,-0.0556,0.000819,0.010368,0.0
2010-11-02,TECL,TECL,0.75,0.0,0.25,0.017848,0.0,0.017848,2.2955,-0.0387,0.009847,0.023944,-0.000437
2010-11-03,TECL,TECL,0.75,0.0,0.25,0.013309,0.0,0.013309,2.3261,-0.0259,0.005691,0.017672,0.000219
2010-11-04,TECL,TECL,0.75,0.0,0.25,0.033116,0.0,0.033116,2.4031,0.0,0.014947,0.044155,0.0
2010-11-05,TECL,TECL,0.75,0.0,0.25,0.000685,0.0,0.000685,2.4047,0.0,-0.000794,0.000913,0.0
2010-11-08,TECL,XLK,0.75,0.0,0.25,0.005319,0.0,0.005319,2.4175,0.0,0.000794,0.007092,0.0
2010-11-09,XLK,XLK,0.0,1.0,0.0,-0.002783,0.001,-0.003783,2.4084,-0.0038,-0.002783,-0.011972,0.0
2010-11-10,XLK,XLK,0.0,1.0,0.0,0.000796,0.0,0.000796,2.4103,-0.003,0.000796,0.006517,0.0
2010-11-11,XLK,XLK,0.0,1.0,0.0,-0.015355,0.0,-0.015355,2.3733,-0.0183,-0.015355,-0.050683,-0.000219
2010-11-12,XLK,XLK,0.0,1.0,0.0,-0.013979,0.0,-0.013979,2.3401,-0.032,-0.013979,-0.039962,0.000437
2010-11-15,XLK,XLK,0.0,1.0,0.0,-0.002872,0.0,-0.002872,2.3334,-0.0348,-0.002872,-0.014097,0.0
2010-11-16,XLK,XLK,0.0,1.0,0.0,-0.018133,0.0,-0.018133,2.2911,-0.0523,-0.018133,-0.05438,0.0
2010-11-17,XLK,XLK,0.0,1.0,0.0,0.000423,0.0,0.000423,2.2921,-0.0519,0.000423,0.001548,0.0
2010-11-18,XLK,XLK,0.0,1.0,0.0,0.016777,0.0,0.016777,2.3305,-0.036,0.016777,0.049572,-0.000218
2010-11-19,XLK,XLK,0.0,1.0,0.0,0.002884,0.0,0.002884,2.3372,-0.0332,0.002884,0.010533,0.0
2010-11-22,XLK,XLK,0.0,1.0,0.0,0.005761,0.0,0.005761,2.3507,-0.0276,0.005761,0.022529,0.0
2010-11-23,XLK,XLK,0.0,1.0,0.0,-0.014728,0.0,-0.014728,2.3161,-0.042,-0.014728,-0.041324,0.0
2010-11-24,XLK,XLK,0.0,1.0,0.0,0.016603,0.0,0.016603,2.3545,-0.0261,0.016603,0.052252,0.000219
2010-11-26,XLK,XLK,0.0,1.0,0.0,-0.005709,0.0,-0.005709,2.3411,-0.0316,-0.005709,-0.01543,0.0
2010-11-29,XLK,XLK,0.0,1.0,0.0,-0.00658,0.0,-0.00658,2.3257,-0.038,-0.00658,-0.013575,0.0
2010-11-30,XLK,XLK,0.0,1.0,0.0,-0.009921,0.0,-0.009921,2.3026,-0.0475,-0.009921,-0.040949,0.0
2010-12-01,XLK,XLK,0.0,1.0,0.0,0.021294,0.0,0.021294,2.3516,-0.0273,0.021294,0.065329,-0.000218
2010-12-02,XLK,XLK,0.0,1.0,0.0,0.011864,0.0,0.011864,2.3795,-0.0157,0.011864,0.03975,0.0
2010-12-03,XLK,XLK,0.0,1.0,0.0,0.002218,0.0,0.002218,2.3848,-0.0135,0.002218,0.009373,0.000219
2010-12-06,XLK,XLK,0.0,1.0,0.0,0.000198,0.0,0.000198,2.3853,-0.0133,0.000198,0.001461,-0.000218
2010-12-07,XLK,TECL,0.0,1.0,0.0,0.00121,0.0,0.00121,2.3882,-0.0121,0.00121,0.003021,0.0
2010-12-08,TECL,TECL,0.75,0.0,0.25,0.016282,0.001,0.015282,2.4247,0.0,0.008462,0.02171,0.0
2010-12-09,TECL,TECL,0.75,0.0,0.25,-0.00025,0.0,-0.00025,2.4241,-0.0003,0.000796,-0.000407,0.000219
2010-12-10,TECL,TECL,0.75,0.0,0.25,0.011213,0.0,0.011213,2.4513,0.0,0.004585,0.014951,0.0
2010-12-13,TECL,TECL,0.75,0.0,0.25,-0.009695,0.0,-0.009695,2.4275,-0.0097,-0.001788,-0.012927,0.0
2010-12-14,TECL,TECL,0.75,0.0,0.25,-0.000761,0.0,-0.000761,2.4256,-0.0104,0.001596,-0.001015,0.0
2010-12-15,TECL,TECL,0.75,0.0,0.25,-0.007143,0.0,-0.007143,2.4083,-0.0175,-0.003978,-0.009451,-0.000218
2010-12-16,TECL,TECL,0.75,0.0,0.25,0.011003,0.0,0.011003,2.4348,-0.0067,0.0016,0.014671,0.0
2010-12-17,TECL,TECL,0.75,0.0,0.25,0.006956,0.0,0.006956,2.4518,0.0,0.001999,0.009201,0.000219
2010-12-20,TECL,TECL,0.75,0.0,0.25,0.000376,0.0,0.000376,2.4527,0.0,0.000792,0.000501,0.0
2010-12-21,TECL,TECL,0.75,0.0,0.25,0.017049,0.0,0.017049,2.4945,0.0,0.00598,0.022732,0.0
2010-12-22,TECL,TECL,0.75,0.0,0.25,-0.002405,0.0,-0.002405,2.4885,-0.0024,-0.001185,-0.003133,-0.000218
2010-12-23,TECL,TECL,0.75,0.0,0.25,-0.003757,0.0,-0.003757,2.4791,-0.0062,-0.000399,-0.005009,0.0
2010-12-27,TECL,TECL,0.75,0.0,0.25,0.004961,0.0,0.004961,2.4914,-0.0012,0.001985,0.006614,0.0
2010-12-28,TECL,TECL,0.75,0.0,0.25,-0.000754,0.0,-0.000754,2.4896,-0.002,-0.001194,-0.001079,0.000219
2010-12-29,TECL,TECL,0.75,0.0,0.25,0.001933,0.0,0.001933,2.4944,-0.0,0.001983,0.002651,-0.000218
2010-12-30,TECL,TECL,0.75,0.0,0.25,-0.00325,0.0,-0.00325,2.4863,-0.0033,-0.002367,-0.004406,0.000219
2010-12-31,TECL,TECL,0.75,0.0,0.25,-0.001972,0.0,-0.001972,2.4814,-0.0053,-0.001196,-0.002557,-0.000218
2011-01-03,TECL,TECL,0.75,0.0,0.25,0.020613,0.0,0.020613,2.5325,0.0,0.011119,0.027411,0.000219
2011-01-04,TECL,TECL,0.75,0.0,0.25,0.006406,0.0,0.006406,2.5487,0.0,0.003929,0.008541,0.0
2011-01-05,TECL,TECL,0.75,0.0,0.25,0.012775,0.0,0.012775,2.5813,0.0,0.00586,0.017033,0.0
2011-01-06,TECL,TECL,0.75,0.0,0.25,0.02028,0.0,0.02028,2.6336,0.0,0.005836,0.02704,0.0
2011-01-07,TECL,TECL,0.75,0.0,0.25,-0.005862,0.0,-0.005862,2.6182,-0.0059,-0.004636,-0.007743,-0.000218
2011-01-10,TECL,TECL,0.75,0.0,0.25,0.006734,0.0,0.006734,2.6358,0.0,0.000867,0.008906,0.000219
2011-01-11,TECL,TECL,0.75,0.0,0.25,0.002252,0.0,0.002252,2.6418,0.0,-0.001646,0.003003,0.0
2011-01-12,TECL,TECL,0.75,0.0,0.25,0.019815,0.0,0.019815,2.6941,0.0,0.008941,0.026492,-0.000218
2011-01-13,TECL,TECL,0.75,0.0,0.25,-0.000729,0.0,-0.000729,2.6921,-0.0007,-0.000775,-0.000972,0.0
2011-01-14,TECL,TECL,0.75,0.0,0.25,0.018911,0.0,0.018911,2.7431,0.0,0.008868,0.025215,0.0
2011-01-18,TECL,TECL,0.75,0.0,0.25,0.007119,0.0,0.007119,2.7626,0.0,0.00105,0.009493,0.0
2011-01-19,TECL,TECL,0.75,0.0,0.25,-0.016679,0.0,-0.016679,2.7165,-0.0167,-0.007152,-0.022312,0.000219
2011-01-20,TECL,TECL,0.75,0.0,0.25,-0.020066,0.0,-0.020066,2.662,-0.0364,-0.005384,-0.026755,0.0
2011-01-21,TECL,TECL,0.75,0.0,0.25,-0.014002,0.0,-0.014002,2.6247,-0.0499,-0.005802,-0.018597,-0.000218
2011-01-24,TECL,TECL,0.75,0.0,0.25,0.031239,0.0,0.031239,2.7067,-0.0202,0.013998,0.041651,0.0
2011-01-25,TECL,TECL,0.75,0.0,0.25,0.007832,0.0,0.007832,2.7279,-0.0125,0.004599,0.01037,0.000219
2011-01-26,TECL,TECL,0.75,0.0,0.25,0.01371,0.0,0.01371,2.7653,0.0,0.005729,0.018353,-0.000218
2011-01-27,TECL,TECL,0.75,0.0,0.25,0.013123,0.0,0.013123,2.8016,0.0,0.003416,0.017424,0.000219
2011-01-28,TECL,TECL,0.75,0.0,0.25,-0.050739,0.0,-0.050739,2.6595,-0.0507,-0.023069,-0.067579,-0.000218
2011-01-31,TECL,TECL,0.75,0.0,0.25,0.0131,0.0,0.0131,2.6943,-0.0383,0.006191,0.017466,0.0
2011-02-01,TECL,TECL,0.75,0.0,0.25,0.038559,0.0,0.038559,2.7982,-0.0012,0.016929,0.051411,0.0
2011-02-02,TECL,TECL,0.75,0.0,0.25,0.00606,0.0,0.00606,2.8151,0.0,0.0018,0.008079,0.0
2011-02-03,TECL,TECL,0.75,0.0,0.25,0.002129,0.0,0.002129,2.8211,0.0,0.001602,0.002839,0.0
2011-02-04,TECL,TECL,0.75,0.0,0.25,0.018973,0.0,0.018973,2.8747,0.0,0.006409,0.025225,0.000219
2011-02-07,TECL,TECL,0.75,0.0,0.25,0.010786,0.0,0.010786,2.9057,0.0,0.004971,0.014454,-0.000218
2011-02-08,TECL,TECL,0.75,0.0,0.25,0.010986,0.0,0.010986,2.9376,0.0,0.004096,0.014648,0.0
2011-02-09,TECL,TECL,0.75,0.0,0.25,-0.004856,0.0,-0.004856,2.9233,-0.0049,-0.001949,-0.006548,0.000219
2011-02-10,TECL,TECL,0.75,0.0,0.25,-0.016909,0.0,-0.016909,2.8739,-0.0217,-0.004462,-0.022473,-0.000218
2011-02-11,TECL,TECL,0.75,0.0,0.25,0.010479,0.0,0.010479,2.904,-0.0114,0.005325,0.013972,0.0
2011-02-14,TECL,TECL,0.75,0.0,0.25,0.004026,0.0,0.004026,2.9157,-0.0075,0.001395,0.005368,0.0
2011-02-15,TECL,TECL,0.75,0.0,0.25,-0.010464,0.0,-0.010464,2.8852,-0.0178,-0.003714,-0.014025,0.000219
2011-02-16,TECL,TECL,0.75,0.0,0.25,0.015396,0.0,0.015396,2.9296,-0.0027,0.005492,0.020529,0.0
2011-02-17,TECL,TECL,0.75,0.0,0.25,0.001426,0.0,0.001426,2.9338,-0.0013,0.001954,0.001901,0.0
2011-02-18,TECL,TECL,0.75,0.0,0.25,0.001309,0.0,0.001309,2.9376,0.0,-0.001487,0.001818,-0.000218
2011-02-22,TECL,TECL,0.75,0.0,0.25,-0.060715,0.0,-0.060715,2.7593,-0.0607,-0.024444,-0.080953,0.0
2011-02-23,TECL,TECL,0.75,0.0,0.25,-0.029629,0.0,-0.029629,2.6775,-0.0885,-0.011769,-0.039578,0.000219
2011-02-24,TECL,TECL,0.75,0.0,0.25,0.007911,0.0,0.007911,2.6987,-0.0813,0.003458,0.010548,0.0
2011-02-25,TECL,TECL,0.75,0.0,0.25,0.030916,0.0,0.030916,2.7821,-0.0529,0.012638,0.041221,0.0
2011-02-28,TECL,TECL,0.75,0.0,0.25,0.004915,0.0,0.004915,2.7958,-0.0483,0.004154,0.006626,-0.000218
2011-03-01,TECL,TECL,0.75,0.0,0.25,-0.040953,0.0,-0.040953,2.6813,-0.0873,-0.019197,-0.054604,0.0
2011-03-02,TECL,TECL,0.75,0.0,0.25,0.00916,0.0,0.00916,2.7059,-0.0789,0.006138,0.012141,0.000219
2011-03-03,TECL,TECL,0.75,0.0,0.25,0.038907,0.0,0.038907,2.8111,-0.0431,0.016029,0.051949,-0.000218
2011-03-04,TECL,TECL,0.75,0.0,0.25,-0.014157,0.0,-0.014157,2.7713,-0.0566,-0.008077,-0.018949,0.000219
2011-03-07,TECL,TECL,0.75,0.0,0.25,-0.031142,0.0,-0.031142,2.685,-0.086,-0.012683,-0.041449,-0.000218
2011-03-08,TECL,TECL,0.75,0.0,0.25,0.011301,0.0,0.011301,2.7154,-0.0757,0.008341,0.015068,0.0
2011-03-09,TECL,TECL,0.75,0.0,0.25,-0.015744,0.0,-0.015744,2.6726,-0.0902,-0.004085,-0.020993,0.0
2011-03-10,TECL,TECL,0.75,0.0,0.25,-0.045554,0.0,-0.045554,2.5509,-0.1317,-0.01871,-0.060739,0.0
2011-03-11,TECL,TECL,0.75,0.0,0.25,0.013021,0.0,0.013021,2.5841,-0.1203,0.003894,0.017289,0.000219
2011-03-14,TECL,TECL,0.75,0.0,0.25,-0.007887,0.0,-0.007887,2.5637,-0.1273,-0.004658,-0.010516,0.0
2011-03-15,TECL,TECL,0.75,0.0,0.25,-0.035745,0.0,-0.035745,2.4721,-0.1585,-0.014794,-0.047732,0.000217
2011-03-16,TECL,TECL,0.75,0.0,0.25,-0.056353,0.0,-0.056353,2.3328,-0.2059,-0.024409,-0.075137,0.0
2011-03-17,TECL,TECL,0.75,0.0,0.25,0.016404,0.0,0.016404,2.371,-0.1929,0.010433,0.021873,0.0
2011-03-18,TECL,TECL,0.75,0.0,0.25,0.003559,0.0,0.003559,2.3795,-0.19,0.00177,0.004745,0.0
2011-03-21,TECL,BIL,0.75,0.0,0.25,0.038566,0.0,0.038566,2.4712,-0.1588,0.016963,0.051422,0.0
2011-03-22,BIL,BIL,0.0,0.0,1.0,-0.000435,0.00075,-0.001185,2.4683,-0.1598,-0.00167,-0.003394,-0.000435
2011-03-23,BIL,BIL,0.0,0.0,1.0,0.000219,0.0,0.000219,2.4689,-0.1596,0.005531,0.017126,0.000219
2011-03-24,BIL,BIL,0.0,0.0,1.0,-0.000218,0.0,-0.000218,2.4683,-0.1598,0.015645,0.049626,-0.000218
2011-03-25,BIL,BIL,0.0,0.0,1.0,0.0,0.0,0.0,2.4683,-0.1598,0.002414,0.006191,0.0
2011-03-28,BIL,BIL,0.0,0.0,1.0,0.000219,0.0,0.000219,2.4689,-0.1596,-0.002314,-0.014824,0.000219
2011-03-29,BIL,BIL,0.0,0.0,1.0,-0.000218,0.0,-0.000218,2.4683,-0.1598,0.006967,0.018264,-0.000218
2011-03-30,BIL,BIL,0.0,0.0,1.0,0.000219,0.0,0.000219,2.4689,-0.1596,0.00423,0.005855,0.000219
2011-03-31,BIL,BIL,0.0,0.0,1.0,-0.000218,0.0,-0.000218,2.4683,-0.1598,-0.001816,-0.005174,-0.000218
2011-04-01,BIL,BIL,0.0,0.0,1.0,0.0,0.0,0.0,2.4683,-0.1598,-0.002016,-0.007616,0.0
2011-04-04,BIL,TECL,0.0,0.0,1.0,0.0,0.0,0.0,2.4683,-0.1598,-0.003458,-0.018905,0.0
2011-04-05,TECL,TECL,0.75,0.0,0.25,-0.001359,0.00075,-0.002109,2.4631,-0.1615,-0.001547,-0.001812,0.0
2011-04-06,TECL,TECL,0.75,0.0,0.25,0.015983,0.0,0.015983,2.5025,-0.1481,0.007348,0.021311,0.0
2011-04-07,TECL,TECL,0.75,0.0,0.25,0.001037,0.0,0.001037,2.5051,-0.1472,0.000384,0.00131,0.000219
2011-04-08,TECL,TECL,0.75,0.0,0.25,-0.01281,0.0,-0.01281,2.473,-0.1582,-0.005755,-0.017008,-0.000218
2011-04-11,TECL,TECL,0.75,0.0,0.25,-0.005205,0.0,-0.005205,2.4601,-0.1626,-0.001546,-0.00694,0.0
2011-04-12,TECL,TECL,0.75,0.0,0.25,-0.020121,0.0,-0.020121,2.4106,-0.1794,-0.00811,-0.0269,0.000219
2011-04-13,TECL,TECL,0.75,0.0,0.25,0.014535,0.0,0.014535,2.4456,-0.1675,0.006234,0.01938,0.0
2011-04-14,TECL,TECL,0.75,0.0,0.25,-0.006062,0.0,-0.006062,2.4308,-0.1725,-0.001939,-0.00801,-0.000218
2011-04-15,TECL,TECL,0.75,0.0,0.25,-0.00892,0.0,-0.00892,2.4091,-0.1799,-0.001933,-0.011966,0.000219
2011-04-18,TECL,TECL,0.75,0.0,0.25,-0.018369,0.0,-0.018369,2.3649,-0.195,-0.008936,-0.024419,-0.000218
2011-04-19,TECL,TECL,0.75,0.0,0.25,0.009462,0.0,0.009462,2.3873,-0.1873,0.00274,0.012616,0.0
2011-04-20,TECL,TECL,0.75,0.0,0.25,0.055542,0.0,0.055542,2.5199,-0.1422,0.02107,0.074056,0.0
2011-04-21,TECL,TECL,0.75,0.0,0.25,0.023177,0.0,0.023177,2.5783,-0.1223,0.008844,0.030902,0.0
2011-04-25,TECL,TECL,0.75,0.0,0.25,0.005063,0.0,0.005063,2.5913,-0.1179,0.000761,0.006751,0.0
2011-04-26,TECL,TECL,0.75,0.0,0.25,0.017234,0.0,0.017234,2.636,-0.1027,0.008342,0.022979,0.0
2011-04-27,TECL,TECL,0.75,0.0,0.25,0.009702,0.0,0.009702,2.6615,-0.094,0.006021,0.012936,0.0
2011-04-28,TECL,TECL,0.75,0.0,0.25,0.001165,0.0,0.001165,2.6646,-0.0929,0.000375,0.001553,0.0
2011-04-29,TECL,TECL,0.75,0.0,0.25,0.002585,0.0,0.002585,2.6715,-0.0906,-0.000749,0.003446,0.0
2011-05-02,TECL,TECL,0.75,0.0,0.25,-0.011784,0.0,-0.011784,2.6401,-0.1013,-0.003739,-0.015712,0.0
2011-05-03,TECL,TECL,0.75,0.0,0.25,-0.007,0.0,-0.007,2.6216,-0.1076,0.000376,-0.009334,0.0
2011-05-04,TECL,TECL,0.75,0.0,0.25,-0.002731,0.0,-0.002731,2.6144,-0.11,-0.003008,-0.003786,0.000436
2011-05-05,TECL,TECL,0.75,0.0,0.25,-0.008419,0.0,-0.008419,2.5924,-0.1175,-0.005271,-0.011225,0.0
2011-05-06,TECL,TECL,0.75,0.0,0.25,0.006369,0.0,0.006369,2.6089,-0.1119,0.001896,0.008492,0.0
2011-05-09,TECL,TECL,0.75,0.0,0.25,0.004986,0.0,0.004986,2.6219,-0.1075,0.004154,0.006648,0.0
2011-05-10,TECL,TECL,0.75,0.0,0.25,0.020538,0.0,0.020538,2.6758,-0.0891,0.009027,0.027384,0.0
2011-05-11,TECL,TECL,0.75,0.0,0.25,-0.017034,0.0,-0.017034,2.6302,-0.1047,-0.008946,-0.022712,0.0
2011-05-12,TECL,TECL,0.75,0.0,0.25,0.013286,0.0,0.013286,2.6651,-0.0928,0.007519,0.017715,0.0
2011-05-13,TECL,TECL,0.75,0.0,0.25,-0.027521,0.0,-0.027521,2.5918,-0.1177,-0.012317,-0.036622,-0.000217
2011-05-16,TECL,TECL,0.75,0.0,0.25,-0.036091,0.0,-0.036091,2.4982,-0.1496,-0.014355,-0.048122,0.0
2011-05-17,TECL,TECL,0.75,0.0,0.25,-0.006272,0.0,-0.006272,2.4826,-0.1549,0.0,-0.008363,0.0
2011-05-18,TECL,TECL,0.75,0.0,0.25,0.020271,0.0,0.020271,2.5329,-0.1378,0.007282,0.027101,-0.000218
2011-05-19,TECL,TECL,0.75,0.0,0.25,0.003638,0.0,0.003638,2.5421,-0.1346,0.001898,0.004705,0.000436
2011-05-20,TECL,TECL,0.75,0.0,0.25,-0.013415,0.0,-0.013415,2.508,-0.1462,-0.00573,-0.017815,-0.000217
2011-05-23,TECL,TECL,0.75,0.0,0.25,-0.032325,0.0,-0.032325,2.4269,-0.1738,-0.014104,-0.0431,0.0
2011-05-24,TECL,TECL,0.75,0.0,0.25,-0.009673,0.0,-0.009673,2.4035,-0.1818,-0.003098,-0.012897,0.0
2011-05-25,TECL,TECL,0.75,0.0,0.25,0.010467,0.0,0.010467,2.4286,-0.1733,0.003108,0.013956,0.0
2011-05-26,TECL,TECL,0.75,0.0,0.25,0.012666,0.0,0.012666,2.4594,-0.1628,0.006594,0.016888,0.0
2011-05-27,TECL,BIL,0.75,0.0,0.25,0.013032,0.0,0.013032,2.4914,-0.1519,0.004998,0.017375,0.0
2011-05-31,BIL,BIL,0.0,0.0,1.0,0.0,0.00075,-0.00075,2.4896,-0.1525,0.013795,0.041612,0.0
2011-06-01,BIL,BIL,0.0,0.0,1.0,-0.000218,0.0,-0.000218,2.489,-0.1527,-0.020785,-0.063774,-0.000218
2011-06-02,BIL,BIL,0.0,0.0,1.0,0.0,0.0,0.0,2.489,-0.1527,0.000774,0.003483,0.0
2011-06-03,BIL,BIL,0.0,0.0,1.0,0.0,0.0,0.0,2.489,-0.1527,-0.015045,-0.044258,0.0
2011-06-06,BIL,BIL,0.0,0.0,1.0,0.0,0.0,0.0,2.489,-0.1527,-0.007436,-0.020077,0.0
2011-06-07,BIL,BIL,0.0,0.0,1.0,0.000219,0.0,0.000219,2.4896,-0.1525,-0.003153,-0.012663,0.000219
2011-06-08,BIL,BIL,0.0,0.0,1.0,0.0,0.0,0.0,2.4896,-0.1525,-0.006732,-0.027007,0.0
2011-06-09,BIL,BIL,0.0,0.0,1.0,-0.000218,0.0,-0.000218,2.489,-0.1527,0.000799,0.002143,-0.000218
2011-06-10,BIL,BIL,0.0,0.0,1.0,0.000219,0.0,0.000219,2.4896,-0.1525,-0.013934,-0.042028,0.000219
2011-06-13,BIL,BIL,0.0,0.0,1.0,-0.000218,0.0,-0.000218,2.489,-0.1527,0.000809,-0.004242,-0.000218
2011-06-14,BIL,BIL,0.0,0.0,1.0,0.000219,0.0,0.000219,2.4896,-0.1525,0.012502,0.039462,0.000219
2011-06-15,BIL,BIL,0.0,0.0,1.0,0.0,0.0,0.0,2.4896,-0.1525,-0.018726,-0.052416,0.0
2011-06-16,BIL,BIL,0.0,0.0,1.0,0.0,0.0,0.0,2.4896,-0.1525,-0.002431,-0.013203,0.0
2011-06-17,BIL,BIL,0.0,0.0,1.0,0.0,0.0,0.0,2.4896,-0.1525,-0.001104,-0.010727,0.0
2011-06-20,BIL,BIL,0.0,0.0,1.0,0.0,0.0,0.0,2.4896,-0.1525,0.003984,0.01026,0.0
2011-06-21,BIL,BIL,0.0,0.0,1.0,-0.000218,0.0,-0.000218,2.489,-0.1527,0.017836,0.060127,-0.000218
2011-06-22,BIL,BIL,0.0,0.0,1.0,0.000219,0.0,0.000219,2.4896,-0.1525,-0.007212,-0.020793,0.000219
2011-06-23,BIL,BIL,0.0,0.0,1.0,0.0,0.0,0.0,2.4896,-0.1525,0.006852,0.030017,0.0
2011-06-24,BIL,BIL,0.0,0.0,1.0,-0.000218,0.0,-0.000218,2.489,-0.1527,-0.017218,-0.054938,-0.000218
2011-06-27,BIL,BIL,0.0,0.0,1.0,0.0,0.0,0.0,2.489,-0.1527,0.013452,0.042371,0.0
2011-06-28,BIL,BIL,0.0,0.0,1.0,0.0,0.0,0.0,2.489,-0.1527,0.012461,0.038238,0.0
2011-06-29,BIL,BIL,0.0,0.0,1.0,0.000219,0.0,0.000219,2.4896,-0.1525,0.007947,0.007704,0.000219
2011-06-30,BIL,BIL,0.0,0.0,1.0,0.0,0.0,0.0,2.4896,-0.1525,0.012604,0.043774,0.0
2011-07-01,BIL,BIL,0.0,0.0,1.0,-0.000218,0.0,-0.000218,2.489,-0.1527,0.016341,0.049263,-0.000218
2011-07-05,BIL,BIL,0.0,0.0,1.0,0.0,0.0,0.0,2.489,-0.1527,0.001529,0.009275,0.0
2011-07-06,BIL,BIL,0.0,0.0,1.0,0.000219,0.0,0.000219,2.4896,-0.1525,0.004588,0.014211,0.000219
2011-07-07,BIL,BIL,0.0,0.0,1.0,-0.000218,0.0,-0.000218,2.489,-0.1527,0.012182,0.03886,-0.000218
2011-07-08,BIL,XLK,0.0,0.0,1.0,0.0,0.0,0.0,2.489,-0.1527,-0.004887,-0.013938,0.0
2011-07-11,XLK,XLK,0.0,1.0,0.0,-0.016629,0.001,-0.017629,2.4451,-0.1676,-0.016629,-0.051979,-0.000219
2011-07-12,XLK,XLK,0.0,1.0,0.0,-0.008829,0.0,-0.008829,2.4236,-0.175,-0.008829,-0.031454,0.000219
2011-07-13,XLK,XLK,0.0,1.0,0.0,0.002321,0.0,0.002321,2.4292,-0.1731,0.002321,0.00864,0.000219
2011-07-14,XLK,XLK,0.0,1.0,0.0,-0.008501,0.0,-0.008501,2.4085,-0.1801,-0.008501,-0.028948,0.0
2011-07-15,XLK,XLK,0.0,1.0,0.0,0.010919,0.0,0.010919,2.4348,-0.1712,0.010919,0.042689,0.0
2011-07-18,XLK,XLK,0.0,1.0,0.0,-0.003475,0.0,-0.003475,2.4264,-0.174,-0.003475,-0.010211,0.0
2011-07-19,XLK,BIL,0.0,1.0,0.0,0.024006,0.0,0.024006,2.4846,-0.1542,0.024006,0.081254,0.0
2011-07-20,BIL,XLK,0.0,0.0,1.0,-0.000218,0.001,-0.001218,2.4816,-0.1552,-0.003028,-0.015448,-0.000218
2011-07-21,XLK,XLK,0.0,1.0,0.0,0.004551,0.001,0.003551,2.4904,-0.1522,0.004551,0.012737,0.0
2011-07-22,XLK,XLK,0.0,1.0,0.0,0.008685,0.0,0.008685,2.512,-0.1449,0.008685,0.039734,0.000219
2011-07-25,XLK,XLK,0.0,1.0,0.0,-0.002624,0.0,-0.002624,2.5054,-0.1471,-0.002624,-0.006311,0.0
2011-07-26,XLK,XLK,0.0,1.0,0.0,0.004504,0.0,0.004504,2.5167,-0.1433,0.004504,0.011643,0.0
2011-07-27,XLK,BIL,0.0,1.0,0.0,-0.026519,0.0,-0.026519,2.45,-0.166,-0.026519,-0.091551,0.0
2011-07-28,BIL,BIL,0.0,0.0,1.0,0.0,0.001,-0.001,2.4475,-0.1668,-0.001541,0.006335,0.0
2011-07-29,BIL,BIL,0.0,0.0,1.0,0.0,0.0,0.0,2.4475,-0.1668,-0.008065,-0.022794,0.0
2011-08-01,BIL,XLK,0.0,0.0,1.0,0.0,0.0,0.0,2.4475,-0.1668,-0.000773,-0.005075,0.0
2011-08-02,XLK,BIL,0.0,1.0,0.0,-0.020937,0.001,-0.021937,2.3938,-0.1851,-0.020937,-0.06906,0.0
2011-08-03,BIL,BIL,0.0,0.0,1.0,0.0,0.001,-0.001,2.3914,-0.1859,0.010297,0.032034,0.0
2011-08-04,BIL,BIL,0.0,0.0,1.0,0.0,0.0,0.0,2.3914,-0.1859,-0.040378,-0.137737,0.0
2011-08-05,BIL,BIL,0.0,0.0,1.0,0.0,0.0,0.0,2.3914,-0.1859,-0.006126,-0.026288,0.0
2011-08-08,BIL,BIL,0.0,0.0,1.0,0.0,0.0,0.0,2.3914,-0.1859,-0.056315,-0.165755,0.0
2011-08-09,BIL,BIL,0.0,0.0,1.0,0.0,0.0,0.0,2.3914,-0.1859,0.045732,0.126093,0.0
2011-08-10,BIL,BIL,0.0,0.0,1.0,0.0,0.0,0.0,2.3914,-0.1859,-0.039149,-0.115728,0.0
2011-08-11,BIL,BIL,0.0,0.0,1.0,0.0,0.0,0.0,2.3914,-0.1859,0.038148,0.125604,0.0
2011-08-12,BIL,BIL,0.0,0.0,1.0,0.0,0.0,0.0,2.3914,-0.1859,0.007136,0.028092,0.0
2011-08-15,BIL,BIL,0.0,0.0,1.0,0.0,0.0,0.0,2.3914,-0.1859,0.017784,0.052751,0.0
2011-08-16,BIL,BIL,0.0,0.0,1.0,0.0,0.0,0.0,2.3914,-0.1859,-0.007328,-0.034607,0.0
2011-08-17,BIL,BIL,0.0,0.0,1.0,0.0,0.0,0.0,2.3914,-0.1859,-0.004515,-0.025392,0.0
2011-08-18,BIL,BIL,0.0,0.0,1.0,-0.000437,0.0,-0.000437,2.3904,-0.1863,-0.04864,-0.157854,-0.000437
2011-08-19,BIL,BIL,0.0,0.0,1.0,0.000437,0.0,0.000437,2.3914,-0.1859,-0.024261,-0.081286,0.000437
2011-08-22,BIL,BIL,0.0,0.0,1.0,-0.000437,0.0,-0.000437,2.3904,-0.1863,0.00533,0.013866,-0.000437
2011-08-23,BIL,BIL,0.0,0.0,1.0,0.000437,0.0,0.000437,2.3914,-0.1859,0.036657,0.119017,0.000437
2011-08-24,BIL,BIL,0.0,0.0,1.0,0.0,0.0,0.0,2.3914,-0.1859,0.008952,0.022116,0.0
2011-08-25,BIL,BIL,0.0,0.0,1.0,-0.000437,0.0,-0.000437,2.3904,-0.1863,-0.014362,-0.047402,-0.000437
2011-08-26,BIL,BIL,0.0,0.0,1.0,0.000437,0.0,0.000437,2.3914,-0.1859,0.019714,0.069934,0.000437
2011-08-29,BIL,BIL,0.0,0.0,1.0,0.0,0.0,0.0,2.3914,-0.1859,0.025204,0.088408,0.0
2011-08-30,BIL,BIL,0.0,0.0,1.0,0.0,0.0,0.0,2.3914,-0.1859,0.004101,0.005261,0.0
2011-08-31,BIL,BIL,0.0,0.0,1.0,0.0,0.0,0.0,2.3914,-0.1859,-0.002454,0.00434,0.0
2011-09-01,BIL,BIL,0.0,0.0,1.0,0.0,0.0,0.0,2.3914,-0.1859,-0.011047,-0.032283,0.0
2011-09-02,BIL,BIL,0.0,0.0,1.0,0.0,0.0,0.0,2.3914,-0.1859,-0.022754,-0.074862,0.0
2011-09-06,BIL,BIL,0.0,0.0,1.0,-0.000218,0.0,-0.000218,2.3909,-0.1861,-0.004659,-0.014906,-0.000218
2011-09-07,BIL,BIL,0.0,0.0,1.0,-0.000219,0.0,-0.000219,2.3904,-0.1863,0.02595,0.080847,-0.000219
2011-09-08,BIL,BIL,0.0,0.0,1.0,0.0,0.0,0.0,2.3904,-0.1863,-0.004976,-0.010533,0.0
2011-09-09,BIL,BIL,0.0,0.0,1.0,0.000219,0.0,0.000219,2.3909,-0.1861,-0.021251,-0.063334,0.000219
2011-09-12,BIL,BIL,0.0,0.0,1.0,0.0,0.0,0.0,2.3909,-0.1861,0.011919,0.036685,0.0
2011-09-13,BIL,BIL,0.0,0.0,1.0,-0.000219,0.0,-0.000219,2.3904,-0.1863,0.011778,0.039273,-0.000219
2011-09-14,BIL,BIL,0.0,0.0,1.0,0.0,0.0,0.0,2.3904,-0.1863,0.014972,0.05034,0.0
2011-09-15,BIL,BIL,0.0,0.0,1.0,0.0,0.0,0.0,2.3904,-0.1863,0.015977,0.049326,0.0
2011-09-16,BIL,BIL,0.0,0.0,1.0,0.0,0.0,0.0,2.3904,-0.1863,0.011093,0.025079,0.0
2011-09-19,BIL,BIL,0.0,0.0,1.0,0.000219,0.0,0.000219,2.3909,-0.1861,-0.002398,0.000591,0.000219
2011-09-20,BIL,BIL,0.0,0.0,1.0,0.0,0.0,0.0,2.3909,-0.1861,-0.002414,-0.016891,0.0
2011-09-21,BIL,BIL,0.0,0.0,1.0,0.0,0.0,0.0,2.3909,-0.1861,-0.014878,-0.035804,0.0
2011-09-22,BIL,BIL,0.0,0.0,1.0,-0.000219,0.0,-0.000219,2.3904,-0.1863,-0.031036,-0.095452,-0.000219
2011-09-23,BIL,BIL,0.0,0.0,1.0,0.000219,0.0,0.000219,2.3909,-0.1861,0.011375,0.030996,0.000219
2011-09-26,BIL,BIL,0.0,0.0,1.0,0.0,0.0,0.0,2.3909,-0.1861,0.0125,0.03915,0.0
2011-09-27,BIL,BIL,0.0,0.0,1.0,-0.000219,0.0,-0.000219,2.3904,-0.1863,0.012755,0.036647,-0.000219
2011-09-28,BIL,BIL,0.0,0.0,1.0,0.000219,0.0,0.000219,2.3909,-0.1861,-0.014221,-0.045398,0.000219
2011-09-29,BIL,BIL,0.0,0.0,1.0,0.0,0.0,0.0,2.3909,-0.1861,-0.002059,-0.013384,0.0
2011-09-30,BIL,BIL,0.0,0.0,1.0,0.0,0.0,0.0,2.3909,-0.1861,-0.025195,-0.081918,0.0
2011-10-03,BIL,BIL,0.0,0.0,1.0,0.0,0.0,0.0,2.3909,-0.1861,-0.022454,-0.071726,0.0
2011-10-04,BIL,BIL,0.0,0.0,1.0,0.0,0.0,0.0,2.3909,-0.1861,0.020363,0.06645,0.0
2011-10-05,BIL,BIL,0.0,0.0,1.0,0.0,0.0,0.0,2.3909,-0.1861,0.020822,0.074337,0.0
2011-10-06,BIL,BIL,0.0,0.0,1.0,-0.000219,0.0,-0.000219,2.3904,-0.1863,0.014978,0.053278,-0.000219
2011-10-07,BIL,BIL,0.0,0.0,1.0,0.000219,0.0,0.000219,2.3909,-0.1861,-0.003689,-0.01716,0.000219
2011-10-10,BIL,BIL,0.0,0.0,1.0,-0.000219,0.0,-0.000219,2.3904,-0.1863,0.03087,0.10241,-0.000219
2011-10-11,BIL,BIL,0.0,0.0,1.0,0.000219,0.0,0.000219,2.3909,-0.1861,0.004386,0.017137,0.000219
2011-10-12,BIL,BIL,0.0,0.0,1.0,-0.000219,0.0,-0.000219,2.3904,-0.1863,0.004376,0.015106,-0.000219
2011-10-13,BIL,BIL,0.0,0.0,1.0,0.000219,0.0,0.000219,2.3909,-0.1861,0.011075,0.03331,0.000219
2011-10-14,BIL,BIL,0.0,0.0,1.0,-0.000219,0.0,-0.000219,2.3904,-0.1863,0.017618,0.06259,-0.000219
2011-10-17,BIL,BIL,0.0,0.0,1.0,0.0,0.0,0.0,2.3904,-0.1863,-0.015774,-0.052544,0.0
2011-10-18,BIL,BIL,0.0,0.0,1.0,0.000219,0.0,0.000219,2.3909,-0.1861,0.008985,0.027289,0.000219
2011-10-19,BIL,BIL,0.0,0.0,1.0,0.0,0.0,0.0,2.3909,-0.1861,-0.019359,-0.062339,0.0
2011-10-20,BIL,XLK,0.0,0.0,1.0,0.0,0.0,0.0,2.3909,-0.1861,-0.004349,-0.016907,0.0
2011-10-21,XLK,XLK,0.0,1.0,0.0,0.012699,0.001,0.011699,2.4189,-0.1766,0.012699,0.034627,-0.000219
2011-10-24,XLK,XLK,0.0,1.0,0.0,0.015665,0.0,0.015665,2.4568,-0.1637,0.015665,0.063792,0.0
2011-10-25,XLK,XLK,0.0,1.0,0.0,-0.015816,0.0,-0.015816,2.4179,-0.1769,-0.015816,-0.045819,0.000219
2011-10-26,XLK,XLK,0.0,1.0,0.0,0.004315,0.0,0.004315,2.4284,-0.1734,0.004315,0.011286,0.0
2011-10-27,XLK,BIL,0.0,1.0,0.0,0.029656,0.0,0.029656,2.5004,-0.1488,0.029656,0.08895,-0.000219
2011-10-28,BIL,XLK,0.0,0.0,1.0,0.0,0.001,-0.001,2.4979,-0.1497,0.00341,0.008038,0.0
2011-10-31,XLK,XLK,0.0,1.0,0.0,-0.01775,0.001,-0.01875,2.451,-0.1656,-0.01775,-0.054321,-0.000219
2011-11-01,XLK,XLK,0.0,1.0,0.0,-0.027684,0.0,-0.027684,2.3832,-0.1887,-0.027684,-0.079996,0.000437
2011-11-02,XLK,XLK,0.0,1.0,0.0,0.012256,0.0,0.012256,2.4124,-0.1788,0.012256,0.026005,-0.000219
2011-11-03,XLK,XLK,0.0,1.0,0.0,0.023827,0.0,0.023827,2.4699,-0.1592,0.023827,0.076597,-0.000219
2011-11-04,XLK,XLK,0.0,1.0,0.0,-0.006098,0.0,-0.006098,2.4548,-0.1644,-0.006098,-0.012653,0.000219
2011-11-07,XLK,XLK,0.0,1.0,0.0,0.006135,0.0,0.006135,2.4699,-0.1592,0.006135,0.018592,0.000219
2011-11-08,XLK,XLK,0.0,1.0,0.0,0.011446,0.0,0.011446,2.4981,-0.1496,0.011446,0.033928,0.0
2011-11-09,XLK,BIL,0.0,1.0,0.0,-0.034701,0.0,-0.034701,2.4115,-0.1791,-0.034701,-0.110313,-0.000219
2011-11-10,BIL,BIL,0.0,0.0,1.0,0.000219,0.001,-0.000781,2.4096,-0.1798,0.003128,0.002018,0.000219
2011-11-11,BIL,BIL,0.0,0.0,1.0,-0.000219,0.0,-0.000219,2.409,-0.1799,0.019085,0.060976,-0.000219
2011-11-14,BIL,BIL,0.0,0.0,1.0,0.000219,0.0,0.000219,2.4096,-0.1798,-0.007639,-0.012443,0.000219
2011-11-15,BIL,BIL,0.0,0.0,1.0,-0.000219,0.0,-0.000219,2.409,-0.1799,0.013481,0.040256,-0.000219
2011-11-16,BIL,XLK,0.0,0.0,1.0,0.000219,0.0,0.000219,2.4096,-0.1798,-0.014823,-0.041265,0.000219
2011-11-17,XLK,BIL,0.0,1.0,0.0,-0.019294,0.001,-0.020294,2.3607,-0.1964,-0.019294,-0.067345,0.0
2011-11-18,BIL,BIL,0.0,0.0,1.0,0.0,0.001,-0.001,2.3583,-0.1972,-0.008262,-0.025141,0.0
2011-11-21,BIL,BIL,0.0,0.0,1.0,0.0,0.0,0.0,2.3583,-0.1972,-0.017451,-0.060645,0.0
2011-11-22,BIL,XLK,0.0,0.0,1.0,-0.000219,0.0,-0.000219,2.3578,-0.1974,-0.001616,-0.003635,-0.000219
2011-11-23,XLK,BIL,0.0,1.0,0.0,-0.023861,0.001,-0.024861,2.2992,-0.2173,-0.023861,-0.076371,0.000219
2011-11-25,BIL,XLK,0.0,0.0,1.0,0.0,0.001,-0.001,2.2969,-0.2181,-0.005385,-0.020025,0.0
2011-11-28,XLK,BIL,0.0,1.0,0.0,0.03291,0.001,0.03191,2.3702,-0.1932,0.03291,0.104115,0.0
2011-11-29,BIL,BIL,0.0,0.0,1.0,-0.000437,0.001,-0.001437,2.3668,-0.1943,-0.005242,-0.019766,-0.000437
2011-11-30,BIL,BIL,0.0,0.0,1.0,0.000219,0.0,0.000219,2.3673,-0.1941,0.038508,0.117904,0.000219
2011-12-01,BIL,BIL,0.0,0.0,1.0,-0.000219,0.0,-0.000219,2.3668,-0.1943,0.005462,0.016429,-0.000219
2011-12-02,BIL,BIL,0.0,0.0,1.0,0.000219,0.0,0.000219,2.3673,-0.1941,-0.000772,-0.002826,0.000219
2011-12-05,BIL,BIL,0.0,0.0,1.0,0.0,0.0,0.0,2.3673,-0.1941,0.01126,0.038313,0.0
2011-12-06,BIL,BIL,0.0,0.0,1.0,0.000219,0.0,0.000219,2.3678,-0.194,-0.000382,-0.002183,0.000219
2011-12-07,BIL,BIL,0.0,0.0,1.0,-0.000219,0.0,-0.000219,2.3673,-0.1941,0.001156,0.000766,-0.000219
2011-12-08,BIL,XLK,0.0,0.0,1.0,0.0,0.0,0.0,2.3673,-0.1941,-0.015743,-0.045698,0.0
2011-12-09,XLK,XLK,0.0,1.0,0.0,0.015607,0.001,0.014607,2.4019,-0.1824,0.015607,0.043418,-0.000219
2011-12-12,XLK,XLK,0.0,1.0,0.0,-0.012676,0.0,-0.012676,2.3714,-0.1927,-0.012676,-0.04238,0.0
2011-12-13,XLK,XLK,0.0,1.0,0.0,-0.009339,0.0,-0.009339,2.3493,-0.2003,-0.009339,-0.032561,0.0
2011-12-14,XLK,XLK,0.0,1.0,0.0,-0.015312,0.0,-0.015312,2.3133,-0.2125,-0.015312,-0.052975,0.000219
2011-12-15,XLK,XLK,0.0,1.0,0.0,-0.002389,0.0,-0.002389,2.3078,-0.2144,-0.002389,-0.008009,-0.000219
2011-12-16,XLK,XLK,0.0,1.0,0.0,0.002772,0.0,0.002772,2.3142,-0.2122,0.002772,0.006812,0.000219
2011-12-19,XLK,XLK,0.0,1.0,0.0,-0.009609,0.0,-0.009609,2.2919,-0.2198,-0.009609,-0.03571,0.0
2011-12-20,XLK,XLK,0.0,1.0,0.0,0.02809,0.0,0.02809,2.3563,-0.1979,0.02809,0.090307,0.0
2011-12-21,XLK,XLK,0.0,1.0,0.0,-0.01632,0.0,-0.01632,2.3179,-0.211,-0.01632,-0.059349,0.0
2011-12-22,XLK,XLK,0.0,1.0,0.0,0.011591,0.0,0.011591,2.3447,-0.2018,0.011591,0.034841,0.0
2011-12-23,XLK,XLK,0.0,1.0,0.0,0.009884,0.0,0.009884,2.3679,-0.1939,0.009884,0.027547,0.0
2011-12-27,XLK,XLK,0.0,1.0,0.0,0.001559,0.0,0.001559,2.3716,-0.1927,0.001559,0.007506,-0.000219
2011-12-28,XLK,XLK,0.0,1.0,0.0,-0.010159,0.0,-0.010159,2.3475,-0.2009,-0.010159,-0.033467,4.2e-05
2011-12-29,XLK,XLK,0.0,1.0,0.0,0.0075,0.0,0.0075,2.3651,-0.1949,0.0075,0.023003,0.0
2011-12-30,XLK,TECL,0.0,1.0,0.0,-0.003131,0.0,-0.003131,2.3577,-0.1974,-0.003131,-0.009807,0.0
2012-01-03,TECL,TECL,0.75,0.0,0.25,0.036,0.001,0.035,2.4402,-0.1693,0.014147,0.048073,-0.000219
2012-01-04,TECL,TECL,0.75,0.0,0.25,0.009767,0.0,0.009767,2.4641,-0.1612,0.002713,0.013023,0.0
2012-01-05,TECL,TECL,0.75,0.0,0.25,0.013823,0.0,0.013823,2.4981,-0.1496,0.003088,0.01843,0.0
2012-01-06,TECL,TECL,0.75,0.0,0.25,0.002597,0.0,0.002597,2.5046,-0.1474,0.000381,0.003463,0.0
2012-01-09,TECL,TECL,0.75,0.0,0.25,-0.000864,0.0,-0.000864,2.5024,-0.1481,-0.001534,-0.001225,0.000219
2012-01-10,TECL,TECL,0.75,0.0,0.25,0.009112,0.0,0.009112,2.5253,-0.1404,0.003464,0.012149,0.0
2012-01-11,TECL,TECL,0.75,0.0,0.25,0.006057,0.0,0.006057,2.5405,-0.1352,0.003081,0.008149,-0.000219
2012-01-12,TECL,TECL,0.75,0.0,0.25,0.007537,0.0,0.007537,2.5597,-0.1287,0.004977,0.010049,0.0
2012-01-13,TECL,TECL,0.75,0.0,0.25,-0.015816,0.0,-0.015816,2.5192,-0.1424,-0.005717,-0.021088,0.0
2012-01-17,TECL,TECL,0.75,0.0,0.25,0.011848,0.0,0.011848,2.5491,-0.1323,0.004602,0.015798,0.0
2012-01-18,TECL,TECL,0.75,0.0,0.25,0.040375,0.0,0.040375,2.652,-0.0972,0.014507,0.053834,0.0
2012-01-19,TECL,TECL,0.75,0.0,0.25,0.01757,0.0,0.01757,2.6986,-0.0814,0.007141,0.023426,0.0
2012-01-20,TECL,TECL,0.75,0.0,0.25,0.008395,0.0,0.008395,2.7212,-0.0737,0.001128,0.011193,0.0
2012-01-23,TECL,TECL,0.75,0.0,0.25,0.008451,0.0,0.008451,2.7442,-0.0658,0.003352,0.011268,0.0
2012-01-24,TECL,TECL,0.75,0.0,0.25,0.002884,0.0,0.002884,2.7521,-0.0631,-0.000736,0.003846,0.0
2012-01-25,TECL,TECL,0.75,0.0,0.25,0.021807,0.0,0.021807,2.8122,-0.0427,0.007809,0.029077,0.0
2012-01-26,TECL,TECL,0.75,0.0,0.25,-0.012242,0.0,-0.012242,2.7777,-0.0544,-0.006643,-0.016323,0.0
2012-01-27,TECL,TECL,0.75,0.0,0.25,0.004658,0.0,0.004658,2.7907,-0.05,0.0,0.006211,0.0
2012-01-30,TECL,TECL,0.75,0.0,0.25,0.006926,0.0,0.006926,2.81,-0.0434,0.002971,0.009162,0.000219
2012-01-31,TECL,TECL,0.75,0.0,0.25,0.002741,0.0,0.002741,2.8177,-0.0408,0.001853,0.003727,-0.000219
2012-02-01,TECL,TECL,0.75,0.0,0.25,0.02335,0.0,0.02335,2.8835,-0.0184,0.009988,0.031134,0.0
2012-02-02,TECL,TECL,0.75,0.0,0.25,0.003809,0.0,0.003809,2.8945,-0.0147,0.002565,0.005078,0.0
2012-02-03,TECL,TECL,0.75,0.0,0.25,0.030868,0.0,0.030868,2.9838,0.0,0.012607,0.041158,0.0
2012-02-06,TECL,TECL,0.75,0.0,0.25,0.001047,0.0,0.001047,2.9869,0.0,0.00054,0.001324,0.000219
2012-02-07,TECL,TECL,0.75,0.0,0.25,0.008669,0.0,0.008669,3.0128,0.0,0.002525,0.011632,-0.000219
2012-02-08,TECL,TECL,0.75,0.0,0.25,0.016975,0.0,0.016975,3.064,0.0,0.006115,0.022561,0.000219
2012-02-09,TECL,XLK,0.75,0.0,0.25,0.020965,0.0,0.020965,3.1282,0.0,0.009652,0.028026,-0.000219
2012-02-10,XLK,XLK,0.0,1.0,0.0,-0.007439,0.001,-0.008439,3.1018,-0.0084,-0.007439,-0.025771,0.000219
2012-02-13,XLK,XLK,0.0,1.0,0.0,0.006427,0.0,0.006427,3.1218,-0.0021,0.006427,0.021264,-0.000219
2012-02-14,XLK,XLK,0.0,1.0,0.0,0.001772,0.0,0.001772,3.1273,-0.0003,0.001772,0.007162,0.000219
2012-02-15,XLK,XLK,0.0,1.0,0.0,-0.005306,0.0,-0.005306,3.1107,-0.0056,-0.005306,-0.018937,-0.000219
2012-02-16,XLK,XLK,0.0,1.0,0.0,0.014586,0.0,0.014586,3.1561,0.0,0.014586,0.05091,0.000219
2012-02-17,XLK,XLK,0.0,1.0,0.0,0.0,0.0,0.0,3.1561,0.0,0.0,-0.006577,-0.000219
2012-02-21,XLK,XLK,0.0,1.0,0.0,0.004208,0.0,0.004208,3.1693,0.0,0.004208,0.011545,0.0
2012-02-22,XLK,XLK,0.0,1.0,0.0,-0.003499,0.0,-0.003499,3.1583,-0.0035,-0.003499,-0.016841,0.0
2012-02-23,XLK,XLK,0.0,1.0,0.0,0.003858,0.0,0.003858,3.1704,0.0,0.003858,0.014044,0.0
2012-02-24,XLK,XLK,0.0,1.0,0.0,0.005934,0.0,0.005934,3.1893,0.0,0.005934,0.01433,0.000219
2012-02-27,XLK,XLK,0.0,1.0,0.0,0.001734,0.0,0.001734,3.1948,0.0,0.001734,0.004104,-0.000219
2012-02-28,XLK,XLK,0.0,1.0,0.0,0.007277,0.0,0.007277,3.218,0.0,0.007277,0.024682,0.0
2012-02-29,XLK,XLK,0.0,1.0,0.0,-0.004642,0.0,-0.004642,3.2031,-0.0046,-0.004642,-0.014115,0.000219
2012-03-01,XLK,XLK,0.0,1.0,0.0,0.00604,0.0,0.00604,3.2224,0.0,0.00604,0.017663,-0.000219
2012-03-02,XLK,XLK,0.0,1.0,0.0,-0.001368,0.0,-0.001368,3.218,-0.0014,-0.001368,-0.004358,0.0
2012-03-05,XLK,XLK,0.0,1.0,0.0,-0.008603,0.0,-0.008603,3.1904,-0.01,-0.008603,-0.034173,0.0
2012-03-06,XLK,XLK,0.0,1.0,0.0,-0.009883,0.0,-0.009883,3.1588,-0.0197,-0.009883,-0.033792,0.0
2012-03-07,XLK,XLK,0.0,1.0,0.0,0.007537,0.0,0.007537,3.1826,-0.0124,0.007537,0.025016,0.0
2012-03-08,XLK,XLK,0.0,1.0,0.0,0.010075,0.0,0.010075,3.2147,-0.0024,0.010075,0.032113,0.000219
2012-03-09,XLK,TECL,0.0,1.0,0.0,0.00448,0.0,0.00448,3.2291,0.0,0.00448,0.013068,0.0
2012-03-12,TECL,TECL,0.75,0.0,0.25,0.003801,0.001,0.002801,3.2381,0.0,0.001374,0.005068,0.0
2012-03-13,TECL,TECL,0.75,0.0,0.25,0.046066,0.0,0.046066,3.3873,0.0,0.019842,0.061421,0.0
2012-03-14,TECL,TECL,0.75,0.0,0.25,0.013063,0.0,0.013063,3.4316,0.0,0.003695,0.01749,-0.000219
2012-03-15,TECL,TECL,0.75,0.0,0.25,0.007852,0.0,0.007852,3.4585,0.0,0.002672,0.010469,0.0
2012-03-16,TECL,TECL,0.75,0.0,0.25,-0.000105,0.0,-0.000105,3.4581,-0.0001,-0.000467,-0.00014,0.0
2012-03-19,TECL,XLK,0.75,0.0,0.25,0.016963,0.0,0.016963,3.5168,0.0,0.007363,0.022544,0.000219
2012-03-20,XLK,XLK,0.0,1.0,0.0,-0.001,0.001,-0.002,3.5098,-0.002,-0.001,-0.000274,0.0
2012-03-21,XLK,XLK,0.0,1.0,0.0,-0.000328,0.0,-0.000328,3.5086,-0.0023,-0.000328,-0.001918,0.0
2012-03-22,XLK,XLK,0.0,1.0,0.0,-0.00233,0.0,-0.00233,3.5004,-0.0047,-0.00233,-0.010019,0.0
2012-03-23,XLK,XLK,0.0,1.0,0.0,-0.000169,0.0,-0.000169,3.4998,-0.0048,-0.000169,-0.000485,0.0
2012-03-26,XLK,XLK,0.0,1.0,0.0,0.014843,0.0,0.014843,3.5518,0.0,0.014843,0.048752,0.0
2012-03-27,XLK,XLK,0.0,1.0,0.0,-0.000324,0.0,-0.000324,3.5506,-0.0003,-0.000324,0.004827,-0.000219
2012-03-28,XLK,XLK,0.0,1.0,0.0,-0.003616,0.0,-0.003616,3.5378,-0.0039,-0.003616,-0.008357,0.000219
2012-03-29,XLK,XLK,0.0,1.0,0.0,-0.001985,0.0,-0.001985,3.5308,-0.0059,-0.001985,-0.005176,-0.000219
2012-03-30,XLK,XLK,0.0,1.0,0.0,-0.002976,0.0,-0.002976,3.5203,-0.0089,-0.002976,-0.007538,0.0
2012-04-02,XLK,XLK,0.0,1.0,0.0,0.010614,0.0,0.010614,3.5576,0.0,0.010614,0.03038,-0.000219
2012-04-03,XLK,XLK,0.0,1.0,0.0,-0.000655,0.0,-0.000655,3.5553,-0.0007,-0.000655,-0.004436,0.000219
2012-04-04,XLK,TECL,0.0,1.0,0.0,-0.011822,0.0,-0.011822,3.5133,-0.0125,-0.011822,-0.042458,-0.000219
2012-04-05,TECL,TECL,0.75,0.0,0.25,0.007394,0.001,0.006394,3.5357,-0.0062,0.002327,0.009785,0.000219
2012-04-09,TECL,TECL,0.75,0.0,0.25,-0.013769,0.0,-0.013769,3.4871,-0.0198,-0.006965,-0.018432,0.000219
2012-04-10,TECL,TECL,0.75,0.0,0.25,-0.031067,0.0,-0.031067,3.3787,-0.0503,-0.01418,-0.041422,0.0
2012-04-11,TECL,TECL,0.75,0.0,0.25,0.008858,0.0,0.008858,3.4087,-0.0419,0.005925,0.011811,0.0
2012-04-12,TECL,TECL,0.75,0.0,0.25,0.030108,0.0,0.030108,3.5113,-0.013,0.012282,0.040216,-0.000219
2012-04-13,TECL,TECL,0.75,0.0,0.25,-0.038648,0.0,-0.038648,3.3756,-0.0512,-0.015462,-0.051458,-0.000219
2012-04-16,TECL,TECL,0.75,0.0,0.25,-0.025591,0.0,-0.025591,3.2892,-0.0755,-0.01047,-0.034194,0.000219
2012-04-17,TECL,TECL,0.75,0.0,0.25,0.051035,0.0,0.051035,3.4571,-0.0283,0.021844,0.068046,0.0
2012-04-18,TECL,TECL,0.75,0.0,0.25,-0.017204,0.0,-0.017204,3.3976,-0.045,-0.008345,-0.022939,0.0
2012-04-19,TECL,TECL,0.75,0.0,0.25,-0.034195,0.0,-0.034195,3.2814,-0.0776,-0.01011,-0.045666,0.000219
2012-04-20,TECL,TECL,0.75,0.0,0.25,-0.015018,0.0,-0.015018,3.2321,-0.0915,-0.003743,-0.01995,-0.000219
2012-04-23,TECL,TECL,0.75,0.0,0.25,-0.016763,0.0,-0.016763,3.1779,-0.1067,-0.007851,-0.022423,0.000219
2012-04-24,TECL,TECL,0.75,0.0,0.25,-0.015559,0.0,-0.015559,3.1285,-0.1206,-0.002063,-0.020745,0.0
2012-04-25,TECL,TECL,0.75,0.0,0.25,0.070754,0.0,0.070754,3.3499,-0.0584,0.028113,0.094412,-0.000219
2012-04-26,TECL,TECL,0.75,0.0,0.25,0.016983,0.0,0.016983,3.4067,-0.0424,0.007882,0.022571,0.000219
2012-04-27,TECL,TECL,0.75,0.0,0.25,0.00016,0.0,0.00016,3.4073,-0.0423,-0.000337,0.000286,-0.000219
2012-04-30,TECL,TECL,0.75,0.0,0.25,-0.021476,0.0,-0.021476,3.3341,-0.0628,-0.006989,-0.028708,0.000219
2012-05-01,TECL,TECL,0.75,0.0,0.25,0.006011,0.0,0.006011,3.3541,-0.0572,0.00335,0.008014,0.0
2012-05-02,TECL,TECL,0.75,0.0,0.25,0.004978,0.0,0.004978,3.3708,-0.0525,0.000668,0.006637,0.0
2012-05-03,TECL,TECL,0.75,0.0,0.25,-0.02152,0.0,-0.02152,3.2983,-0.0729,-0.008345,-0.028621,-0.000219
2012-05-04,TECL,TECL,0.75,0.0,0.25,-0.052085,0.0,-0.052085,3.1265,-0.1212,-0.020884,-0.069447,0.0
2012-05-07,TECL,TECL,0.75,0.0,0.25,-0.007881,0.0,-0.007881,3.1019,-0.1281,-0.002749,-0.010581,0.000219
2012-05-08,TECL,TECL,0.75,0.0,0.25,-0.011606,0.0,-0.011606,3.0659,-0.1382,-0.003628,-0.015474,0.0
2012-05-09,TECL,TECL,0.75,0.0,0.25,0.001852,0.0,0.001852,3.0715,-0.1366,0.000175,0.002469,0.0
2012-05-10,TECL,XLK,0.75,0.0,0.25,-0.02241,0.0,-0.02241,3.0027,-0.156,-0.007615,-0.02988,0.0
2012-05-11,XLK,XLK,0.0,1.0,0.0,0.000697,0.001,-0.000303,3.0018,-0.1562,0.000697,-0.002115,0.0
2012-05-14,XLK,XLK,0.0,1.0,0.0,-0.008708,0.0,-0.008708,2.9757,-0.1636,-0.008708,-0.028067,0.0
2012-05-15,XLK,XLK,0.0,1.0,0.0,-0.002818,0.0,-0.002818,2.9673,-0.1659,-0.002818,-0.010906,0.0
2012-05-16,XLK,XLK,0.0,1.0,0.0,-0.008105,0.0,-0.008105,2.9432,-0.1727,-0.008105,-0.026109,0.0
2012-05-17,XLK,XLK,0.0,1.0,0.0,-0.014221,0.0,-0.014221,2.9014,-0.1845,-0.014221,-0.052622,0.0
2012-05-18,XLK,BIL,0.0,1.0,0.0,-0.009375,0.0,-0.009375,2.8742,-0.1921,-0.009375,-0.040631,0.0
2012-05-21,BIL,BIL,0.0,0.0,1.0,0.0,0.001,-0.001,2.8713,-0.1929,0.024753,0.086896,0.0
2012-05-22,BIL,BIL,0.0,0.0,1.0,-0.000437,0.0,-0.000437,2.87,-0.1933,-0.003198,-0.01036,-0.000437
2012-05-23,BIL,BIL,0.0,0.0,1.0,0.0,0.0,0.0,2.87,-0.1933,0.001064,0.005837,0.0
2012-05-24,BIL,BIL,0.0,0.0,1.0,0.000437,0.0,0.000437,2.8713,-0.1929,-0.00569,-0.029014,0.000437
2012-05-25,BIL,BIL,0.0,0.0,1.0,0.0,0.0,0.0,2.8713,-0.1929,-0.002154,-0.006071,0.0
2012-05-29,BIL,BIL,0.0,0.0,1.0,0.0,0.0,0.0,2.8713,-0.1929,0.013283,0.042279,0.0
2012-05-30,BIL,BIL,0.0,0.0,1.0,0.0,0.0,0.0,2.8713,-0.1929,-0.006375,-0.019137,0.0
2012-05-31,BIL,BIL,0.0,0.0,1.0,0.0,0.0,0.0,2.8713,-0.1929,-0.004632,-0.015683,0.0
2012-06-01,BIL,BIL,0.0,0.0,1.0,0.0,0.0,0.0,2.8713,-0.1929,-0.026138,-0.083839,0.0
2012-06-04,BIL,BIL,0.0,0.0,1.0,0.0,0.0,0.0,2.8713,-0.1929,0.005885,0.006418,0.0
2012-06-05,BIL,BIL,0.0,0.0,1.0,0.0,0.0,0.0,2.8713,-0.1929,0.006026,0.023143,0.0
2012-06-06,BIL,BIL,0.0,0.0,1.0,-0.000219,0.0,-0.000219,2.8707,-0.1931,0.022894,0.076405,-0.000219
2012-06-07,BIL,BIL,0.0,0.0,1.0,0.0,0.0,0.0,2.8707,-0.1931,-0.004796,-0.01541,0.0
2012-06-08,BIL,BIL,0.0,0.0,1.0,0.0,0.0,0.0,2.8707,-0.1931,0.011064,0.02988,0.0
2012-06-11,BIL,BIL,0.0,0.0,1.0,0.0,0.0,0.0,2.8707,-0.1931,-0.014121,-0.054343,0.0
2012-06-12,BIL,BIL,0.0,0.0,1.0,0.000219,0.0,0.000219,2.8713,-0.1929,0.010023,0.034285,0.000219
2012-06-13,BIL,BIL,0.0,0.0,1.0,0.0,0.0,0.0,2.8713,-0.1929,-0.006024,-0.01987,0.0
2012-06-14,BIL,BIL,0.0,0.0,1.0,0.0,0.0,0.0,2.8713,-0.1929,0.004987,0.003267,0.0
2012-06-15,BIL,BIL,0.0,0.0,1.0,-0.000219,0.0,-0.000219,2.8707,-0.1931,0.010651,0.040414,-0.000219
2012-06-18,BIL,BIL,0.0,0.0,1.0,0.000219,0.0,0.000219,2.8713,-0.1929,0.007404,0.019422,0.000219
2012-06-19,BIL,BIL,0.0,0.0,1.0,-0.000437,0.0,-0.000437,2.87,-0.1933,0.007701,0.027088,-0.000437
2012-06-20,BIL,BIL,0.0,0.0,1.0,0.0,0.0,0.0,2.87,-0.1933,0.001732,0.007385,0.0
2012-06-21,BIL,BIL,0.0,0.0,1.0,0.000437,0.0,0.000437,2.8713,-0.1929,-0.023744,-0.079675,0.000437
2012-06-22,BIL,BIL,0.0,0.0,1.0,-0.000219,0.0,-0.000219,2.8707,-0.1931,0.011186,0.032335,-0.000219
2012-06-25,BIL,BIL,0.0,0.0,1.0,0.000219,0.0,0.000219,2.8713,-0.1929,-0.020365,-0.067787,0.000219
2012-06-26,BIL,BIL,0.0,0.0,1.0,0.0,0.0,0.0,2.8713,-0.1929,0.003945,0.008671,0.0
2012-06-27,BIL,BIL,0.0,0.0,1.0,-0.000219,0.0,-0.000219,2.8707,-0.1931,0.006069,0.021588,-0.000219
2012-06-28,BIL,BIL,0.0,0.0,1.0,0.000219,0.0,0.000219,2.8713,-0.1929,-0.00816,-0.031555,0.000219
2012-06-29,BIL,BIL,0.0,0.0,1.0,-0.000437,0.0,-0.000437,2.87,-0.1933,0.027726,0.084617,-0.000437
2012-07-02,BIL,BIL,0.0,0.0,1.0,0.0,0.0,0.0,2.87,-0.1933,0.005743,0.013473,0.0
2012-07-03,BIL,BIL,0.0,0.0,1.0,0.0,0.0,0.0,2.87,-0.1933,0.007959,0.022007,0.0
2012-07-05,BIL,BIL,0.0,0.0,1.0,0.0,0.0,0.0,2.87,-0.1933,0.0,0.003164,0.0
2012-07-06,BIL,BIL,0.0,0.0,1.0,0.0,0.0,0.0,2.87,-0.1933,-0.014763,-0.046171,0.0
2012-07-09,BIL,BIL,0.0,0.0,1.0,0.0,0.0,0.0,2.87,-0.1933,-0.002089,-0.005879,0.0
2012-07-10,BIL,BIL,0.0,0.0,1.0,0.0,0.0,0.0,2.87,-0.1933,-0.01118,-0.031415,0.0
2012-07-11,BIL,BIL,0.0,0.0,1.0,0.0,0.0,0.0,2.87,-0.1933,-0.00459,-0.015167,0.0
2012-07-12,BIL,BIL,0.0,0.0,1.0,0.0,0.0,0.0,2.87,-0.1933,-0.009938,-0.03148,0.0
2012-07-13,BIL,BIL,0.0,0.0,1.0,0.000219,0.0,0.000219,2.8707,-0.1931,0.01326,0.044504,0.000219
2012-07-16,BIL,BIL,0.0,0.0,1.0,-0.000219,0.0,-0.000219,2.87,-0.1933,-0.00106,-0.005458,-0.000219
2012-07-17,BIL,BIL,0.0,0.0,1.0,0.0,0.0,0.0,2.87,-0.1933,0.003897,0.008953,0.0
2012-07-18,BIL,BIL,0.0,0.0,1.0,0.0,0.0,0.0,2.87,-0.1933,0.017287,0.053149,0.0
2012-07-19,BIL,BIL,0.0,0.0,1.0,0.000219,0.0,0.000219,2.8707,-0.1931,0.008663,0.026728,0.000219
2012-07-20,BIL,BIL,0.0,0.0,1.0,-0.000219,0.0,-0.000219,2.87,-0.1933,-0.011515,-0.032474,-0.000219
2012-07-23,BIL,BIL,0.0,0.0,1.0,0.0,0.0,0.0,2.87,-0.1933,-0.009564,-0.028548,0.0
2012-07-24,BIL,BIL,0.0,0.0,1.0,0.000219,0.0,0.000219,2.8707,-0.1931,-0.010178,-0.032673,0.000219
2012-07-25,BIL,BIL,0.0,0.0,1.0,0.000219,0.0,0.000219,2.8713,-0.1929,-0.003904,-0.01485,0.000219
2012-07-26,BIL,BIL,0.0,0.0,1.0,-0.000219,0.0,-0.000219,2.8707,-0.1931,0.01531,0.047291,-0.000219
2012-07-27,BIL,BIL,0.0,0.0,1.0,0.000219,0.0,0.000219,2.8713,-0.1929,0.021748,0.067545,0.000219
2012-07-30,BIL,BIL,0.0,0.0,1.0,0.0,0.0,0.0,2.8713,-0.1929,0.000346,0.00282,0.0
2012-07-31,BIL,BIL,0.0,0.0,1.0,-0.000437,0.0,-0.000437,2.87,-0.1933,0.004114,0.010545,-0.000437
2012-08-01,BIL,BIL,0.0,0.0,1.0,0.000219,0.0,0.000219,2.8707,-0.1931,-0.003417,-0.010435,0.000219
2012-08-02,BIL,XLK,0.0,0.0,1.0,0.0,0.0,0.0,2.8707,-0.1931,-0.006512,-0.01696,0.0
2012-08-03,XLK,XLK,0.0,1.0,0.0,0.019673,0.001,0.018673,2.9243,-0.178,0.019673,0.054796,0.0
2012-08-06,XLK,XLK,0.0,1.0,0.0,0.00711,0.0,0.00711,2.9451,-0.1722,0.00711,0.019831,0.000219
2012-08-07,XLK,XLK,0.0,1.0,0.0,0.006722,0.0,0.006722,2.9649,-0.1666,0.006722,0.020027,-0.000219
2012-08-08,XLK,XLK,0.0,1.0,0.0,0.000336,0.0,0.000336,2.9659,-0.1663,0.000336,0.00334,-0.000219
2012-08-09,XLK,XLK,0.0,1.0,0.0,0.003337,0.0,0.003337,2.9758,-0.1636,0.003337,0.010474,0.0
2012-08-10,XLK,XLK,0.0,1.0,0.0,0.002329,0.0,0.002329,2.9827,-0.1616,0.002329,0.005464,0.0
2012-08-13,XLK,XLK,0.0,1.0,0.0,0.002984,0.0,0.002984,2.9916,-0.1591,0.002984,0.008551,0.0
2012-08-14,XLK,XLK,0.0,1.0,0.0,-0.001984,0.0,-0.001984,2.9857,-0.1608,-0.001984,-0.006815,0.0
2012-08-15,XLK,XLK,0.0,1.0,0.0,0.000334,0.0,0.000334,2.9867,-0.1605,0.000334,0.002872,0.0
2012-08-16,XLK,XLK,0.0,1.0,0.0,0.01359,0.0,0.01359,3.0272,-0.1491,0.01359,0.040095,0.0
2012-08-17,XLK,XLK,0.0,1.0,0.0,0.005559,0.0,0.005559,3.0441,-0.1444,0.005559,0.016368,0.0
2012-08-20,XLK,XLK,0.0,1.0,0.0,0.000975,0.0,0.000975,3.047,-0.1435,0.000975,0.003387,0.0
2012-08-21,XLK,TECL,0.0,1.0,0.0,-0.006497,0.0,-0.006497,3.0272,-0.1491,-0.006497,-0.01995,0.0
2012-08-22,TECL,TECL,0.75,0.0,0.25,0.004477,0.001,0.003477,3.0378,-0.1461,0.001631,0.005969,0.0
2012-08-23,TECL,TECL,0.75,0.0,0.25,-0.018543,0.0,-0.018543,2.9814,-0.162,-0.008165,-0.024724,0.0
2012-08-24,TECL,TECL,0.75,0.0,0.25,0.012637,0.0,0.012637,3.0191,-0.1514,0.006259,0.016849,0.0
2012-08-27,TECL,TECL,0.75,0.0,0.25,0.001841,0.0,0.001841,3.0247,-0.1498,0.00098,0.002455,0.0
2012-08-28,TECL,TECL,0.75,0.0,0.25,-0.003788,0.0,-0.003788,3.0132,-0.153,-0.002288,-0.005051,0.0
2012-08-29,TECL,TECL,0.75,0.0,0.25,0.005595,0.0,0.005595,3.0301,-0.1483,0.001963,0.00746,0.0
2012-08-30,TECL,TECL,0.75,0.0,0.25,-0.02588,0.0,-0.02588,2.9517,-0.1703,-0.011115,-0.034506,0.0
2012-08-31,TECL,TECL,0.75,0.0,0.25,0.015359,0.0,0.015359,2.997,-0.1576,0.007934,0.020479,0.0
2012-09-04,TECL,TECL,0.75,0.0,0.25,0.001453,0.0,0.001453,3.0013,-0.1564,0.0,0.001937,0.0
2012-09-05,TECL,TECL,0.75,0.0,0.25,-0.001627,0.0,-0.001627,2.9965,-0.1577,-0.000983,-0.002243,0.000219
2012-09-06,TECL,TECL,0.75,0.0,0.25,0.04912,0.0,0.04912,3.1436,-0.1164,0.022324,0.065494,0.0
2012-09-07,TECL,TECL,0.75,0.0,0.25,-0.003055,0.0,-0.003055,3.134,-0.1191,-0.001602,-0.004001,-0.000219
2012-09-10,TECL,TECL,0.75,0.0,0.25,-0.023006,0.0,-0.023006,3.0619,-0.1393,-0.01062,-0.030675,0.0
2012-09-11,TECL,TECL,0.75,0.0,0.25,0.005651,0.0,0.005651,3.0792,-0.1345,0.002603,0.007535,0.0
2012-09-12,TECL,TECL,0.75,0.0,0.25,0.009815,0.0,0.009815,3.1095,-0.126,0.005512,0.013087,0.0
2012-09-13,TECL,TECL,0.75,0.0,0.25,0.031446,0.0,0.031446,3.2072,-0.0985,0.013546,0.041928,0.0
2012-09-14,TECL,TECL,0.75,0.0,0.25,0.010999,0.0,0.010999,3.2425,-0.0886,0.004768,0.014665,0.0
2012-09-17,TECL,TECL,0.75,0.0,0.25,0.001623,0.0,0.001623,3.2478,-0.0871,0.000949,0.002165,0.0
2012-09-18,TECL,TECL,0.75,0.0,0.25,0.000836,0.0,0.000836,3.2505,-0.0863,0.000637,0.001115,0.0
2012-09-19,TECL,TECL,0.75,0.0,0.25,0.002714,0.0,0.002714,3.2593,-0.0839,0.000948,0.003619,0.0
2012-09-20,TECL,TECL,0.75,0.0,0.25,-0.003693,0.0,-0.003693,3.2473,-0.0872,-0.001893,-0.004923,0.0
2012-09-21,TECL,TECL,0.75,0.0,0.25,0.002404,0.0,0.002404,3.2551,-0.085,0.001267,0.003206,0.0
2012-09-24,TECL,TECL,0.75,0.0,0.25,-0.01516,0.0,-0.01516,3.2057,-0.0989,-0.006343,-0.020214,0.0
2012-09-25,TECL,TECL,0.75,0.0,0.25,-0.030415,0.0,-0.030415,3.1082,-0.1263,-0.014055,-0.040553,0.0
2012-09-26,TECL,TECL,0.75,0.0,0.25,-0.01646,0.0,-0.01646,3.0571,-0.1407,-0.007124,-0.021946,0.0
2012-09-27,TECL,TECL,0.75,0.0,0.25,0.030653,0.0,0.030653,3.1508,-0.1144,0.012886,0.040798,0.000219
2012-09-28,TECL,TECL,0.75,0.0,0.25,-0.017966,0.0,-0.017966,3.0942,-0.1303,-0.007084,-0.023882,-0.000219
2012-10-01,TECL,TECL,0.75,0.0,0.25,-0.004295,0.0,-0.004295,3.0809,-0.134,-0.002115,-0.005726,0.0
2012-10-02,TECL,TECL,0.75,0.0,0.25,0.003477,0.0,0.003477,3.0916,-0.131,0.001304,0.004562,0.000219
2012-10-03,TECL,TECL,0.75,0.0,0.25,0.01251,0.0,0.01251,3.1303,-0.1201,0.005194,0.016752,-0.000219
2012-10-04,TECL,TECL,0.75,0.0,0.25,0.005327,0.0,0.005327,3.147,-0.1154,0.002908,0.007103,0.0
2012-10-05,TECL,TECL,0.75,0.0,0.25,-0.012597,0.0,-0.012597,3.1073,-0.1266,-0.005152,-0.016796,0.0
2012-10-08,TECL,TECL,0.75,0.0,0.25,-0.021909,0.0,-0.021909,3.0392,-0.1457,-0.010358,-0.029212,0.0
2012-10-09,TECL,TECL,0.75,0.0,0.25,-0.029881,0.0,-0.029881,2.9484,-0.1712,-0.012763,-0.039842,0.0
2012-10-10,TECL,TECL,0.75,0.0,0.25,-0.008336,0.0,-0.008336,2.9238,-0.1781,-0.003972,-0.011187,0.000219
2012-10-11,TECL,TECL,0.75,0.0,0.25,-0.007763,0.0,-0.007763,2.9011,-0.1845,-0.003996,-0.010351,0.0
2012-10-12,TECL,TECL,0.75,0.0,0.25,-0.002791,0.0,-0.002791,2.893,-0.1868,-0.00067,-0.003648,-0.000219
2012-10-15,TECL,XLK,0.75,0.0,0.25,0.01043,0.0,0.01043,2.9232,-0.1783,0.00502,0.013834,0.000219
2012-10-16,XLK,XLK,0.0,1.0,0.0,0.013634,0.001,0.012634,2.9602,-0.1679,0.013634,0.040453,-0.000219
2012-10-17,XLK,XLK,0.0,1.0,0.0,-0.005249,0.0,-0.005249,2.9446,-0.1723,-0.005249,-0.015043,0.000219
2012-10-18,XLK,XLK,0.0,1.0,0.0,-0.011711,0.0,-0.011711,2.9101,-0.182,-0.011711,-0.035244,-0.000219
2012-10-19,XLK,XLK,0.0,1.0,0.0,-0.022528,0.0,-0.022528,2.8446,-0.2004,-0.022528,-0.068761,0.0
2012-10-22,XLK,XLK,0.0,1.0,0.0,0.006832,0.0,0.006832,2.864,-0.195,0.006832,0.023363,0.0
2012-10-23,XLK,XLK,0.0,1.0,0.0,-0.01085,0.0,-0.01085,2.8329,-0.2037,-0.01085,-0.035608,0.000219
2012-10-24,XLK,XLK,0.0,1.0,0.0,-0.005828,0.0,-0.005828,2.8164,-0.2083,-0.005828,-0.014486,0.0
2012-10-25,XLK,BIL,0.0,1.0,0.0,-0.002075,0.0,-0.002075,2.8106,-0.21,-0.002075,-0.010576,-0.000219
2012-10-26,BIL,BIL,0.0,0.0,1.0,0.0,0.001,-0.001,2.8078,-0.2108,0.001733,0.006613,0.0
2012-10-31,BIL,BIL,0.0,0.0,1.0,0.000219,0.0,0.000219,2.8084,-0.2106,-0.004127,-0.010439,0.000219
2012-11-01,BIL,BIL,0.0,0.0,1.0,0.0,0.0,0.0,2.8084,-0.2106,0.01626,0.047745,0.0
2012-11-02,BIL,BIL,0.0,0.0,1.0,0.0,0.0,0.0,2.8084,-0.2106,-0.012948,-0.03767,0.0
2012-11-05,BIL,BIL,0.0,0.0,1.0,-0.000219,0.0,-0.000219,2.8078,-0.2108,0.005524,0.013529,-0.000219
2012-11-06,BIL,BIL,0.0,0.0,1.0,0.0,0.0,0.0,2.8078,-0.2108,0.004469,0.015752,0.0
2012-11-07,BIL,BIL,0.0,0.0,1.0,0.000219,0.0,0.000219,2.8084,-0.2106,-0.024964,-0.078588,0.000219
2012-11-08,BIL,BIL,0.0,0.0,1.0,0.0,0.0,0.0,2.8084,-0.2106,-0.014376,-0.044119,0.0
2012-11-09,BIL,BIL,0.0,0.0,1.0,0.0,0.0,0.0,2.8084,-0.2106,0.00463,0.017905,0.0
2012-11-12,BIL,BIL,0.0,0.0,1.0,0.0,0.0,0.0,2.8084,-0.2106,-0.001598,-0.00557,0.0
2012-11-13,BIL,BIL,0.0,0.0,1.0,0.0,0.0,0.0,2.8084,-0.2106,-0.004785,-0.017394,0.0
2012-11-14,BIL,BIL,0.0,0.0,1.0,0.0,0.0,0.0,2.8084,-0.2106,-0.010161,-0.027303,0.0
2012-11-15,BIL,BIL,0.0,0.0,1.0,0.0,0.0,0.0,2.8084,-0.2106,-0.005579,-0.017993,0.0
2012-11-16,BIL,BIL,0.0,0.0,1.0,0.0,0.0,0.0,2.8084,-0.2106,0.001452,0.005968,0.0
2012-11-19,BIL,BIL,0.0,0.0,1.0,0.0,0.0,0.0,2.8084,-0.2106,0.027297,0.07754,0.0
2012-11-20,BIL,BIL,0.0,0.0,1.0,-0.000219,0.0,-0.000219,2.8078,-0.2108,-0.00405,-0.011784,-0.000219
2012-11-21,BIL,BIL,0.0,0.0,1.0,0.0,0.0,0.0,2.8078,-0.2108,0.003181,0.013488,0.0
2012-11-23,BIL,BIL,0.0,0.0,1.0,0.0,0.0,0.0,2.8078,-0.2108,0.016199,0.047063,0.0
2012-11-26,BIL,BIL,0.0,0.0,1.0,0.0,0.0,0.0,2.8078,-0.2108,0.004337,0.012158,0.0
2012-11-27,BIL,BIL,0.0,0.0,1.0,0.0,0.0,0.0,2.8078,-0.2108,-0.004359,-0.013468,0.0
2012-11-28,BIL,BIL,0.0,0.0,1.0,0.0,0.0,0.0,2.8078,-0.2108,0.005935,0.016604,0.0
2012-11-29,BIL,BIL,0.0,0.0,1.0,0.0,0.0,0.0,2.8078,-0.2108,0.00483,0.015425,0.0
2012-11-30,BIL,BIL,0.0,0.0,1.0,0.0,0.0,0.0,2.8078,-0.2108,-0.001032,-0.003842,0.0
2012-12-03,BIL,BIL,0.0,0.0,1.0,0.0,0.0,0.0,2.8078,-0.2108,-0.001377,-0.003498,0.0
2012-12-04,BIL,BIL,0.0,0.0,1.0,0.0,0.0,0.0,2.8078,-0.2108,-0.001888,-0.006931,0.0
2012-12-05,BIL,BIL,0.0,0.0,1.0,0.0,0.0,0.0,2.8078,-0.2108,-0.009811,-0.029641,0.0
2012-12-06,BIL,BIL,0.0,0.0,1.0,0.0,0.0,0.0,2.8078,-0.2108,0.005739,0.01915,0.0
2012-12-07,BIL,BIL,0.0,0.0,1.0,0.0,0.0,0.0,2.8078,-0.2108,-0.005021,-0.015215,0.0
2012-12-10,BIL,BIL,0.0,0.0,1.0,0.0,0.0,0.0,2.8078,-0.2108,0.00244,0.00847,0.0
2012-12-11,BIL,BIL,0.0,0.0,1.0,0.0,0.0,0.0,2.8078,-0.2108,0.01352,0.04024,0.0
2012-12-12,BIL,BIL,0.0,0.0,1.0,0.0,0.0,0.0,2.8078,-0.2108,-0.001716,-0.006654,0.0
2012-12-13,BIL,BIL,0.0,0.0,1.0,0.0,0.0,0.0,2.8078,-0.2108,-0.007193,-0.020543,0.0
2012-12-14,BIL,BIL,0.0,0.0,1.0,0.0,0.0,0.0,2.8078,-0.2108,-0.009668,-0.029363,0.0
2012-12-17,BIL,BIL,0.0,0.0,1.0,0.0,0.0,0.0,2.8078,-0.2108,0.012201,0.036452,0.0
2012-12-18,BIL,BIL,0.0,0.0,1.0,0.000219,0.0,0.000219,2.8084,-0.2106,0.014809,0.042875,0.000219
2012-12-19,BIL,BIL,0.0,0.0,1.0,-0.000219,0.0,-0.000219,2.8078,-0.2108,-0.005088,-0.013733,-0.000219
2012-12-20,BIL,BIL,0.0,0.0,1.0,0.0,0.0,0.0,2.8078,-0.2108,0.001702,0.005111,0.0
2012-12-21,BIL,BIL,0.0,0.0,1.0,0.0,0.0,0.0,2.8078,-0.2108,-0.008626,-0.02534,0.0
2012-12-24,BIL,BIL,0.0,0.0,1.0,0.0,0.0,0.0,2.8078,-0.2108,-0.002764,-0.011245,0.0
2012-12-26,BIL,BIL,0.0,0.0,1.0,0.0,0.0,0.0,2.8078,-0.2108,-0.005543,-0.015285,0.0
2012-12-27,BIL,BIL,0.0,0.0,1.0,0.0,0.0,0.0,2.8078,-0.2108,-0.00105,-0.003973,0.0
2012-12-28,BIL,BIL,0.0,0.0,1.0,0.000219,0.0,0.000219,2.8084,-0.2106,-0.011151,-0.032468,0.000219
2012-12-31,BIL,BIL,0.0,0.0,1.0,-0.000219,0.0,-0.000219,2.8078,-0.2108,0.01727,0.061266,-0.000219
2013-01-02,BIL,BIL,0.0,0.0,1.0,0.0,0.0,0.0,2.8078,-0.2108,0.03328,0.08962,0.0
2013-01-03,BIL,BIL,0.0,0.0,1.0,0.0,0.0,0.0,2.8078,-0.2108,-0.006371,-0.018406,0.0
2013-01-04,BIL,BIL,0.0,0.0,1.0,0.000219,0.0,0.000219,2.8084,-0.2106,-0.004056,-0.01267,0.000219
2013-01-07,BIL,BIL,0.0,0.0,1.0,-0.000436,0.0,-0.000436,2.8072,-0.2109,-0.001312,-0.002567,-0.000436
2013-01-08,BIL,BIL,0.0,0.0,1.0,0.0,0.0,0.0,2.8072,-0.2109,-0.003779,-0.013209,0.0
2013-01-09,BIL,BIL,0.0,0.0,1.0,0.0,0.0,0.0,2.8072,-0.2109,0.001707,0.003738,0.0
2013-01-10,BIL,BIL,0.0,0.0,1.0,0.0,0.0,0.0,2.8072,-0.2109,0.005104,0.015933,0.0
2013-01-11,BIL,BIL,0.0,0.0,1.0,0.0,0.0,0.0,2.8072,-0.2109,0.00135,0.005796,0.0
2013-01-14,BIL,BIL,0.0,0.0,1.0,0.0,0.0,0.0,2.8072,-0.2109,-0.006419,-0.02178,0.0
2013-01-15,BIL,BIL,0.0,0.0,1.0,0.0,0.0,0.0,2.8072,-0.2109,-0.00646,-0.019492,0.0
2013-01-16,BIL,BIL,0.0,0.0,1.0,0.0,0.0,0.0,2.8072,-0.2109,0.003422,0.013872,0.0
2013-01-17,BIL,BIL,0.0,0.0,1.0,0.000217,0.0,0.000217,2.8078,-0.2108,0.004091,0.010719,0.000217
2013-01-18,BIL,BIL,0.0,0.0,1.0,-0.000217,0.0,-0.000217,2.8072,-0.2109,-0.001355,-0.004915,-0.000217
2013-01-22,BIL,BIL,0.0,0.0,1.0,0.0,0.0,0.0,2.8072,-0.2109,0.002722,0.007105,0.0
2013-01-23,BIL,BIL,0.0,0.0,1.0,0.0,0.0,0.0,2.8072,-0.2109,0.010521,0.032608,0.0
2013-01-24,BIL,BIL,0.0,0.0,1.0,0.000217,0.0,0.000217,2.8078,-0.2108,-0.017125,-0.051825,0.000217
2013-01-25,BIL,BIL,0.0,0.0,1.0,-0.000217,0.0,-0.000217,2.8072,-0.2109,0.001022,0.00536,-0.000217
2013-01-28,BIL,BIL,0.0,0.0,1.0,0.0,0.0,0.0,2.8072,-0.2109,0.003411,0.005944,0.0
2013-01-29,BIL,BIL,0.0,0.0,1.0,0.0,0.0,0.0,2.8072,-0.2109,0.001365,0.004171,0.0
2013-01-30,BIL,BIL,0.0,0.0,1.0,0.0,0.0,0.0,2.8072,-0.2109,-0.003064,-0.005711,0.0
2013-01-31,BIL,BIL,0.0,0.0,1.0,0.000217,0.0,0.000217,2.8078,-0.2108,0.001707,0.001566,0.000217
2013-02-01,BIL,XLK,0.0,0.0,1.0,-0.000217,0.0,-0.000217,2.8072,-0.2109,0.011225,0.036146,-0.000217
2013-02-04,XLK,XLK,0.0,1.0,0.0,-0.013121,0.001,-0.014121,2.7675,-0.2221,-0.013121,-0.041342,0.0
2013-02-05,XLK,XLK,0.0,1.0,0.0,0.011588,0.0,0.011588,2.7996,-0.2131,0.011588,0.038139,0.000217
2013-02-06,XLK,XLK,0.0,1.0,0.0,-0.000336,0.0,-0.000336,2.7987,-0.2133,-0.000336,-0.003623,0.0
2013-02-07,XLK,XLK,0.0,1.0,0.0,0.0,0.0,0.0,2.7987,-0.2133,0.0,0.000423,0.0
2013-02-08,XLK,XLK,0.0,1.0,0.0,0.008762,0.0,0.008762,2.8232,-0.2064,0.008762,0.025106,0.0
2013-02-11,XLK,XLK,0.0,1.0,0.0,0.002007,0.0,0.002007,2.8288,-0.2049,0.002007,0.003216,0.0
2013-02-12,XLK,XLK,0.0,1.0,0.0,-0.003333,0.0,-0.003333,2.8194,-0.2075,-0.003333,-0.008055,0.0
2013-02-13,XLK,XLK,0.0,1.0,0.0,-0.000334,0.0,-0.000334,2.8185,-0.2078,-0.000334,-0.000912,-0.000217
2013-02-14,XLK,XLK,0.0,1.0,0.0,-0.002614,0.0,-0.002614,2.8111,-0.2098,-0.002614,-0.006967,0.000217
2013-02-15,XLK,XLK,0.0,1.0,0.0,-0.000733,0.0,-0.000733,2.809,-0.2104,-0.000733,-0.002673,-0.000217
2013-02-19,XLK,TECL,0.0,1.0,0.0,0.006545,0.0,0.006545,2.8274,-0.2053,0.006545,0.019178,0.0
2013-02-20,TECL,TECL,0.75,0.0,0.25,-0.030882,0.001,-0.031882,2.7373,-0.2306,-0.013512,-0.041249,0.000217
2013-02-21,TECL,TECL,0.75,0.0,0.25,-0.017731,0.0,-0.017731,2.6887,-0.2442,-0.008117,-0.023569,-0.000217
2013-02-22,TECL,TECL,0.75,0.0,0.25,0.027308,0.0,0.027308,2.7622,-0.2236,0.01228,0.036338,0.000217
2013-02-25,TECL,TECL,0.75,0.0,0.25,-0.032196,0.0,-0.032196,2.6732,-0.2486,-0.014146,-0.042856,-0.000217
2013-02-26,TECL,TECL,0.75,0.0,0.25,0.013804,0.0,0.013804,2.7101,-0.2382,0.005873,0.018405,0.0
2013-02-27,TECL,TECL,0.75,0.0,0.25,0.019344,0.0,0.019344,2.7626,-0.2235,0.008427,0.025719,0.000217
2013-02-28,TECL,TECL,0.75,0.0,0.25,-0.005337,0.0,-0.005337,2.7478,-0.2276,-0.002023,-0.007116,0.0
2013-03-01,TECL,TECL,0.75,0.0,0.25,0.003135,0.0,0.003135,2.7564,-0.2252,0.001683,0.004181,0.0
2013-03-04,TECL,TECL,0.75,0.0,0.25,0.00619,0.0,0.00619,2.7735,-0.2204,0.00304,0.008326,-0.000217
2013-03-05,TECL,TECL,0.75,0.0,0.25,0.032221,0.0,0.032221,2.8629,-0.1953,0.013765,0.042888,0.000217
2013-03-06,TECL,TECL,0.75,0.0,0.25,-0.001872,0.0,-0.001872,2.8575,-0.1968,-0.000661,-0.002424,-0.000217
2013-03-07,TECL,TECL,0.75,0.0,0.25,0.007101,0.0,0.007101,2.8778,-0.1911,0.002322,0.009395,0.000217
2013-03-08,TECL,TECL,0.75,0.0,0.25,0.002473,0.0,0.002473,2.8849,-0.1891,0.001987,0.00337,-0.000217
2013-03-11,TECL,TECL,0.75,0.0,0.25,0.005992,0.0,0.005992,2.9022,-0.1842,0.002312,0.007917,0.000217
2013-03-12,TECL,TECL,0.75,0.0,0.25,-0.00898,0.0,-0.00898,2.8761,-0.1916,-0.003628,-0.011901,-0.000217
2013-03-13,TECL,TECL,0.75,0.0,0.25,-0.001873,0.0,-0.001873,2.8708,-0.1931,-0.000659,-0.002569,0.000217
2013-03-14,TECL,TECL,0.75,0.0,0.25,0.015819,0.0,0.015819,2.9162,-0.1803,0.007115,0.021092,0.0
2013-03-15,TECL,TECL,0.75,0.0,0.25,-0.007569,0.0,-0.007569,2.8941,-0.1865,-0.003993,-0.010091,0.0
2013-03-18,TECL,TECL,0.75,0.0,0.25,-0.000413,0.0,-0.000413,2.8929,-0.1868,0.000329,-0.000478,-0.000217
2013-03-19,TECL,TECL,0.75,0.0,0.25,-0.003287,0.0,-0.003287,2.8834,-0.1895,-0.001323,-0.004382,0.0
2013-03-20,TECL,TECL,0.75,0.0,0.25,0.010804,0.0,0.010804,2.9145,-0.1808,0.004969,0.014406,0.0
2013-03-21,TECL,TECL,0.75,0.0,0.25,-0.023669,0.0,-0.023669,2.8456,-0.2002,-0.011378,-0.031558,0.0
2013-03-22,TECL,TECL,0.75,0.0,0.25,0.013374,0.0,0.013374,2.8836,-0.1895,0.006571,0.01776,0.000217
2013-03-25,TECL,TECL,0.75,0.0,0.25,-0.004977,0.0,-0.004977,2.8693,-0.1935,-0.002382,-0.006564,-0.000217
2013-03-26,TECL,TECL,0.75,0.0,0.25,0.013772,0.0,0.013772,2.9088,-0.1824,0.006316,0.01829,0.000217
2013-03-27,TECL,TECL,0.75,0.0,0.25,-0.006938,0.0,-0.006938,2.8886,-0.1881,-0.002646,-0.009179,-0.000217
2013-03-28,TECL,TECL,0.75,0.0,0.25,0.005924,0.0,0.005924,2.9057,-0.1832,0.001988,0.007826,0.000217
2013-04-01,TECL,TECL,0.75,0.0,0.25,-0.016397,0.0,-0.016397,2.8581,-0.1966,-0.006608,-0.021791,-0.000217
2013-04-02,TECL,TECL,0.75,0.0,0.25,0.011111,0.0,0.011111,2.8898,-0.1877,0.003995,0.014743,0.000217
2013-04-03,TECL,TECL,0.75,0.0,0.25,-0.017896,0.0,-0.017896,2.8381,-0.2023,-0.007949,-0.023789,-0.000217
2013-04-04,TECL,TECL,0.75,0.0,0.25,0.000184,0.0,0.000184,2.8386,-0.2021,0.000332,0.000245,0.0
2013-04-05,TECL,TECL,0.75,0.0,0.25,-0.017911,0.0,-0.017911,2.7878,-0.2164,-0.007679,-0.023954,0.000217
2013-04-08,TECL,TECL,0.75,0.0,0.25,0.008292,0.0,0.008292,2.8109,-0.2099,0.004374,0.011056,0.0
2013-04-09,TECL,TECL,0.75,0.0,0.25,0.01603,0.0,0.01603,2.856,-0.1972,0.007032,0.021374,0.0
2013-04-10,TECL,TECL,0.75,0.0,0.25,0.038872,0.0,0.038872,2.967,-0.166,0.01763,0.051829,0.0
2013-04-11,TECL,TECL,0.75,0.0,0.25,-0.004681,0.0,-0.004681,2.9531,-0.1699,-0.003269,-0.006169,-0.000217
2013-04-12,TECL,TECL,0.75,0.0,0.25,-0.010944,0.0,-0.010944,2.9208,-0.179,-0.004427,-0.014665,0.000217
2013-04-15,TECL,TECL,0.75,0.0,0.25,-0.035259,0.0,-0.035259,2.8178,-0.208,-0.016306,-0.047012,0.0
2013-04-16,TECL,TECL,0.75,0.0,0.25,0.02702,0.0,0.02702,2.8939,-0.1866,0.012388,0.036027,0.0
2013-04-17,TECL,TECL,0.75,0.0,0.25,-0.04606,0.0,-0.04606,2.7606,-0.224,-0.020502,-0.061413,0.0
2013-04-18,TECL,TECL,0.75,0.0,0.25,-0.025101,0.0,-0.025101,2.6913,-0.2435,-0.010465,-0.033396,-0.000217
2013-04-19,TECL,TECL,0.75,0.0,0.25,0.003351,0.0,0.003351,2.7004,-0.241,0.001363,0.004396,0.000217
2013-04-22,TECL,TECL,0.75,0.0,0.25,0.01628,0.0,0.01628,2.7443,-0.2286,0.00767,0.021707,0.0
2013-04-23,TECL,TECL,0.75,0.0,0.25,0.027885,0.0,0.027885,2.8208,-0.2071,0.010985,0.03718,0.0
2013-04-24,TECL,TECL,0.75,0.0,0.25,0.000372,0.0,0.000372,2.8219,-0.2068,0.001676,0.000496,0.0
2013-04-25,TECL,TECL,0.75,0.0,0.25,0.008676,0.0,0.008676,2.8464,-0.1999,0.003339,0.01164,-0.000217
2013-04-26,TECL,TECL,0.75,0.0,0.25,-0.000673,0.0,-0.000673,2.8445,-0.2005,-0.000338,-0.000898,0.0
2013-04-29,TECL,TECL,0.75,0.0,0.25,0.031732,0.0,0.031732,2.9347,-0.1751,0.014318,0.04231,0.0
2013-04-30,TECL,TECL,0.75,0.0,0.25,0.022804,0.0,0.022804,3.0016,-0.1563,0.010825,0.030405,0.0
2013-05-01,TECL,TECL,0.75,0.0,0.25,-0.016427,0.0,-0.016427,2.9523,-0.1701,-0.008759,-0.021903,0.0
2013-05-02,TECL,TECL,0.75,0.0,0.25,0.026413,0.0,0.026413,3.0303,-0.1482,0.012771,0.035145,0.000217
2013-05-03,TECL,TECL,0.75,0.0,0.25,0.020903,0.0,0.020903,3.0937,-0.1304,0.009375,0.027943,-0.000217
2013-05-06,TECL,TECL,0.75,0.0,0.25,0.010577,0.0,0.010577,3.1264,-0.1212,0.004811,0.014103,0.0
2013-05-07,TECL,TECL,0.75,0.0,0.25,-0.001837,0.0,-0.001837,3.1206,-0.1228,-0.000641,-0.00245,0.0
2013-05-08,TECL,TECL,0.75,0.0,0.25,0.017065,0.0,0.017065,3.1739,-0.1079,0.007982,0.022681,0.000217
2013-05-09,TECL,TECL,0.75,0.0,0.25,-0.006039,0.0,-0.006039,3.1547,-0.1133,-0.002852,-0.008052,0.0
2013-05-10,TECL,TECL,0.75,0.0,0.25,0.009078,0.0,0.009078,3.1834,-0.1052,0.00286,0.012176,-0.000217
2013-05-13,TECL,TECL,0.75,0.0,0.25,-0.00633,0.0,-0.00633,3.1632,-0.1109,-0.002537,-0.008512,0.000217
2013-05-14,TECL,TECL,0.75,0.0,0.25,0.006864,0.0,0.006864,3.1849,-0.1048,0.003174,0.009224,-0.000217
2013-05-15,TECL,TECL,0.75,0.0,0.25,0.005747,0.0,0.005747,3.2032,-0.0996,0.003164,0.007663,0.0
2013-05-16,TECL,TECL,0.75,0.0,0.25,0.011983,0.0,0.011983,3.2416,-0.0888,0.005361,0.015977,0.0
2013-05-17,TECL,TECL,0.75,0.0,0.25,0.023334,0.0,0.023334,3.3172,-0.0676,0.010035,0.03104,0.000217
2013-05-20,TECL,TECL,0.75,0.0,0.25,-0.000854,0.0,-0.000854,3.3144,-0.0684,0.0,-0.001066,-0.000217
2013-05-21,TECL,TECL,0.75,0.0,0.25,-0.005596,0.0,-0.005596,3.2959,-0.0736,-0.003106,-0.007534,0.000217
2013-05-22,TECL,TECL,0.75,0.0,0.25,-0.024286,0.0,-0.024286,3.2158,-0.0961,-0.010902,-0.032382,0.0
2013-05-23,TECL,TECL,0.75,0.0,0.25,-0.000208,0.0,-0.000208,3.2152,-0.0963,-0.000313,-0.000278,0.0
2013-05-24,TECL,TECL,0.75,0.0,0.25,-0.00474,0.0,-0.00474,3.1999,-0.1006,-0.001579,-0.00632,0.0
2013-05-28,TECL,TECL,0.75,0.0,0.25,0.01174,0.0,0.01174,3.2375,-0.09,0.004738,0.015725,-0.000217
2013-05-29,TECL,TECL,0.75,0.0,0.25,-0.006913,0.0,-0.006913,3.2151,-0.0963,-0.002517,-0.009289,0.000217
2013-05-30,TECL,TECL,0.75,0.0,0.25,0.011822,0.0,0.011822,3.2531,-0.0856,0.006298,0.015836,-0.000217
2013-05-31,TECL,TECL,0.75,0.0,0.25,-0.019893,0.0,-0.019893,3.1884,-0.1038,-0.009381,-0.026596,0.000217
2013-06-03,TECL,TECL,0.75,0.0,0.25,0.011273,0.0,0.011273,3.2243,-0.0937,0.005049,0.015031,0.0
2013-06-04,TECL,TECL,0.75,0.0,0.25,-0.009342,0.0,-0.009342,3.1942,-0.1022,-0.004399,-0.012456,0.0
2013-06-05,TECL,TECL,0.75,0.0,0.25,-0.02181,0.0,-0.02181,3.1246,-0.1217,-0.009785,-0.02908,0.0
2013-06-06,TECL,TECL,0.75,0.0,0.25,0.007903,0.0,0.007903,3.1492,-0.1148,0.002231,0.010609,-0.000217
2013-06-07,TECL,TECL,0.75,0.0,0.25,0.018425,0.0,0.018425,3.2073,-0.0985,0.009228,0.024495,0.000217
2013-06-10,TECL,TECL,0.75,0.0,0.25,0.003396,0.0,0.003396,3.2182,-0.0954,0.002206,0.004601,-0.000217
2013-06-11,TECL,TECL,0.75,0.0,0.25,-0.021802,0.0,-0.021802,3.148,-0.1151,-0.01038,-0.029142,0.000217
2013-06-12,TECL,TECL,0.75,0.0,0.25,-0.017207,0.0,-0.017207,3.0938,-0.1304,-0.006672,-0.02287,-0.000217
2013-06-13,TECL,TECL,0.75,0.0,0.25,0.025947,0.0,0.025947,3.1741,-0.1078,0.011353,0.034523,0.000217
2013-06-14,TECL,TECL,0.75,0.0,0.25,-0.014849,0.0,-0.014849,3.127,-0.1211,-0.007434,-0.019726,-0.000217
2013-06-17,TECL,TECL,0.75,0.0,0.25,0.020014,0.0,0.020014,3.1896,-0.1035,0.009246,0.026686,0.0
2013-06-18,TECL,TECL,0.75,0.0,0.25,0.01686,0.0,0.01686,3.2433,-0.0883,0.007892,0.02248,0.0
2013-06-19,TECL,TECL,0.75,0.0,0.25,-0.025867,0.0,-0.025867,3.1594,-0.1119,-0.011593,-0.03449,0.0
2013-06-20,TECL,TECL,0.75,0.0,0.25,-0.050167,0.0,-0.050167,3.0009,-0.1565,-0.022184,-0.06689,0.0
2013-06-21,TECL,TECL,0.75,0.0,0.25,-0.011899,0.0,-0.011899,2.9652,-0.1665,-0.006024,-0.015938,0.000217
2013-06-24,TECL,TECL,0.75,0.0,0.25,-0.029468,0.0,-0.029468,2.8778,-0.1911,-0.012129,-0.03929,0.0
2013-06-25,TECL,TECL,0.75,0.0,0.25,0.020388,0.0,0.020388,2.9365,-0.1746,0.00829,0.027184,0.0
2013-06-26,TECL,TECL,0.75,0.0,0.25,0.01284,0.0,0.01284,2.9742,-0.164,0.00593,0.01712,0.0
2013-06-27,TECL,TECL,0.75,0.0,0.25,0.009037,0.0,0.009037,3.0011,-0.1564,0.004902,0.012122,-0.000217
2013-06-28,TECL,TECL,0.75,0.0,0.25,-0.010184,0.0,-0.010184,2.9705,-0.165,-0.004396,-0.013578,0.0
2013-07-01,TECL,TECL,0.75,0.0,0.25,0.013394,0.0,0.013394,3.0103,-0.1538,0.0054,0.017787,0.000217
2013-07-02,TECL,TECL,0.75,0.0,0.25,0.006499,0.0,0.006499,3.0299,-0.1483,0.001622,0.008738,-0.000217
2013-07-03,TECL,TECL,0.75,0.0,0.25,0.011014,0.0,0.011014,3.0633,-0.139,0.005843,0.014613,0.000217
2013-07-05,TECL,TECL,0.75,0.0,0.25,0.015033,0.0,0.015033,3.1093,-0.126,0.006455,0.020045,0.0
2013-07-08,TECL,TECL,0.75,0.0,0.25,-0.002729,0.0,-0.002729,3.1008,-0.1284,-0.000641,-0.003493,-0.000436
2013-07-09,TECL,TECL,0.75,0.0,0.25,0.008983,0.0,0.008983,3.1287,-0.1206,0.003851,0.011978,0.0
2013-07-10,TECL,TECL,0.75,0.0,0.25,0.006387,0.0,0.006387,3.1487,-0.115,0.003204,0.008516,0.0
2013-07-11,TECL,TECL,0.75,0.0,0.25,0.039126,0.0,0.039126,3.2719,-0.0803,0.016884,0.052168,0.0
2013-07-12,TECL,TECL,0.75,0.0,0.25,0.000204,0.0,0.000204,3.2725,-0.0801,0.000627,0.000272,0.0
2013-07-15,TECL,TECL,0.75,0.0,0.25,0.004896,0.0,0.004896,3.2886,-0.0756,0.002822,0.006528,0.0
2013-07-16,TECL,TECL,0.75,0.0,0.25,0.002989,0.0,0.002989,3.2984,-0.0729,0.000779,0.003986,0.0
2013-07-17,TECL,TECL,0.75,0.0,0.25,0.00217,0.0,0.00217,3.3055,-0.0709,0.000778,0.002893,0.0
2013-07-18,TECL,TECL,0.75,0.0,0.25,-0.006235,0.0,-0.006235,3.2849,-0.0767,-0.002494,-0.008386,0.000219
2013-07-19,TECL,TECL,0.75,0.0,0.25,-0.037348,0.0,-0.037348,3.1622,-0.1111,-0.017032,-0.049797,0.0
2013-07-22,TECL,TECL,0.75,0.0,0.25,0.007423,0.0,0.007423,3.1857,-0.1045,0.003023,0.009897,0.0
2013-07-23,TECL,TECL,0.75,0.0,0.25,-0.009624,0.0,-0.009624,3.1551,-0.1132,-0.004095,-0.012832,0.0
2013-07-24,TECL,TECL,0.75,0.0,0.25,0.014143,0.0,0.014143,3.1997,-0.1006,0.006658,0.018784,0.000217
2013-07-25,TECL,TECL,0.75,0.0,0.25,0.000259,0.0,0.000259,3.2005,-0.1004,0.000632,0.000491,-0.000436
2013-07-26,TECL,TECL,0.75,0.0,0.25,0.003836,0.0,0.003836,3.2128,-0.0969,0.00284,0.005115,0.0
2013-07-29,TECL,TECL,0.75,0.0,0.25,-0.000991,0.0,-0.000991,3.2096,-0.0978,-0.001572,-0.001394,0.000219
2013-07-30,TECL,TECL,0.75,0.0,0.25,0.010522,0.0,0.010522,3.2434,-0.0883,0.00505,0.014102,-0.000219
2013-07-31,TECL,TECL,0.75,0.0,0.25,-0.006038,0.0,-0.006038,3.2238,-0.0938,-0.003458,-0.008123,0.000219
2013-08-01,TECL,TECL,0.75,0.0,0.25,0.023474,0.0,0.023474,3.2995,-0.0726,0.010714,0.031371,-0.000219
2013-08-02,TECL,TECL,0.75,0.0,0.25,0.008736,0.0,0.008736,3.3283,-0.0645,0.004372,0.011575,0.000219
2013-08-05,TECL,TECL,0.75,0.0,0.25,0.005987,0.0,0.005987,3.3482,-0.0589,0.002169,0.007983,0.0
2013-08-06,TECL,TECL,0.75,0.0,0.25,-0.011088,0.0,-0.011088,3.3111,-0.0693,-0.005269,-0.014784,0.0
2013-08-07,TECL,TECL,0.75,0.0,0.25,-0.006787,0.0,-0.006787,3.2886,-0.0756,-0.002491,-0.008976,-0.000219
2013-08-08,TECL,TECL,0.75,0.0,0.25,0.008162,0.0,0.008162,3.3155,-0.0681,0.003283,0.010883,0.0
2013-08-09,TECL,TECL,0.75,0.0,0.25,-0.012132,0.0,-0.012132,3.2752,-0.0794,-0.005139,-0.016249,0.000219
2013-08-12,TECL,TECL,0.75,0.0,0.25,0.01458,0.0,0.01458,3.323,-0.066,0.006571,0.01944,0.0
2013-08-13,TECL,TECL,0.75,0.0,0.25,0.014752,0.0,0.014752,3.372,-0.0522,0.006836,0.019669,0.0
2013-08-14,TECL,TECL,0.75,0.0,0.25,-0.000441,0.0,-0.000441,3.3705,-0.0526,-0.000922,-0.000589,0.0
2013-08-15,TECL,TECL,0.75,0.0,0.25,-0.037441,0.0,-0.037441,3.2443,-0.0881,-0.016069,-0.049921,0.0
2013-08-16,TECL,TECL,0.75,0.0,0.25,-0.001859,0.0,-0.001859,3.2383,-0.0898,-0.001093,-0.002479,0.0
2013-08-19,TECL,TECL,0.75,0.0,0.25,-0.00632,0.0,-0.00632,3.2178,-0.0955,-0.002987,-0.008353,-0.000219
2013-08-20,TECL,TECL,0.75,0.0,0.25,0.003292,0.0,0.003292,3.2284,-0.0925,0.001572,0.004316,0.000219
2013-08-21,TECL,TECL,0.75,0.0,0.25,-0.007227,0.0,-0.007227,3.2051,-0.0991,-0.002199,-0.009635,0.0
2013-08-22,TECL,TECL,0.75,0.0,0.25,0.011284,0.0,0.011284,3.2413,-0.0889,0.004416,0.015119,-0.000219
2013-08-23,TECL,TECL,0.75,0.0,0.25,0.016603,0.0,0.016603,3.2951,-0.0738,0.007219,0.022064,0.000219
2013-08-26,TECL,TECL,0.75,0.0,0.25,-0.010174,0.0,-0.010174,3.2616,-0.0832,-0.004673,-0.013493,-0.000219
2013-08-27,TECL,TECL,0.75,0.0,0.25,-0.040313,0.0,-0.040313,3.1301,-0.1202,-0.017541,-0.053751,0.0
2013-08-28,TECL,TECL,0.75,0.0,0.25,0.002005,0.0,0.002005,3.1363,-0.1184,0.000638,0.002674,0.0
2013-08-29,TECL,TECL,0.75,0.0,0.25,0.011569,0.0,0.011569,3.1726,-0.1082,0.005413,0.015352,0.000219
2013-08-30,TECL,TECL,0.75,0.0,0.25,-0.010116,0.0,-0.010116,3.1405,-0.1172,-0.00475,-0.013488,0.0
2013-09-03,TECL,TECL,0.75,0.0,0.25,0.001187,0.0,0.001187,3.1443,-0.1162,0.000982,0.001583,0.0
2013-09-04,TECL,TECL,0.75,0.0,0.25,0.021176,0.0,0.021176,3.2108,-0.0975,0.009678,0.028235,0.0
2013-09-05,TECL,TECL,0.75,0.0,0.25,0.000367,0.0,0.000367,3.212,-0.0971,0.000467,0.000489,0.0
2013-09-06,TECL,TECL,0.75,0.0,0.25,0.00309,0.0,0.00309,3.222,-0.0944,0.00063,0.00412,0.0
2013-09-09,TECL,TECL,0.75,0.0,0.25,0.025346,0.0,0.025346,3.3036,-0.0714,0.011967,0.033941,-0.000437
2013-09-10,TECL,TECL,0.75,0.0,0.25,0.015089,0.0,0.015089,3.3535,-0.0574,0.00622,0.020046,0.000219
2013-09-11,TECL,TECL,0.75,0.0,0.25,-0.009447,0.0,-0.009447,3.3218,-0.0663,-0.00464,-0.012596,0.0
2013-09-12,TECL,TECL,0.75,0.0,0.25,0.002404,0.0,0.002404,3.3298,-0.064,0.000774,0.003206,0.0
2013-09-13,TECL,TECL,0.75,0.0,0.25,0.000754,0.0,0.000754,3.3323,-0.0633,0.000934,0.000932,0.000219
2013-09-16,TECL,TECL,0.75,0.0,0.25,-0.005193,0.0,-0.005193,3.315,-0.0682,-0.001393,-0.006851,-0.000219
2013-09-17,TECL,TECL,0.75,0.0,0.25,0.013361,0.0,0.013361,3.3593,-0.0558,0.004967,0.017814,0.0
2013-09-18,TECL,TECL,0.75,0.0,0.25,0.027196,0.0,0.027196,3.4506,-0.0301,0.012632,0.036189,0.000219
2013-09-19,TECL,TECL,0.75,0.0,0.25,0.003429,0.0,0.003429,3.4625,-0.0268,0.000797,0.004572,0.0
2013-09-20,TECL,TECL,0.75,0.0,0.25,-0.016742,0.0,-0.016742,3.4045,-0.043,-0.007107,-0.02225,-0.000219
2013-09-23,TECL,TECL,0.75,0.0,0.25,0.004655,0.0,0.004655,3.4203,-0.0386,0.002925,0.006206,0.0
2013-09-24,TECL,TECL,0.75,0.0,0.25,-0.005253,0.0,-0.005253,3.4024,-0.0436,-0.004299,-0.007003,0.0
2013-09-25,TECL,TECL,0.75,0.0,0.25,-0.007279,0.0,-0.007279,3.3776,-0.0506,-0.001548,-0.009706,0.0
2013-09-26,TECL,TECL,0.75,0.0,0.25,0.008674,0.0,0.008674,3.4069,-0.0424,0.003716,0.011565,0.0
2013-09-27,TECL,TECL,0.75,0.0,0.25,-0.015308,0.0,-0.015308,3.3548,-0.057,-0.006171,-0.020411,0.0
2013-09-30,TECL,TECL,0.75,0.0,0.25,-0.010979,0.0,-0.010979,3.3179,-0.0674,-0.006202,-0.014638,0.0
2013-10-01,TECL,TECL,0.75,0.0,0.25,0.019076,0.0,0.019076,3.3812,-0.0496,0.00874,0.025361,0.000219
2013-10-02,TECL,TECL,0.75,0.0,0.25,0.000685,0.0,0.000685,3.3835,-0.0489,0.000311,0.000914,0.0
2013-10-03,TECL,TECL,0.75,0.0,0.25,-0.020343,0.0,-0.020343,3.3147,-0.0683,-0.008661,-0.027124,0.0
2013-10-04,TECL,TECL,0.75,0.0,0.25,0.010857,0.0,0.010857,3.3507,-0.0582,0.004054,0.014476,0.0
2013-10-07,TECL,TECL,0.75,0.0,0.25,-0.012734,0.0,-0.012734,3.308,-0.0702,-0.004351,-0.016978,0.0
2013-10-08,TECL,TECL,0.75,0.0,0.25,-0.036391,0.0,-0.036391,3.1876,-0.104,-0.015915,-0.048522,0.0
2013-10-09,TECL,TECL,0.75,0.0,0.25,0.011229,0.0,0.011229,3.2234,-0.0939,0.003802,0.015044,-0.000219
2013-10-10,TECL,TECL,0.75,0.0,0.25,0.036112,0.0,0.036112,3.3398,-0.0612,0.016748,0.048222,-0.000219
2013-10-11,TECL,TECL,0.75,0.0,0.25,0.01757,0.0,0.01757,3.3985,-0.0447,0.008389,0.0235,-0.000217
2013-10-14,TECL,TECL,0.75,0.0,0.25,0.01075,0.0,0.01075,3.4351,-0.0345,0.003391,0.014334,0.0
2013-10-15,TECL,TECL,0.75,0.0,0.25,-0.013188,0.0,-0.013188,3.3897,-0.0472,-0.006141,-0.017584,0.0
2013-10-16,TECL,TECL,0.75,0.0,0.25,0.020118,0.0,0.020118,3.4579,-0.028,0.009579,0.026751,0.000218
2013-10-17,TECL,TECL,0.75,0.0,0.25,0.000428,0.0,0.000428,3.4594,-0.0276,0.000308,0.000571,0.0
2013-10-18,TECL,TECL,0.75,0.0,0.25,0.037925,0.0,0.037925,3.5906,0.0,0.01713,0.050494,0.000219
2013-10-21,TECL,TECL,0.75,0.0,0.25,0.013163,0.0,0.013163,3.6379,0.0,0.005417,0.01755,0.0
2013-10-22,TECL,TECL,0.75,0.0,0.25,-0.001511,0.0,-0.001511,3.6324,-0.0015,-0.000294,-0.002015,0.0
2013-10-23,TECL,TECL,0.75,0.0,0.25,-0.010735,0.0,-0.010735,3.5934,-0.0122,-0.004793,-0.014313,0.0
2013-10-24,TECL,TECL,0.75,0.0,0.25,0.005187,0.0,0.005187,3.612,-0.0071,0.002408,0.006989,-0.000219
2013-10-25,TECL,TECL,0.75,0.0,0.25,0.011992,0.0,0.011992,3.6553,0.0,0.0051,0.015916,0.000219
2013-10-28,TECL,TECL,0.75,0.0,0.25,0.007023,0.0,0.007023,3.681,0.0,0.003285,0.009365,0.0
2013-10-29,TECL,TECL,0.75,0.0,0.25,0.013774,0.0,0.013774,3.7317,0.0,0.006395,0.018439,-0.000219
2013-10-30,TECL,TECL,0.75,0.0,0.25,-0.0055,0.0,-0.0055,3.7112,-0.0055,-0.001924,-0.007334,0.0
2013-10-31,TECL,TECL,0.75,0.0,0.25,-0.005411,0.0,-0.005411,3.6911,-0.0109,-0.003253,-0.007215,0.0
2013-11-01,TECL,TECL,0.75,0.0,0.25,0.0017,0.0,0.0017,3.6974,-0.0092,0.000292,0.002267,0.0
2013-11-04,TECL,TECL,0.75,0.0,0.25,0.00683,0.0,0.00683,3.7226,-0.0024,0.003867,0.009107,0.0
2013-11-05,TECL,TECL,0.75,0.0,0.25,-0.005604,0.0,-0.005604,3.7018,-0.008,-0.002668,-0.007473,0.0
2013-11-06,TECL,TECL,0.75,0.0,0.25,0.021295,0.0,0.021295,3.7806,0.0,0.010088,0.02832,0.000219
2013-11-07,TECL,TECL,0.75,0.0,0.25,-0.029158,0.0,-0.029158,3.6704,-0.0292,-0.013068,-0.038804,-0.000219
2013-11-08,TECL,TECL,0.75,0.0,0.25,0.021181,0.0,0.021181,3.7481,-0.0086,0.009074,0.028242,0.0
2013-11-11,TECL,TECL,0.75,0.0,0.25,0.001123,0.0,0.001123,3.7523,-0.0075,0.001181,0.001425,0.000219
2013-11-12,TECL,TECL,0.75,0.0,0.25,0.007084,0.0,0.007084,3.7789,-0.0004,0.002656,0.009446,0.0
2013-11-13,TECL,TECL,0.75,0.0,0.25,0.019109,0.0,0.019109,3.8511,0.0,0.008517,0.025479,0.0
2013-11-14,TECL,TECL,0.75,0.0,0.25,-0.006527,0.0,-0.006527,3.826,-0.0065,-0.002763,-0.00863,-0.000219
2013-11-15,TECL,TECL,0.75,0.0,0.25,0.007361,0.0,0.007361,3.8542,0.0,0.002189,0.009814,0.0
2013-11-18,TECL,TECL,0.75,0.0,0.25,-0.012231,0.0,-0.012231,3.807,-0.0122,-0.003788,-0.016308,0.0
2013-11-19,TECL,TECL,0.75,0.0,0.25,-0.005735,0.0,-0.005735,3.7852,-0.0179,-0.003515,-0.007647,0.0
2013-11-20,TECL,TECL,0.75,0.0,0.25,-0.009197,0.0,-0.009197,3.7504,-0.0269,-0.003232,-0.012262,0.0
2013-11-21,TECL,TECL,0.75,0.0,0.25,0.019744,0.0,0.019744,3.8244,-0.0077,0.008547,0.026253,0.000219
2013-11-22,TECL,TECL,0.75,0.0,0.25,-0.003717,0.0,-0.003717,3.8102,-0.0114,-0.002045,-0.004883,-0.000219
2013-11-25,TECL,TECL,0.75,0.0,0.25,-0.002007,0.0,-0.002007,3.8025,-0.0134,0.0,-0.002677,0.0
2013-11-26,TECL,TECL,0.75,0.0,0.25,0.009729,0.0,0.009729,3.8395,-0.0038,0.003509,0.012972,0.0
2013-11-27,TECL,TECL,0.75,0.0,0.25,0.017235,0.0,0.017235,3.9057,0.0,0.007882,0.022907,0.000219
2013-11-29,TECL,TECL,0.75,0.0,0.25,0.010575,0.0,0.010575,3.947,0.0,0.004052,0.014246,-0.000436
2013-12-02,TECL,TECL,0.75,0.0,0.25,-0.011557,0.0,-0.011557,3.9014,-0.0116,-0.003172,-0.015482,0.000218
2013-12-03,TECL,TECL,0.75,0.0,0.25,0.009012,0.0,0.009012,3.9366,-0.0026,0.002309,0.011943,0.000219
2013-12-04,TECL,TECL,0.75,0.0,0.25,0.001522,0.0,0.001522,3.9426,-0.0011,0.000871,0.002029,0.0
2013-12-05,TECL,TECL,0.75,0.0,0.25,-0.007514,0.0,-0.007514,3.9129,-0.0086,-0.003172,-0.010019,0.0
2013-12-06,TECL,TECL,0.75,0.0,0.25,0.01724,0.0,0.01724,3.9804,0.0,0.00694,0.022987,0.0
2013-12-09,TECL,TECL,0.75,0.0,0.25,0.006907,0.0,0.006907,4.0079,0.0,0.00316,0.009209,0.0
2013-12-10,TECL,TECL,0.75,0.0,0.25,-0.005843,0.0,-0.005843,3.9845,-0.0058,-0.002004,-0.007717,-0.000219
2013-12-11,TECL,TECL,0.75,0.0,0.25,-0.018823,0.0,-0.018823,3.9095,-0.0246,-0.009181,-0.025171,0.000219
2013-12-12,TECL,TECL,0.75,0.0,0.25,-0.017748,0.0,-0.017748,3.8401,-0.0419,-0.006656,-0.023664,0.0
2013-12-13,TECL,TECL,0.75,0.0,0.25,-0.004803,0.0,-0.004803,3.8216,-0.0465,-0.003207,-0.006405,0.0
2013-12-16,TECL,TECL,0.75,0.0,0.25,0.01995,0.0,0.01995,3.8979,-0.0274,0.00994,0.026673,-0.000219
2013-12-17,TECL,TECL,0.75,0.0,0.25,-0.002273,0.0,-0.002273,3.889,-0.0297,-0.000291,-0.003031,0.0
2013-12-18,TECL,TECL,0.75,0.0,0.25,0.020454,0.0,0.020454,3.9686,-0.0098,0.007818,0.027199,0.000219
2013-12-19,TECL,TECL,0.75,0.0,0.25,0.003131,0.0,0.003131,3.981,-0.0067,0.001729,0.004175,0.0
2013-12-20,TECL,TECL,0.75,0.0,0.25,0.015932,0.0,0.015932,4.0444,0.0,0.007811,0.021316,-0.000219
2013-12-23,TECL,TECL,0.75,0.0,0.25,0.030108,0.0,0.030108,4.1662,0.0,0.013155,0.040144,0.0
2013-12-24,TECL,TECL,0.75,0.0,0.25,0.009512,0.0,0.009512,4.2058,0.0,0.002828,0.012683,0.0
2013-12-26,TECL,TECL,0.75,0.0,0.25,0.004513,0.0,0.004513,4.2248,0.0,0.002532,0.006018,0.0
2013-12-27,TECL,TECL,0.75,0.0,0.25,-0.00352,0.0,-0.00352,4.2099,-0.0035,-0.000844,-0.004766,0.000219
2013-12-30,TECL,TECL,0.75,0.0,0.25,-0.003628,0.0,-0.003628,4.1946,-0.0071,-0.001964,-0.004838,0.0
2013-12-31,TECL,TECL,0.75,0.0,0.25,0.01359,0.0,0.01359,4.2517,0.0,0.006476,0.018266,-0.000436
2014-01-02,TECL,TECL,0.75,0.0,0.25,-0.023001,0.0,-0.023001,4.1539,-0.023,-0.009791,-0.030668,0.0
2014-01-03,TECL,TECL,0.75,0.0,0.25,-0.009198,0.0,-0.009198,4.1156,-0.032,-0.004806,-0.012337,0.000218
2014-01-06,TECL,TECL,0.75,0.0,0.25,-0.003454,0.0,-0.003454,4.1014,-0.0353,-0.001707,-0.004533,-0.000217
2014-01-07,TECL,TECL,0.75,0.0,0.25,0.01899,0.0,0.01899,4.1793,-0.017,0.009105,0.025248,0.000218
2014-01-08,TECL,TECL,0.75,0.0,0.25,0.001036,0.0,0.001036,4.1837,-0.016,0.0,0.001382,0.0
2014-01-09,TECL,TECL,0.75,0.0,0.25,-0.014765,0.0,-0.014765,4.1219,-0.0305,-0.006481,-0.019615,-0.000217
2014-01-10,TECL,TECL,0.75,0.0,0.25,0.003636,0.0,0.003636,4.1369,-0.027,0.001983,0.004776,0.000218
2014-01-13,TECL,TECL,0.75,0.0,0.25,-0.024952,0.0,-0.024952,4.0336,-0.0513,-0.010759,-0.03327,0.0
2014-01-14,TECL,TECL,0.75,0.0,0.25,0.039318,0.0,0.039318,4.1922,-0.014,0.016883,0.052425,0.0
2014-01-15,TECL,TECL,0.75,0.0,0.25,0.027476,0.0,0.027476,4.3074,0.0,0.012105,0.036635,0.0
2014-01-16,TECL,TECL,0.75,0.0,0.25,-7.1e-05,0.0,-7.1e-05,4.3071,-0.0001,-0.000279,-9.5e-05,0.0
2014-01-17,TECL,TECL,0.75,0.0,0.25,-0.013077,0.0,-0.013077,4.2508,-0.0131,-0.00556,-0.017363,-0.000217
2014-01-21,TECL,TECL,0.75,0.0,0.25,0.007441,0.0,0.007441,4.2824,-0.0058,0.005031,0.009849,0.000218
2014-01-22,TECL,TECL,0.75,0.0,0.25,0.00043,0.0,0.00043,4.2843,-0.0054,-0.001109,0.000574,0.0
2014-01-23,TECL,TECL,0.75,0.0,0.25,-0.006343,0.0,-0.006343,4.2571,-0.0117,-0.001954,-0.008457,0.0
2014-01-24,TECL,TECL,0.75,0.0,0.25,-0.041942,0.0,-0.041942,4.0785,-0.0531,-0.019259,-0.05585,-0.000217
2014-01-27,TECL,TECL,0.75,0.0,0.25,-0.020594,0.0,-0.020594,3.9945,-0.0726,-0.009397,-0.027459,0.0
2014-01-28,TECL,TECL,0.75,0.0,0.25,-0.012713,0.0,-0.012713,3.9438,-0.0844,-0.006032,-0.016951,0.0
2014-01-29,TECL,TECL,0.75,0.0,0.25,-0.019564,0.0,-0.019564,3.8666,-0.1023,-0.007806,-0.026158,0.000218
2014-01-30,TECL,BIL,0.75,0.0,0.25,0.029232,0.0,0.029232,3.9796,-0.0761,0.01224,0.038976,0.0
2014-01-31,BIL,BIL,0.0,0.0,1.0,-0.000217,0.00075,-0.000967,3.9758,-0.077,0.0023,0.005751,-0.000217
2014-02-03,BIL,BIL,0.0,0.0,1.0,0.0,0.0,0.0,3.9758,-0.077,-0.020963,-0.068513,0.0
2014-02-04,BIL,BIL,0.0,0.0,1.0,0.000218,0.0,0.000218,3.9766,-0.0768,0.003814,0.016501,0.000218
2014-02-05,BIL,BIL,0.0,0.0,1.0,-0.000217,0.0,-0.000217,3.9758,-0.077,0.000871,-0.000997,-0.000217
2014-02-06,BIL,BIL,0.0,0.0,1.0,0.0,0.0,0.0,3.9758,-0.077,0.011095,0.034219,0.0
2014-02-07,BIL,BIL,0.0,0.0,1.0,0.000218,0.0,0.000218,3.9766,-0.0768,0.013577,0.042042,0.000218
2014-02-10,BIL,BIL,0.0,0.0,1.0,-0.000217,0.0,-0.000217,3.9758,-0.077,0.001991,0.009006,-0.000217
2014-02-11,BIL,BIL,0.0,0.0,1.0,0.0,0.0,0.0,3.9758,-0.077,0.012229,0.034375,0.0
2014-02-12,BIL,BIL,0.0,0.0,1.0,0.000218,0.0,0.000218,3.9766,-0.0768,0.003933,0.009566,0.000218
2014-02-13,BIL,BIL,0.0,0.0,1.0,0.0,0.0,0.0,3.9766,-0.0768,0.007275,0.026813,0.0
2014-02-14,BIL,BIL,0.0,0.0,1.0,0.0,0.0,0.0,3.9766,-0.0768,0.001941,0.002473,0.0
2014-02-18,BIL,BIL,0.0,0.0,1.0,-0.000217,0.0,-0.000217,3.9758,-0.077,0.000555,0.003037,-0.000217
2014-02-19,BIL,BIL,0.0,0.0,1.0,0.000218,0.0,0.000218,3.9766,-0.0768,-0.003325,-0.01334,0.000218
2014-02-20,BIL,BIL,0.0,0.0,1.0,0.0,0.0,0.0,3.9766,-0.0768,0.003336,0.013856,0.0
2014-02-21,BIL,BIL,0.0,0.0,1.0,-0.000217,0.0,-0.000217,3.9758,-0.077,-0.00388,-0.011822,-0.000217
2014-02-24,BIL,XLK,0.0,0.0,1.0,0.000218,0.0,0.000218,3.9766,-0.0768,0.003895,0.010863,0.000218
2014-02-25,XLK,XLK,0.0,1.0,0.0,-0.002769,0.001,-0.003769,3.9617,-0.0803,-0.002769,-0.009326,0.0
2014-02-26,XLK,XLK,0.0,1.0,0.0,0.000835,0.0,0.000835,3.965,-0.0795,0.000835,0.000956,0.0
2014-02-27,XLK,XLK,0.0,1.0,0.0,0.008046,0.0,0.008046,3.9969,-0.0721,0.008046,0.023536,-0.000217
2014-02-28,XLK,XLK,0.0,1.0,0.0,0.001104,0.0,0.001104,4.0013,-0.0711,0.001104,-0.004664,0.000218
2014-03-03,XLK,TECL,0.0,1.0,0.0,-0.010729,0.0,-0.010729,3.9584,-0.081,-0.010729,-0.024039,0.0
2014-03-04,TECL,TECL,0.75,0.0,0.25,0.031995,0.001,0.030995,4.081,-0.0526,0.013068,0.042733,-0.000217
2014-03-05,TECL,TECL,0.75,0.0,0.25,0.003335,0.0,0.003335,4.0947,-0.0494,0.001375,0.004374,0.000218
2014-03-06,TECL,TECL,0.75,0.0,0.25,0.000241,0.0,0.000241,4.0956,-0.0492,0.001373,0.000321,0.0
2014-03-07,TECL,TECL,0.75,0.0,0.25,-0.00497,0.0,-0.00497,4.0753,-0.0539,-0.00301,-0.006554,-0.000217
2014-03-10,TECL,TECL,0.75,0.0,0.25,-0.004636,0.0,-0.004636,4.0564,-0.0583,-0.00165,-0.006182,0.0
2014-03-11,TECL,TECL,0.75,0.0,0.25,-0.004735,0.0,-0.004735,4.0372,-0.0627,-0.002198,-0.006313,0.0
2014-03-12,TECL,TECL,0.75,0.0,0.25,0.00445,0.0,0.00445,4.0551,-0.0586,0.00165,0.005933,0.0
2014-03-13,TECL,TECL,0.75,0.0,0.25,-0.031661,0.0,-0.031661,3.9268,-0.0884,-0.013483,-0.042214,0.0
2014-03-14,TECL,TECL,0.75,0.0,0.25,-0.012946,0.0,-0.012946,3.8759,-0.1002,-0.006135,-0.017261,0.0
2014-03-17,TECL,TECL,0.75,0.0,0.25,0.0252,0.0,0.0252,3.9736,-0.0775,0.011783,0.0336,0.0
2014-03-18,TECL,TECL,0.75,0.0,0.25,0.030574,0.0,0.030574,4.0951,-0.0493,0.013042,0.040766,0.0
2014-03-19,TECL,TECL,0.75,0.0,0.25,-0.010884,0.0,-0.010884,4.0505,-0.0596,-0.004108,-0.014585,0.000218
2014-03-20,TECL,TECL,0.75,0.0,0.25,0.019075,0.0,0.019075,4.1278,-0.0417,0.0077,0.025506,-0.000217
2014-03-21,TECL,TECL,0.75,0.0,0.25,-0.010464,0.0,-0.010464,4.0846,-0.0517,-0.005016,-0.014024,0.000218
2014-03-24,TECL,TECL,0.75,0.0,0.25,-0.003694,0.0,-0.003694,4.0695,-0.0552,-0.000824,-0.004925,0.0
2014-03-25,TECL,TECL,0.75,0.0,0.25,0.013809,0.0,0.013809,4.1257,-0.0422,0.006062,0.018411,0.0
2014-03-26,TECL,TECL,0.75,0.0,0.25,-0.02523,0.0,-0.02523,4.0216,-0.0664,-0.012057,-0.033568,-0.000217
2014-03-27,TECL,TECL,0.75,0.0,0.25,-0.011034,0.0,-0.011034,3.9772,-0.0767,-0.003603,-0.014711,0.0
2014-03-28,TECL,TECL,0.75,0.0,0.25,0.007477,0.0,0.007477,4.007,-0.0698,0.003893,0.00997,0.0
2014-03-31,TECL,TECL,0.75,0.0,0.25,0.018916,0.0,0.018916,4.0828,-0.0522,0.007763,0.025222,0.0
2014-04-01,TECL,TECL,0.75,0.0,0.25,0.026122,0.0,0.026122,4.1894,-0.0274,0.011832,0.034829,0.0
2014-04-02,TECL,TECL,0.75,0.0,0.25,0.001903,0.0,0.001903,4.1974,-0.0255,0.000542,0.002538,0.0
2014-04-03,TECL,TECL,0.75,0.0,0.25,-0.010537,0.0,-0.010537,4.1532,-0.0358,-0.004892,-0.014121,0.000218
2014-04-04,TECL,TECL,0.75,0.0,0.25,-0.043566,0.0,-0.043566,3.9722,-0.0778,-0.019112,-0.058015,-0.000217
2014-04-07,TECL,TECL,0.75,0.0,0.25,-0.014919,0.0,-0.014919,3.913,-0.0916,-0.007795,-0.019892,0.0
2014-04-08,TECL,TECL,0.75,0.0,0.25,0.017637,0.0,0.017637,3.982,-0.0756,0.008976,0.023516,0.0
2014-04-09,TECL,BIL,0.75,0.0,0.25,0.027528,0.0,0.027528,4.0916,-0.0501,0.013347,0.036703,0.0
2014-04-10,BIL,BIL,0.0,0.0,1.0,0.0,0.00075,-0.00075,4.0885,-0.0508,-0.023052,-0.065382,0.0
2014-04-11,BIL,BIL,0.0,0.0,1.0,0.0,0.0,0.0,4.0885,-0.0508,-0.011234,-0.031534,0.0
2014-04-14,BIL,BIL,0.0,0.0,1.0,0.0,0.0,0.0,4.0885,-0.0508,0.009945,0.027481,0.0
2014-04-15,BIL,BIL,0.0,0.0,1.0,0.0,0.0,0.0,4.0885,-0.0508,0.005064,0.012014,0.0
2014-04-16,BIL,BIL,0.0,0.0,1.0,0.0,0.0,0.0,4.0885,-0.0508,0.009791,0.032291,0.0
2014-04-17,BIL,BIL,0.0,0.0,1.0,0.000218,0.0,0.000218,4.0894,-0.0506,-0.001382,-0.008187,0.000218
2014-04-21,BIL,BIL,0.0,0.0,1.0,-0.000217,0.0,-0.000217,4.0885,-0.0508,0.003882,0.012787,-0.000217
2014-04-22,BIL,BIL,0.0,0.0,1.0,-0.000219,0.0,-0.000219,4.0876,-0.051,0.00415,0.014039,-0.000219
2014-04-23,BIL,BIL,0.0,0.0,1.0,0.000219,0.0,0.000219,4.0885,-0.0508,-0.010737,-0.034287,0.000219
2014-04-24,BIL,BIL,0.0,0.0,1.0,0.0,0.0,0.0,4.0885,-0.0508,0.007793,0.025017,0.0
2014-04-25,BIL,BIL,0.0,0.0,1.0,0.0,0.0,0.0,4.0885,-0.0508,-0.012704,-0.03783,0.0
2014-04-28,BIL,BIL,0.0,0.0,1.0,0.0,0.0,0.0,4.0885,-0.0508,0.009513,0.026585,0.0
2014-04-29,BIL,BIL,0.0,0.0,1.0,0.0,0.0,0.0,4.0885,-0.0508,0.006923,0.021668,0.0
2014-04-30,BIL,BIL,0.0,0.0,1.0,0.0,0.0,0.0,4.0885,-0.0508,0.003026,0.007395,0.0
2014-05-01,BIL,BIL,0.0,0.0,1.0,-0.000219,0.0,-0.000219,4.0876,-0.051,0.001101,0.003693,-0.000219
2014-05-02,BIL,BIL,0.0,0.0,1.0,0.000219,0.0,0.000219,4.0885,-0.0508,-0.00274,-0.005014,0.000219
2014-05-05,BIL,BIL,0.0,0.0,1.0,0.0,0.0,0.0,4.0885,-0.0508,0.005221,0.012158,0.0
2014-05-06,BIL,BIL,0.0,0.0,1.0,-0.000219,0.0,-0.000219,4.0876,-0.051,-0.011212,-0.032155,-0.000219
2014-05-07,BIL,BIL,0.0,0.0,1.0,0.0,0.0,0.0,4.0876,-0.051,0.000558,0.003539,0.0
2014-05-08,BIL,XLK,0.0,0.0,1.0,0.0,0.0,0.0,4.0876,-0.051,0.002763,0.004467,0.0
2014-05-09,XLK,XLK,0.0,1.0,0.0,0.001099,0.001,9.9e-05,4.088,-0.0509,0.001099,0.005103,0.000219
2014-05-12,XLK,XLK,0.0,1.0,0.0,0.013486,0.0,0.013486,4.1432,-0.0381,0.013486,0.04085,-0.000219
2014-05-13,XLK,XLK,0.0,1.0,0.0,0.000548,0.0,0.000548,4.1454,-0.0376,0.000548,-0.001119,0.000219
2014-05-14,XLK,XLK,0.0,1.0,0.0,-0.004616,0.0,-0.004616,4.1263,-0.0421,-0.004616,-0.0112,0.0
2014-05-15,XLK,TECL,0.0,1.0,0.0,-0.006004,0.0,-0.006004,4.1015,-0.0478,-0.006004,-0.02202,0.0
2014-05-16,TECL,TECL,0.75,0.0,0.25,0.017616,0.001,0.016616,4.1697,-0.032,0.006313,0.023489,0.0
2014-05-19,TECL,TECL,0.75,0.0,0.25,0.014938,0.0,0.014938,4.232,-0.0175,0.00654,0.019917,0.0
2014-05-20,TECL,TECL,0.75,0.0,0.25,-0.01428,0.0,-0.01428,4.1715,-0.0315,-0.005686,-0.01904,0.0
2014-05-21,TECL,TECL,0.75,0.0,0.25,0.015452,0.0,0.015452,4.236,-0.0166,0.006812,0.020676,-0.000219
2014-05-22,TECL,TECL,0.75,0.0,0.25,0.00482,0.0,0.00482,4.2564,-0.0118,0.001896,0.006427,0.0
2014-05-23,TECL,TECL,0.75,0.0,0.25,0.01852,0.0,0.01852,4.3352,0.0,0.00837,0.02462,0.000219
2014-05-27,TECL,TECL,0.75,0.0,0.25,0.018902,0.0,0.018902,4.4172,0.0,0.008567,0.025275,-0.000219
2014-05-28,TECL,TECL,0.75,0.0,0.25,-0.004379,0.0,-0.004379,4.3978,-0.0044,-0.002655,-0.005911,0.000219
2014-05-29,TECL,TECL,0.75,0.0,0.25,0.010731,0.0,0.010731,4.445,0.0,0.005861,0.014382,-0.000219
2014-05-30,TECL,TECL,0.75,0.0,0.25,0.002549,0.0,0.002549,4.4564,0.0,0.001056,0.003326,0.000219
2014-06-02,TECL,TECL,0.75,0.0,0.25,-0.002883,0.0,-0.002883,4.4435,-0.0029,-0.001589,-0.003771,-0.000219
2014-06-03,TECL,TECL,0.75,0.0,0.25,-0.003993,0.0,-0.003993,4.4258,-0.0069,-0.001585,-0.005324,0.0
2014-06-04,TECL,TECL,0.75,0.0,0.25,0.004987,0.0,0.004987,4.4478,-0.0019,0.001858,0.006649,0.0
2014-06-05,TECL,TECL,0.75,0.0,0.25,0.014862,0.0,0.014862,4.5139,0.0,0.006615,0.019816,0.0
2014-06-06,TECL,TECL,0.75,0.0,0.25,0.009532,0.0,0.009532,4.557,0.0,0.004472,0.012709,0.0
2014-06-09,TECL,TECL,0.75,0.0,0.25,0.006269,0.0,0.006269,4.5855,0.0,0.00314,0.008286,0.000219
2014-06-10,TECL,TECL,0.75,0.0,0.25,0.001376,0.0,0.001376,4.5919,0.0,0.000521,0.001835,0.0
2014-06-11,TECL,TECL,0.75,0.0,0.25,-0.004325,0.0,-0.004325,4.572,-0.0043,-0.002342,-0.005694,-0.000219
2014-06-12,TECL,TECL,0.75,0.0,0.25,-0.019319,0.0,-0.019319,4.4837,-0.0236,-0.008633,-0.025831,0.000219
2014-06-13,TECL,TECL,0.75,0.0,0.25,0.011847,0.0,0.011847,4.5368,-0.012,0.005801,0.015868,-0.000219
2014-06-16,TECL,TECL,0.75,0.0,0.25,0.002179,0.0,0.002179,4.5467,-0.0098,0.0,0.002833,0.000219
2014-06-17,TECL,TECL,0.75,0.0,0.25,0.00394,0.0,0.00394,4.5646,-0.0059,0.002361,0.005327,-0.000219
2014-06-18,TECL,TECL,0.75,0.0,0.25,0.011826,0.0,0.011826,4.6186,0.0,0.005232,0.015695,0.000219
2014-06-19,TECL,TECL,0.75,0.0,0.25,-0.004327,0.0,-0.004327,4.5986,-0.0043,-0.001817,-0.00577,0.0
2014-06-20,TECL,TECL,0.75,0.0,0.25,-0.00468,0.0,-0.00468,4.5771,-0.009,-0.002202,-0.006241,0.0
2014-06-23,TECL,TECL,0.75,0.0,0.25,0.00402,0.0,0.00402,4.5955,-0.005,0.002886,0.00536,0.0
2014-06-24,TECL,TECL,0.75,0.0,0.25,-0.010772,0.0,-0.010772,4.546,-0.0157,-0.005235,-0.014362,0.0
2014-06-25,TECL,TECL,0.75,0.0,0.25,0.01151,0.0,0.01151,4.5983,-0.0044,0.00395,0.015419,-0.000219
2014-06-26,TECL,TECL,0.75,0.0,0.25,-0.004949,0.0,-0.004949,4.5755,-0.0093,-0.001047,-0.006599,0.0
2014-06-27,TECL,TECL,0.75,0.0,0.25,0.01248,0.0,0.01248,4.6326,0.0,0.006035,0.016567,0.000219
2014-06-30,TECL,TECL,0.75,0.0,0.25,0.003429,0.0,0.003429,4.6485,0.0,0.000259,0.004645,-0.000219
2014-07-01,TECL,TECL,0.75,0.0,0.25,0.022741,0.0,0.022741,4.7542,0.0,0.01017,0.030248,0.000219
2014-07-02,TECL,TECL,0.75,0.0,0.25,0.00154,0.0,0.00154,4.7615,0.0,0.001031,0.002054,0.0
2014-07-03,TECL,TECL,0.75,0.0,0.25,0.009652,0.0,0.009652,4.8075,0.0,0.004383,0.012942,-0.000219
2014-07-07,TECL,TECL,0.75,0.0,0.25,0.000645,0.0,0.000645,4.8106,0.0,0.001026,0.000787,0.000219
2014-07-08,TECL,TECL,0.75,0.0,0.25,-0.01901,0.0,-0.01901,4.7191,-0.019,-0.008973,-0.025346,0.0
2014-07-09,TECL,TECL,0.75,0.0,0.25,0.009481,0.0,0.009481,4.7639,-0.0097,0.004918,0.012715,-0.000219
2014-07-10,TECL,TECL,0.75,0.0,0.25,-0.0033,0.0,-0.0033,4.7482,-0.013,-0.002837,-0.0044,0.0
2014-07-11,TECL,TECL,0.75,0.0,0.25,0.008401,0.0,0.008401,4.7881,-0.0047,0.005165,0.011201,0.0
2014-07-14,TECL,TECL,0.75,0.0,0.25,0.017972,0.0,0.017972,4.8741,0.0,0.007197,0.023962,0.0
2014-07-15,TECL,TECL,0.75,0.0,0.25,-0.002152,0.0,-0.002152,4.8636,-0.0022,-0.001785,-0.00287,0.0
2014-07-16,TECL,TECL,0.75,0.0,0.25,0.0181,0.0,0.0181,4.9516,0.0,0.0092,0.024133,0.0
2014-07-17,TECL,TECL,0.75,0.0,0.25,-0.029077,0.0,-0.029077,4.8077,-0.0291,-0.012917,-0.038769,0.0
2014-07-18,TECL,TECL,0.75,0.0,0.25,0.029183,0.0,0.029183,4.948,-0.0007,0.012055,0.038983,-0.000219
2014-07-21,TECL,TECL,0.75,0.0,0.25,-0.004112,0.0,-0.004112,4.9276,-0.0049,-0.001264,-0.005556,0.000219
2014-07-22,TECL,TECL,0.75,0.0,0.25,0.019346,0.0,0.019346,5.0229,0.0,0.008375,0.025867,-0.000219
2014-07-23,TECL,TECL,0.75,0.0,0.25,0.003317,0.0,0.003317,5.0396,0.0,0.001761,0.00435,0.000219
2014-07-24,TECL,TECL,0.75,0.0,0.25,-0.003539,0.0,-0.003539,5.0218,-0.0035,-0.000754,-0.004718,0.0
2014-07-25,TECL,TECL,0.75,0.0,0.25,-0.002653,0.0,-0.002653,5.0085,-0.0062,-0.001254,-0.003538,0.0
2014-07-28,TECL,TECL,0.75,0.0,0.25,0.005432,0.0,0.005432,5.0357,-0.0008,0.001762,0.007243,0.0
2014-07-29,TECL,TECL,0.75,0.0,0.25,-0.00378,0.0,-0.00378,5.0166,-0.0046,-0.002014,-0.005041,0.0
2014-07-30,TECL,TECL,0.75,0.0,0.25,0.002232,0.0,0.002232,5.0278,-0.0023,0.001012,0.002976,0.0
2014-07-31,TECL,TECL,0.75,0.0,0.25,-0.043872,0.0,-0.043872,4.8072,-0.0461,-0.018868,-0.058423,-0.000219
2014-08-01,TECL,TECL,0.75,0.0,0.25,-0.011875,0.0,-0.011875,4.7502,-0.0574,-0.005412,-0.015906,0.000219
2014-08-04,TECL,TECL,0.75,0.0,0.25,0.015782,0.0,0.015782,4.8251,-0.0426,0.007114,0.021042,0.0
2014-08-05,TECL,TECL,0.75,0.0,0.25,-0.018955,0.0,-0.018955,4.7337,-0.0607,-0.00934,-0.025201,-0.000219
2014-08-06,TECL,TECL,0.75,0.0,0.25,-0.009134,0.0,-0.009134,4.6904,-0.0693,-0.003103,-0.012179,0.0
2014-08-07,TECL,TECL,0.75,0.0,0.25,-0.008727,0.0,-0.008727,4.6495,-0.0774,-0.004148,-0.011709,0.000219
2014-08-08,TECL,TECL,0.75,0.0,0.25,0.013245,0.0,0.013245,4.7111,-0.0652,0.006509,0.017732,-0.000219
2014-08-11,TECL,TECL,0.75,0.0,0.25,0.012142,0.0,0.012142,4.7683,-0.0538,0.004909,0.01619,0.0
2014-08-12,TECL,TECL,0.75,0.0,0.25,-0.002532,0.0,-0.002532,4.7562,-0.0562,-0.000511,-0.003376,0.0
2014-08-13,TECL,TECL,0.75,0.0,0.25,0.022035,0.0,0.022035,4.861,-0.0354,0.00978,0.029308,0.000219
2014-08-14,TECL,TECL,0.75,0.0,0.25,0.004299,0.0,0.004299,4.8819,-0.0313,0.00179,0.005806,-0.000219
2014-08-15,TECL,TECL,0.75,0.0,0.25,0.000551,0.0,0.000551,4.8846,-0.0308,0.0,0.000662,0.000219
2014-08-18,TECL,TECL,0.75,0.0,0.25,0.020171,0.0,0.020171,4.9831,-0.0112,0.009415,0.026967,-0.000219
2014-08-19,TECL,TECL,0.75,0.0,0.25,0.01449,0.0,0.01449,5.0553,0.0,0.006306,0.019247,0.000219
2014-08-20,TECL,TECL,0.75,0.0,0.25,0.00192,0.0,0.00192,5.065,0.0,0.0,0.002633,-0.000219
2014-08-21,TECL,TECL,0.75,0.0,0.25,0.010137,0.0,0.010137,5.1164,0.0,0.004756,0.013443,0.000219
2014-08-22,TECL,TECL,0.75,0.0,0.25,-0.000984,0.0,-0.000984,5.1113,-0.001,0.000253,-0.001313,0.0
2014-08-25,TECL,TECL,0.75,0.0,0.25,0.002101,0.0,0.002101,5.1221,0.0,0.000996,0.002802,0.0
2014-08-26,TECL,TECL,0.75,0.0,0.25,0.001138,0.0,0.001138,5.1279,0.0,0.000495,0.001518,0.0
2014-08-27,TECL,TECL,0.75,0.0,0.25,0.000229,0.0,0.000229,5.1291,0.0,-0.000247,0.000379,-0.000219
2014-08-28,TECL,TECL,0.75,0.0,0.25,-0.003638,0.0,-0.003638,5.1104,-0.0036,-0.001495,-0.004923,0.000219
2014-08-29,TECL,TECL,0.75,0.0,0.25,0.009549,0.0,0.009549,5.1592,0.0,0.004492,0.012732,0.0
2014-09-02,TECL,TECL,0.75,0.0,0.25,0.0022,0.0,0.0022,5.1706,0.0,0.000247,0.003006,-0.000219
2014-09-03,TECL,TECL,0.75,0.0,0.25,-0.012054,0.0,-0.012054,5.1083,-0.0121,-0.005462,-0.016144,0.000219
2014-09-04,TECL,TECL,0.75,0.0,0.25,-0.003664,0.0,-0.003664,5.0895,-0.0157,-0.000496,-0.004812,-0.000219
2014-09-05,TECL,TECL,0.75,0.0,0.25,0.013856,0.0,0.013856,5.1601,-0.002,0.005991,0.018402,0.000219
2014-09-08,TECL,TECL,0.75,0.0,0.25,0.001687,0.0,0.001687,5.1688,-0.0004,0.00149,0.002323,-0.000219
2014-09-09,TECL,TECL,0.75,0.0,0.25,-0.015284,0.0,-0.015284,5.0898,-0.0156,-0.007188,-0.020379,0.0
2014-09-10,TECL,TECL,0.75,0.0,0.25,0.015918,0.0,0.015918,5.1708,0.0,0.005989,0.021151,0.000219
2014-09-11,TECL,TECL,0.75,0.0,0.25,0.003292,0.0,0.003292,5.1878,0.0,0.002235,0.004463,-0.000219
2014-09-12,TECL,TECL,0.75,0.0,0.25,-0.011497,0.0,-0.011497,5.1282,-0.0115,-0.004208,-0.01533,0.0
2014-09-15,TECL,TECL,0.75,0.0,0.25,-0.012426,0.0,-0.012426,5.0644,-0.0238,-0.005965,-0.016567,0.0
2014-09-16,TECL,TECL,0.75,0.0,0.25,0.016628,0.0,0.016628,5.1486,-0.0075,0.007503,0.02217,0.0
2014-09-17,TECL,TECL,0.75,0.0,0.25,0.004728,0.0,0.004728,5.173,-0.0029,0.001984,0.006305,0.0
2014-09-18,TECL,TECL,0.75,0.0,0.25,0.015198,0.0,0.015198,5.2516,0.0,0.00595,0.020191,0.000219
2014-09-19,TECL,TECL,0.75,0.0,0.25,-0.004881,0.0,-0.004881,5.226,-0.0049,-0.002127,-0.006508,0.0
2014-09-22,TECL,TECL,0.75,0.0,0.25,-0.016604,0.0,-0.016604,5.1392,-0.0214,-0.006697,-0.022139,0.0
2014-09-23,TECL,TECL,0.75,0.0,0.25,-0.004973,0.0,-0.004973,5.1137,-0.0263,-0.002244,-0.00663,0.0
2014-09-24,TECL,TECL,0.75,0.0,0.25,0.013721,0.0,0.013721,5.1838,-0.0129,0.006504,0.018295,0.0
2014-09-25,TECL,TECL,0.75,0.0,0.25,-0.046512,0.0,-0.046512,4.9427,-0.0588,-0.021873,-0.062016,0.0
2014-09-26,TECL,TECL,0.75,0.0,0.25,0.022648,0.0,0.022648,5.0547,-0.0375,0.01093,0.030198,0.0
2014-09-29,TECL,TECL,0.75,0.0,0.25,-0.001557,0.0,-0.001557,5.0468,-0.039,-0.000254,-0.002003,-0.000219
2014-09-30,TECL,TECL,0.75,0.0,0.25,0.007081,0.0,0.007081,5.0825,-0.0322,0.003017,0.009368,0.000219
2014-10-01,TECL,TECL,0.75,0.0,0.25,-0.034908,0.0,-0.034908,4.9051,-0.066,-0.015542,-0.046544,0.0
2014-10-02,TECL,TECL,0.75,0.0,0.25,0.0,0.0,0.0,4.9051,-0.066,-0.000509,0.0,0.0
2014-10-03,TECL,TECL,0.75,0.0,0.25,0.016989,0.0,0.016989,4.9884,-0.0501,0.008152,0.022798,-0.000438
2014-10-06,TECL,TECL,0.75,0.0,0.25,0.000859,0.0,0.000859,4.9927,-0.0493,0.000256,0.001145,0.0
2014-10-07,TECL,TECL,0.75,0.0,0.25,-0.034601,0.0,-0.034601,4.82,-0.0822,-0.015663,-0.046208,0.000219
2014-10-08,TECL,BIL,0.75,0.0,0.25,0.040972,0.0,0.040972,5.0174,-0.0446,0.018992,0.054629,0.0
2014-10-09,BIL,BIL,0.0,0.0,1.0,0.0,0.00075,-0.00075,5.0137,-0.0453,-0.016624,-0.048247,0.0
2014-10-10,BIL,BIL,0.0,0.0,1.0,0.0,0.0,0.0,5.0137,-0.0453,-0.025607,-0.076561,0.0
2014-10-13,BIL,BIL,0.0,0.0,1.0,0.0,0.0,0.0,5.0137,-0.0453,-0.01104,-0.035452,0.0
2014-10-14,BIL,BIL,0.0,0.0,1.0,-0.000219,0.0,-0.000219,5.0126,-0.0455,0.001595,0.003143,-0.000219
2014-10-15,BIL,BIL,0.0,0.0,1.0,0.0,0.0,0.0,5.0126,-0.0455,-0.0069,-0.017923,0.0
2014-10-16,BIL,BIL,0.0,0.0,1.0,0.000219,0.0,0.000219,5.0137,-0.0453,-0.005873,-0.019994,0.000219
2014-10-17,BIL,BIL,0.0,0.0,1.0,0.0,0.0,0.0,5.0137,-0.0453,0.011821,0.039024,0.0
2014-10-20,BIL,BIL,0.0,0.0,1.0,0.0,0.0,0.0,5.0137,-0.0453,0.007176,0.020221,0.0
2014-10-21,BIL,BIL,0.0,0.0,1.0,-0.000219,0.0,-0.000219,5.0126,-0.0455,0.019512,0.059419,-0.000219
2014-10-22,BIL,BIL,0.0,0.0,1.0,0.000219,0.0,0.000219,5.0137,-0.0453,-0.004657,-0.017471,0.000219
2014-10-23,BIL,BIL,0.0,0.0,1.0,-0.000219,0.0,-0.000219,5.0126,-0.0455,0.011174,0.035131,-0.000219
2014-10-24,BIL,BIL,0.0,0.0,1.0,0.0,0.0,0.0,5.0126,-0.0455,0.00874,0.026604,0.0
2014-10-27,BIL,BIL,0.0,0.0,1.0,0.0,0.0,0.0,5.0126,-0.0455,0.001019,0.004035,0.0
2014-10-28,BIL,BIL,0.0,0.0,1.0,0.0,0.0,0.0,5.0126,-0.0455,0.013746,0.041296,0.0
2014-10-29,BIL,BIL,0.0,0.0,1.0,0.000219,0.0,0.000219,5.0137,-0.0453,-0.001004,-0.006515,0.000219
2014-10-30,BIL,BIL,0.0,0.0,1.0,-0.000219,0.0,-0.000219,5.0126,-0.0455,0.003265,0.009552,-0.000219
2014-10-31,BIL,BIL,0.0,0.0,1.0,0.000219,0.0,0.000219,5.0137,-0.0453,0.015528,0.04699,0.000219
2014-11-03,BIL,BIL,0.0,0.0,1.0,-0.000219,0.0,-0.000219,5.0126,-0.0455,0.004197,0.012409,-0.000219
2014-11-04,BIL,BIL,0.0,0.0,1.0,0.000219,0.0,0.000219,5.0137,-0.0453,-0.000249,0.000966,0.000219
2014-11-05,BIL,BIL,0.0,0.0,1.0,-0.000219,0.0,-0.000219,5.0126,-0.0455,0.002706,0.00742,-0.000219
2014-11-06,BIL,BIL,0.0,0.0,1.0,0.000219,0.0,0.000219,5.0137,-0.0453,-0.00049,-0.000595,0.000219
2014-11-07,BIL,XLK,0.0,0.0,1.0,-0.000219,0.0,-0.000219,5.0126,-0.0455,0.001223,0.002016,-0.000219
2014-11-10,XLK,XLK,0.0,1.0,0.0,0.002697,0.001,0.001697,5.0211,-0.0439,0.002697,0.007652,0.000219
2014-11-11,XLK,XLK,0.0,1.0,0.0,0.000488,0.0,0.000488,5.0235,-0.0434,0.000488,0.001309,0.0
2014-11-12,XLK,XLK,0.0,1.0,0.0,0.003171,0.0,0.003171,5.0395,-0.0404,0.003171,0.01167,0.0
2014-11-13,XLK,TECL,0.0,1.0,0.0,0.005354,0.0,0.005354,5.0664,-0.0353,0.005354,0.015413,-0.000219
2014-11-14,TECL,TECL,0.75,0.0,0.25,0.016205,0.001,0.015205,5.1435,-0.0206,0.007017,0.021607,0.0
2014-11-17,TECL,TECL,0.75,0.0,0.25,-0.004758,0.0,-0.004758,5.119,-0.0253,-0.001923,-0.006417,0.000219
2014-11-18,TECL,TECL,0.75,0.0,0.25,0.008951,0.0,0.008951,5.1648,-0.0165,0.003372,0.012007,-0.000219
2014-11-19,TECL,TECL,0.75,0.0,0.25,-0.015729,0.0,-0.015729,5.0836,-0.032,-0.006478,-0.020972,0.0
2014-11-20,TECL,TECL,0.75,0.0,0.25,0.011272,0.0,0.011272,5.1409,-0.0211,0.005071,0.01503,0.0
2014-11-21,TECL,TECL,0.75,0.0,0.25,0.003039,0.0,0.003039,5.1565,-0.0181,0.001442,0.004052,0.0
2014-11-24,TECL,TECL,0.75,0.0,0.25,0.012117,0.0,0.012117,5.219,-0.0062,0.005281,0.016082,0.000219
2014-11-25,TECL,TECL,0.75,0.0,0.25,0.002383,0.0,0.002383,5.2314,-0.0038,0.000478,0.003178,0.0
2014-11-26,TECL,TECL,0.75,0.0,0.25,0.017901,0.0,0.017901,5.3251,0.0,0.009069,0.023941,-0.000219
2014-11-28,TECL,TECL,0.75,0.0,0.25,0.011143,0.0,0.011143,5.3844,0.0,0.004725,0.014784,0.000219
2014-12-01,TECL,TECL,0.75,0.0,0.25,-0.024172,0.0,-0.024172,5.2543,-0.0242,-0.011413,-0.032157,-0.000219
2014-12-02,TECL,TECL,0.75,0.0,0.25,-0.001431,0.0,-0.001431,5.2467,-0.0256,0.000356,-0.001908,0.0
2014-12-03,TECL,TECL,0.75,0.0,0.25,0.007852,0.0,0.007852,5.2879,-0.0179,0.003573,0.010469,0.0
2014-12-04,TECL,TECL,0.75,0.0,0.25,0.001014,0.0,0.001014,5.2933,-0.0169,0.0,0.001351,0.0
2014-12-05,TECL,TECL,0.75,0.0,0.25,-0.002644,0.0,-0.002644,5.2793,-0.0195,-0.001189,-0.003599,0.000219
2014-12-08,TECL,TECL,0.75,0.0,0.25,-0.022348,0.0,-0.022348,5.1613,-0.0414,-0.010208,-0.029798,0.0
2014-12-09,TECL,TECL,0.75,0.0,0.25,0.000992,0.0,0.000992,5.1664,-0.0405,-0.000237,0.001396,-0.000219
2014-12-10,TECL,TECL,0.75,0.0,0.25,-0.035201,0.0,-0.035201,4.9846,-0.0743,-0.015115,-0.046935,0.0
2014-12-11,TECL,TECL,0.75,0.0,0.25,0.008703,0.0,0.008703,5.028,-0.0662,0.00438,0.011604,0.0
2014-12-12,TECL,TECL,0.75,0.0,0.25,-0.033564,0.0,-0.033564,4.8592,-0.0975,-0.014912,-0.044825,0.000219
2014-12-15,TECL,TECL,0.75,0.0,0.25,-0.013633,0.0,-0.013633,4.793,-0.1098,-0.006035,-0.018031,-0.000437
2014-12-16,TECL,TECL,0.75,0.0,0.25,-0.031218,0.0,-0.031218,4.6433,-0.1376,-0.013373,-0.041624,0.0
2014-12-17,TECL,TECL,0.75,0.0,0.25,0.044155,0.0,0.044155,4.8484,-0.0996,0.018825,0.058874,0.0
2014-12-18,TECL,BIL,0.75,0.0,0.25,0.064922,0.0,0.064922,5.1631,-0.0411,0.028585,0.08649,0.000218
2014-12-19,BIL,BIL,0.0,0.0,1.0,-0.000218,0.00075,-0.000968,5.1581,-0.042,0.001113,0.003884,-0.000218
2014-12-22,BIL,BIL,0.0,0.0,1.0,0.0,0.0,0.0,5.1581,-0.042,0.012023,0.033396,0.0
2014-12-23,BIL,BIL,0.0,0.0,1.0,0.0,0.0,0.0,5.1581,-0.042,0.002615,0.006859,0.0
2014-12-24,BIL,BIL,0.0,0.0,1.0,0.000218,0.0,0.000218,5.1593,-0.0418,-0.000944,-0.003451,0.000218
2014-12-26,BIL,BIL,0.0,0.0,1.0,-0.000218,0.0,-0.000218,5.1581,-0.042,0.004266,0.013492,-0.000218
2014-12-29,BIL,BIL,0.0,0.0,1.0,0.0,0.0,0.0,5.1581,-0.042,-0.004962,-0.016111,0.0
2014-12-30,BIL,BIL,0.0,0.0,1.0,0.0,0.0,0.0,5.1581,-0.042,-0.007121,-0.0185,0.0
2014-12-31,BIL,BIL,0.0,0.0,1.0,0.000218,0.0,0.000218,5.1593,-0.0418,-0.011002,-0.035684,0.000218
2015-01-02,BIL,BIL,0.0,0.0,1.0,-0.000218,0.0,-0.000218,5.1581,-0.042,-0.001936,-0.002783,-0.000218
2015-01-05,BIL,BIL,0.0,0.0,1.0,0.000218,0.0,0.000218,5.1593,-0.0418,-0.015264,-0.0451,0.000218
2015-01-06,BIL,BIL,0.0,0.0,1.0,-0.000218,0.0,-0.000218,5.1581,-0.042,-0.012056,-0.037266,-0.000218
2015-01-07,BIL,BIL,0.0,0.0,1.0,0.0,0.0,0.0,5.1581,-0.042,0.008466,0.022701,0.0
2015-01-08,BIL,BIL,0.0,0.0,1.0,0.0,0.0,0.0,5.1581,-0.042,0.021981,0.063824,0.0
2015-01-09,BIL,BIL,0.0,0.0,1.0,0.0,0.0,0.0,5.1581,-0.042,-0.00314,-0.009418,0.0
2015-01-12,BIL,BIL,0.0,0.0,1.0,0.0,0.0,0.0,5.1581,-0.042,-0.011639,-0.031787,0.0
2015-01-13,BIL,BIL,0.0,0.0,1.0,0.0,0.0,0.0,5.1581,-0.042,-0.000735,-0.001124,0.0
2015-01-14,BIL,BIL,0.0,0.0,1.0,0.0,0.0,0.0,5.1581,-0.042,-0.005648,-0.019165,0.0
2015-01-15,BIL,BIL,0.0,0.0,1.0,0.0,0.0,0.0,5.1581,-0.042,-0.012834,-0.036041,0.0
2015-01-16,BIL,BIL,0.0,0.0,1.0,0.0,0.0,0.0,5.1581,-0.042,0.009752,0.031437,0.0
2015-01-20,BIL,XLK,0.0,0.0,1.0,0.0,0.0,0.0,5.1581,-0.042,0.008423,0.019957,0.0
2015-01-21,XLK,XLK,0.0,1.0,0.0,0.001719,0.001,0.000719,5.1618,-0.0413,0.001719,0.002862,0.000218
2015-01-22,XLK,XLK,0.0,1.0,0.0,0.016425,0.0,0.016425,5.2466,-0.0256,0.016425,0.050138,-0.000218
2015-01-23,XLK,XLK,0.0,1.0,0.0,-0.000243,0.0,-0.000243,5.2453,-0.0258,-0.000243,0.00079,0.000218
2015-01-26,XLK,XLK,0.0,1.0,0.0,-0.0041,0.0,-0.0041,5.2238,-0.0298,-0.0041,-0.011903,0.0
2015-01-27,XLK,BIL,0.0,1.0,0.0,-0.02883,0.0,-0.02883,5.0732,-0.0578,-0.02883,-0.08835,0.0
2015-01-28,BIL,BIL,0.0,0.0,1.0,-0.000218,0.001,-0.001218,5.0671,-0.0589,-0.001746,-0.004837,-0.000218
2015-01-29,BIL,BIL,0.0,0.0,1.0,0.0,0.0,0.0,5.0671,-0.0589,0.009499,0.028,0.0
2015-01-30,BIL,BIL,0.0,0.0,1.0,0.0,0.0,0.0,5.0671,-0.0589,-0.012377,-0.034261,0.0
2015-02-02,BIL,BIL,0.0,0.0,1.0,0.0,0.0,0.0,5.0671,-0.0589,0.010273,0.027742,0.0
2015-02-03,BIL,BIL,0.0,0.0,1.0,0.000218,0.0,0.000218,5.0682,-0.0587,0.011411,0.034795,0.000218
2015-02-04,BIL,BIL,0.0,0.0,1.0,-0.000218,0.0,-0.000218,5.0671,-0.0589,0.001964,0.00487,-0.000218
2015-02-05,BIL,BIL,0.0,0.0,1.0,0.0,0.0,0.0,5.0671,-0.0589,0.009301,0.026988,0.0
2015-02-06,BIL,XLK,0.0,0.0,1.0,0.0,0.0,0.0,5.0671,-0.0589,-0.003151,-0.008307,0.0
2015-02-09,XLK,XLK,0.0,1.0,0.0,-0.001458,0.001,-0.002458,5.0546,-0.0613,-0.001458,-0.004205,-0.000219
2015-02-10,XLK,XLK,0.0,1.0,0.0,0.014859,0.0,0.014859,5.1297,-0.0473,0.014859,0.042519,0.000219
2015-02-11,XLK,XLK,0.0,1.0,0.0,0.003844,0.0,0.003844,5.1494,-0.0436,0.003844,0.010832,-0.000219
2015-02-12,XLK,XLK,0.0,1.0,0.0,0.013633,0.0,0.013633,5.2196,-0.0306,0.013633,0.043827,0.0
2015-02-13,XLK,XLK,0.0,1.0,0.0,0.006369,0.0,0.006369,5.2529,-0.0244,0.006369,0.018925,0.000219
2015-02-17,XLK,XLK,0.0,1.0,0.0,0.000472,0.0,0.000472,5.2554,-0.024,0.000472,0.000175,0.0
2015-02-18,XLK,XLK,0.0,1.0,0.0,0.000933,0.0,0.000933,5.2603,-0.0231,0.000933,0.003329,0.0
2015-02-19,XLK,XLK,0.0,1.0,0.0,0.003513,0.0,0.003513,5.2787,-0.0196,0.003513,0.008934,0.0
2015-02-20,XLK,XLK,0.0,1.0,0.0,0.005134,0.0,0.005134,5.3058,-0.0146,0.005134,0.016903,-0.000219
2015-02-23,XLK,TECL,0.0,1.0,0.0,0.000696,0.0,0.000696,5.3095,-0.0139,0.000696,0.002638,0.000219
2015-02-24,TECL,TECL,0.75,0.0,0.25,0.005525,0.001,0.004525,5.3336,-0.0094,0.003019,0.00744,-0.000219
2015-02-25,TECL,TECL,0.75,0.0,0.25,-0.012519,0.0,-0.012519,5.2668,-0.0218,-0.006247,-0.016764,0.000219
2015-02-26,TECL,TECL,0.75,0.0,0.25,0.015368,0.0,0.015368,5.3477,-0.0068,0.006287,0.020563,-0.000219
2015-02-27,TECL,TECL,0.75,0.0,0.25,-0.009663,0.0,-0.009663,5.2961,-0.0164,-0.00347,-0.012957,0.000219
2015-03-02,TECL,TECL,0.75,0.0,0.25,0.019359,0.0,0.019359,5.3986,0.0,0.007888,0.025885,-0.000219
2015-03-03,TECL,TECL,0.75,0.0,0.25,-0.016009,0.0,-0.016009,5.3122,-0.016,-0.006678,-0.021418,0.000219
2015-03-04,TECL,TECL,0.75,0.0,0.25,-0.010485,0.0,-0.010485,5.2565,-0.0263,-0.00394,-0.013979,0.0
2015-03-05,TECL,TECL,0.75,0.0,0.25,-0.001955,0.0,-0.001955,5.2462,-0.0282,-0.00116,-0.002606,0.0
2015-03-06,TECL,TECL,0.75,0.0,0.25,-0.027407,0.0,-0.027407,5.1024,-0.0549,-0.012354,-0.03647,-0.000219
2015-03-09,TECL,TECL,0.75,0.0,0.25,0.01027,0.0,0.01027,5.1548,-0.0452,0.004722,0.01362,0.000219
2015-03-10,TECL,TECL,0.75,0.0,0.25,-0.044788,0.0,-0.044788,4.9239,-0.0879,-0.02043,-0.059718,0.0
2015-03-11,TECL,TECL,0.75,0.0,0.25,-0.016018,0.0,-0.016018,4.8451,-0.1025,-0.00647,-0.021358,0.0
2015-03-12,TECL,TECL,0.75,0.0,0.25,0.014947,0.0,0.014947,4.9175,-0.0891,0.006512,0.020003,-0.000219
2015-03-13,TECL,TECL,0.75,0.0,0.25,-0.01275,0.0,-0.01275,4.8548,-0.1007,-0.00551,-0.017073,0.000219
2015-03-16,TECL,TECL,0.75,0.0,0.25,0.026508,0.0,0.026508,4.9835,-0.0769,0.011809,0.035344,0.0
2015-03-17,TECL,TECL,0.75,0.0,0.25,0.001154,0.0,0.001154,4.9892,-0.0758,0.00024,0.001539,0.0
2015-03-18,TECL,TECL,0.75,0.0,0.25,0.027546,0.0,0.027546,5.1267,-0.0504,0.013575,0.036729,0.0
2015-03-19,TECL,TECL,0.75,0.0,0.25,-0.003602,0.0,-0.003602,5.1082,-0.0538,-0.002822,-0.004803,0.0
2015-03-20,TECL,TECL,0.75,0.0,0.25,0.012891,0.0,0.012891,5.174,-0.0416,0.006457,0.017188,0.0
2015-03-23,TECL,TECL,0.75,0.0,0.25,-5.5e-05,0.0,-5.5e-05,5.1738,-0.0416,0.0,0.0,-0.000219
2015-03-24,TECL,TECL,0.75,0.0,0.25,-0.006271,0.0,-0.006271,5.1413,-0.0477,-0.003288,-0.008434,0.000219
2015-03-25,TECL,TECL,0.75,0.0,0.25,-0.05787,0.0,-0.05787,4.8438,-0.1028,-0.025709,-0.077087,-0.000219
2015-03-26,TECL,TECL,0.75,0.0,0.25,0.000864,0.0,0.000864,4.848,-0.102,0.000728,0.001152,0.0
2015-03-27,TECL,TECL,0.75,0.0,0.25,0.002445,0.0,0.002445,4.8598,-0.0998,0.000722,0.00326,0.0
2015-03-30,TECL,TECL,0.75,0.0,0.25,0.025944,0.0,0.025944,4.9859,-0.0764,0.012087,0.034665,-0.000219
2015-03-31,TECL,TECL,0.75,0.0,0.25,-0.02033,0.0,-0.02033,4.8845,-0.0952,-0.010267,-0.027253,0.000438
2015-04-01,TECL,TECL,0.75,0.0,0.25,-0.007304,0.0,-0.007304,4.8489,-0.1018,-0.001451,-0.009592,-0.000438
2015-04-02,TECL,TECL,0.75,0.0,0.25,0.004466,0.0,0.004466,4.8705,-0.0978,-0.000242,0.005881,0.000219
2015-04-06,TECL,TECL,0.75,0.0,0.25,0.016254,0.0,0.016254,4.9497,-0.0831,0.009669,0.021671,0.0
2015-04-07,TECL,TECL,0.75,0.0,0.25,-0.003608,0.0,-0.003608,4.9318,-0.0865,-0.002154,-0.004883,0.000219
2015-04-08,TECL,TECL,0.75,0.0,0.25,0.006118,0.0,0.006118,4.962,-0.0809,0.003121,0.008158,0.0
2015-04-09,TECL,TECL,0.75,0.0,0.25,0.008711,0.0,0.008711,5.0052,-0.0729,0.002632,0.011688,-0.000219
2015-04-10,TECL,TECL,0.75,0.0,0.25,0.007171,0.0,0.007171,5.0411,-0.0662,0.003815,0.009561,0.0
2015-04-13,TECL,TECL,0.75,0.0,0.25,-0.006156,0.0,-0.006156,5.0101,-0.072,-0.002853,-0.008135,-0.000219
2015-04-14,TECL,TECL,0.75,0.0,0.25,-0.008139,0.0,-0.008139,4.9693,-0.0795,-0.003095,-0.010925,0.000219
2015-04-15,TECL,TECL,0.75,0.0,0.25,0.01909,0.0,0.01909,5.0642,-0.0619,0.008844,0.025526,-0.000219
2015-04-16,TECL,TECL,0.75,0.0,0.25,-0.006801,0.0,-0.006801,5.0297,-0.0683,-0.003557,-0.009142,0.000219
2015-04-17,TECL,TECL,0.75,0.0,0.25,-0.0323,0.0,-0.0323,4.8673,-0.0984,-0.013793,-0.042994,-0.000219
2015-04-20,TECL,TECL,0.75,0.0,0.25,0.038801,0.0,0.038801,5.0561,-0.0634,0.017123,0.051734,0.0
2015-04-21,TECL,TECL,0.75,0.0,0.25,-0.00235,0.0,-0.00235,5.0442,-0.0656,-0.000475,-0.003207,0.000219
2015-04-22,TECL,TECL,0.75,0.0,0.25,0.023139,0.0,0.023139,5.161,-0.044,0.010202,0.030926,-0.000219
2015-04-23,TECL,TECL,0.75,0.0,0.25,0.010488,0.0,0.010488,5.2151,-0.034,0.00399,0.013983,0.0
2015-04-24,TECL,TECL,0.75,0.0,0.25,0.017507,0.0,0.017507,5.3064,-0.0171,0.008652,0.023342,0.0
2015-04-27,TECL,TECL,0.75,0.0,0.25,0.008374,0.0,0.008374,5.3508,-0.0088,0.002784,0.011093,0.000219
2015-04-28,TECL,TECL,0.75,0.0,0.25,0.006629,0.0,0.006629,5.3863,-0.0023,0.003239,0.008839,0.0
2015-04-29,TECL,TECL,0.75,0.0,0.25,-0.010034,0.0,-0.010034,5.3323,-0.0123,-0.004841,-0.013378,0.0
2015-04-30,TECL,TECL,0.75,0.0,0.25,-0.030974,0.0,-0.030974,5.1671,-0.0429,-0.013896,-0.041299,0.0
2015-05-01,TECL,TECL,0.75,0.0,0.25,0.025836,0.0,0.025836,5.3006,-0.0182,0.012214,0.034521,-0.000219
2015-05-04,TECL,TECL,0.75,0.0,0.25,0.001696,0.0,0.001696,5.3096,-0.0165,0.000925,0.002189,0.000219
2015-05-05,TECL,TECL,0.75,0.0,0.25,-0.0338,0.0,-0.0338,5.1301,-0.0497,-0.01553,-0.045067,0.0
2015-05-06,TECL,TECL,0.75,0.0,0.25,-0.016773,0.0,-0.016773,5.0441,-0.0657,-0.008475,-0.022364,0.0
2015-05-07,TECL,TECL,0.75,0.0,0.25,0.013775,0.0,0.013775,5.1136,-0.0528,0.007363,0.01844,-0.000219
2015-05-08,TECL,TECL,0.75,0.0,0.25,0.030235,0.0,0.030235,5.2682,-0.0242,0.014376,0.04024,0.000219
2015-05-11,TECL,TECL,0.75,0.0,0.25,-0.011281,0.0,-0.011281,5.2087,-0.0352,-0.005109,-0.014969,-0.000219
2015-05-12,TECL,TECL,0.75,0.0,0.25,-0.010709,0.0,-0.010709,5.1529,-0.0455,-0.005375,-0.014352,0.000219
2015-05-13,TECL,TECL,0.75,0.0,0.25,0.010766,0.0,0.010766,5.2084,-0.0352,0.004227,0.014354,0.0
2015-05-14,TECL,TECL,0.75,0.0,0.25,0.03541,0.0,0.03541,5.3928,-0.0011,0.016137,0.047286,-0.000219
2015-05-15,TECL,TECL,0.75,0.0,0.25,-0.007861,0.0,-0.007861,5.3505,-0.0089,-0.003219,-0.010482,0.0
2015-05-18,TECL,TECL,0.75,0.0,0.25,0.009609,0.0,0.009609,5.4019,0.0,0.004844,0.012812,0.0
2015-05-19,TECL,TECL,0.75,0.0,0.25,-0.006325,0.0,-0.006325,5.3677,-0.0063,-0.002523,-0.008433,0.0
2015-05-20,TECL,TECL,0.75,0.0,0.25,0.004197,0.0,0.004197,5.3902,-0.0022,0.000687,0.005596,0.0
2015-05-21,TECL,TECL,0.75,0.0,0.25,0.007629,0.0,0.007629,5.4314,0.0,0.004374,0.010099,0.000219
2015-05-22,TECL,TECL,0.75,0.0,0.25,-0.000558,0.0,-0.000558,5.4283,-0.0006,-0.000684,-0.000744,0.0
2015-05-26,TECL,TECL,0.75,0.0,0.25,-0.029873,0.0,-0.029873,5.2662,-0.0304,-0.014452,-0.03983,0.0
2015-05-27,TECL,TECL,0.75,0.0,0.25,0.036581,0.0,0.036581,5.4588,0.0,0.018852,0.048774,0.0
2015-05-28,TECL,TECL,0.75,0.0,0.25,-0.00143,0.0,-0.00143,5.451,-0.0014,-0.002055,-0.001834,-0.000219
2015-05-29,TECL,TECL,0.75,0.0,0.25,-0.01561,0.0,-0.01561,5.3659,-0.017,-0.007326,-0.020814,0.0
2015-06-01,TECL,TECL,0.75,0.0,0.25,0.004768,0.0,0.004768,5.3915,-0.0123,0.002768,0.006357,0.0
2015-06-02,TECL,TECL,0.75,0.0,0.25,-0.004495,0.0,-0.004495,5.3673,-0.0168,-0.002069,-0.006067,0.000219
2015-06-03,TECL,TECL,0.75,0.0,0.25,0.004578,0.0,0.004578,5.3918,-0.0123,0.002073,0.006104,0.0
2015-06-04,TECL,TECL,0.75,0.0,0.25,-0.019966,0.0,-0.019966,5.2842,-0.032,-0.009198,-0.026549,-0.000219
2015-06-05,TECL,TECL,0.75,0.0,0.25,-0.007611,0.0,-0.007611,5.2439,-0.0394,-0.003251,-0.010149,0.0
2015-06-08,TECL,TECL,0.75,0.0,0.25,-0.024249,0.0,-0.024249,5.1168,-0.0627,-0.011175,-0.03226,-0.000218
2015-06-09,TECL,TECL,0.75,0.0,0.25,-0.004879,0.0,-0.004879,5.0918,-0.0672,-0.002355,-0.006506,0.0
2015-06-10,TECL,TECL,0.75,0.0,0.25,0.031776,0.0,0.031776,5.2536,-0.0376,0.015576,0.042295,0.000218
2015-06-11,TECL,TECL,0.75,0.0,0.25,0.002411,0.0,0.002411,5.2663,-0.0353,0.000466,0.003141,0.000219
2015-06-12,TECL,TECL,0.75,0.0,0.25,-0.019426,0.0,-0.019426,5.164,-0.054,-0.008826,-0.025828,-0.000219
2015-06-15,TECL,TECL,0.75,0.0,0.25,-0.013415,0.0,-0.013415,5.0947,-0.0667,-0.006092,-0.01796,0.000219
2015-06-16,TECL,TECL,0.75,0.0,0.25,0.012166,0.0,0.012166,5.1567,-0.0553,0.006602,0.016367,-0.000437
2015-06-17,TECL,TECL,0.75,0.0,0.25,0.004741,0.0,0.004741,5.1811,-0.0509,0.00047,0.006175,0.000437
2015-06-18,TECL,TECL,0.75,0.0,0.25,0.016695,0.0,0.016695,5.2676,-0.035,0.008897,0.022406,-0.000437
2015-06-19,TECL,TECL,0.75,0.0,0.25,-0.015252,0.0,-0.015252,5.1873,-0.0497,-0.008321,-0.020335,0.0
2015-06-22,TECL,TECL,0.75,0.0,0.25,0.014237,0.0,0.014237,5.2611,-0.0362,0.008226,0.018911,0.000218
2015-06-23,TECL,TECL,0.75,0.0,0.25,0.003657,0.0,0.003657,5.2804,-0.0327,0.000698,0.004949,-0.000218
2015-06-24,TECL,TECL,0.75,0.0,0.25,-0.010136,0.0,-0.010136,5.2269,-0.0425,-0.00466,-0.013515,0.0
2015-06-25,TECL,TECL,0.75,0.0,0.25,-0.005083,0.0,-0.005083,5.2003,-0.0474,-0.002341,-0.00685,0.000218
2015-06-26,TECL,TECL,0.75,0.0,0.25,-0.018576,0.0,-0.018576,5.1037,-0.0651,-0.008445,-0.024695,-0.000218
2015-06-29,TECL,TECL,0.75,0.0,0.25,-0.048152,0.0,-0.048152,4.8579,-0.1101,-0.021299,-0.064275,0.000218
2015-06-30,TECL,TECL,0.75,0.0,0.25,0.002186,0.0,0.002186,4.8686,-0.1081,0.000971,0.002914,0.0
2015-07-01,TECL,TECL,0.75,0.0,0.25,0.015231,0.0,0.015231,4.9427,-0.0945,0.00676,0.020308,0.0
2015-07-02,TECL,BIL,0.75,0.0,0.25,0.000657,0.0,0.000657,4.946,-0.0939,0.001442,0.000876,0.0
2015-07-06,BIL,BIL,0.0,0.0,1.0,0.0,0.00075,-0.00075,4.9422,-0.0946,-0.004075,-0.010256,0.0
2015-07-07,BIL,BIL,0.0,0.0,1.0,-0.000218,0.0,-0.000218,4.9412,-0.0948,0.001446,0.003759,-0.000218
2015-07-08,BIL,BIL,0.0,0.0,1.0,0.0,0.0,0.0,4.9412,-0.0948,-0.016332,-0.048626,0.0
2015-07-09,BIL,BIL,0.0,0.0,1.0,0.0,0.0,0.0,4.9412,-0.0948,-0.00391,-0.011711,0.0
2015-07-10,BIL,BIL,0.0,0.0,1.0,0.0,0.0,0.0,4.9412,-0.0948,0.015934,0.047131,0.0
2015-07-13,BIL,BIL,0.0,0.0,1.0,0.0,0.0,0.0,4.9412,-0.0948,0.015203,0.045585,0.0
2015-07-14,BIL,BIL,0.0,0.0,1.0,0.000218,0.0,0.000218,4.9422,-0.0946,0.003806,0.011404,0.000218
2015-07-15,BIL,BIL,0.0,0.0,1.0,-0.000218,0.0,-0.000218,4.9412,-0.0948,0.000236,0.000544,-0.000218
2015-07-16,BIL,BIL,0.0,0.0,1.0,0.0,0.0,0.0,4.9412,-0.0948,0.012783,0.037886,0.0
2015-07-17,BIL,BIL,0.0,0.0,1.0,0.000218,0.0,0.000218,4.9422,-0.0946,0.015426,0.044421,0.000218
2015-07-20,BIL,BIL,0.0,0.0,1.0,-0.000218,0.0,-0.000218,4.9412,-0.0948,0.005294,0.014437,-0.000218
2015-07-21,BIL,BIL,0.0,0.0,1.0,0.000218,0.0,0.000218,4.9422,-0.0946,-0.006637,-0.01621,0.000218
2015-07-22,BIL,BIL,0.0,0.0,1.0,-0.000218,0.0,-0.000218,4.9412,-0.0948,-0.016138,-0.04851,-0.000218
2015-07-23,BIL,BIL,0.0,0.0,1.0,0.0,0.0,0.0,4.9412,-0.0948,-0.00211,-0.008218,0.0
2015-07-24,BIL,BIL,0.0,0.0,1.0,0.000218,0.0,0.000218,4.9422,-0.0946,-0.005399,-0.015596,0.000218
2015-07-27,BIL,BIL,0.0,0.0,1.0,-0.000218,0.0,-0.000218,4.9412,-0.0948,-0.008973,-0.026245,-0.000218
2015-07-28,BIL,BIL,0.0,0.0,1.0,0.0,0.0,0.0,4.9412,-0.0948,0.009054,0.02581,0.0
2015-07-29,BIL,BIL,0.0,0.0,1.0,0.000218,0.0,0.000218,4.9422,-0.0946,0.006612,0.020797,0.000218
2015-07-30,BIL,BIL,0.0,0.0,1.0,0.0,0.0,0.0,4.9422,-0.0946,0.001872,0.003744,0.0
2015-07-31,BIL,BIL,0.0,0.0,1.0,0.0,0.0,0.0,4.9422,-0.0946,-0.003275,-0.008548,0.0
2015-08-03,BIL,BIL,0.0,0.0,1.0,0.0,0.0,0.0,4.9422,-0.0946,-0.005401,-0.015613,0.0
2015-08-04,BIL,BIL,0.0,0.0,1.0,-0.000218,0.0,-0.000218,4.9412,-0.0948,-0.005907,-0.0186,-0.000218
2015-08-05,BIL,BIL,0.0,0.0,1.0,0.0,0.0,0.0,4.9412,-0.0948,0.009739,0.026221,0.0
2015-08-06,BIL,BIL,0.0,0.0,1.0,0.0,0.0,0.0,4.9412,-0.0948,-0.00988,-0.026357,0.0
2015-08-07,BIL,BIL,0.0,0.0,1.0,0.0,0.0,0.0,4.9412,-0.0948,0.000717,-6.1e-05,0.0
2015-08-10,BIL,BIL,0.0,0.0,1.0,0.000218,0.0,0.000218,4.9422,-0.0946,0.015668,0.048037,0.000218
2015-08-11,BIL,BIL,0.0,0.0,1.0,-0.000218,0.0,-0.000218,4.9412,-0.0948,-0.01496,-0.044429,-0.000218
2015-08-12,BIL,BIL,0.0,0.0,1.0,0.0,0.0,0.0,4.9412,-0.0948,0.00451,0.011953,0.0
2015-08-13,BIL,BIL,0.0,0.0,1.0,0.0,0.0,0.0,4.9412,-0.0948,-0.002839,-0.006057,0.0
2015-08-14,BIL,BIL,0.0,0.0,1.0,-0.000219,0.0,-0.000219,4.9401,-0.095,0.004975,0.012463,-0.000219
2015-08-17,BIL,BIL,0.0,0.0,1.0,0.0,0.0,0.0,4.9401,-0.095,0.005662,0.017516,0.0
2015-08-18,BIL,BIL,0.0,0.0,1.0,0.000219,0.0,0.000219,4.9412,-0.0948,-0.005157,-0.014257,0.000219
2015-08-19,BIL,BIL,0.0,0.0,1.0,0.000218,0.0,0.000218,4.9422,-0.0946,-0.006599,-0.020705,0.000218
2015-08-20,BIL,BIL,0.0,0.0,1.0,-0.000218,0.0,-0.000218,4.9412,-0.0948,-0.024432,-0.070719,-0.000218
2015-08-21,BIL,BIL,0.0,0.0,1.0,0.0,0.0,0.0,4.9412,-0.0948,-0.038172,-0.112932,0.0
2015-08-24,BIL,BIL,0.0,0.0,1.0,0.0,0.0,0.0,4.9412,-0.0948,-0.035892,-0.11114,0.0
2015-08-25,BIL,BIL,0.0,0.0,1.0,0.0,0.0,0.0,4.9412,-0.0948,-0.011535,-0.032451,0.0
2015-08-26,BIL,BIL,0.0,0.0,1.0,0.000218,0.0,0.000218,4.9422,-0.0946,0.050398,0.147426,0.000218
2015-08-27,BIL,BIL,0.0,0.0,1.0,-0.000218,0.0,-0.000218,4.9412,-0.0948,0.023234,0.070175,-0.000218
2015-08-28,BIL,BIL,0.0,0.0,1.0,0.000218,0.0,0.000218,4.9422,-0.0946,0.00197,0.00352,0.000218
2015-08-31,BIL,BIL,0.0,0.0,1.0,0.0,0.0,0.0,4.9422,-0.0946,-0.009111,-0.023254,0.0
2015-09-01,BIL,BIL,0.0,0.0,1.0,0.0,0.0,0.0,4.9422,-0.0946,-0.032064,-0.095267,0.0
2015-09-02,BIL,BIL,0.0,0.0,1.0,-0.000218,0.0,-0.000218,4.9412,-0.0948,0.024134,0.071403,-0.000218
2015-09-03,BIL,BIL,0.0,0.0,1.0,0.000218,0.0,0.000218,4.9422,-0.0946,0.000756,0.0,0.000218
2015-09-04,BIL,BIL,0.0,0.0,1.0,-0.000218,0.0,-0.000218,4.9412,-0.0948,-0.015286,-0.045529,-0.000218
2015-09-08,BIL,BIL,0.0,0.0,1.0,0.0,0.0,0.0,4.9412,-0.0948,0.027987,0.080109,0.0
2015-09-09,BIL,BIL,0.0,0.0,1.0,0.0,0.0,0.0,4.9412,-0.0948,-0.013119,-0.035898,0.0
2015-09-10,BIL,BIL,0.0,0.0,1.0,-0.000219,0.0,-0.000219,4.9401,-0.095,0.010034,0.025047,-0.000219
2015-09-11,BIL,BIL,0.0,0.0,1.0,0.000219,0.0,0.000219,4.9412,-0.0948,0.004719,0.015853,0.000219
2015-09-14,BIL,BIL,0.0,0.0,1.0,0.0,0.0,0.0,4.9412,-0.0948,-0.002472,-0.006801,0.0
2015-09-15,BIL,BIL,0.0,0.0,1.0,-0.000219,0.0,-0.000219,4.9401,-0.095,0.012884,0.038958,-0.000219
2015-09-16,BIL,BIL,0.0,0.0,1.0,0.0,0.0,0.0,4.9401,-0.095,0.004161,0.011655,0.0
2015-09-17,BIL,BIL,0.0,0.0,1.0,0.0,0.0,0.0,4.9401,-0.095,-0.006823,-0.02119,0.0
2015-09-18,BIL,BIL,0.0,0.0,1.0,0.0,0.0,0.0,4.9401,-0.095,-0.012983,-0.038813,0.0
2015-09-21,BIL,BIL,0.0,0.0,1.0,0.000219,0.0,0.000219,4.9412,-0.0948,0.009981,0.030468,0.000219
2015-09-22,BIL,BIL,0.0,0.0,1.0,0.0,0.0,0.0,4.9412,-0.0948,-0.016807,-0.04725,0.0
2015-09-23,BIL,BIL,0.0,0.0,1.0,-0.000219,0.0,-0.000219,4.9401,-0.095,0.002514,0.003712,-0.000219
2015-09-24,BIL,BIL,0.0,0.0,1.0,0.0,0.0,0.0,4.9401,-0.095,0.0,0.001664,0.0
2015-09-25,BIL,BIL,0.0,0.0,1.0,0.0,0.0,0.0,4.9401,-0.095,-0.001755,-0.004689,0.0
2015-09-28,BIL,BIL,0.0,0.0,1.0,0.000219,0.0,0.000219,4.9412,-0.0948,-0.022855,-0.069407,0.000219
2015-09-29,BIL,BIL,0.0,0.0,1.0,0.0,0.0,0.0,4.9412,-0.0948,-0.00437,-0.010883,0.0
2015-09-30,BIL,BIL,0.0,0.0,1.0,-0.000219,0.0,-0.000219,4.9401,-0.095,0.019878,0.055294,-0.000219
2015-10-01,BIL,BIL,0.0,0.0,1.0,0.000219,0.0,0.000219,4.9412,-0.0948,0.000509,0.001719,0.000219
2015-10-02,BIL,BIL,0.0,0.0,1.0,0.0,0.0,0.0,4.9412,-0.0948,0.014168,0.03984,0.0
2015-10-05,BIL,BIL,0.0,0.0,1.0,-0.000219,0.0,-0.000219,4.9401,-0.095,0.01971,0.059285,-0.000219
2015-10-06,BIL,BIL,0.0,0.0,1.0,0.0,0.0,0.0,4.9401,-0.095,0.001226,0.005988,0.0
2015-10-07,BIL,BIL,0.0,0.0,1.0,0.0,0.0,0.0,4.9401,-0.095,0.00464,0.012489,0.0
2015-10-08,BIL,BIL,0.0,0.0,1.0,0.0,0.0,0.0,4.9401,-0.095,0.004624,0.016991,0.0
2015-10-09,BIL,BIL,0.0,0.0,1.0,0.0,0.0,0.0,4.9401,-0.095,0.004357,0.010626,0.0
2015-10-12,BIL,BIL,0.0,0.0,1.0,0.0,0.0,0.0,4.9401,-0.095,0.001208,0.003901,0.0
2015-10-13,BIL,BIL,0.0,0.0,1.0,0.0,0.0,0.0,4.9401,-0.095,-0.002169,-0.00718,0.0
2015-10-14,BIL,XLK,0.0,0.0,1.0,0.0,0.0,0.0,4.9401,-0.095,-0.001929,-0.003914,0.0
2015-10-15,XLK,XLK,0.0,1.0,0.0,0.012811,0.001,0.011811,4.9984,-0.0843,0.012811,0.034801,0.0
2015-10-16,XLK,XLK,0.0,1.0,0.0,0.001913,0.0,0.001913,5.008,-0.0826,0.001913,0.008464,0.0
2015-10-19,XLK,XLK,0.0,1.0,0.0,0.003808,0.0,0.003808,5.0271,-0.0791,0.003808,0.009925,0.0
2015-10-20,XLK,XLK,0.0,1.0,0.0,-0.00261,0.0,-0.00261,5.014,-0.0815,-0.00261,-0.008089,-0.000219
2015-10-21,XLK,XLK,0.0,1.0,0.0,-0.007613,0.0,-0.007613,4.9758,-0.0885,-0.007613,-0.02316,0.000219
2015-10-22,XLK,XLK,0.0,1.0,0.0,0.022539,0.0,0.022539,5.0879,-0.0679,0.022539,0.067278,0.0
2015-10-23,XLK,XLK,0.0,1.0,0.0,0.027909,0.0,0.027909,5.2299,-0.0419,0.027909,0.08134,0.0
2015-10-26,XLK,XLK,0.0,1.0,0.0,-0.003879,0.0,-0.003879,5.2096,-0.0456,-0.003879,-0.00746,-0.000219
2015-10-27,XLK,XLK,0.0,1.0,0.0,-0.005724,0.0,-0.005724,5.1798,-0.0511,-0.005724,-0.017851,0.0
2015-10-28,XLK,XLK,0.0,1.0,0.0,0.014973,0.0,0.014973,5.2574,-0.0369,0.014973,0.042669,0.0
2015-10-29,XLK,XLK,0.0,1.0,0.0,-0.002726,0.0,-0.002726,5.243,-0.0395,-0.002726,-0.007061,0.0
2015-10-30,XLK,XLK,0.0,1.0,0.0,-0.006597,0.0,-0.006597,5.2085,-0.0459,-0.006597,-0.018059,0.0
2015-11-02,XLK,XLK,0.0,1.0,0.0,0.008932,0.0,0.008932,5.255,-0.0373,0.008932,0.025634,0.0
2015-11-03,XLK,XLK,0.0,1.0,0.0,0.005224,0.0,0.005224,5.2824,-0.0323,0.005224,0.014901,0.000219
2015-11-04,XLK,XLK,0.0,1.0,0.0,0.001132,0.0,0.001132,5.2884,-0.0312,0.001132,0.001507,-0.000219
2015-11-05,XLK,XLK,0.0,1.0,0.0,-0.002934,0.0,-0.002934,5.2729,-0.0341,-0.002934,-0.005716,0.0
2015-11-06,XLK,XLK,0.0,1.0,0.0,0.003392,0.0,0.003392,5.2908,-0.0308,0.003392,0.008253,0.0
2015-11-09,XLK,TECL,0.0,1.0,0.0,-0.009695,0.0,-0.009695,5.2395,-0.0402,-0.009695,-0.027529,0.000219
2015-11-10,TECL,TECL,0.75,0.0,0.25,-0.013248,0.001,-0.014248,5.1648,-0.0539,-0.006607,-0.017591,-0.000219
2015-11-11,TECL,TECL,0.75,0.0,0.25,-0.001702,0.0,-0.001702,5.1561,-0.0555,-0.000461,-0.002342,0.000219
2015-11-12,TECL,TECL,0.75,0.0,0.25,-0.019687,0.0,-0.019687,5.0545,-0.0741,-0.008715,-0.026249,0.0
2015-11-13,TECL,TECL,0.75,0.0,0.25,-0.045143,0.0,-0.045143,4.8264,-0.1159,-0.019667,-0.060117,-0.000219
2015-11-16,TECL,TECL,0.75,0.0,0.25,0.034585,0.0,0.034585,4.9933,-0.0853,0.015341,0.04604,0.000219
2015-11-17,TECL,TECL,0.75,0.0,0.25,-5.5e-05,0.0,-5.5e-05,4.993,-0.0853,0.000236,0.0,-0.000219
2015-11-18,TECL,TECL,0.75,0.0,0.25,0.033212,0.0,0.033212,5.1588,-0.0549,0.015105,0.044283,0.0
2015-11-19,TECL,TECL,0.75,0.0,0.25,0.009418,0.0,0.009418,5.2074,-0.046,0.004579,0.012484,0.000219
2015-11-20,TECL,TECL,0.75,0.0,0.25,0.015746,0.0,0.015746,5.2894,-0.031,0.007291,0.021068,-0.000219
2015-11-23,TECL,TECL,0.75,0.0,0.25,-0.010684,0.0,-0.010684,5.2329,-0.0414,-0.005884,-0.014319,0.000219
2015-11-24,TECL,TECL,0.75,0.0,0.25,0.000135,0.0,0.000135,5.2336,-0.0413,0.000231,0.000253,-0.000219
2015-11-25,TECL,TECL,0.75,0.0,0.25,-0.00729,0.0,-0.00729,5.1955,-0.0482,-0.003185,-0.00972,0.0
2015-11-27,TECL,TECL,0.75,0.0,0.25,0.003735,0.0,0.003735,5.2149,-0.0447,0.002283,0.004908,0.000219
2015-11-30,TECL,TECL,0.75,0.0,0.25,0.00307,0.0,0.00307,5.2309,-0.0418,0.001136,0.004093,0.0
2015-12-01,TECL,TECL,0.75,0.0,0.25,0.019871,0.0,0.019871,5.3348,-0.0227,0.008869,0.026567,-0.000219
2015-12-02,TECL,TECL,0.75,0.0,0.25,-0.013803,0.0,-0.013803,5.2612,-0.0362,-0.006312,-0.018403,0.0
2015-12-03,TECL,TECL,0.75,0.0,0.25,-0.028465,0.0,-0.028465,5.1114,-0.0636,-0.01293,-0.038027,0.000219
2015-12-04,TECL,TECL,0.75,0.0,0.25,0.053944,0.0,0.053944,5.3872,-0.0131,0.024596,0.071926,0.0
2015-12-07,TECL,TECL,0.75,0.0,0.25,-0.009761,0.0,-0.009761,5.3346,-0.0228,-0.004939,-0.013014,0.0
2015-12-08,TECL,TECL,0.75,0.0,0.25,-0.005483,0.0,-0.005483,5.3053,-0.0281,-0.002479,-0.007237,-0.000219
2015-12-09,TECL,TECL,0.75,0.0,0.25,-0.032776,0.0,-0.032776,5.1314,-0.06,-0.014692,-0.043628,-0.000218
2015-12-10,TECL,TECL,0.75,0.0,0.25,0.00536,0.0,0.00536,5.1589,-0.0549,0.002755,0.007074,0.000218
2015-12-11,TECL,TECL,0.75,0.0,0.25,-0.046842,0.0,-0.046842,4.9173,-0.0992,-0.020821,-0.062529,0.000219
2015-12-14,TECL,TECL,0.75,0.0,0.25,0.015436,0.0,0.015436,4.9932,-0.0853,0.007712,0.020582,0.0
2015-12-15,TECL,TECL,0.75,0.0,0.25,0.010351,0.0,0.010351,5.0449,-0.0758,0.004402,0.013874,-0.000219
2015-12-16,TECL,TECL,0.75,0.0,0.25,0.031886,0.0,0.031886,5.2057,-0.0464,0.013623,0.042441,0.000219
2015-12-17,TECL,TECL,0.75,0.0,0.25,-0.035225,0.0,-0.035225,5.0224,-0.08,-0.015718,-0.046894,-0.000219
2015-12-18,TECL,TECL,0.75,0.0,0.25,-0.044342,0.0,-0.044342,4.7997,-0.1207,-0.01939,-0.059196,0.000219
2015-12-21,TECL,TECL,0.75,0.0,0.25,0.023493,0.0,0.023493,4.9124,-0.1001,0.010196,0.031397,-0.000219
2015-12-22,TECL,TECL,0.75,0.0,0.25,0.015819,0.0,0.015819,4.9901,-0.0859,0.007277,0.021091,0.0
2015-12-23,TECL,TECL,0.75,0.0,0.25,0.018419,0.0,0.018419,5.082,-0.069,0.008387,0.024559,0.0
2015-12-24,TECL,XLK,0.75,0.0,0.25,-0.00155,0.0,-0.00155,5.0742,-0.0705,-0.000462,-0.002139,0.000219
2015-12-28,XLK,XLK,0.0,1.0,0.0,-0.000691,0.001,-0.001691,5.0656,-0.072,-0.000691,-0.000264,-0.000219
2015-12-29,XLK,BIL,0.0,1.0,0.0,0.013649,0.0,0.013649,5.1347,-0.0594,0.013649,0.037628,0.0
2015-12-30,BIL,BIL,0.0,0.0,1.0,0.000219,0.001,-0.000781,5.1307,-0.0601,-0.008445,-0.022619,0.000219
2015-12-31,BIL,BIL,0.0,0.0,1.0,-0.000219,0.0,-0.000219,5.1296,-0.0603,-0.01404,-0.041331,-0.000219
2016-01-04,BIL,BIL,0.0,0.0,1.0,0.000219,0.0,0.000219,5.1307,-0.0601,-0.013075,-0.041995,0.000219
2016-01-05,BIL,XLK,0.0,0.0,1.0,0.0,0.0,0.0,5.1307,-0.0601,-0.002604,-0.009461,0.0
2016-01-06,XLK,XLK,0.0,1.0,0.0,-0.012335,0.001,-0.013335,5.0623,-0.0726,-0.012335,-0.033844,-0.000437
2016-01-07,XLK,BIL,0.0,1.0,0.0,-0.029536,0.0,-0.029536,4.9128,-0.1,-0.029536,-0.088611,0.000218
2016-01-08,BIL,BIL,0.0,0.0,1.0,0.0,0.001,-0.001,4.9079,-0.1009,-0.007922,-0.023972,0.0
2016-01-11,BIL,BIL,0.0,0.0,1.0,0.0,0.0,0.0,4.9079,-0.1009,0.006489,0.018819,0.0
2016-01-12,BIL,BIL,0.0,0.0,1.0,0.000219,0.0,0.000219,4.9089,-0.1007,0.011897,0.033052,0.000219
2016-01-13,BIL,BIL,0.0,0.0,1.0,-0.000219,0.0,-0.000219,4.9079,-0.1009,-0.026942,-0.076449,-0.000219
2016-01-14,BIL,BIL,0.0,0.0,1.0,-0.000218,0.0,-0.000218,4.9068,-0.1011,0.018879,0.05568,-0.000218
2016-01-15,BIL,BIL,0.0,0.0,1.0,0.0,0.0,0.0,4.9068,-0.1011,-0.028163,-0.087509,0.0
2016-01-19,BIL,BIL,0.0,0.0,1.0,0.000218,0.0,0.000218,4.9079,-0.1009,0.001016,0.004312,0.000218
2016-01-20,BIL,BIL,0.0,0.0,1.0,0.0,0.0,0.0,4.9079,-0.1009,-0.007872,-0.022888,0.0
2016-01-21,BIL,BIL,0.0,0.0,1.0,0.000219,0.0,0.000219,4.9089,-0.1007,0.005629,0.016852,0.000219
2016-01-22,BIL,BIL,0.0,0.0,1.0,-0.000437,0.0,-0.000437,4.9068,-0.1011,0.027741,0.080327,-0.000437
2016-01-25,BIL,BIL,0.0,0.0,1.0,0.000218,0.0,0.000218,4.9079,-0.1009,-0.011638,-0.036333,0.000218
2016-01-26,BIL,BIL,0.0,0.0,1.0,-0.000218,0.0,-0.000218,4.9068,-0.1011,0.009771,0.030086,-0.000218
2016-01-27,BIL,BIL,0.0,0.0,1.0,0.000218,0.0,0.000218,4.9079,-0.1009,-0.020597,-0.062149,0.000218
2016-01-28,BIL,BIL,0.0,0.0,1.0,0.0,0.0,0.0,4.9079,-0.1009,0.012925,0.040131,0.0
2016-01-29,BIL,BIL,0.0,0.0,1.0,0.000219,0.0,0.000219,4.9089,-0.1007,0.031516,0.093652,0.000219
2016-02-01,BIL,BIL,0.0,0.0,1.0,-0.000437,0.0,-0.000437,4.9068,-0.1011,0.003633,0.012268,-0.000437
2016-02-02,BIL,BIL,0.0,0.0,1.0,0.0,0.0,0.0,4.9068,-0.1011,-0.017878,-0.055358,0.0
2016-02-03,BIL,BIL,0.0,0.0,1.0,0.000218,0.0,0.000218,4.9079,-0.1009,-0.001227,-0.004929,0.000218
2016-02-04,BIL,BIL,0.0,0.0,1.0,0.000219,0.0,0.000219,4.9089,-0.1007,0.000985,0.004953,0.000219
2016-02-05,BIL,BIL,0.0,0.0,1.0,0.0,0.0,0.0,4.9089,-0.1007,-0.028052,-0.084297,0.0
2016-02-08,BIL,BIL,0.0,0.0,1.0,-0.000219,0.0,-0.000219,4.9079,-0.1009,-0.014428,-0.043852,-0.000219
2016-02-09,BIL,BIL,0.0,0.0,1.0,0.000219,0.0,0.000219,4.9089,-0.1007,-0.004628,-0.015522,0.000219
2016-02-10,BIL,BIL,0.0,0.0,1.0,-0.000219,0.0,-0.000219,4.9079,-0.1009,0.002064,0.007358,-0.000219
2016-02-11,BIL,BIL,0.0,0.0,1.0,0.000219,0.0,0.000219,4.9089,-0.1007,-0.002574,-0.009391,0.000219
2016-02-12,BIL,BIL,0.0,0.0,1.0,-0.000219,0.0,-0.000219,4.9079,-0.1009,0.013944,0.041249,-0.000219
2016-02-16,BIL,BIL,0.0,0.0,1.0,0.0,0.0,0.0,4.9079,-0.1009,0.017825,0.054061,0.0
2016-02-17,BIL,BIL,0.0,0.0,1.0,0.0,0.0,0.0,4.9079,-0.1009,0.020519,0.061039,0.0
2016-02-18,BIL,BIL,0.0,0.0,1.0,0.000219,0.0,0.000219,4.9089,-0.1007,-0.003927,-0.012193,0.000219
2016-02-19,BIL,BIL,0.0,0.0,1.0,0.0,0.0,0.0,4.9089,-0.1007,0.000741,0.003333,0.0
2016-02-22,BIL,BIL,0.0,0.0,1.0,0.0,0.0,0.0,4.9089,-0.1007,0.013282,0.038477,0.0
2016-02-23,BIL,BIL,0.0,0.0,1.0,-0.000219,0.0,-0.000219,4.9079,-0.1009,-0.015779,-0.046613,-0.000219
2016-02-24,BIL,BIL,0.0,0.0,1.0,0.000219,0.0,0.000219,4.9089,-0.1007,0.007645,0.023782,0.000219
2016-02-25,BIL,BIL,0.0,0.0,1.0,-0.000219,0.0,-0.000219,4.9079,-0.1009,0.01248,0.036628,-0.000219
2016-02-26,BIL,BIL,0.0,0.0,1.0,0.0,0.0,0.0,4.9079,-0.1009,-0.002655,-0.008199,0.0
2016-02-29,BIL,BIL,0.0,0.0,1.0,0.000219,0.0,0.000219,4.9089,-0.1007,-0.007029,-0.018146,0.000219
2016-03-01,BIL,BIL,0.0,0.0,1.0,0.0,0.0,0.0,4.9089,-0.1007,0.029778,0.084306,0.0
2016-03-02,BIL,BIL,0.0,0.0,1.0,-0.000219,0.0,-0.000219,4.9079,-0.1009,0.002843,0.009542,-0.000219
2016-03-03,BIL,BIL,0.0,0.0,1.0,0.000219,0.0,0.000219,4.9089,-0.1007,0.0,-0.001173,0.000219
2016-03-04,BIL,BIL,0.0,0.0,1.0,0.0,0.0,0.0,4.9089,-0.1007,0.002602,0.007113,0.0
2016-03-07,BIL,XLK,0.0,0.0,1.0,0.0,0.0,0.0,4.9089,-0.1007,-0.006132,-0.016783,0.0
2016-03-08,XLK,XLK,0.0,1.0,0.0,-0.006165,0.001,-0.007165,4.8738,-0.1072,-0.006165,-0.018256,-0.000219
2016-03-09,XLK,XLK,0.0,1.0,0.0,0.008589,0.0,0.008589,4.9156,-0.0995,0.008589,0.023798,0.000219
2016-03-10,XLK,XLK,0.0,1.0,0.0,-0.000946,0.0,-0.000946,4.911,-0.1004,-0.000946,-0.000918,0.0
2016-03-11,XLK,XLK,0.0,1.0,0.0,0.015398,0.0,0.015398,4.9866,-0.0865,0.015398,0.045614,-0.000219
2016-03-14,XLK,XLK,0.0,1.0,0.0,0.001163,0.0,0.001163,4.9924,-0.0854,0.001163,0.004049,0.0
2016-03-15,XLK,XLK,0.0,1.0,0.0,0.003732,0.0,0.003732,5.011,-0.082,0.003732,0.009909,0.0
2016-03-16,XLK,XLK,0.0,1.0,0.0,0.011602,0.0,0.011602,5.0692,-0.0714,0.011602,0.034015,0.000219
2016-03-17,XLK,XLK,0.0,1.0,0.0,0.003675,0.0,0.003675,5.0878,-0.068,0.003675,0.014966,-0.000219
2016-03-18,XLK,XLK,0.0,1.0,0.0,0.001607,0.0,0.001607,5.096,-0.0665,0.001607,0.001858,0.0
2016-03-21,XLK,XLK,0.0,1.0,0.0,0.003441,0.0,0.003441,5.1135,-0.0633,0.003441,0.010185,0.000219
2016-03-22,XLK,XLK,0.0,1.0,0.0,0.00023,0.0,0.00023,5.1147,-0.063,0.00023,0.00236,0.0
2016-03-23,XLK,XLK,0.0,1.0,0.0,-0.005717,0.0,-0.005717,5.0854,-0.0684,-0.005717,-0.017414,-0.000219
2016-03-24,XLK,XLK,0.0,1.0,0.0,0.002759,0.0,0.002759,5.0995,-0.0658,0.002759,0.005089,0.000219
2016-03-28,XLK,XLK,0.0,1.0,0.0,-0.002521,0.0,-0.002521,5.0866,-0.0682,-0.002521,-0.005063,0.0
2016-03-29,XLK,XLK,0.0,1.0,0.0,0.015627,0.0,0.015627,5.1661,-0.0536,0.015627,0.044617,0.0
2016-03-30,XLK,XLK,0.0,1.0,0.0,0.005887,0.0,0.005887,5.1965,-0.048,0.005887,0.018013,0.0
2016-03-31,XLK,XLK,0.0,1.0,0.0,-0.002026,0.0,-0.002026,5.186,-0.05,-0.002026,-0.003283,0.0
2016-04-01,XLK,XLK,0.0,1.0,0.0,0.007664,0.0,0.007664,5.2257,-0.0427,0.007664,0.021298,0.0
2016-04-04,XLK,XLK,0.0,1.0,0.0,-0.0038,0.0,-0.0038,5.2059,-0.0463,-0.0038,-0.01178,0.0
2016-04-05,XLK,XLK,0.0,1.0,0.0,-0.009657,0.0,-0.009657,5.1556,-0.0555,-0.009657,-0.029289,0.000219
2016-04-06,XLK,XLK,0.0,1.0,0.0,0.009751,0.0,0.009751,5.2059,-0.0463,0.009751,0.026668,0.0
2016-04-07,XLK,XLK,0.0,1.0,0.0,-0.014375,0.0,-0.014375,5.131,-0.06,-0.014375,-0.04085,-0.000219
2016-04-08,XLK,XLK,0.0,1.0,0.0,0.0,0.0,0.0,5.131,-0.06,0.0,-0.000521,0.000219
2016-04-11,XLK,TECL,0.0,1.0,0.0,-0.002735,0.0,-0.002735,5.117,-0.0626,-0.002735,-0.00579,-0.000219
2016-04-12,TECL,TECL,0.75,0.0,0.25,0.012295,0.001,0.011295,5.1748,-0.052,0.006853,0.016393,0.0
2016-04-13,TECL,TECL,0.75,0.0,0.25,0.025043,0.0,0.025043,5.3044,-0.0283,0.010214,0.033317,0.000219
2016-04-14,TECL,TECL,0.75,0.0,0.25,-0.000936,0.0,-0.000936,5.2994,-0.0292,-0.000226,-0.001248,0.0
2016-04-15,TECL,TECL,0.75,0.0,0.25,-0.008944,0.0,-0.008944,5.252,-0.0379,-0.003821,-0.011853,-0.000219
2016-04-18,TECL,TECL,0.75,0.0,0.25,0.008861,0.0,0.008861,5.2986,-0.0294,0.00429,0.011742,0.000219
2016-04-19,TECL,TECL,0.75,0.0,0.25,-0.011932,0.0,-0.011932,5.2354,-0.0409,-0.005617,-0.01591,0.0
2016-04-20,TECL,TECL,0.75,0.0,0.25,0.004042,0.0,0.004042,5.2565,-0.0371,0.002034,0.005389,0.0
2016-04-21,TECL,TECL,0.75,0.0,0.25,-0.007316,0.0,-0.007316,5.2181,-0.0441,-0.003607,-0.009682,-0.000219
2016-04-22,TECL,TECL,0.75,0.0,0.25,-0.036841,0.0,-0.036841,5.0258,-0.0793,-0.017417,-0.049194,0.000219
2016-04-25,TECL,TECL,0.75,0.0,0.25,-0.002491,0.0,-0.002491,5.0133,-0.0816,0.000232,-0.003249,-0.000219
2016-04-26,TECL,TECL,0.75,0.0,0.25,-0.009319,0.0,-0.009319,4.9666,-0.0902,-0.004835,-0.012499,0.000219
2016-04-27,TECL,TECL,0.75,0.0,0.25,-0.011332,0.0,-0.011332,4.9103,-0.1005,-0.004626,-0.015109,0.0
2016-04-28,TECL,TECL,0.75,0.0,0.25,-0.029745,0.0,-0.029745,4.7642,-0.1272,-0.012546,-0.039659,0.0
2016-04-29,TECL,TECL,0.75,0.0,0.25,-0.018073,0.0,-0.018073,4.6781,-0.143,-0.008704,-0.02417,0.000218
2016-05-02,TECL,TECL,0.75,0.0,0.25,0.014265,0.0,0.014265,4.7449,-0.1308,0.007358,0.019093,-0.000218
2016-05-03,TECL,TECL,0.75,0.0,0.25,-0.017933,0.0,-0.017933,4.6598,-0.1464,-0.00919,-0.023983,0.000218
2016-05-04,TECL,TECL,0.75,0.0,0.25,-0.007698,0.0,-0.007698,4.6239,-0.1529,-0.003094,-0.010192,-0.000218
2016-05-05,TECL,TECL,0.75,0.0,0.25,-0.000225,0.0,-0.000225,4.6229,-0.1531,0.00048,-0.0003,0.0
2016-05-06,TECL,TECL,0.75,0.0,0.25,0.015954,0.0,0.015954,4.6966,-0.1396,0.007392,0.021199,0.000218
2016-05-09,TECL,TECL,0.75,0.0,0.25,-0.000661,0.0,-0.000661,4.6935,-0.1402,0.0,-0.000881,0.0
2016-05-10,TECL,TECL,0.75,0.0,0.25,0.030039,0.0,0.030039,4.8345,-0.1144,0.013014,0.040052,0.0
2016-05-11,TECL,XLK,0.75,0.0,0.25,-0.014456,0.0,-0.014456,4.7646,-0.1272,-0.007243,-0.019129,-0.000437
2016-05-12,XLK,XLK,0.0,1.0,0.0,-0.002825,0.001,-0.003825,4.7464,-0.1305,-0.002825,-0.007846,0.0
2016-05-13,XLK,XLK,0.0,1.0,0.0,-0.003772,0.0,-0.003772,4.7285,-0.1338,-0.003772,-0.011716,0.0
2016-05-16,XLK,XLK,0.0,1.0,0.0,0.013974,0.0,0.013974,4.7946,-0.1217,0.013974,0.037068,0.0
2016-05-17,XLK,XLK,0.0,1.0,0.0,-0.010047,0.0,-0.010047,4.7464,-0.1305,-0.010047,-0.026894,0.0
2016-05-18,XLK,XLK,0.0,1.0,0.0,0.001889,0.0,0.001889,4.7554,-0.1289,0.001889,0.007961,0.000219
2016-05-19,XLK,XLK,0.0,1.0,0.0,-0.005418,0.0,-0.005418,4.7296,-0.1336,-0.005418,-0.017498,-0.000219
2016-05-20,XLK,XLK,0.0,1.0,0.0,0.012081,0.0,0.012081,4.7867,-0.1231,0.012081,0.030849,0.000219
2016-05-23,XLK,XLK,0.0,1.0,0.0,-0.001873,0.0,-0.001873,4.7778,-0.1248,-0.001873,-0.003741,0.000218
2016-05-24,XLK,XLK,0.0,1.0,0.0,0.018761,0.0,0.018761,4.8674,-0.1083,0.018761,0.05928,-0.000437
2016-05-25,XLK,XLK,0.0,1.0,0.0,0.006903,0.0,0.006903,4.901,-0.1022,0.006903,0.021568,0.000219
2016-05-26,XLK,XLK,0.0,1.0,0.0,0.003198,0.0,0.003198,4.9167,-0.0993,0.003198,0.007057,0.0
2016-05-27,XLK,XLK,0.0,1.0,0.0,0.004787,0.0,0.004787,4.9402,-0.095,0.004787,0.016322,0.000218
2016-05-31,XLK,TECL,0.0,1.0,0.0,0.002037,0.0,0.002037,4.9503,-0.0932,0.002037,0.004108,0.0
2016-06-01,TECL,TECL,0.75,0.0,0.25,-0.005987,0.001,-0.006987,4.9157,-0.0995,-0.002488,-0.007983,0.0
2016-06-02,TECL,TECL,0.75,0.0,0.25,-0.002802,0.0,-0.002802,4.9019,-0.102,-0.000908,-0.003663,-0.000218
2016-06-03,TECL,TECL,0.75,0.0,0.25,-0.007241,0.0,-0.007241,4.8664,-0.1085,-0.002269,-0.009727,0.000218
2016-06-06,TECL,TECL,0.75,0.0,0.25,0.007421,0.0,0.007421,4.9026,-0.1019,0.001821,0.009822,0.000219
2016-06-07,TECL,TECL,0.75,0.0,0.25,0.007686,0.0,0.007686,4.9402,-0.095,0.004087,0.010248,0.0
2016-06-08,TECL,TECL,0.75,0.0,0.25,0.005459,0.0,0.005459,4.9672,-0.0901,0.002038,0.007278,0.0
2016-06-09,TECL,TECL,0.75,0.0,0.25,0.000872,0.0,0.000872,4.9715,-0.0893,0.000227,0.001309,-0.000437
2016-06-10,TECL,TECL,0.75,0.0,0.25,-0.019561,0.0,-0.019561,4.8743,-0.1071,-0.007679,-0.026081,0.0
2016-06-13,TECL,TECL,0.75,0.0,0.25,-0.022666,0.0,-0.022666,4.7638,-0.1273,-0.011145,-0.030222,0.0
2016-06-14,TECL,TECL,0.75,0.0,0.25,0.002685,0.0,0.002685,4.7766,-0.125,0.002298,0.00358,0.0
2016-06-15,TECL,TECL,0.75,0.0,0.25,-0.003282,0.0,-0.003282,4.7609,-0.1278,-0.002524,-0.004376,0.0
2016-06-16,TECL,TECL,0.75,0.0,0.25,0.004773,0.0,0.004773,4.7836,-0.1237,0.002073,0.006292,0.000218
2016-06-17,TECL,XLK,0.75,0.0,0.25,-0.01778,0.0,-0.01778,4.6986,-0.1393,-0.006667,-0.023634,-0.000218
2016-06-20,XLK,XLK,0.0,1.0,0.0,0.00418,0.001,0.00318,4.7135,-0.1365,0.00418,0.015596,0.000218
2016-06-21,XLK,XLK,0.0,1.0,0.0,0.006941,0.0,0.006941,4.7462,-0.1305,0.006941,0.018887,0.0
2016-06-22,XLK,XLK,0.0,1.0,0.0,-0.003449,0.0,-0.003449,4.7299,-0.1335,-0.003449,-0.010482,0.0
2016-06-23,XLK,XLK,0.0,1.0,0.0,0.013603,0.0,0.013603,4.7942,-0.1217,0.013603,0.043241,0.0
2016-06-24,XLK,XLK,0.0,1.0,0.0,-0.038435,0.0,-0.038435,4.6099,-0.1555,-0.038435,-0.115713,-0.000218
2016-06-27,XLK,XLK,0.0,1.0,0.0,-0.020107,0.0,-0.020107,4.5173,-0.1725,-0.020107,-0.05894,0.0
2016-06-28,XLK,XLK,0.0,1.0,0.0,0.019794,0.0,0.019794,4.6067,-0.1561,0.019794,0.054462,0.0
2016-06-29,XLK,XLK,0.0,1.0,0.0,0.015383,0.0,0.015383,4.6775,-0.1431,0.015383,0.048119,0.0
2016-06-30,XLK,XLK,0.0,1.0,0.0,0.010955,0.0,0.010955,4.7288,-0.1337,0.010955,0.032873,0.0
2016-07-01,XLK,XLK,0.0,1.0,0.0,0.002308,0.0,0.002308,4.7397,-0.1317,0.002308,0.007217,0.000437
2016-07-05,XLK,XLK,0.0,1.0,0.0,-0.007363,0.0,-0.007363,4.7048,-0.1381,-0.007363,-0.022125,0.0
2016-07-06,XLK,XLK,0.0,1.0,0.0,0.006954,0.0,0.006954,4.7375,-0.1321,0.006954,0.017812,-0.000219
2016-07-07,XLK,XLK,0.0,1.0,0.0,0.0,0.0,0.0,4.7375,-0.1321,0.0,0.000271,0.000219
2016-07-08,XLK,XLK,0.0,1.0,0.0,0.015649,0.0,0.015649,4.8117,-0.1186,0.015649,0.048422,-0.000219
2016-07-11,XLK,XLK,0.0,1.0,0.0,0.005892,0.0,0.005892,4.84,-0.1134,0.005892,0.016716,0.000219
2016-07-12,XLK,XLK,0.0,1.0,0.0,0.008112,0.0,0.008112,4.8793,-0.1062,0.008112,0.02438,-0.000437
2016-07-13,XLK,XLK,0.0,1.0,0.0,0.000224,0.0,0.000224,4.8804,-0.106,0.000224,0.000993,0.000218
2016-07-14,XLK,XLK,0.0,1.0,0.0,0.006475,0.0,0.006475,4.912,-0.1002,0.006475,0.020773,0.000219
2016-07-15,XLK,XLK,0.0,1.0,0.0,-0.000884,0.0,-0.000884,4.9076,-0.101,-0.000884,-0.003428,-0.000219
2016-07-18,XLK,TECL,0.0,1.0,0.0,0.006661,0.0,0.006661,4.9403,-0.095,0.006661,0.018714,0.0
2016-07-19,TECL,TECL,0.75,0.0,0.25,-0.003215,0.001,-0.004215,4.9195,-0.0988,-0.002204,-0.00436,0.000219
2016-07-20,TECL,TECL,0.75,0.0,0.25,0.028017,0.0,0.028017,5.0573,-0.0735,0.013047,0.037355,0.0
2016-07-21,TECL,TECL,0.75,0.0,0.25,-0.011564,0.0,-0.011564,4.9988,-0.0843,-0.00524,-0.015418,0.0
2016-07-22,TECL,TECL,0.75,0.0,0.25,0.012647,0.0,0.012647,5.062,-0.0727,0.005927,0.016862,0.0
2016-07-25,TECL,TECL,0.75,0.0,0.25,-0.003217,0.0,-0.003217,5.0458,-0.0757,-0.00131,-0.004216,-0.000219
2016-07-26,TECL,TECL,0.75,0.0,0.25,0.005461,0.0,0.005461,5.0733,-0.0706,0.002187,0.007281,0.0
2016-07-27,TECL,TECL,0.75,0.0,0.25,0.016645,0.0,0.016645,5.1578,-0.0551,0.008282,0.02212,0.000219
2016-07-28,TECL,TECL,0.75,0.0,0.25,0.00508,0.0,0.00508,5.184,-0.0503,0.000649,0.006846,-0.000219
2016-07-29,TECL,TECL,0.75,0.0,0.25,0.005304,0.0,0.005304,5.2115,-0.0453,0.003677,0.006999,0.000219
2016-08-01,TECL,TECL,0.75,0.0,0.25,0.004842,0.0,0.004842,5.2367,-0.0407,0.001935,0.00653,-0.000219
2016-08-02,TECL,TECL,0.75,0.0,0.25,-0.01703,0.0,-0.01703,5.1475,-0.057,-0.007518,-0.022779,0.000219
2016-08-03,TECL,TECL,0.75,0.0,0.25,0.007319,0.0,0.007319,5.1852,-0.0501,0.003462,0.009832,-0.000219
2016-08-04,TECL,TECL,0.75,0.0,0.25,0.011523,0.0,0.011523,5.2449,-0.0392,0.005394,0.015364,0.0
2016-08-05,TECL,TECL,0.75,0.0,0.25,0.022072,0.0,0.022072,5.3607,-0.018,0.009656,0.029429,0.0
2016-08-08,TECL,TECL,0.75,0.0,0.25,0.000965,0.0,0.000965,5.3659,-0.017,-0.000213,0.001286,0.0
2016-08-09,TECL,TECL,0.75,0.0,0.25,0.00389,0.0,0.00389,5.3867,-0.0132,0.002128,0.005187,0.0
2016-08-10,TECL,TECL,0.75,0.0,0.25,-0.006604,0.0,-0.006604,5.3512,-0.0197,-0.003185,-0.008805,0.0
2016-08-11,TECL,TECL,0.75,0.0,0.25,0.008615,0.0,0.008615,5.3973,-0.0113,0.003621,0.011486,0.0
2016-08-12,TECL,TECL,0.75,0.0,0.25,-0.003364,0.0,-0.003364,5.3791,-0.0146,-0.001061,-0.004486,0.0
2016-08-15,TECL,TECL,0.75,0.0,0.25,0.009534,0.0,0.009534,5.4304,-0.0052,0.004882,0.012711,0.0
2016-08-16,TECL,TECL,0.75,0.0,0.25,-0.014525,0.0,-0.014525,5.3515,-0.0197,-0.007395,-0.019366,0.0
2016-08-17,TECL,TECL,0.75,0.0,0.25,-0.000985,0.0,-0.000985,5.3463,-0.0206,-0.000426,-0.001313,0.0
2016-08-18,TECL,TECL,0.75,0.0,0.25,-0.000914,0.0,-0.000914,5.3414,-0.0215,0.000426,-0.001291,0.000219
2016-08-19,TECL,TECL,0.75,0.0,0.25,0.002064,0.0,0.002064,5.3524,-0.0195,0.000639,0.002825,-0.000219
2016-08-22,TECL,TECL,0.75,0.0,0.25,-0.000985,0.0,-0.000985,5.3471,-0.0205,0.0,-0.001313,0.0
2016-08-23,TECL,TECL,0.75,0.0,0.25,0.008158,0.0,0.008158,5.3907,-0.0125,0.003619,0.010877,0.0
2016-08-24,TECL,TECL,0.75,0.0,0.25,-0.010747,0.0,-0.010747,5.3328,-0.0231,-0.00551,-0.014402,0.000219
2016-08-25,TECL,TECL,0.75,0.0,0.25,0.00322,0.0,0.00322,5.35,-0.0199,0.002128,0.004367,-0.000219
2016-08-26,TECL,TECL,0.75,0.0,0.25,0.001129,0.0,0.001129,5.356,-0.0188,0.000426,0.001505,0.0
2016-08-29,TECL,TECL,0.75,0.0,0.25,0.007855,0.0,0.007855,5.3981,-0.0111,0.003824,0.010401,0.000219
2016-08-30,TECL,TECL,0.75,0.0,0.25,-0.006675,0.0,-0.006675,5.3621,-0.0177,-0.003386,-0.008901,0.0
2016-08-31,TECL,TECL,0.75,0.0,0.25,-0.002019,0.0,-0.002019,5.3512,-0.0197,-0.001701,-0.002692,0.0
2016-09-01,TECL,TECL,0.75,0.0,0.25,0.005374,0.0,0.005374,5.38,-0.0144,0.003195,0.007166,0.0
2016-09-02,TECL,TECL,0.75,0.0,0.25,0.009428,0.0,0.009428,5.4307,-0.0051,0.004454,0.012498,0.000219
2016-09-06,TECL,TECL,0.75,0.0,0.25,0.011331,0.0,0.011331,5.4923,0.0,0.005069,0.015108,0.0
2016-09-07,TECL,TECL,0.75,0.0,0.25,0.004497,0.0,0.004497,5.5169,0.0,0.002519,0.006068,-0.000219
2016-09-08,TECL,TECL,0.75,0.0,0.25,-0.017029,0.0,-0.017029,5.423,-0.017,-0.008173,-0.022705,0.0
2016-09-09,TECL,TECL,0.75,0.0,0.25,-0.054648,0.0,-0.054648,5.1266,-0.0707,-0.024513,-0.072937,0.000219
2016-09-12,TECL,TECL,0.75,0.0,0.25,0.038374,0.0,0.038374,5.3234,-0.0351,0.016682,0.051311,-0.000438
2016-09-13,TECL,TECL,0.75,0.0,0.25,-0.017841,0.0,-0.017841,5.2284,-0.0523,-0.007247,-0.023862,0.000219
2016-09-14,TECL,TECL,0.75,0.0,0.25,0.012099,0.0,0.012099,5.2917,-0.0408,0.004722,0.016132,0.0
2016-09-15,TECL,TECL,0.75,0.0,0.25,0.037232,0.0,0.037232,5.4887,-0.0051,0.01645,0.049643,0.0
2016-09-16,TECL,TECL,0.75,0.0,0.25,-0.009627,0.0,-0.009627,5.4358,-0.0147,-0.003674,-0.012836,0.0
2016-09-19,TECL,TECL,0.75,0.0,0.25,-0.005746,0.0,-0.005746,5.4046,-0.0204,-0.001905,-0.007661,0.0
2016-09-20,TECL,TECL,0.75,0.0,0.25,-0.000637,0.0,-0.000637,5.4012,-0.021,-0.000635,-0.00085,0.0
2016-09-21,TECL,TECL,0.75,0.0,0.25,0.024793,0.0,0.024793,5.5351,0.0,0.011252,0.033057,0.0
2016-09-22,TECL,TECL,0.75,0.0,0.25,0.013778,0.0,0.013778,5.6113,0.0,0.006094,0.018298,0.000219
2016-09-23,TECL,TECL,0.75,0.0,0.25,-0.017908,0.0,-0.017908,5.5108,-0.0179,-0.008771,-0.023877,0.0
2016-09-26,TECL,TECL,0.75,0.0,0.25,-0.015049,0.0,-0.015049,5.4279,-0.0327,-0.005896,-0.020066,0.0
2016-09-27,TECL,TECL,0.75,0.0,0.25,0.024426,0.0,0.024426,5.5605,-0.0091,0.011017,0.032641,-0.000219
2016-09-28,TECL,TECL,0.75,0.0,0.25,0.004946,0.0,0.004946,5.588,-0.0042,0.001884,0.006595,0.0
2016-09-29,TECL,TECL,0.75,0.0,0.25,-0.012623,0.0,-0.012623,5.5175,-0.0167,-0.006063,-0.01683,0.0
2016-09-30,TECL,TECL,0.75,0.0,0.25,0.009774,0.0,0.009774,5.5714,-0.0071,0.005262,0.01296,0.000219
2016-10-03,TECL,TECL,0.75,0.0,0.25,-0.00686,0.0,-0.00686,5.5332,-0.0139,-0.00293,-0.009074,-0.000219
2016-10-04,TECL,TECL,0.75,0.0,0.25,-0.007122,0.0,-0.007122,5.4938,-0.021,-0.003571,-0.009569,0.000219
2016-10-05,TECL,TECL,0.75,0.0,0.25,0.007714,0.0,0.007714,5.5361,-0.0134,0.003584,0.010285,0.0
2016-10-06,TECL,TECL,0.75,0.0,0.25,0.005147,0.0,0.005147,5.5646,-0.0083,0.002306,0.006863,0.0
2016-10-07,TECL,TECL,0.75,0.0,0.25,-0.006033,0.0,-0.006033,5.5311,-0.0143,-0.002723,-0.008043,0.0
2016-10-10,TECL,TECL,0.75,0.0,0.25,0.015135,0.0,0.015135,5.6148,0.0,0.006931,0.02018,0.0
2016-10-11,TECL,TECL,0.75,0.0,0.25,-0.024085,0.0,-0.024085,5.4796,-0.0241,-0.011263,-0.03204,-0.000219
2016-10-12,TECL,TECL,0.75,0.0,0.25,0.002438,0.0,0.002438,5.4929,-0.0217,0.001687,0.003178,0.000219
2016-10-13,TECL,TECL,0.75,0.0,0.25,-0.013287,0.0,-0.013287,5.4199,-0.0347,-0.006316,-0.017642,-0.000219
2016-10-14,TECL,TECL,0.75,0.0,0.25,0.008491,0.0,0.008491,5.466,-0.0265,0.003816,0.011322,0.0
2016-10-17,TECL,TECL,0.75,0.0,0.25,-0.005237,0.0,-0.005237,5.4373,-0.0316,-0.002114,-0.006982,0.0
2016-10-18,TECL,TECL,0.75,0.0,0.25,0.013588,0.0,0.013588,5.5112,-0.0184,0.005501,0.018117,0.0
2016-10-19,TECL,TECL,0.75,0.0,0.25,0.001298,0.0,0.001298,5.5184,-0.0172,0.001892,0.001657,0.000219
2016-10-20,TECL,TECL,0.75,0.0,0.25,-0.009139,0.0,-0.009139,5.4679,-0.0262,-0.004619,-0.012112,-0.000219
2016-10-21,TECL,TECL,0.75,0.0,0.25,0.004606,0.0,0.004606,5.4931,-0.0217,0.002743,0.006142,0.0
2016-10-24,TECL,TECL,0.75,0.0,0.25,0.022683,0.0,0.022683,5.6177,0.0,0.00968,0.030244,0.0
2016-10-25,TECL,TECL,0.75,0.0,0.25,-0.007339,0.0,-0.007339,5.5765,-0.0073,-0.003545,-0.009785,0.0
2016-10-26,TECL,TECL,0.75,0.0,0.25,-0.011692,0.0,-0.011692,5.5113,-0.0189,-0.005647,-0.015662,0.000219
2016-10-27,TECL,TECL,0.75,0.0,0.25,-0.005546,0.0,-0.005546,5.4807,-0.0244,-0.001262,-0.007322,-0.000219
2016-10-28,TECL,TECL,0.75,0.0,0.25,-0.002468,0.0,-0.002468,5.4672,-0.0268,-0.001049,-0.003363,0.000219
2016-10-31,TECL,TECL,0.75,0.0,0.25,0.000369,0.0,0.000369,5.4692,-0.0264,-0.000425,0.000419,0.000218
2016-11-01,TECL,TECL,0.75,0.0,0.25,-0.019544,0.0,-0.019544,5.3623,-0.0455,-0.008642,-0.025986,-0.000218
2016-11-02,TECL,TECL,0.75,0.0,0.25,-0.014277,0.0,-0.014277,5.2858,-0.0591,-0.006385,-0.019108,0.000218
2016-11-03,TECL,TECL,0.75,0.0,0.25,-0.019139,0.0,-0.019139,5.1846,-0.0771,-0.009631,-0.025446,-0.000218
2016-11-04,TECL,TECL,0.75,0.0,0.25,-0.007779,0.0,-0.007779,5.1443,-0.0843,-0.001729,-0.010444,0.000218
2016-11-07,TECL,TECL,0.75,0.0,0.25,0.048823,0.0,0.048823,5.3954,-0.0396,0.021652,0.06517,-0.000218
2016-11-08,TECL,TECL,0.75,0.0,0.25,0.011362,0.0,0.011362,5.4567,-0.0287,0.004873,0.015076,0.000218
2016-11-09,TECL,TECL,0.75,0.0,0.25,-0.003927,0.0,-0.003927,5.4353,-0.0325,-0.001266,-0.005091,-0.000437
2016-11-10,TECL,TECL,0.75,0.0,0.25,-0.036476,0.0,-0.036476,5.237,-0.0678,-0.016051,-0.048635,0.0
2016-11-11,TECL,TECL,0.75,0.0,0.25,0.009476,0.0,0.009476,5.2867,-0.0589,0.003005,0.01278,-0.000437
2016-11-14,TECL,TECL,0.75,0.0,0.25,-0.035921,0.0,-0.035921,5.0968,-0.0927,-0.015192,-0.04804,0.000437
2016-11-15,TECL,TECL,0.75,0.0,0.25,0.032491,0.0,0.032491,5.2624,-0.0633,0.014127,0.043248,0.000219
2016-11-16,TECL,TECL,0.75,0.0,0.25,0.020403,0.0,0.020403,5.3697,-0.0441,0.009213,0.027203,0.0
2016-11-17,TECL,TECL,0.75,0.0,0.25,0.014866,0.0,0.014866,5.4496,-0.0299,0.006368,0.019749,0.000218
2016-11-18,TECL,TECL,0.75,0.0,0.25,-0.003251,0.0,-0.003251,5.4318,-0.0331,-0.000841,-0.004262,-0.000218
2016-11-21,TECL,TECL,0.75,0.0,0.25,0.022699,0.0,0.022699,5.5551,-0.0111,0.010135,0.030338,-0.000219
2016-11-22,TECL,TECL,0.75,0.0,0.25,0.007156,0.0,0.007156,5.5949,-0.0041,0.003135,0.009541,0.0
2016-11-23,TECL,TECL,0.75,0.0,0.25,-0.009852,0.0,-0.009852,5.5398,-0.0139,-0.00396,-0.013136,0.0
2016-11-25,TECL,TECL,0.75,0.0,0.25,0.008784,0.0,0.008784,5.5884,-0.0052,0.004185,0.011639,0.000219
2016-11-28,TECL,TECL,0.75,0.0,0.25,0.003037,0.0,0.003037,5.6054,-0.0022,0.000831,0.004122,-0.000219
2016-11-29,TECL,TECL,0.75,0.0,0.25,0.001692,0.0,0.001692,5.6149,-0.0005,0.000627,0.002255,0.0
2016-11-30,TECL,TECL,0.75,0.0,0.25,-0.027443,0.0,-0.027443,5.4608,-0.0279,-0.011857,-0.03659,0.0
2016-12-01,TECL,TECL,0.75,0.0,0.25,-0.046694,0.0,-0.046694,5.2058,-0.0733,-0.020635,-0.062412,0.00046
2016-12-02,TECL,TECL,0.75,0.0,0.25,0.007755,0.0,0.007755,5.2462,-0.0661,0.003657,0.010414,-0.000219
2016-12-05,TECL,TECL,0.75,0.0,0.25,0.021673,0.0,0.021673,5.3599,-0.0459,0.009636,0.028897,0.0
2016-12-06,TECL,TECL,0.75,0.0,0.25,0.00692,0.0,0.00692,5.397,-0.0393,0.00297,0.009154,0.000219
2016-12-07,TECL,TECL,0.75,0.0,0.25,0.042066,0.0,0.042066,5.624,0.0,0.019035,0.056089,0.0
2016-12-08,TECL,TECL,0.75,0.0,0.25,0.008128,0.0,0.008128,5.6697,0.0,0.002492,0.010838,0.0
2016-12-09,TECL,TECL,0.75,0.0,0.25,0.013947,0.0,0.013947,5.7488,0.0,0.007246,0.018596,0.0
2016-12-12,TECL,TECL,0.75,0.0,0.25,-0.00541,0.0,-0.00541,5.7177,-0.0054,-0.003082,-0.007141,-0.000219
2016-12-13,TECL,TECL,0.75,0.0,0.25,0.026729,0.0,0.026729,5.8705,0.0,0.012578,0.035566,0.000219
2016-12-14,TECL,TECL,0.75,0.0,0.25,-0.006515,0.0,-0.006515,5.8323,-0.0065,-0.003464,-0.008687,0.0
2016-12-15,TECL,TECL,0.75,0.0,0.25,0.008324,0.0,0.008324,5.8808,0.0,0.004499,0.011098,0.0
2016-12-16,TECL,TECL,0.75,0.0,0.25,-0.014199,0.0,-0.014199,5.7973,-0.0142,-0.007236,-0.01886,-0.000219
2016-12-19,TECL,TECL,0.75,0.0,0.25,0.0152,0.0,0.0152,5.8854,0.0,0.007208,0.020194,0.000219
2016-12-20,TECL,TECL,0.75,0.0,0.25,0.007598,0.0,0.007598,5.9301,0.0,0.003677,0.010204,-0.000219
2016-12-21,TECL,TECL,0.75,0.0,0.25,-0.003937,0.0,-0.003937,5.9068,-0.0039,-0.002038,-0.005323,0.000219
2016-12-22,TECL,TECL,0.75,0.0,0.25,-0.00538,0.0,-0.00538,5.875,-0.0093,-0.002038,-0.0071,-0.000219
2016-12-23,TECL,TECL,0.75,0.0,0.25,0.001019,0.0,0.001019,5.881,-0.0083,0.001023,0.001358,0.0
2016-12-27,TECL,TECL,0.75,0.0,0.25,0.009877,0.0,0.009877,5.9391,0.0,0.00408,0.013096,0.000219
2016-12-28,TECL,TECL,0.75,0.0,0.25,-0.018671,0.0,-0.018671,5.8282,-0.0187,-0.008948,-0.024891,-1.4e-05
2016-12-29,TECL,TECL,0.75,0.0,0.25,-0.000685,0.0,-0.000685,5.8242,-0.0193,0.000208,-0.000987,0.000219
2016-12-30,TECL,TECL,0.75,0.0,0.25,-0.019418,0.0,-0.019418,5.7111,-0.0384,-0.007796,-0.025745,-0.000438
2017-01-03,TECL,TECL,0.75,0.0,0.25,0.02173,0.0,0.02173,5.8352,-0.0175,0.008888,0.028827,0.000438
2017-01-04,TECL,TECL,0.75,0.0,0.25,0.006716,0.0,0.006716,5.8744,-0.0109,0.003485,0.008954,0.0
2017-01-05,TECL,TECL,0.75,0.0,0.25,0.00399,0.0,0.00399,5.8978,-0.0069,0.001635,0.005393,-0.000219
2017-01-06,TECL,TECL,0.75,0.0,0.25,0.015022,0.0,0.015022,5.9864,0.0,0.007339,0.019956,0.000219
2017-01-09,TECL,TECL,0.75,0.0,0.25,0.002267,0.0,0.002267,6.0,0.0,-0.000201,0.003023,0.0
2017-01-10,TECL,TECL,0.75,0.0,0.25,-0.001603,0.0,-0.001603,5.9904,-0.0016,0.000201,-0.002064,-0.000219
2017-01-11,TECL,TECL,0.75,0.0,0.25,0.01034,0.0,0.01034,6.0523,0.0,0.004656,0.013714,0.000219
2017-01-12,TECL,TECL,0.75,0.0,0.25,-0.002494,0.0,-0.002494,6.0372,-0.0025,-0.002417,-0.003326,0.0
2017-01-13,TECL,TECL,0.75,0.0,0.25,0.003624,0.0,0.003624,6.0591,0.0,0.003029,0.004832,0.0
2017-01-17,TECL,TECL,0.75,0.0,0.25,-0.0068,0.0,-0.0068,6.0179,-0.0068,-0.003824,-0.009067,0.0
2017-01-18,TECL,TECL,0.75,0.0,0.25,0.005543,0.0,0.005543,6.0513,-0.0013,0.002626,0.007464,-0.000219
2017-01-19,TECL,TECL,0.75,0.0,0.25,-0.005005,0.0,-0.005005,6.021,-0.0063,-0.001409,-0.006674,0.0
2017-01-20,TECL,TECL,0.75,0.0,0.25,0.013353,0.0,0.013353,6.1014,0.0,0.00545,0.017731,0.000219
2017-01-23,TECL,TECL,0.75,0.0,0.25,0.002004,0.0,0.002004,6.1136,0.0,0.001807,0.002746,-0.000219
2017-01-24,TECL,TECL,0.75,0.0,0.25,0.015779,0.0,0.015779,6.2101,0.0,0.006215,0.021038,0.0
2017-01-25,TECL,TECL,0.75,0.0,0.25,0.020477,0.0,0.020477,6.3372,0.0,0.009559,0.02723,0.000219
2017-01-26,TECL,TECL,0.75,0.0,0.25,-0.003861,0.0,-0.003861,6.3128,-0.0039,-0.002759,-0.005221,0.000218
2017-01-27,TECL,TECL,0.75,0.0,0.25,0.007518,0.0,0.007518,6.3602,0.0,0.003953,0.010169,-0.000437
2017-01-30,TECL,TECL,0.75,0.0,0.25,-0.017985,0.0,-0.017985,6.2458,-0.018,-0.00808,-0.024125,0.000437
2017-01-31,TECL,TECL,0.75,0.0,0.25,-0.011534,0.0,-0.011534,6.1738,-0.0293,-0.004965,-0.015307,-0.000218
2017-02-01,TECL,TECL,0.75,0.0,0.25,0.013968,0.0,0.013968,6.26,-0.0158,0.007588,0.018606,5.6e-05
2017-02-02,TECL,TECL,0.75,0.0,0.25,-0.002517,0.0,-0.002517,6.2443,-0.0182,-0.001984,-0.003357,0.0
2017-02-03,TECL,TECL,0.75,0.0,0.25,0.013808,0.0,0.013808,6.3305,-0.0047,0.006556,0.018484,-0.000219
2017-02-06,TECL,TECL,0.75,0.0,0.25,0.001421,0.0,0.001421,6.3395,-0.0033,0.000592,0.001749,0.000437
2017-02-07,TECL,TECL,0.75,0.0,0.25,0.009154,0.0,0.009154,6.3975,0.0,0.003944,0.012206,0.0
2017-02-08,TECL,TECL,0.75,0.0,0.25,0.004394,0.0,0.004394,6.4256,0.0,0.001767,0.005859,0.0
2017-02-09,TECL,TECL,0.75,0.0,0.25,0.007973,0.0,0.007973,6.4769,0.0,0.003134,0.010631,0.0
2017-02-10,TECL,TECL,0.75,0.0,0.25,0.00452,0.0,0.00452,6.5061,0.0,0.002931,0.006099,-0.000218
2017-02-13,TECL,TECL,0.75,0.0,0.25,0.010358,0.0,0.010358,6.5735,0.0,0.004482,0.013811,0.0
2017-02-14,TECL,TECL,0.75,0.0,0.25,0.008146,0.0,0.008146,6.6271,0.0,0.003298,0.010789,0.000218
2017-02-15,TECL,TECL,0.75,0.0,0.25,0.00772,0.0,0.00772,6.6782,0.0,0.003288,0.010366,-0.000218
2017-02-16,TECL,TECL,0.75,0.0,0.25,0.005976,0.0,0.005976,6.7182,0.0,0.002312,0.007968,0.0
2017-02-17,TECL,TECL,0.75,0.0,0.25,0.00525,0.0,0.00525,6.7534,0.0,0.00346,0.006928,0.000218
2017-02-21,TECL,XLK,0.75,0.0,0.25,0.013058,0.0,0.013058,6.8416,0.0,0.005176,0.017483,-0.000218
2017-02-22,XLK,XLK,0.0,1.0,0.0,0.001143,0.001,0.000143,6.8426,0.0,0.001143,0.004248,0.0
2017-02-23,XLK,XLK,0.0,1.0,0.0,-0.000193,0.0,-0.000193,6.8413,-0.0002,-0.000193,-0.002193,0.0
2017-02-24,XLK,XLK,0.0,1.0,0.0,0.002285,0.0,0.002285,6.8569,0.0,0.002285,0.007544,0.0
2017-02-27,XLK,XLK,0.0,1.0,0.0,-0.00057,0.0,-0.00057,6.853,-0.0006,-0.00057,-0.002645,0.0
2017-02-28,XLK,XLK,0.0,1.0,0.0,-0.00475,0.0,-0.00475,6.8204,-0.0053,-0.00475,-0.012673,0.000437
2017-03-01,XLK,XLK,0.0,1.0,0.0,0.014134,0.0,0.014134,6.9168,0.0,0.014134,0.041193,-0.00039
2017-03-02,XLK,XLK,0.0,1.0,0.0,-0.006592,0.0,-0.006592,6.8712,-0.0066,-0.006592,-0.018408,0.0
2017-03-03,XLK,XLK,0.0,1.0,0.0,0.002275,0.0,0.002275,6.8869,-0.0043,0.002275,0.002628,0.000219
2017-03-06,XLK,XLK,0.0,1.0,0.0,-0.00151,0.0,-0.00151,6.8765,-0.0058,-0.00151,-0.003098,0.000219
2017-03-07,XLK,XLK,0.0,1.0,0.0,0.0,0.0,0.0,6.8765,-0.0058,0.0,0.000888,-0.000438
2017-03-08,XLK,TECL,0.0,1.0,0.0,0.001137,0.0,0.001137,6.8843,-0.0047,0.001137,0.002524,0.0
2017-03-09,TECL,TECL,0.75,0.0,0.25,-0.000804,0.001,-0.001804,6.8719,-0.0065,-0.000192,-0.001072,0.0
2017-03-10,TECL,TECL,0.75,0.0,0.25,0.011999,0.0,0.011999,6.9543,0.0,0.005302,0.015925,0.000219
2017-03-13,TECL,TECL,0.75,0.0,0.25,0.003378,0.0,0.003378,6.9778,0.0,0.000943,0.004577,-0.000219
2017-03-14,TECL,TECL,0.75,0.0,0.25,-0.006822,0.0,-0.006822,6.9302,-0.0068,-0.002257,-0.009095,0.0
2017-03-15,TECL,TECL,0.75,0.0,0.25,0.015086,0.0,0.015086,7.0348,0.0,0.006786,0.020042,0.000219
2017-03-16,TECL,TECL,0.75,0.0,0.25,0.004785,0.0,0.004785,7.0684,0.0,0.000562,0.006307,0.000219
2017-03-17,TECL,TECL,0.75,0.0,0.25,0.001341,0.0,0.001341,7.0779,0.0,0.002159,0.001788,0.0
2017-03-20,TECL,TECL,0.75,0.0,0.25,0.001837,0.0,0.001837,7.0909,0.0,0.000577,0.002522,-0.000219
2017-03-21,TECL,TECL,0.75,0.0,0.25,-0.030896,0.0,-0.030896,6.8718,-0.0309,-0.014251,-0.041268,0.000219
2017-03-22,TECL,TECL,0.75,0.0,0.25,0.0137,0.0,0.0137,6.966,-0.0176,0.006272,0.018267,0.0
2017-03-23,TECL,TECL,0.75,0.0,0.25,-0.006669,0.0,-0.006669,6.9195,-0.0242,-0.002648,-0.008819,-0.000219
2017-03-24,TECL,TECL,0.75,0.0,0.25,0.000979,0.0,0.000979,6.9263,-0.0232,0.000761,0.001233,0.000219
2017-03-27,TECL,TECL,0.75,0.0,0.25,0.0,0.0,0.0,6.9263,-0.0232,0.0,0.0,0.0
2017-03-28,TECL,TECL,0.75,0.0,0.25,0.014367,0.0,0.014367,7.0258,-0.0092,0.007189,0.019156,0.0
2017-03-29,TECL,TECL,0.75,0.0,0.25,0.004852,0.0,0.004852,7.0599,-0.0044,0.001692,0.006469,0.0
2017-03-30,TECL,TECL,0.75,0.0,0.25,0.003465,0.0,0.003465,7.0844,-0.0009,0.001875,0.00462,0.0
2017-03-31,TECL,TECL,0.75,0.0,0.25,-0.003503,0.0,-0.003503,7.0595,-0.0044,-0.001872,-0.004598,-0.000219
2017-04-03,TECL,TECL,0.75,0.0,0.25,-0.00222,0.0,-0.00222,7.0439,-0.0066,-0.00094,-0.002992,9.7e-05
2017-04-04,TECL,TECL,0.75,0.0,0.25,0.000903,0.0,0.000903,7.0502,-0.0057,0.000751,0.001204,0.0
2017-04-05,TECL,TECL,0.75,0.0,0.25,-0.007078,0.0,-0.007078,7.0003,-0.0128,-0.004126,-0.009437,0.0
2017-04-06,TECL,TECL,0.75,0.0,0.25,-0.001584,0.0,-0.001584,6.9892,-0.0143,0.000186,-0.002111,0.0
2017-04-07,TECL,TECL,0.75,0.0,0.25,-0.000687,0.0,-0.000687,6.9844,-0.015,-0.000563,-0.000916,0.0
2017-04-10,TECL,TECL,0.75,0.0,0.25,-0.00409,0.0,-0.00409,6.9559,-0.019,-0.001884,-0.005453,0.0
2017-04-11,TECL,TECL,0.75,0.0,0.25,-0.008509,0.0,-0.008509,6.8967,-0.0274,-0.003779,-0.011419,0.000219
2017-04-12,TECL,TECL,0.75,0.0,0.25,-0.007916,0.0,-0.007916,6.8421,-0.0351,-0.00341,-0.010482,-0.000219
2017-04-13,TECL,TECL,0.75,0.0,0.25,-0.0087,0.0,-0.0087,6.7826,-0.0435,-0.003994,-0.011673,0.000219
2017-04-17,TECL,TECL,0.75,0.0,0.25,0.019264,0.0,0.019264,6.9132,-0.0251,0.009166,0.025686,0.0
2017-04-18,TECL,TECL,0.75,0.0,0.25,-0.000757,0.0,-0.000757,6.908,-0.0258,-0.000187,-0.001082,0.000219
2017-04-19,TECL,TECL,0.75,0.0,0.25,-0.001955,0.0,-0.001955,6.8945,-0.0277,-0.000761,-0.002607,0.0
2017-04-20,TECL,TECL,0.75,0.0,0.25,0.019424,0.0,0.019424,7.0284,-0.0088,0.009091,0.025899,0.0
2017-04-21,TECL,TECL,0.75,0.0,0.25,-0.003152,0.0,-0.003152,7.0062,-0.0119,-0.002062,-0.004202,0.0
2017-04-24,TECL,TECL,0.75,0.0,0.25,0.026086,0.0,0.026086,7.189,0.0,0.011846,0.034855,-0.000219
2017-04-25,TECL,TECL,0.75,0.0,0.25,0.012149,0.0,0.012149,7.2764,0.0,0.005206,0.016198,0.0
2017-04-26,TECL,TECL,0.75,0.0,0.25,-0.002315,0.0,-0.002315,7.2595,-0.0023,-0.001109,-0.00316,0.000219
2017-04-27,TECL,TECL,0.75,0.0,0.25,0.01031,0.0,0.01031,7.3343,0.0,0.004071,0.013819,-0.000219
2017-04-28,TECL,TECL,0.75,0.0,0.25,0.003838,0.0,0.003838,7.3625,0.0,0.00258,0.004971,0.000438
2017-05-01,TECL,TECL,0.75,0.0,0.25,0.016407,0.0,0.016407,7.4833,0.0,0.007543,0.021901,-7.4e-05
2017-05-02,TECL,TECL,0.75,0.0,0.25,0.004512,0.0,0.004512,7.5171,0.0,0.002189,0.006088,-0.000219
2017-05-03,TECL,TECL,0.75,0.0,0.25,-0.004641,0.0,-0.004641,7.4822,-0.0046,-0.00182,-0.006188,0.0
2017-05-04,TECL,TECL,0.75,0.0,0.25,-0.000562,0.0,-0.000562,7.478,-0.0052,-0.000729,-0.000822,0.000219
2017-05-05,TECL,TECL,0.75,0.0,0.25,0.008664,0.0,0.008664,7.5428,0.0,0.00365,0.011625,-0.000219
2017-05-08,TECL,TECL,0.75,0.0,0.25,0.009294,0.0,0.009294,7.6129,0.0,0.004364,0.01232,0.000219
2017-05-09,TECL,TECL,0.75,0.0,0.25,0.002533,0.0,0.002533,7.6321,0.0,0.001269,0.003377,0.0
2017-05-10,TECL,TECL,0.75,0.0,0.25,0.00884,0.0,0.00884,7.6996,0.0,0.003799,0.011714,0.000219
2017-05-11,TECL,XLK,0.75,0.0,0.25,-0.002495,0.0,-0.002495,7.6804,-0.0025,-0.001263,-0.003327,0.0
2017-05-12,XLK,XLK,0.0,1.0,0.0,0.002529,0.001,0.001529,7.6921,-0.001,0.002529,0.008146,-0.000219
2017-05-15,XLK,XLK,0.0,1.0,0.0,0.005579,0.0,0.005579,7.7351,0.0,0.005579,0.014061,0.000219
2017-05-16,XLK,XLK,0.0,1.0,0.0,0.004652,0.0,0.004652,7.771,0.0,0.004652,0.014757,0.0
2017-05-17,XLK,XLK,0.0,1.0,0.0,-0.027257,0.0,-0.027257,7.5592,-0.0273,-0.027257,-0.082679,0.000219
2017-05-18,XLK,XLK,0.0,1.0,0.0,0.005858,0.0,0.005858,7.6035,-0.0216,0.005858,0.020922,0.0
2017-05-19,XLK,XLK,0.0,1.0,0.0,0.005828,0.0,0.005828,7.6478,-0.0159,0.005828,0.015256,-0.000219
2017-05-22,XLK,XLK,0.0,1.0,0.0,0.007966,0.0,0.007966,7.7088,-0.008,0.007966,0.024926,0.000219
2017-05-23,XLK,TECL,0.0,1.0,0.0,0.001795,0.0,0.001795,7.7226,-0.0062,0.001795,0.00304,0.0
2017-05-24,TECL,TECL,0.75,0.0,0.25,0.008342,0.001,0.007342,7.7793,0.0,0.004124,0.011195,-0.000219
2017-05-25,TECL,TECL,0.75,0.0,0.25,0.018339,0.0,0.018339,7.9219,0.0,0.007143,0.024379,0.000219
2017-05-26,TECL,TECL,0.75,0.0,0.25,-0.000617,0.0,-0.000617,7.9171,-0.0006,-0.000534,-0.000896,0.000219
2017-05-30,TECL,TECL,0.75,0.0,0.25,0.008287,0.0,0.008287,7.9827,0.0,0.004259,0.011195,-0.000437
2017-05-31,TECL,TECL,0.75,0.0,0.25,-0.004531,0.0,-0.004531,7.9465,-0.0045,-0.001591,-0.006042,0.0
2017-06-01,TECL,TECL,0.75,0.0,0.25,0.005133,0.0,0.005133,7.9873,0.0,0.002476,0.00672,0.000373
2017-06-02,TECL,TECL,0.75,0.0,0.25,0.020613,0.0,0.020613,8.1519,0.0,0.009176,0.027557,-0.000219
2017-06-05,TECL,TECL,0.75,0.0,0.25,0.002713,0.0,0.002713,8.174,0.0,0.000876,0.003544,0.000219
2017-06-06,TECL,TECL,0.75,0.0,0.25,-0.003801,0.0,-0.003801,8.143,-0.0038,-0.001923,-0.004996,-0.000219
2017-06-07,TECL,TECL,0.75,0.0,0.25,0.005717,0.0,0.005717,8.1895,0.0,0.003149,0.007477,0.000437
2017-06-08,TECL,TECL,0.75,0.0,0.25,0.006154,0.0,0.006154,8.2399,0.0,0.002269,0.008279,-0.000219
2017-06-09,TECL,BIL,0.75,0.0,0.25,-0.056893,0.0,-0.056893,7.7711,-0.0569,-0.024723,-0.075931,0.000219
2017-06-12,BIL,BIL,0.0,0.0,1.0,-0.000219,0.00075,-0.000969,7.7636,-0.0578,-0.00589,-0.017901,-0.000219
2017-06-13,BIL,BIL,0.0,0.0,1.0,0.000219,0.0,0.000219,7.7653,-0.0576,0.007184,0.021287,0.000219
2017-06-14,BIL,BIL,0.0,0.0,1.0,-0.000219,0.0,-0.000219,7.7636,-0.0578,-0.004814,-0.013546,-0.000219
2017-06-15,BIL,TECL,0.0,0.0,1.0,0.0,0.0,0.0,7.7636,-0.0578,-0.004479,-0.013863,0.0
2017-06-16,TECL,TECL,0.75,0.0,0.25,-0.005417,0.00075,-0.006167,7.7157,-0.0636,-0.001751,-0.007368,0.000437
2017-06-19,TECL,TECL,0.75,0.0,0.25,0.034238,0.0,0.034238,7.9799,-0.0316,0.014839,0.045724,-0.000219
2017-06-20,TECL,TECL,0.75,0.0,0.25,-0.016833,0.0,-0.016833,7.8456,-0.0479,-0.008023,-0.022444,0.0
2017-06-21,TECL,TECL,0.75,0.0,0.25,0.011338,0.0,0.011338,7.9345,-0.0371,0.005574,0.015045,0.000219
2017-06-22,TECL,TECL,0.75,0.0,0.25,0.001031,0.0,0.001031,7.9427,-0.0361,0.000356,0.001302,0.000219
2017-06-23,TECL,TECL,0.75,0.0,0.25,0.012698,0.0,0.012698,8.0436,-0.0238,0.006257,0.017003,-0.000218
2017-06-26,TECL,TECL,0.75,0.0,0.25,-0.01173,0.0,-0.01173,7.9492,-0.0353,-0.005332,-0.015567,-0.000219
2017-06-27,TECL,TECL,0.75,0.0,0.25,-0.036275,0.0,-0.036275,7.6609,-0.0703,-0.016426,-0.048367,0.0
2017-06-28,TECL,TECL,0.75,0.0,0.25,0.027498,0.0,0.027498,7.8715,-0.0447,0.012525,0.036518,0.000437
2017-06-29,TECL,BIL,0.75,0.0,0.25,-0.039695,0.0,-0.039695,7.5591,-0.0826,-0.01793,-0.052854,-0.000218
2017-06-30,BIL,BIL,0.0,0.0,1.0,0.000219,0.00075,-0.000531,7.555,-0.0831,-0.000911,-0.002215,0.000219
2017-07-03,BIL,BIL,0.0,0.0,1.0,0.000115,0.0,0.000115,7.5559,-0.083,-0.006946,-0.021985,0.000115
2017-07-05,BIL,BIL,0.0,0.0,1.0,-0.00022,0.0,-0.00022,7.5542,-0.0832,0.009938,0.0286,-0.00022
2017-07-06,BIL,BIL,0.0,0.0,1.0,0.00022,0.0,0.00022,7.5559,-0.083,-0.00911,-0.026146,0.00022
2017-07-07,BIL,BIL,0.0,0.0,1.0,0.0,0.0,0.0,7.5559,-0.083,0.011584,0.032661,0.0
2017-07-10,BIL,BIL,0.0,0.0,1.0,0.0,0.0,0.0,7.5559,-0.083,0.007271,0.022004,0.0
2017-07-11,BIL,XLK,0.0,0.0,1.0,0.0,0.0,0.0,7.5559,-0.083,0.002164,0.00887,0.0
2017-07-12,XLK,BIL,0.0,1.0,0.0,0.012968,0.001,0.011968,7.6463,-0.072,0.012968,0.037075,-0.00022
2017-07-13,BIL,BIL,0.0,0.0,1.0,0.0,0.001,-0.001,7.6387,-0.073,0.001957,0.005406,0.0
2017-07-14,BIL,BIL,0.0,0.0,1.0,0.000438,0.0,0.000438,7.642,-0.0726,0.008871,0.025197,0.000438
2017-07-17,BIL,BIL,0.0,0.0,1.0,-0.000218,0.0,-0.000218,7.6404,-0.0728,0.000177,0.002362,-0.000218
2017-07-18,BIL,XLK,0.0,0.0,1.0,0.0,0.0,0.0,7.6404,-0.0728,0.004571,0.012821,0.0
2017-07-19,XLK,XLK,0.0,1.0,0.0,0.005075,0.001,0.004075,7.6715,-0.069,0.005075,0.014012,0.0
2017-07-20,XLK,XLK,0.0,1.0,0.0,0.002092,0.0,0.002092,7.6875,-0.067,0.002092,0.008243,0.0
2017-07-21,XLK,XLK,0.0,1.0,0.0,-0.001217,0.0,-0.001217,7.6782,-0.0682,-0.001217,-0.005781,0.0
2017-07-24,XLK,XLK,0.0,1.0,0.0,0.002433,0.0,0.002433,7.6969,-0.0659,0.002433,0.009194,0.0
2017-07-25,XLK,XLK,0.0,1.0,0.0,-0.001907,0.0,-0.001907,7.6822,-0.0677,-0.001907,-0.006104,0.0
2017-07-26,XLK,XLK,0.0,1.0,0.0,0.003824,0.0,0.003824,7.7116,-0.0641,0.003824,0.010718,0.000218
2017-07-27,XLK,XLK,0.0,1.0,0.0,-0.00381,0.0,-0.00381,7.6822,-0.0677,-0.00381,-0.011917,0.000218
2017-07-28,XLK,XLK,0.0,1.0,0.0,-0.001043,0.0,-0.001043,7.6742,-0.0687,-0.001043,-0.004104,-0.000218
2017-07-31,XLK,XLK,0.0,1.0,0.0,-0.004876,0.0,-0.004876,7.6368,-0.0732,-0.004876,-0.011511,0.0
2017-08-01,XLK,TECL,0.0,1.0,0.0,0.005072,0.0,0.005072,7.6755,-0.0685,0.005072,0.012252,0.000255
2017-08-02,TECL,TECL,0.75,0.0,0.25,0.007952,0.001,0.006952,7.7289,-0.062,0.002784,0.010531,0.000218
2017-08-03,TECL,TECL,0.75,0.0,0.25,-0.007628,0.0,-0.007628,7.6699,-0.0692,-0.002256,-0.01017,0.0
2017-08-04,TECL,TECL,0.75,0.0,0.25,0.006167,0.0,0.006167,7.7172,-0.0634,0.002261,0.008222,0.0
2017-08-07,TECL,TECL,0.75,0.0,0.25,0.012253,0.0,0.012253,7.8118,-0.052,0.006077,0.016337,0.0
2017-08-08,TECL,TECL,0.75,0.0,0.25,-0.003638,0.0,-0.003638,7.7834,-0.0554,-0.001382,-0.004851,0.0
2017-08-09,TECL,TECL,0.75,0.0,0.25,0.000716,0.0,0.000716,7.7889,-0.0547,-0.000518,0.000954,0.0
2017-08-10,TECL,TECL,0.75,0.0,0.25,-0.044486,0.0,-0.044486,7.4424,-0.0968,-0.019706,-0.059314,0.0
2017-08-11,TECL,TECL,0.75,0.0,0.25,0.01519,0.0,0.01519,7.5555,-0.0831,0.006879,0.020181,0.00022
2017-08-14,TECL,TECL,0.75,0.0,0.25,0.034617,0.0,0.034617,7.817,-0.0513,0.015937,0.046229,-0.00022
2017-08-15,TECL,TECL,0.75,0.0,0.25,0.005546,0.0,0.005546,7.8604,-0.0461,0.00155,0.007321,0.00022
2017-08-16,TECL,TECL,0.75,0.0,0.25,0.004612,0.0,0.004612,7.8966,-0.0417,0.002926,0.006222,-0.00022
2017-08-17,TECL,TECL,0.75,0.0,0.25,-0.043571,0.0,-0.043571,7.5526,-0.0834,-0.019564,-0.058168,0.00022
2017-08-18,TECL,TECL,0.75,0.0,0.25,-0.002834,0.0,-0.002834,7.5312,-0.086,-0.001049,-0.003705,-0.00022
2017-08-21,TECL,TECL,0.75,0.0,0.25,-3.7e-05,0.0,-3.7e-05,7.5309,-0.0861,-0.000353,-0.000123,0.00022
2017-08-22,TECL,TECL,0.75,0.0,0.25,0.032103,0.0,0.032103,7.7726,-0.0567,0.0149,0.042732,0.000218
2017-08-23,TECL,TECL,0.75,0.0,0.25,-0.003757,0.0,-0.003757,7.7434,-0.0603,-0.002419,-0.005009,0.0
2017-08-24,TECL,TECL,0.75,0.0,0.25,-0.003766,0.0,-0.003766,7.7143,-0.0638,-0.000868,-0.005021,0.0
2017-08-25,TECL,TECL,0.75,0.0,0.25,-0.001227,0.0,-0.001227,7.7048,-0.0649,-0.000171,-0.001563,-0.000218
2017-08-28,TECL,TECL,0.75,0.0,0.25,0.006652,0.0,0.006652,7.7561,-0.0587,0.001907,0.008796,0.000218
2017-08-29,TECL,TECL,0.75,0.0,0.25,0.008335,0.0,0.008335,7.8207,-0.0509,0.004322,0.011113,0.0
2017-08-30,TECL,TECL,0.75,0.0,0.25,0.014798,0.0,0.014798,7.9364,-0.0368,0.007236,0.019731,0.0
2017-08-31,TECL,TECL,0.75,0.0,0.25,0.014136,0.0,0.014136,8.0486,-0.0232,0.005983,0.018776,0.000218
2017-09-01,TECL,TECL,0.75,0.0,0.25,-0.000923,0.0,-0.000923,8.0412,-0.0241,-0.000848,-0.001252,6.4e-05
2017-09-05,TECL,TECL,0.75,0.0,0.25,-0.020605,0.0,-0.020605,7.8755,-0.0442,-0.008848,-0.027328,-0.000438
2017-09-06,TECL,TECL,0.75,0.0,0.25,0.001685,0.0,0.001685,7.8888,-0.0426,0.00086,0.002101,0.000438
2017-09-07,TECL,TECL,0.75,0.0,0.25,0.006839,0.0,0.006839,7.9427,-0.0361,0.00343,0.009118,0.0
2017-09-08,TECL,TECL,0.75,0.0,0.25,-0.018379,0.0,-0.018379,7.7968,-0.0538,-0.008205,-0.024432,-0.00022
2017-09-11,TECL,TECL,0.75,0.0,0.25,0.031069,0.0,0.031069,8.039,-0.0244,0.014132,0.041426,0.0
2017-09-12,TECL,TECL,0.75,0.0,0.25,0.006432,0.0,0.006432,8.0907,-0.0181,0.002376,0.00843,0.000438
2017-09-13,TECL,TECL,0.75,0.0,0.25,-0.004152,0.0,-0.004152,8.0571,-0.0222,-0.001354,-0.005536,0.0
2017-09-14,TECL,TECL,0.75,0.0,0.25,-0.007391,0.0,-0.007391,7.9976,-0.0294,-0.003395,-0.009782,-0.000218
2017-09-15,TECL,TECL,0.75,0.0,0.25,0.008783,0.0,0.008783,8.0678,-0.0209,0.004085,0.01171,0.0
2017-09-18,TECL,TECL,0.75,0.0,0.25,0.001021,0.0,0.001021,8.076,-0.0199,0.00085,0.001361,0.0
2017-09-19,TECL,TECL,0.75,0.0,0.25,0.012519,0.0,0.012519,8.1771,-0.0076,0.004424,0.016546,0.000438
2017-09-20,TECL,TECL,0.75,0.0,0.25,-0.009954,0.0,-0.009954,8.0957,-0.0175,-0.004065,-0.013272,0.0
2017-09-21,TECL,TECL,0.75,0.0,0.25,-0.012698,0.0,-0.012698,7.9929,-0.03,-0.005442,-0.016931,0.0
2017-09-22,TECL,TECL,0.75,0.0,0.25,0.001897,0.0,0.001897,8.0081,-0.0281,0.000514,0.002529,0.0
2017-09-25,TECL,TECL,0.75,0.0,0.25,-0.026904,0.0,-0.026904,7.7927,-0.0543,-0.011792,-0.035872,0.0
2017-09-26,TECL,TECL,0.75,0.0,0.25,0.006152,0.0,0.006152,7.8406,-0.0485,0.003631,0.008203,0.0
2017-09-27,TECL,TECL,0.75,0.0,0.25,0.022637,0.0,0.022637,8.0181,-0.0269,0.010165,0.030182,0.0
2017-09-28,TECL,TECL,0.75,0.0,0.25,0.004149,0.0,0.004149,8.0513,-0.0229,0.001194,0.005605,-0.000219
2017-09-29,TECL,TECL,0.75,0.0,0.25,0.014699,0.0,0.014699,8.1697,-0.0085,0.006816,0.019452,0.000438
2017-10-02,TECL,TECL,0.75,0.0,0.25,0.002608,0.0,0.002608,8.191,-0.0059,0.001524,0.003465,3.8e-05
2017-10-03,TECL,TECL,0.75,0.0,0.25,0.006006,0.0,0.006006,8.2402,0.0,0.002365,0.008008,0.0
2017-10-04,TECL,TECL,0.75,0.0,0.25,-0.002706,0.0,-0.002706,8.2179,-0.0027,-0.000676,-0.003535,-0.000218
2017-10-05,TECL,TECL,0.75,0.0,0.25,0.02132,0.0,0.02132,8.3931,0.0,0.009616,0.028354,0.000218
2017-10-06,TECL,TECL,0.75,0.0,0.25,0.004311,0.0,0.004311,8.4293,0.0,0.001504,0.00582,-0.000218
2017-10-09,TECL,TECL,0.75,0.0,0.25,0.005091,0.0,0.005091,8.4722,0.0,0.002502,0.006788,0.0
2017-10-10,TECL,TECL,0.75,0.0,0.25,0.001721,0.0,0.001721,8.4868,0.0,0.000998,0.002294,0.0
2017-10-11,TECL,TECL,0.75,0.0,0.25,0.008435,0.0,0.008435,8.5584,0.0,0.003323,0.011247,0.0
2017-10-12,TECL,TECL,0.75,0.0,0.25,-0.005001,0.0,-0.005001,8.5156,-0.005,-0.002485,-0.006814,0.000437
2017-10-13,TECL,TECL,0.75,0.0,0.25,0.010064,0.0,0.010064,8.6013,0.0,0.004816,0.013419,0.0
2017-10-16,TECL,TECL,0.75,0.0,0.25,0.007914,0.0,0.007914,8.6693,0.0,0.003636,0.010625,-0.000219
2017-10-17,TECL,TECL,0.75,0.0,0.25,-0.000873,0.0,-0.000873,8.6618,-0.0009,0.0,-0.001238,0.000219
2017-10-18,TECL,TECL,0.75,0.0,0.25,0.005891,0.0,0.005891,8.7128,0.0,0.00247,0.007855,0.0
2017-10-19,TECL,TECL,0.75,0.0,0.25,-0.006844,0.0,-0.006844,8.6532,-0.0068,-0.002955,-0.009125,0.0
2017-10-20,TECL,TECL,0.75,0.0,0.25,0.014022,0.0,0.014022,8.7745,0.0,0.006754,0.018623,0.000218
2017-10-23,TECL,TECL,0.75,0.0,0.25,-0.009198,0.0,-0.009198,8.6938,-0.0092,-0.004746,-0.012192,-0.000218
2017-10-24,TECL,TECL,0.75,0.0,0.25,0.005743,0.0,0.005743,8.7437,-0.0035,0.002797,0.007512,0.000437
2017-10-25,TECL,TECL,0.75,0.0,0.25,-0.010106,0.0,-0.010106,8.6554,-0.0136,-0.005413,-0.013474,0.0
2017-10-26,TECL,TECL,0.75,0.0,0.25,0.007452,0.0,0.007452,8.7199,-0.0062,0.004123,0.009936,0.0
2017-10-27,TECL,TECL,0.75,0.0,0.25,0.059134,0.0,0.059134,9.2355,0.0,0.02693,0.078845,0.0
2017-10-30,TECL,TECL,0.75,0.0,0.25,0.007843,0.0,0.007843,9.3079,0.0,0.002238,0.01053,-0.000219
2017-10-31,TECL,TECL,0.75,0.0,0.25,0.008932,0.0,0.008932,9.3911,0.0,0.004306,0.011836,0.000219
2017-11-01,TECL,TECL,0.75,0.0,0.25,-0.000672,0.0,-0.000672,9.3848,-0.0007,0.000159,-0.00093,0.000101
2017-11-02,TECL,XLK,0.75,0.0,0.25,0.001548,0.0,0.001548,9.3993,0.0,0.000478,0.002137,-0.000219
2017-11-03,XLK,XLK,0.0,1.0,0.0,0.007937,0.001,0.006937,9.4645,0.0,0.007937,0.022807,0.0
2017-11-06,XLK,XLK,0.0,1.0,0.0,0.002205,0.0,0.002205,9.4854,0.0,0.002205,0.005617,0.000219
2017-11-07,XLK,XLK,0.0,1.0,0.0,0.000473,0.0,0.000473,9.4898,0.0,0.000473,0.002262,0.0
2017-11-08,XLK,XLK,0.0,1.0,0.0,0.005497,0.0,0.005497,9.542,0.0,0.005497,0.016362,0.0
2017-11-09,XLK,XLK,0.0,1.0,0.0,-0.007967,0.0,-0.007967,9.466,-0.008,-0.007967,-0.022654,-0.000219
2017-11-10,XLK,XLK,0.0,1.0,0.0,0.0,0.0,0.0,9.466,-0.008,0.0,-0.001903,0.000219
2017-11-13,XLK,XLK,0.0,1.0,0.0,-0.000316,0.0,-0.000316,9.463,-0.0083,-0.000316,-0.000719,0.0
2017-11-14,XLK,XLK,0.0,1.0,0.0,-0.002047,0.0,-0.002047,9.4436,-0.0103,-0.002047,-0.006724,0.0
2017-11-15,XLK,TECL,0.0,1.0,0.0,-0.00742,0.0,-0.00742,9.3736,-0.0177,-0.00742,-0.022663,0.0
2017-11-16,TECL,TECL,0.75,0.0,0.25,0.030383,0.001,0.029383,9.649,0.0,0.013994,0.040438,0.000219
2017-11-17,TECL,TECL,0.75,0.0,0.25,-0.012689,0.0,-0.012689,9.5265,-0.0127,-0.006429,-0.016846,-0.000219
2017-11-20,TECL,TECL,0.75,0.0,0.25,0.007601,0.0,0.007601,9.5989,-0.0052,0.003789,0.010062,0.000219
2017-11-21,TECL,TECL,0.75,0.0,0.25,0.022893,0.0,0.022893,9.8187,0.0,0.010536,0.030452,0.000218
2017-11-22,TECL,TECL,0.75,0.0,0.25,-0.002733,0.0,-0.002733,9.7919,-0.0027,-0.00187,-0.003644,0.0
2017-11-24,TECL,TECL,0.75,0.0,0.25,0.011246,0.0,0.011246,9.902,0.0,0.005612,0.015068,-0.000218
2017-11-27,TECL,TECL,0.75,0.0,0.25,0.000265,0.0,0.000265,9.9046,0.0,0.0,0.000354,0.0
2017-11-28,TECL,TECL,0.75,0.0,0.25,0.006229,0.0,0.006229,9.9663,0.0,0.003255,0.00816,0.000437
2017-11-29,TECL,TECL,0.75,0.0,0.25,-0.048881,0.0,-0.048881,9.4791,-0.0489,-0.022096,-0.065102,-0.000219
2017-11-30,TECL,TECL,0.75,0.0,0.25,0.019,0.0,0.019,9.6593,-0.0308,0.008848,0.025334,0.0
2017-12-01,TECL,TECL,0.75,0.0,0.25,-0.010833,0.0,-0.010833,9.5546,-0.0413,-0.005167,-0.014465,6.1e-05
2017-12-04,TECL,TECL,0.75,0.0,0.25,-0.036683,0.0,-0.036683,9.2041,-0.0765,-0.016063,-0.048947,0.000109
2017-12-05,TECL,TECL,0.75,0.0,0.25,0.000526,0.0,0.000526,9.209,-0.076,0.000321,0.000665,0.000109
2017-12-06,TECL,BIL,0.75,0.0,0.25,0.014125,0.0,0.014125,9.339,-0.0629,0.0064,0.018869,-0.000109
2017-12-07,BIL,BIL,0.0,0.0,1.0,0.000109,0.00075,-0.000641,9.333,-0.0635,0.006197,0.018334,0.000109
2017-12-08,BIL,XLK,0.0,0.0,1.0,0.00011,0.0,0.00011,9.3341,-0.0634,0.004739,0.014864,0.00011
2017-12-11,XLK,BIL,0.0,1.0,0.0,0.008649,0.001,0.007649,9.4055,-0.0563,0.008649,0.024377,-0.00011
2017-12-12,BIL,BIL,0.0,0.0,1.0,0.00011,0.001,-0.00089,9.3971,-0.0571,-0.000313,-0.001603,0.00011
2017-12-13,BIL,BIL,0.0,0.0,1.0,-0.00011,0.0,-0.00011,9.3961,-0.0572,0.000313,0.002134,-0.00011
2017-12-14,BIL,XLK,0.0,0.0,1.0,0.00011,0.0,0.00011,9.3971,-0.0571,-0.001247,-0.004347,0.00011
2017-12-15,XLK,XLK,0.0,1.0,0.0,0.011407,0.001,0.010407,9.4949,-0.0473,0.011407,0.034945,0.000109
2017-12-18,XLK,XLK,0.0,1.0,0.0,0.008829,0.0,0.008829,9.5787,-0.0389,0.008829,0.025746,0.00011
2017-12-19,XLK,XLK,0.0,1.0,0.0,-0.006143,0.0,-0.006143,9.5199,-0.0448,-0.006143,-0.018806,2e-05
2017-12-20,XLK,XLK,0.0,1.0,0.0,-0.000309,0.0,-0.000309,9.5169,-0.0451,-0.000309,0.0,0.0
2017-12-21,XLK,XLK,0.0,1.0,0.0,-0.002007,0.0,-0.002007,9.4978,-0.047,-0.002007,-0.006169,0.0
2017-12-22,XLK,XLK,0.0,1.0,0.0,-0.000622,0.0,-0.000622,9.4919,-0.0476,-0.000622,-0.003014,0.000219
2017-12-26,XLK,XLK,0.0,1.0,0.0,-0.006661,0.0,-0.006661,9.4287,-0.0539,-0.006661,-0.020057,-0.000109
2017-12-27,XLK,XLK,0.0,1.0,0.0,0.001091,0.0,0.001091,9.439,-0.0529,0.001091,0.003444,0.000219
2017-12-28,XLK,XLK,0.0,1.0,0.0,0.001716,0.0,0.001716,9.4552,-0.0513,0.001716,0.003606,0.0
2017-12-29,XLK,XLK,0.0,1.0,0.0,-0.005291,0.0,-0.005291,9.4052,-0.0563,-0.005291,-0.017434,-0.000219
2018-01-02,XLK,XLK,0.0,1.0,0.0,0.012354,0.0,0.012354,9.5213,-0.0446,0.012354,0.037173,0.000109
2018-01-03,XLK,XLK,0.0,1.0,0.0,0.008341,0.0,0.008341,9.6008,-0.0367,0.008341,0.024584,0.000219
2018-01-04,XLK,TECL,0.0,1.0,0.0,0.005054,0.0,0.005054,9.6493,-0.0318,0.005054,0.017195,0.00011
2018-01-05,TECL,TECL,0.75,0.0,0.25,0.024003,0.001,0.023003,9.8713,-0.0095,0.010518,0.032004,0.0
2018-01-08,TECL,TECL,0.75,0.0,0.25,0.008061,0.0,0.008061,9.9508,-0.0016,0.003771,0.010712,0.000109
2018-01-09,TECL,TECL,0.75,0.0,0.25,-0.006469,0.0,-0.006469,9.8865,-0.008,-0.002556,-0.008625,0.0
2018-01-10,TECL,TECL,0.75,0.0,0.25,-0.00834,0.0,-0.00834,9.804,-0.0163,-0.003465,-0.011121,0.0
2018-01-11,TECL,TECL,0.75,0.0,0.25,0.010948,0.0,0.010948,9.9113,-0.0055,0.004082,0.014633,-0.000109
2018-01-12,TECL,TECL,0.75,0.0,0.25,0.011653,0.0,0.011653,10.0268,0.0,0.005874,0.015428,0.000328
2018-01-16,TECL,TECL,0.75,0.0,0.25,-0.008686,0.0,-0.008686,9.9397,-0.0087,-0.003892,-0.011509,-0.000219
2018-01-17,TECL,TECL,0.75,0.0,0.25,0.033847,0.0,0.033847,10.2762,0.0,0.015024,0.045057,0.000219
2018-01-18,TECL,TECL,0.75,0.0,0.25,0.003812,0.0,0.003812,10.3153,0.0,0.001778,0.005083,0.0
2018-01-19,TECL,TECL,0.75,0.0,0.25,0.002906,0.0,0.002906,10.3453,0.0,0.00192,0.003839,0.000109
2018-01-22,TECL,TECL,0.75,0.0,0.25,0.021887,0.0,0.021887,10.5717,0.0,0.009736,0.029146,0.00011
2018-01-23,TECL,TECL,0.75,0.0,0.25,0.012098,0.0,0.012098,10.6996,0.0,0.004382,0.01613,0.0
2018-01-24,TECL,TECL,0.75,0.0,0.25,-0.017429,0.0,-0.017429,10.5132,-0.0174,-0.007708,-0.023275,0.000109
2018-01-25,TECL,TECL,0.75,0.0,0.25,-0.004961,0.0,-0.004961,10.461,-0.0223,-0.001761,-0.006614,0.0
2018-01-26,TECL,TECL,0.75,0.0,0.25,0.033698,0.0,0.033698,10.8135,0.0,0.015857,0.044858,0.000219
2018-01-29,TECL,TECL,0.75,0.0,0.25,-0.019341,0.0,-0.019341,10.6044,-0.0193,-0.009104,-0.025716,-0.000219
2018-01-30,TECL,TECL,0.75,0.0,0.25,-0.02119,0.0,-0.02119,10.3797,-0.0401,-0.009042,-0.02829,0.00011
2018-01-31,TECL,TECL,0.75,0.0,0.25,0.018042,0.0,0.018042,10.5669,-0.0228,0.007507,0.02402,0.000109
2018-02-01,TECL,TECL,0.75,0.0,0.25,0.000978,0.0,0.000978,10.5773,-0.0218,0.000876,0.001318,-4.2e-05
2018-02-02,TECL,BIL,0.75,0.0,0.25,-0.067082,0.0,-0.067082,9.8677,-0.0875,-0.02963,-0.08948,0.00011
2018-02-05,BIL,BIL,0.0,0.0,1.0,-0.00011,0.00075,-0.00086,9.8592,-0.0882,-0.04182,-0.122555,-0.00011
2018-02-06,BIL,BIL,0.0,0.0,1.0,0.00011,0.0,0.00011,9.8603,-0.0881,0.02873,0.08514,0.00011
2018-02-07,BIL,BIL,0.0,0.0,1.0,0.000109,0.0,0.000109,9.8614,-0.088,-0.012818,-0.039989,0.000109
2018-02-08,BIL,BIL,0.0,0.0,1.0,-0.000109,0.0,-0.000109,9.8603,-0.0881,-0.041429,-0.109874,-0.000109
2018-02-09,BIL,BIL,0.0,0.0,1.0,0.000219,0.0,0.000219,9.8625,-0.0879,0.024514,0.054379,0.000219
2018-02-12,BIL,BIL,0.0,0.0,1.0,0.0,0.0,0.0,9.8625,-0.0879,0.017944,0.055037,0.0
2018-02-13,BIL,BIL,0.0,0.0,1.0,0.0,0.0,0.0,9.8625,-0.0879,0.002476,0.006729,0.0
2018-02-14,BIL,BIL,0.0,0.0,1.0,0.0,0.0,0.0,9.8625,-0.0879,0.018355,0.055773,0.0
2018-02-15,BIL,BIL,0.0,0.0,1.0,0.000109,0.0,0.000109,9.8636,-0.0879,0.019083,0.055493,0.000109
2018-02-16,BIL,BIL,0.0,0.0,1.0,0.00011,0.0,0.00011,9.8646,-0.0878,-0.001485,-0.006241,0.00011
2018-02-20,BIL,BIL,0.0,0.0,1.0,0.0,0.0,0.0,9.8646,-0.0878,0.000892,0.006114,0.0
2018-02-21,BIL,BIL,0.0,0.0,1.0,-0.00011,0.0,-0.00011,9.8636,-0.0879,-0.006393,-0.021001,-0.00011
2018-02-22,BIL,BIL,0.0,0.0,1.0,0.00011,0.0,0.00011,9.8646,-0.0878,0.001196,0.00266,0.00011
2018-02-23,BIL,BIL,0.0,0.0,1.0,0.000219,0.0,0.000219,9.8668,-0.0876,0.02093,0.061291,0.000219
2018-02-26,BIL,BIL,0.0,0.0,1.0,-0.000219,0.0,-0.000219,9.8646,-0.0878,0.015669,0.047517,-0.000219
2018-02-27,BIL,BIL,0.0,0.0,1.0,0.000219,0.0,0.000219,9.8668,-0.0876,-0.010094,-0.028138,0.000219
2018-02-28,BIL,BIL,0.0,0.0,1.0,0.00011,0.0,0.00011,9.8679,-0.0875,-0.007134,-0.023526,0.00011
2018-03-01,BIL,BIL,0.0,0.0,1.0,0.0001,0.0,0.0001,9.8689,-0.0874,-0.016576,-0.048789,0.0001
2018-03-02,BIL,BIL,0.0,0.0,1.0,0.00011,0.0,0.00011,9.87,-0.0873,0.009545,0.02821,0.00011
2018-03-05,BIL,BIL,0.0,0.0,1.0,0.0,0.0,0.0,9.87,-0.0873,0.010193,0.029622,0.0
2018-03-06,BIL,BIL,0.0,0.0,1.0,0.0,0.0,0.0,9.87,-0.0873,0.002195,0.006884,0.0
2018-03-07,BIL,BIL,0.0,0.0,1.0,0.0,0.0,0.0,9.87,-0.0873,0.005545,0.016692,0.0
2018-03-08,BIL,BIL,0.0,0.0,1.0,-0.00011,0.0,-0.00011,9.8689,-0.0874,0.004354,0.012125,-0.00011
2018-03-09,BIL,BIL,0.0,0.0,1.0,0.00022,0.0,0.00022,9.871,-0.0872,0.018931,0.05641,0.00022
2018-03-12,BIL,BIL,0.0,0.0,1.0,0.000109,0.0,0.000109,9.8721,-0.0871,0.003121,0.009545,0.000109
2018-03-13,BIL,BIL,0.0,0.0,1.0,0.0,0.0,0.0,9.8721,-0.0871,-0.011452,-0.033434,0.0
2018-03-14,BIL,BIL,0.0,0.0,1.0,0.0,0.0,0.0,9.8721,-0.0871,-0.000857,-0.002977,0.0
2018-03-15,BIL,BIL,0.0,0.0,1.0,-0.000109,0.0,-0.000109,9.871,-0.0872,0.000572,0.001712,-0.000109
2018-03-16,BIL,BIL,0.0,0.0,1.0,0.000218,0.0,0.000218,9.8732,-0.087,-0.001035,-0.00462,0.000218
2018-03-19,BIL,BIL,0.0,0.0,1.0,0.0,0.0,0.0,9.8732,-0.087,-0.019822,-0.059531,0.0
2018-03-20,BIL,BIL,0.0,0.0,1.0,-0.00011,0.0,-0.00011,9.8721,-0.0871,-0.000441,-0.000609,-0.00011
2018-03-21,BIL,BIL,0.0,0.0,1.0,0.000218,0.0,0.000218,9.8743,-0.0869,-0.00601,-0.01836,0.000218
2018-03-22,BIL,BIL,0.0,0.0,1.0,0.00011,0.0,0.00011,9.8754,-0.0868,-0.025816,-0.079368,0.00011
2018-03-23,BIL,BIL,0.0,0.0,1.0,0.00011,0.0,0.00011,9.8764,-0.0867,-0.026651,-0.078817,0.00011
2018-03-26,BIL,BIL,0.0,0.0,1.0,-0.00011,0.0,-0.00011,9.8754,-0.0868,0.037959,0.114269,-0.00011
2018-03-27,BIL,BIL,0.0,0.0,1.0,0.000218,0.0,0.000218,9.8775,-0.0866,-0.032072,-0.096579,0.000218
2018-03-28,BIL,BIL,0.0,0.0,1.0,0.00011,0.0,0.00011,9.8786,-0.0865,-0.006659,-0.019918,0.00011
2018-03-29,BIL,BIL,0.0,0.0,1.0,0.000218,0.0,0.000218,9.8807,-0.0863,0.019798,0.05662,0.000218
2018-04-02,BIL,BIL,0.0,0.0,1.0,-5.4e-05,0.0,-5.4e-05,9.8802,-0.0863,-0.023845,-0.069321,-5.4e-05
2018-04-03,BIL,BIL,0.0,0.0,1.0,-0.000108,0.0,-0.000108,9.8791,-0.0864,0.009864,0.028556,-0.000108
2018-04-04,BIL,BIL,0.0,0.0,1.0,0.000218,0.0,0.000218,9.8813,-0.0862,0.013955,0.041088,0.000218
2018-04-05,BIL,BIL,0.0,0.0,1.0,0.00011,0.0,0.00011,9.8824,-0.0861,0.00413,0.012721,0.00011
2018-04-06,BIL,BIL,0.0,0.0,1.0,0.0,0.0,0.0,9.8824,-0.0861,-0.02452,-0.073103,0.0
2018-04-09,BIL,BIL,0.0,0.0,1.0,0.000108,0.0,0.000108,9.8835,-0.086,0.007806,0.021217,0.000108
2018-04-10,BIL,BIL,0.0,0.0,1.0,-0.000108,0.0,-0.000108,9.8824,-0.0861,0.024633,0.072652,-0.000108
2018-04-11,BIL,BIL,0.0,0.0,1.0,0.000218,0.0,0.000218,9.8845,-0.0859,-0.005896,-0.016208,0.000218
2018-04-12,BIL,BIL,0.0,0.0,1.0,0.0,0.0,0.0,9.8845,-0.0859,0.012014,0.03563,0.0
2018-04-13,BIL,BIL,0.0,0.0,1.0,0.0,0.0,0.0,9.8845,-0.0859,-0.003306,-0.01113,0.0
2018-04-16,BIL,BIL,0.0,0.0,1.0,0.000218,0.0,0.000218,9.8867,-0.0857,0.007689,0.023536,0.000218
2018-04-17,BIL,BIL,0.0,0.0,1.0,0.0,0.0,0.0,9.8867,-0.0857,0.018557,0.05584,0.0
2018-04-18,BIL,BIL,0.0,0.0,1.0,-0.000108,0.0,-0.000108,9.8856,-0.0858,-0.002647,-0.007288,-0.000108
2018-04-19,BIL,BIL,0.0,0.0,1.0,0.000218,0.0,0.000218,9.8878,-0.0856,-0.011046,-0.034174,0.000218
2018-04-20,BIL,BIL,0.0,0.0,1.0,0.0,0.0,0.0,9.8878,-0.0856,-0.013852,-0.044611,0.0
2018-04-23,BIL,BIL,0.0,0.0,1.0,0.0,0.0,0.0,9.8878,-0.0856,-0.003624,-0.008389,0.0
2018-04-24,BIL,BIL,0.0,0.0,1.0,0.00011,0.0,0.00011,9.8889,-0.0855,-0.017433,-0.052182,0.00011
2018-04-25,BIL,XLK,0.0,0.0,1.0,0.000108,0.0,0.000108,9.8899,-0.0854,0.000154,9e-05,0.000108
2018-04-26,XLK,BIL,0.0,1.0,0.0,0.018204,0.001,0.017204,10.0601,-0.0697,0.018204,0.05415,0.00011
2018-04-27,BIL,BIL,0.0,0.0,1.0,0.00011,0.001,-0.00089,10.0511,-0.0705,-0.001821,-0.007081,0.00011
2018-04-30,BIL,BIL,0.0,0.0,1.0,-0.00011,0.0,-0.00011,10.05,-0.0706,-0.006524,-0.01974,-0.00011
2018-05-01,BIL,BIL,0.0,0.0,1.0,8e-05,0.0,8e-05,10.0508,-0.0705,0.012524,0.038139,8e-05
2018-05-02,BIL,BIL,0.0,0.0,1.0,0.00011,0.0,0.00011,10.0519,-0.0704,-0.001055,-0.003588,0.00011
2018-05-03,BIL,BIL,0.0,0.0,1.0,0.0,0.0,0.0,10.0519,-0.0704,0.002266,0.007975,0.0
2018-05-04,BIL,BIL,0.0,0.0,1.0,0.000219,0.0,0.000219,10.0541,-0.0702,0.018988,0.056986,0.000219
2018-05-07,BIL,BIL,0.0,0.0,1.0,0.0,0.0,0.0,10.0541,-0.0702,0.006949,0.020997,0.0
2018-05-08,BIL,BIL,0.0,0.0,1.0,0.000108,0.0,0.000108,10.0552,-0.0701,0.002204,0.003943,0.000108
2018-05-09,BIL,BIL,0.0,0.0,1.0,0.0,0.0,0.0,10.0552,-0.0701,0.012309,0.036895,0.0
2018-05-10,BIL,BIL,0.0,0.0,1.0,0.0,0.0,0.0,10.0552,-0.0701,0.013028,0.03937,0.0
2018-05-11,BIL,BIL,0.0,0.0,1.0,0.0,0.0,0.0,10.0552,-0.0701,-0.00143,-0.004149,0.0
2018-05-14,BIL,BIL,0.0,0.0,1.0,0.0,0.0,0.0,10.0552,-0.0701,-0.000143,-0.000877,0.0
2018-05-15,BIL,BIL,0.0,0.0,1.0,0.000219,0.0,0.000219,10.0574,-0.0699,-0.009446,-0.0287,0.000219
2018-05-16,BIL,BIL,0.0,0.0,1.0,0.00011,0.0,0.00011,10.0585,-0.0698,0.00448,0.013717,0.00011
2018-05-17,BIL,TECL,0.0,0.0,1.0,0.0,0.0,0.0,10.0585,-0.0698,-0.00518,-0.015167,0.0
2018-05-18,TECL,TECL,0.75,0.0,0.25,-0.009655,0.00075,-0.010405,9.9539,-0.0795,-0.004192,-0.01291,0.000108
2018-05-21,TECL,TECL,0.75,0.0,0.25,0.018873,0.0,0.018873,10.1417,-0.0621,0.008713,0.025164,0.0
2018-05-22,TECL,TECL,0.75,0.0,0.25,-0.003809,0.0,-0.003809,10.1031,-0.0657,-0.00144,-0.005078,0.0
2018-05-23,TECL,TECL,0.75,0.0,0.25,0.017183,0.0,0.017183,10.2767,-0.0496,0.007351,0.022874,0.00011
2018-05-24,TECL,TECL,0.75,0.0,0.25,-0.002968,0.0,-0.002968,10.2462,-0.0525,-0.001143,-0.004031,0.000219
2018-05-25,TECL,TECL,0.75,0.0,0.25,-0.001575,0.0,-0.001575,10.2301,-0.054,-0.000717,-0.002137,0.00011
2018-05-29,TECL,TECL,0.75,0.0,0.25,-0.014327,0.0,-0.014327,10.0835,-0.0675,-0.005448,-0.019103,0.0
2018-05-30,TECL,TECL,0.75,0.0,0.25,0.016495,0.0,0.016495,10.2498,-0.0521,0.007351,0.02203,-0.00011
2018-05-31,TECL,TECL,0.75,0.0,0.25,0.000334,0.0,0.000334,10.2532,-0.0518,0.000288,0.000372,0.000218
2018-06-01,TECL,TECL,0.75,0.0,0.25,0.03946,0.0,0.03946,10.6578,-0.0144,0.017023,0.05259,7e-05
2018-06-04,TECL,TECL,0.75,0.0,0.25,0.017167,0.0,0.017167,10.8408,0.0,0.008017,0.022853,0.000109
2018-06-05,TECL,TECL,0.75,0.0,0.25,0.009533,0.0,0.009533,10.9441,0.0,0.00349,0.012711,0.0
2018-06-06,TECL,TECL,0.75,0.0,0.25,0.012825,0.0,0.012825,11.0845,0.0,0.006535,0.017136,-0.000109
2018-06-07,TECL,TECL,0.75,0.0,0.25,-0.020271,0.0,-0.020271,10.8598,-0.0203,-0.008012,-0.027065,0.000109
2018-06-08,TECL,TECL,0.75,0.0,0.25,-0.000968,0.0,-0.000968,10.8493,-0.0212,-0.001671,-0.001364,0.000219
2018-06-11,TECL,TECL,0.75,0.0,0.25,0.006378,0.0,0.006378,10.9185,-0.015,0.001115,0.008467,0.000109
2018-06-12,TECL,TECL,0.75,0.0,0.25,0.007564,0.0,0.007564,11.0011,-0.0075,0.004879,0.010086,0.0
2018-06-13,TECL,TECL,0.75,0.0,0.25,-0.012092,0.0,-0.012092,10.868,-0.0195,-0.005132,-0.016086,-0.000109
2018-06-14,TECL,TECL,0.75,0.0,0.25,0.014793,0.0,0.014793,11.0288,-0.005,0.007108,0.019615,0.000327
2018-06-15,TECL,TECL,0.75,0.0,0.25,-0.007112,0.0,-0.007112,10.9504,-0.0121,-0.003818,-0.009483,0.0
2018-06-18,TECL,TECL,0.75,0.0,0.25,0.001441,0.0,0.001441,10.9661,-0.0107,0.001113,0.001958,-0.000109
2018-06-19,TECL,TECL,0.75,0.0,0.25,-0.012385,0.0,-0.012385,10.8303,-0.0229,-0.005151,-0.016586,0.000219
2018-06-20,TECL,TECL,0.75,0.0,0.25,0.005685,0.0,0.005685,10.8919,-0.0174,0.002099,0.007616,-0.000109
2018-06-21,TECL,TECL,0.75,0.0,0.25,-0.017837,0.0,-0.017837,10.6976,-0.0349,-0.007684,-0.023819,0.000109
2018-06-22,TECL,TECL,0.75,0.0,0.25,-0.007662,0.0,-0.007662,10.6157,-0.0423,-0.003238,-0.010253,0.000109
2018-06-25,TECL,TECL,0.75,0.0,0.25,-0.046329,0.0,-0.046329,10.1238,-0.0867,-0.020764,-0.061845,0.000219
2018-06-26,TECL,TECL,0.75,0.0,0.25,0.008365,0.0,0.008365,10.2085,-0.079,0.00404,0.01119,-0.000109
2018-06-27,TECL,TECL,0.75,0.0,0.25,-0.030242,0.0,-0.030242,9.8998,-0.1069,-0.013648,-0.040395,0.000219
2018-06-28,TECL,TECL,0.75,0.0,0.25,0.026349,0.0,0.026349,10.1607,-0.0833,0.012235,0.035132,0.0
2018-06-29,TECL,TECL,0.75,0.0,0.25,-0.00269,0.0,-0.00269,10.1333,-0.0858,-0.000432,-0.003659,0.000219
2018-07-02,TECL,TECL,0.75,0.0,0.25,0.022357,0.0,0.022357,10.3599,-0.0654,0.008927,0.029857,-0.000143
2018-07-03,TECL,TECL,0.75,0.0,0.25,-0.027481,0.0,-0.027481,10.0752,-0.0911,-0.011843,-0.036715,0.000219
2018-07-05,TECL,TECL,0.75,0.0,0.25,0.030851,0.0,0.030851,10.386,-0.063,0.014151,0.041135,0.0
2018-07-06,TECL,TECL,0.75,0.0,0.25,0.027188,0.0,0.027188,10.6684,-0.0375,0.011674,0.036178,0.000219
2018-07-09,TECL,TECL,0.75,0.0,0.25,0.01693,0.0,0.01693,10.849,-0.0212,0.007597,0.022574,0.0
2018-07-10,TECL,TECL,0.75,0.0,0.25,0.00527,0.0,0.00527,10.9062,-0.0161,0.002375,0.00699,0.000109
2018-07-11,TECL,TECL,0.75,0.0,0.25,-0.011639,0.0,-0.011639,10.7792,-0.0275,-0.003899,-0.015519,0.0
2018-07-12,TECL,TECL,0.75,0.0,0.25,0.037443,0.0,0.037443,11.1828,0.0,0.015807,0.049924,0.0
2018-07-13,TECL,TECL,0.75,0.0,0.25,-0.002049,0.0,-0.002049,11.1599,-0.002,-0.001102,-0.002769,0.000109
2018-07-16,TECL,TECL,0.75,0.0,0.25,-0.005072,0.0,-0.005072,11.1033,-0.0071,-0.002344,-0.006799,0.000109
2018-07-17,TECL,TECL,0.75,0.0,0.25,0.01566,0.0,0.01566,11.2772,0.0,0.007463,0.02088,0.0
2018-07-18,TECL,TECL,0.75,0.0,0.25,-0.003297,0.0,-0.003297,11.24,-0.0033,-0.001648,-0.004432,0.000109
2018-07-19,TECL,TECL,0.75,0.0,0.25,-0.007529,0.0,-0.007529,11.1554,-0.0108,-0.003572,-0.010075,0.000109
2018-07-20,TECL,TECL,0.75,0.0,0.25,-0.00111,0.0,-0.00111,11.143,-0.0119,0.000277,-0.001516,0.000109
2018-07-23,TECL,TECL,0.75,0.0,0.25,0.011192,0.0,0.011192,11.2677,-0.0008,0.005101,0.014959,-0.000109
2018-07-24,TECL,TECL,0.75,0.0,0.25,0.013164,0.0,0.013164,11.4161,0.0,0.005486,0.01748,0.000218
2018-07-25,TECL,TECL,0.75,0.0,0.25,0.026844,0.0,0.026844,11.7225,0.0,0.012546,0.035829,-0.000109
2018-07-26,TECL,TECL,0.75,0.0,0.25,-0.033387,0.0,-0.033387,11.3311,-0.0334,-0.015355,-0.044553,0.000109
2018-07-27,TECL,TECL,0.75,0.0,0.25,-0.040313,0.0,-0.040313,10.8743,-0.0724,-0.0171,-0.053824,0.000218
2018-07-30,TECL,TECL,0.75,0.0,0.25,-0.033857,0.0,-0.033857,10.5062,-0.1038,-0.015586,-0.045106,-0.000109
2018-07-31,TECL,TECL,0.75,0.0,0.25,0.006345,0.0,0.006345,10.5728,-0.0981,0.002685,0.008387,0.000218
2018-08-01,TECL,TECL,0.75,0.0,0.25,0.01858,0.0,0.01858,10.7693,-0.0813,0.009024,0.024756,5.4e-05
2018-08-02,TECL,TECL,0.75,0.0,0.25,0.029515,0.0,0.029515,11.0871,-0.0542,0.012577,0.039317,0.000109
2018-08-03,TECL,TECL,0.75,0.0,0.25,0.007906,0.0,0.007906,11.1748,-0.0467,0.003588,0.010542,0.0
2018-08-06,TECL,TECL,0.75,0.0,0.25,0.012614,0.0,0.012614,11.3157,-0.0347,0.005362,0.016782,0.000109
2018-08-07,TECL,TECL,0.75,0.0,0.25,0.007674,0.0,0.007674,11.4026,-0.0273,0.003831,0.010195,0.000109
2018-08-08,TECL,TECL,0.75,0.0,0.25,0.00552,0.0,0.00552,11.4655,-0.0219,0.002726,0.007396,-0.000109
2018-08-09,TECL,TECL,0.75,0.0,0.25,0.000936,0.0,0.000936,11.4762,-0.021,0.000408,0.001212,0.000109
2018-08-10,TECL,TECL,0.75,0.0,0.25,-0.017589,0.0,-0.017589,11.2744,-0.0382,-0.008013,-0.023525,0.00022
2018-08-13,TECL,TECL,0.75,0.0,0.25,-0.002864,0.0,-0.002864,11.2421,-0.041,-0.001371,-0.003855,0.000109
2018-08-14,TECL,TECL,0.75,0.0,0.25,0.013514,0.0,0.013514,11.394,-0.028,0.006172,0.018092,-0.00022
2018-08-15,TECL,TECL,0.75,0.0,0.25,-0.019743,0.0,-0.019743,11.1691,-0.0472,-0.008995,-0.026398,0.00022
2018-08-16,TECL,TECL,0.75,0.0,0.25,0.008535,0.0,0.008535,11.2644,-0.0391,0.0044,0.011379,0.0
2018-08-17,TECL,TECL,0.75,0.0,0.25,0.003606,0.0,0.003606,11.305,-0.0356,0.001507,0.004772,0.000109
2018-08-20,TECL,TECL,0.75,0.0,0.25,-0.003953,0.0,-0.003953,11.2603,-0.0394,-0.001504,-0.00527,0.0
2018-08-21,TECL,TECL,0.75,0.0,0.25,0.00307,0.0,0.00307,11.2949,-0.0365,0.001643,0.004056,0.000109
2018-08-22,TECL,TECL,0.75,0.0,0.25,0.006548,0.0,0.006548,11.3688,-0.0302,0.003008,0.008731,0.0
2018-08-23,TECL,TECL,0.75,0.0,0.25,0.004292,0.0,0.004292,11.4176,-0.026,0.002179,0.005614,0.000327
2018-08-24,TECL,TECL,0.75,0.0,0.25,0.022786,0.0,0.022786,11.6778,-0.0038,0.010064,0.030381,0.0
2018-08-27,TECL,TECL,0.75,0.0,0.25,0.020879,0.0,0.020879,11.9216,0.0,0.009153,0.027802,0.00011
2018-08-28,TECL,TECL,0.75,0.0,0.25,0.002366,0.0,0.002366,11.9498,0.0,0.001736,0.003155,0.0
2018-08-29,TECL,TECL,0.75,0.0,0.25,0.020918,0.0,0.020918,12.1998,0.0,0.009055,0.027927,-0.00011
2018-08-30,TECL,TECL,0.75,0.0,0.25,-0.006242,0.0,-0.006242,12.1237,-0.0062,-0.003036,-0.008469,0.000438
2018-08-31,TECL,TECL,0.75,0.0,0.25,0.00175,0.0,0.00175,12.1449,-0.0045,0.000794,0.00237,-0.000109
2018-09-04,TECL,TECL,0.75,0.0,0.25,-0.008628,0.0,-0.008628,12.0401,-0.0131,-0.003836,-0.011534,9.3e-05
2018-09-05,TECL,TECL,0.75,0.0,0.25,-0.030289,0.0,-0.030289,11.6754,-0.043,-0.012481,-0.040349,-0.000109
2018-09-06,TECL,TECL,0.75,0.0,0.25,-0.015155,0.0,-0.015155,11.4985,-0.0575,-0.007262,-0.02028,0.000218
2018-09-07,TECL,TECL,0.75,0.0,0.25,-0.007535,0.0,-0.007535,11.4118,-0.0646,-0.003384,-0.010119,0.000219
2018-09-10,TECL,TECL,0.75,0.0,0.25,0.006513,0.0,0.006513,11.4861,-0.0585,0.003123,0.008684,0.0
2018-09-11,TECL,TECL,0.75,0.0,0.25,0.019156,0.0,0.019156,11.7062,-0.0405,0.008536,0.025504,0.000109
2018-09-12,TECL,TECL,0.75,0.0,0.25,-0.008251,0.0,-0.008251,11.6096,-0.0484,-0.004165,-0.011002,0.0
2018-09-13,TECL,TECL,0.75,0.0,0.25,0.024144,0.0,0.024144,11.8899,-0.0254,0.011736,0.032193,0.0
2018-09-14,TECL,TECL,0.75,0.0,0.25,-0.001026,0.0,-0.001026,11.8777,-0.0264,-0.0008,-0.001404,0.000109
2018-09-17,TECL,TECL,0.75,0.0,0.25,-0.028632,0.0,-0.028632,11.5376,-0.0543,-0.012542,-0.038249,0.000219
2018-09-18,TECL,TECL,0.75,0.0,0.25,0.013366,0.0,0.013366,11.6918,-0.0416,0.006351,0.017821,0.0
2018-09-19,TECL,TECL,0.75,0.0,0.25,-0.004391,0.0,-0.004391,11.6405,-0.0458,-0.00255,-0.005855,0.0
2018-09-20,TECL,TECL,0.75,0.0,0.25,0.025539,0.0,0.025539,11.9378,-0.0215,0.011846,0.033979,0.000218
2018-09-21,TECL,TECL,0.75,0.0,0.25,-0.00746,0.0,-0.00746,11.8487,-0.0288,-0.003953,-0.009947,0.0
2018-09-24,TECL,TECL,0.75,0.0,0.25,0.008022,0.0,0.008022,11.9437,-0.021,0.00496,0.010659,0.00011
2018-09-25,TECL,TECL,0.75,0.0,0.25,-0.001386,0.0,-0.001386,11.9272,-0.0223,-0.001199,-0.001849,0.0
2018-09-26,TECL,TECL,0.75,0.0,0.25,-0.010702,0.0,-0.010702,11.7995,-0.0328,-0.003742,-0.01427,0.0
2018-09-27,TECL,TECL,0.75,0.0,0.25,0.013963,0.0,0.013963,11.9643,-0.0193,0.0059,0.018545,0.000218
2018-09-28,TECL,TECL,0.75,0.0,0.25,0.008714,0.0,0.008714,12.0686,-0.0108,0.003731,0.011618,0.0
2018-10-01,TECL,TECL,0.75,0.0,0.25,0.011006,0.0,0.011006,12.2014,0.0,0.004779,0.014653,6.5e-05
2018-10-02,TECL,TECL,0.75,0.0,0.25,-0.000283,0.0,-0.000283,12.1979,-0.0003,0.000131,-0.000414,0.000109
2018-10-03,TECL,TECL,0.75,0.0,0.25,0.006858,0.0,0.006858,12.2816,0.0,0.00304,0.009144,0.0
2018-10-04,TECL,TECL,0.75,0.0,0.25,-0.03891,0.0,-0.03891,11.8037,-0.0389,-0.018044,-0.051953,0.000219
2018-10-05,TECL,TECL,0.75,0.0,0.25,-0.029697,0.0,-0.029697,11.4532,-0.0675,-0.012607,-0.039632,0.000109
2018-10-08,TECL,TECL,0.75,0.0,0.25,-0.025365,0.0,-0.025365,11.1627,-0.0911,-0.011275,-0.03382,0.0
2018-10-09,TECL,TECL,0.75,0.0,0.25,0.007447,0.0,0.007447,11.2458,-0.0843,0.003572,0.009966,-0.000109
2018-10-10,TECL,TECL,0.75,0.0,0.25,-0.103727,0.0,-0.103727,10.0793,-0.1793,-0.048459,-0.138376,0.000219
2018-10-11,TECL,TECL,0.75,0.0,0.25,-0.03249,0.0,-0.03249,9.7518,-0.206,-0.01266,-0.043356,0.000109
2018-10-12,TECL,TECL,0.75,0.0,0.25,0.069898,0.0,0.069898,10.4335,-0.1505,0.032055,0.093197,0.0
2018-10-15,TECL,TECL,0.75,0.0,0.25,-0.036541,0.0,-0.036541,10.0522,-0.1815,-0.016377,-0.048758,0.000109
2018-10-16,TECL,BIL,0.75,0.0,0.25,0.067585,0.0,0.067585,10.7316,-0.1262,0.030141,0.090076,0.00011
2018-10-17,BIL,BIL,0.0,0.0,1.0,0.0,0.00075,-0.00075,10.7235,-0.1269,-0.004596,-0.012877,0.0
2018-10-18,BIL,BIL,0.0,0.0,1.0,0.0,0.0,0.0,10.7235,-0.1269,-0.019599,-0.061821,0.0
2018-10-19,BIL,BIL,0.0,0.0,1.0,0.000109,0.0,0.000109,10.7247,-0.1268,-0.000427,0.0,0.000109
2018-10-22,BIL,BIL,0.0,0.0,1.0,0.000219,0.0,0.000219,10.727,-0.1266,0.008284,0.023941,0.000219
2018-10-23,BIL,BIL,0.0,0.0,1.0,0.0,0.0,0.0,10.727,-0.1266,-0.003823,-0.01099,0.0
2018-10-24,BIL,BIL,0.0,0.0,1.0,0.000109,0.0,0.000109,10.7282,-0.1265,-0.044796,-0.132468,0.000109
2018-10-25,BIL,BIL,0.0,0.0,1.0,0.00011,0.0,0.00011,10.7294,-0.1264,0.034388,0.096638,0.00011
2018-10-26,BIL,BIL,0.0,0.0,1.0,0.000109,0.0,0.000109,10.7306,-0.1263,-0.020004,-0.059086,0.000109
2018-10-29,BIL,BIL,0.0,0.0,1.0,0.0,0.0,0.0,10.7306,-0.1263,-0.016891,-0.049637,0.0
2018-10-30,BIL,BIL,0.0,0.0,1.0,0.0,0.0,0.0,10.7306,-0.1263,0.011205,0.031582,0.0
2018-10-31,BIL,BIL,0.0,0.0,1.0,0.000109,0.0,0.000109,10.7317,-0.1262,0.023783,0.071669,0.000109
2018-11-01,BIL,BIL,0.0,0.0,1.0,0.000224,0.0,0.000224,10.7341,-0.126,0.01169,0.03711,0.000224
2018-11-02,BIL,BIL,0.0,0.0,1.0,0.0,0.0,0.0,10.7341,-0.126,-0.019542,-0.058787,0.0
2018-11-05,BIL,BIL,0.0,0.0,1.0,0.000109,0.0,0.000109,10.7353,-0.1259,-0.001017,-0.002618,0.000109
2018-11-06,BIL,BIL,0.0,0.0,1.0,0.0,0.0,0.0,10.7353,-0.1259,0.00626,0.01664,0.0
2018-11-07,BIL,BIL,0.0,0.0,1.0,0.00011,0.0,0.00011,10.7365,-0.1258,0.029379,0.085782,0.00011
2018-11-08,BIL,BIL,0.0,0.0,1.0,0.000109,0.0,0.000109,10.7376,-0.1257,-0.000844,-0.003339,0.000109
2018-11-09,BIL,BIL,0.0,0.0,1.0,0.000219,0.0,0.000219,10.74,-0.1255,-0.017308,-0.048358,0.000219
2018-11-12,BIL,BIL,0.0,0.0,1.0,-0.000109,0.0,-0.000109,10.7388,-0.1256,-0.035223,-0.106704,-0.000109
2018-11-13,BIL,BIL,0.0,0.0,1.0,0.000109,0.0,0.000109,10.74,-0.1255,0.001187,0.003153,0.000109
2018-11-14,BIL,BIL,0.0,0.0,1.0,-0.000109,0.0,-0.000109,10.7388,-0.1256,-0.012005,-0.037485,-0.000109
2018-11-15,BIL,BIL,0.0,0.0,1.0,0.000327,0.0,0.000327,10.7423,-0.1253,0.025054,0.074524,0.000327
2018-11-16,BIL,BIL,0.0,0.0,1.0,0.00011,0.0,0.00011,10.7435,-0.1252,-0.001608,-0.003715,0.00011
2018-11-19,BIL,BIL,0.0,0.0,1.0,-0.00011,0.0,-0.00011,10.7423,-0.1253,-0.038117,-0.114631,-0.00011
2018-11-20,BIL,BIL,0.0,0.0,1.0,0.000218,0.0,0.000218,10.7447,-0.1251,-0.021492,-0.063492,0.000218
2018-11-21,BIL,BIL,0.0,0.0,1.0,0.000218,0.0,0.000218,10.747,-0.1249,0.007319,0.018303,0.000218
2018-11-23,BIL,BIL,0.0,0.0,1.0,0.0,0.0,0.0,10.747,-0.1249,-0.009121,-0.027622,0.0
2018-11-26,BIL,BIL,0.0,0.0,1.0,0.00011,0.0,0.00011,10.7482,-0.1249,0.022629,0.067857,0.00011
2018-11-27,BIL,BIL,0.0,0.0,1.0,0.0,0.0,0.0,10.7482,-0.1249,0.001982,0.006767,0.0
2018-11-28,BIL,BIL,0.0,0.0,1.0,0.000109,0.0,0.000109,10.7494,-0.1248,0.035028,0.102974,0.000109
2018-11-29,BIL,BIL,0.0,0.0,1.0,0.00011,0.0,0.00011,10.7506,-0.1247,-0.009711,-0.027519,0.00011
2018-11-30,BIL,BIL,0.0,0.0,1.0,0.000108,0.0,0.000108,10.7517,-0.1246,0.009509,0.029192,0.000108
2018-12-03,BIL,BIL,0.0,0.0,1.0,-3.1e-05,0.0,-3.1e-05,10.7514,-0.1246,0.022078,0.065269,-3.1e-05
2018-12-04,BIL,BIL,0.0,0.0,1.0,0.00011,0.0,0.00011,10.7526,-0.1245,-0.037872,-0.116161,0.00011
2018-12-06,BIL,BIL,0.0,0.0,1.0,0.000218,0.0,0.000218,10.7549,-0.1243,0.002244,0.006193,0.000218
2018-12-07,BIL,BIL,0.0,0.0,1.0,0.00011,0.0,0.00011,10.7561,-0.1242,-0.035244,-0.106361,0.00011
2018-12-10,BIL,BIL,0.0,0.0,1.0,0.00011,0.0,0.00011,10.7573,-0.1241,0.013778,0.043784,0.00011
2018-12-11,BIL,BIL,0.0,0.0,1.0,-0.00011,0.0,-0.00011,10.7561,-0.1242,0.001222,0.002851,-0.00011
2018-12-12,BIL,BIL,0.0,0.0,1.0,0.000218,0.0,0.000218,10.7584,-0.124,0.007776,0.023962,0.000218
2018-12-13,BIL,BIL,0.0,0.0,1.0,0.00011,0.0,0.00011,10.7596,-0.1239,0.001666,0.00365,0.00011
2018-12-14,BIL,BIL,0.0,0.0,1.0,0.00011,0.0,0.00011,10.7608,-0.1238,-0.024478,-0.073867,0.00011
2018-12-17,BIL,BIL,0.0,0.0,1.0,0.000108,0.0,0.000108,10.762,-0.1237,-0.021215,-0.06282,0.000108
2018-12-18,BIL,BIL,0.0,0.0,1.0,0.0,0.0,0.0,10.762,-0.1237,0.007911,0.022674,0.0
2018-12-19,BIL,BIL,0.0,0.0,1.0,-0.000108,0.0,-0.000108,10.7608,-0.1238,-0.01978,-0.057907,-0.000108
2018-12-20,BIL,BIL,0.0,0.0,1.0,0.000218,0.0,0.000218,10.7632,-0.1236,-0.017937,-0.05485,0.000218
2018-12-21,BIL,BIL,0.0,0.0,1.0,0.000219,0.0,0.000219,10.7655,-0.1234,-0.030385,-0.095501,0.000219
2018-12-24,BIL,BIL,0.0,0.0,1.0,0.00011,0.0,0.00011,10.7667,-0.1233,-0.026689,-0.07832,0.00011
2018-12-26,BIL,BIL,0.0,0.0,1.0,-0.00011,0.0,-0.00011,10.7655,-0.1234,0.060397,0.178221,-0.00011
2018-12-27,BIL,BIL,0.0,0.0,1.0,0.000328,0.0,0.000328,10.769,-0.1232,0.007202,0.027564,0.000328
2018-12-28,BIL,BIL,0.0,0.0,1.0,0.00011,0.0,0.00011,10.7702,-0.1231,-0.002275,-0.009576,0.00011
2018-12-31,BIL,BIL,0.0,0.0,1.0,0.00011,0.0,0.00011,10.7714,-0.123,0.009447,0.027933,0.00011
2019-01-02,BIL,BIL,0.0,0.0,1.0,-0.00011,0.0,-0.00011,10.7702,-0.1231,0.000643,0.000348,-0.00011
2019-01-03,BIL,BIL,0.0,0.0,1.0,0.000328,0.0,0.000328,10.7737,-0.1228,-0.050468,-0.147235,0.000328
2019-01-04,BIL,BIL,0.0,0.0,1.0,0.00011,0.0,0.00011,10.7749,-0.1227,0.044322,0.126872,0.00011
2019-01-07,BIL,BIL,0.0,0.0,1.0,0.0,0.0,0.0,10.7749,-0.1227,0.008941,0.026187,0.0
2019-01-08,BIL,BIL,0.0,0.0,1.0,0.0,0.0,0.0,10.7749,-0.1227,0.008382,0.02684,0.0
2019-01-09,BIL,BIL,0.0,0.0,1.0,0.0,0.0,0.0,10.7749,-0.1227,0.012946,0.035998,0.0
2019-01-10,BIL,BIL,0.0,0.0,1.0,0.00011,0.0,0.00011,10.7761,-0.1226,0.004419,0.01323,0.00011
2019-01-11,BIL,BIL,0.0,0.0,1.0,0.000219,0.0,0.000219,10.7785,-0.1224,-0.001887,-0.004757,0.000219
2019-01-14,BIL,BIL,0.0,0.0,1.0,-0.00011,0.0,-0.00011,10.7773,-0.1225,-0.009284,-0.027239,-0.00011
2019-01-15,BIL,BIL,0.0,0.0,1.0,0.000218,0.0,0.000218,10.7796,-0.1223,0.015092,0.043657,0.000218
2019-01-16,BIL,BIL,0.0,0.0,1.0,0.00011,0.0,0.00011,10.7808,-0.1222,0.000938,0.001645,0.00011
2019-01-17,BIL,BIL,0.0,0.0,1.0,0.000219,0.0,0.000219,10.7832,-0.122,0.006411,0.020335,0.000219
2019-01-18,BIL,BIL,0.0,0.0,1.0,0.0,0.0,0.0,10.7832,-0.122,0.015222,0.044784,0.0
2019-01-22,BIL,BIL,0.0,0.0,1.0,0.000109,0.0,0.000109,10.7844,-0.1219,-0.016831,-0.05148,0.000109
2019-01-23,BIL,BIL,0.0,0.0,1.0,0.0,0.0,0.0,10.7844,-0.1219,0.003426,0.010815,0.0
2019-01-24,BIL,BIL,0.0,0.0,1.0,0.000327,0.0,0.000327,10.7879,-0.1216,0.008376,0.025879,0.000327
2019-01-25,BIL,BIL,0.0,0.0,1.0,-0.000109,0.0,-0.000109,10.7867,-0.1217,0.014149,0.042539,-0.000109
2019-01-28,BIL,BIL,0.0,0.0,1.0,0.000109,0.0,0.000109,10.7879,-0.1216,-0.013348,-0.041396,0.000109
2019-01-29,BIL,BIL,0.0,0.0,1.0,0.0,0.0,0.0,10.7879,-0.1216,-0.01076,-0.030471,0.0
2019-01-30,BIL,BIL,0.0,0.0,1.0,0.000219,0.0,0.000219,10.7902,-0.1214,0.031081,0.090828,0.000219
2019-01-31,BIL,BIL,0.0,0.0,1.0,0.0,0.0,0.0,10.7902,-0.1214,-0.001055,-0.004447,0.0
2019-02-01,BIL,BIL,0.0,0.0,1.0,0.0001,0.0,0.0001,10.7913,-0.1213,0.005883,0.018529,0.0001
2019-02-04,BIL,BIL,0.0,0.0,1.0,0.000109,0.0,0.000109,10.7925,-0.1212,0.016049,0.048164,0.000109
2019-02-05,BIL,BIL,0.0,0.0,1.0,0.0,0.0,0.0,10.7925,-0.1212,0.008417,0.025154,0.0
2019-02-06,BIL,BIL,0.0,0.0,1.0,0.000219,0.0,0.000219,10.7949,-0.1211,0.003366,0.009503,0.000219
2019-02-07,BIL,BIL,0.0,0.0,1.0,0.0,0.0,0.0,10.7949,-0.1211,-0.013714,-0.042237,0.0
2019-02-08,BIL,XLK,0.0,0.0,1.0,0.000219,0.0,0.000219,10.7972,-0.1209,0.005768,0.016566,0.000219
2019-02-11,XLK,XLK,0.0,1.0,0.0,-0.000441,0.001,-0.001441,10.7817,-0.1221,-0.000441,-0.001101,-0.000109
2019-02-12,XLK,XLK,0.0,1.0,0.0,0.013242,0.0,0.013242,10.9244,-0.1105,0.013242,0.040486,0.000219
2019-02-13,XLK,XLK,0.0,1.0,0.0,0.001306,0.0,0.001306,10.9387,-0.1093,0.001306,0.003548,0.0
2019-02-14,XLK,XLK,0.0,1.0,0.0,0.001742,0.0,0.001742,10.9578,-0.1078,0.001742,0.003439,0.000219
2019-02-15,XLK,XLK,0.0,1.0,0.0,0.007964,0.0,0.007964,11.045,-0.1007,0.007964,0.022974,0.0
2019-02-19,XLK,XLK,0.0,1.0,0.0,0.000286,0.0,0.000286,11.0482,-0.1004,0.000286,0.002236,0.000219
2019-02-20,XLK,XLK,0.0,1.0,0.0,0.00115,0.0,0.00115,11.0609,-0.0994,0.00115,0.002147,0.0
2019-02-21,XLK,XLK,0.0,1.0,0.0,0.00043,0.0,0.00043,11.0657,-0.099,0.00043,0.002311,0.000109
2019-02-22,XLK,XLK,0.0,1.0,0.0,0.012758,0.0,0.012758,11.2068,-0.0875,0.012758,0.036668,0.000217
2019-02-25,XLK,XLK,0.0,1.0,0.0,0.004813,0.0,0.004813,11.2608,-0.0831,0.004813,0.015497,-0.000109
2019-02-26,XLK,XLK,0.0,1.0,0.0,0.002115,0.0,0.002115,11.2846,-0.0812,0.002115,0.005841,0.000109
2019-02-27,XLK,XLK,0.0,1.0,0.0,-0.000984,0.0,-0.000984,11.2735,-0.0821,-0.000984,-0.002744,0.000109
2019-02-28,XLK,XLK,0.0,1.0,0.0,-0.002814,0.0,-0.002814,11.2418,-0.0847,-0.002814,-0.008574,0.000218
2019-03-01,XLK,XLK,0.0,1.0,0.0,0.006772,0.0,0.006772,11.3179,-0.0785,0.006772,0.018775,0.000109
2019-03-04,XLK,XLK,0.0,1.0,0.0,-0.003782,0.0,-0.003782,11.2751,-0.082,-0.003782,-0.010256,-0.000109
2019-03-05,XLK,XLK,0.0,1.0,0.0,-0.002956,0.0,-0.002956,11.2418,-0.0847,-0.002956,-0.009794,0.000109
2019-03-06,XLK,XLK,0.0,1.0,0.0,-0.005222,0.0,-0.005222,11.1831,-0.0894,-0.005222,-0.016356,0.000111
2019-03-07,XLK,TECL,0.0,1.0,0.0,-0.009505,0.0,-0.009505,11.0768,-0.0981,-0.009505,-0.028178,0.000218
2019-03-08,TECL,TECL,0.75,0.0,0.25,-0.000937,0.001,-0.001937,11.0553,-0.0998,-0.000144,-0.001285,0.000109
2019-03-11,TECL,TECL,0.75,0.0,0.25,0.048944,0.0,0.048944,11.5964,-0.0558,0.021486,0.065258,0.0
2019-03-12,TECL,TECL,0.75,0.0,0.25,0.012506,0.0,0.012506,11.7414,-0.044,0.005891,0.016638,0.000109
2019-03-13,TECL,TECL,0.75,0.0,0.25,0.015033,0.0,0.015033,11.9179,-0.0296,0.006552,0.020008,0.000109
2019-03-14,TECL,TECL,0.75,0.0,0.25,0.004132,0.0,0.004132,11.9672,-0.0256,0.002076,0.00551,0.0
2019-03-15,TECL,TECL,0.75,0.0,0.25,0.026911,0.0,0.026911,12.2892,0.0,0.012107,0.035845,0.000109
2019-03-18,TECL,TECL,0.75,0.0,0.25,0.009242,0.0,0.009242,12.4028,0.0,0.004246,0.012286,0.000109
2019-03-19,TECL,TECL,0.75,0.0,0.25,0.005716,0.0,0.005716,12.4737,0.0,0.002047,0.007621,0.0
2019-03-20,TECL,TECL,0.75,0.0,0.25,-0.007581,0.0,-0.007581,12.3791,-0.0076,-0.002723,-0.010108,0.0
2019-03-21,TECL,TECL,0.75,0.0,0.25,0.057828,0.0,0.057828,13.095,0.0,0.025119,0.076994,0.000329
2019-03-22,TECL,TECL,0.75,0.0,0.25,-0.0548,0.0,-0.0548,12.3774,-0.0548,-0.023571,-0.073066,0.0
2019-03-25,TECL,TECL,0.75,0.0,0.25,-0.008498,0.0,-0.008498,12.2722,-0.0628,-0.004363,-0.01133,0.0
2019-03-26,TECL,TECL,0.75,0.0,0.25,0.012223,0.0,0.012223,12.4222,-0.0514,0.005479,0.01626,0.000109
2019-03-27,TECL,TECL,0.75,0.0,0.25,-0.012197,0.0,-0.012197,12.2707,-0.0629,-0.005722,-0.016298,0.000109
2019-03-28,TECL,TECL,0.75,0.0,0.25,0.00832,0.0,0.00832,12.3728,-0.0552,0.004112,0.011021,0.000218
2019-03-29,TECL,TECL,0.75,0.0,0.25,0.020795,0.0,0.020795,12.6301,-0.0355,0.009824,0.027726,0.0
2019-04-01,TECL,TECL,0.75,0.0,0.25,0.030822,0.0,0.030822,13.0194,-0.0058,0.013648,0.041039,0.00017
2019-04-02,TECL,TECL,0.75,0.0,0.25,0.007927,0.0,0.007927,13.1226,0.0,0.003466,0.010605,-0.000109
2019-04-03,TECL,TECL,0.75,0.0,0.25,0.017972,0.0,0.017972,13.3584,0.0,0.008107,0.023926,0.000109
2019-04-04,TECL,TECL,0.75,0.0,0.25,-0.008708,0.0,-0.008708,13.2421,-0.0087,-0.004219,-0.01172,0.000328
2019-04-05,TECL,TECL,0.75,0.0,0.25,0.0091,0.0,0.0091,13.3626,0.0,0.004765,0.012133,0.0
2019-04-08,TECL,TECL,0.75,0.0,0.25,0.008985,0.0,0.008985,13.4827,0.0,0.00382,0.011981,0.0
2019-04-09,TECL,TECL,0.75,0.0,0.25,-0.010886,0.0,-0.010886,13.3359,-0.0109,-0.004725,-0.014551,0.000109
2019-04-10,TECL,TECL,0.75,0.0,0.25,0.015907,0.0,0.015907,13.548,0.0,0.006987,0.021209,0.0
2019-04-11,TECL,TECL,0.75,0.0,0.25,-0.003615,0.0,-0.003615,13.499,-0.0036,-0.001308,-0.00493,0.000328
2019-04-12,TECL,TECL,0.75,0.0,0.25,0.014911,0.0,0.014911,13.7003,0.0,0.006947,0.019882,0.0
2019-04-15,TECL,TECL,0.75,0.0,0.25,-6.8e-05,0.0,-6.8e-05,13.6994,-0.0001,-0.000392,-0.000127,0.000109
2019-04-16,TECL,TECL,0.75,0.0,0.25,0.010883,0.0,0.010883,13.8485,0.0,0.005081,0.014511,0.0
2019-04-17,TECL,TECL,0.75,0.0,0.25,0.011976,0.0,0.011976,14.0143,0.0,0.00557,0.015895,0.000219
2019-04-18,TECL,TECL,0.75,0.0,0.25,0.006062,0.0,0.006062,14.0993,0.0,0.002836,0.008047,0.000109
2019-04-22,TECL,TECL,0.75,0.0,0.25,0.004959,0.0,0.004959,14.1692,0.0,0.002315,0.006612,0.0
2019-04-23,TECL,TECL,0.75,0.0,0.25,0.025456,0.0,0.025456,14.5299,0.0,0.010896,0.033941,0.0
2019-04-24,TECL,XLK,0.75,0.0,0.25,0.000639,0.0,0.000639,14.5392,0.0,0.000382,0.000779,0.000219
2019-04-25,XLK,XLK,0.0,1.0,0.0,-0.000254,0.001,-0.001254,14.521,-0.0013,-0.000254,-0.002991,0.000218
2019-04-26,XLK,XLK,0.0,1.0,0.0,-0.003805,0.0,-0.003805,14.4657,-0.0051,-0.003805,-0.01087,-0.000109
2019-04-29,XLK,XLK,0.0,1.0,0.0,0.000255,0.0,0.000255,14.4694,-0.0048,0.000255,0.000551,0.000109
2019-04-30,XLK,XLK,0.0,1.0,0.0,0.001654,0.0,0.001654,14.4933,-0.0032,0.001654,0.006062,0.000109
2019-05-01,XLK,XLK,0.0,1.0,0.0,-0.002541,0.0,-0.002541,14.4565,-0.0057,-0.002541,-0.007595,4.2e-05
2019-05-02,XLK,XLK,0.0,1.0,0.0,-0.005222,0.0,-0.005222,14.381,-0.0109,-0.005222,-0.016893,0.000109
2019-05-03,XLK,XLK,0.0,1.0,0.0,0.009475,0.0,0.009475,14.5173,-0.0015,0.009475,0.028245,0.00011
2019-05-06,XLK,XLK,0.0,1.0,0.0,-0.007737,0.0,-0.007737,14.4049,-0.0092,-0.007737,-0.022422,0.000109
2019-05-07,XLK,TECL,0.0,1.0,0.0,-0.021474,0.0,-0.021474,14.0956,-0.0305,-0.021474,-0.065684,0.00011
2019-05-08,TECL,TECL,0.75,0.0,0.25,-0.002898,0.001,-0.003898,14.0407,-0.0343,-0.001177,-0.003864,0.0
2019-05-09,TECL,TECL,0.75,0.0,0.25,-0.015135,0.0,-0.015135,13.8282,-0.0489,-0.0068,-0.020217,0.000109
2019-05-10,TECL,TECL,0.75,0.0,0.25,0.006225,0.0,0.006225,13.9142,-0.043,0.003159,0.008227,0.000219
2019-05-13,TECL,TECL,0.75,0.0,0.25,-0.084402,0.0,-0.084402,12.7399,-0.1238,-0.037674,-0.112499,-0.00011
2019-05-14,TECL,TECL,0.75,0.0,0.25,0.036372,0.0,0.036372,13.2032,-0.0919,0.016097,0.048459,0.00011
2019-05-15,TECL,TECL,0.75,0.0,0.25,0.022504,0.0,0.022504,13.5004,-0.0715,0.010873,0.02997,0.000109
2019-05-16,TECL,TECL,0.75,0.0,0.25,0.023527,0.0,0.023527,13.818,-0.0496,0.009164,0.031333,0.00011
2019-05-17,TECL,TECL,0.75,0.0,0.25,-0.019458,0.0,-0.019458,13.5491,-0.0681,-0.008027,-0.02598,0.000109
2019-05-20,TECL,TECL,0.75,0.0,0.25,-0.039884,0.0,-0.039884,13.0087,-0.1053,-0.017379,-0.053216,0.00011
2019-05-21,TECL,TECL,0.75,0.0,0.25,0.02691,0.0,0.02691,13.3588,-0.0812,0.012287,0.03588,0.0
2019-05-22,TECL,TECL,0.75,0.0,0.25,-0.011631,0.0,-0.011631,13.2034,-0.0919,-0.005203,-0.01558,0.000217
2019-05-23,TECL,XLK,0.75,0.0,0.25,-0.039125,0.0,-0.039125,12.6868,-0.1274,-0.01756,-0.05224,0.000219
2019-05-24,XLK,XLK,0.0,1.0,0.0,0.000271,0.001,-0.000729,12.6776,-0.128,0.000271,0.000913,0.0
2019-05-28,XLK,XLK,0.0,1.0,0.0,-0.002865,0.0,-0.002865,12.6413,-0.1305,-0.002865,-0.011452,0.00011
2019-05-29,XLK,XLK,0.0,1.0,0.0,-0.005881,0.0,-0.005881,12.5669,-0.1357,-0.005881,-0.017423,0.0
2019-05-30,XLK,XLK,0.0,1.0,0.0,0.006192,0.0,0.006192,12.6447,-0.1303,0.006192,0.018432,0.000327
2019-05-31,XLK,XLK,0.0,1.0,0.0,-0.016687,0.0,-0.016687,12.4337,-0.1448,-0.016687,-0.049306,0.0
2019-06-03,XLK,XLK,0.0,1.0,0.0,-0.017528,0.0,-0.017528,12.2158,-0.1598,-0.017528,-0.053874,-4.2e-05
2019-06-04,XLK,XLK,0.0,1.0,0.0,0.033415,0.0,0.033415,12.624,-0.1317,0.033415,0.099569,0.000219
2019-06-05,XLK,XLK,0.0,1.0,0.0,0.013015,0.0,0.013015,12.7883,-0.1204,0.013015,0.042022,0.0
2019-06-06,XLK,XLK,0.0,1.0,0.0,0.01163,0.0,0.01163,12.937,-0.1102,0.01163,0.033104,0.000328
2019-06-07,XLK,XLK,0.0,1.0,0.0,0.018584,0.0,0.018584,13.1774,-0.0937,0.018584,0.054663,-0.000109
2019-06-10,XLK,XLK,0.0,1.0,0.0,0.010239,0.0,0.010239,13.3123,-0.0844,0.010239,0.029629,0.000218
2019-06-11,XLK,XLK,0.0,1.0,0.0,0.0,0.0,0.0,13.3123,-0.0844,0.0,0.00166,-0.00011
2019-06-12,XLK,XLK,0.0,1.0,0.0,-0.005587,0.0,-0.005587,13.238,-0.0895,-0.005587,-0.017545,0.00011
2019-06-13,XLK,TECL,0.0,1.0,0.0,0.003006,0.0,0.003006,13.2778,-0.0868,0.003006,0.008561,0.000327
2019-06-14,TECL,TECL,0.75,0.0,0.25,-0.020419,0.001,-0.021419,12.9934,-0.1063,-0.00873,-0.027262,0.00011
2019-06-17,TECL,TECL,0.75,0.0,0.25,0.004016,0.0,0.004016,13.0455,-0.1027,0.000788,0.005354,0.0
2019-06-18,TECL,TECL,0.75,0.0,0.25,0.038997,0.0,0.038997,13.5543,-0.0677,0.01812,0.051996,0.0
2019-06-19,TECL,TECL,0.75,0.0,0.25,0.008772,0.0,0.008772,13.6732,-0.0596,0.003611,0.011623,0.000218
2019-06-20,TECL,TECL,0.75,0.0,0.25,0.031712,0.0,0.031712,14.1068,-0.0297,0.014651,0.042247,0.00011
2019-06-21,TECL,TECL,0.75,0.0,0.25,-0.010531,0.0,-0.010531,13.9582,-0.04,-0.00473,-0.014041,0.0
2019-06-24,TECL,TECL,0.75,0.0,0.25,0.004197,0.0,0.004197,14.0168,-0.0359,0.001917,0.00556,0.000108
2019-06-25,TECL,TECL,0.75,0.0,0.25,-0.041565,0.0,-0.041565,13.4342,-0.076,-0.018354,-0.05542,0.0
2019-06-26,TECL,TECL,0.75,0.0,0.25,0.024028,0.0,0.024028,13.757,-0.0538,0.010778,0.031964,0.000219
2019-06-27,TECL,TECL,0.75,0.0,0.25,0.005545,0.0,0.005545,13.8333,-0.0486,0.002568,0.007393,0.0
2019-06-28,TECL,TECL,0.75,0.0,0.25,0.002543,0.0,0.002543,13.8685,-0.0461,-0.000128,0.003355,0.000108
2019-07-01,TECL,TECL,0.75,0.0,0.25,0.033895,0.0,0.033895,14.3385,-0.0138,0.015888,0.045211,-5.4e-05
2019-07-02,TECL,TECL,0.75,0.0,0.25,0.005687,0.0,0.005687,14.4201,-0.0082,0.00265,0.007546,0.00011
2019-07-03,TECL,TECL,0.75,0.0,0.25,0.01517,0.0,0.01517,14.6388,0.0,0.007673,0.020117,0.000328
2019-07-05,TECL,TECL,0.75,0.0,0.25,-0.002669,0.0,-0.002669,14.5997,-0.0027,-0.001872,-0.003523,-0.000108
2019-07-08,TECL,TECL,0.75,0.0,0.25,-0.018113,0.0,-0.018113,14.3353,-0.0207,-0.007632,-0.02415,0.0
2019-07-09,TECL,TECL,0.75,0.0,0.25,0.007362,0.0,0.007362,14.4408,-0.0135,0.00353,0.00978,0.000108
2019-07-10,TECL,TECL,0.75,0.0,0.25,0.017286,0.0,0.017286,14.6905,0.0,0.007912,0.023011,0.00011
2019-07-11,TECL,TECL,0.75,0.0,0.25,0.008866,0.0,0.008866,14.8207,0.0,0.003739,0.011748,0.000219
2019-07-12,TECL,TECL,0.75,0.0,0.25,0.016919,0.0,0.016919,15.0715,0.0,0.007324,0.022523,0.000108
2019-07-15,TECL,TECL,0.75,0.0,0.25,0.005933,0.0,0.005933,15.1609,0.0,0.003326,0.00791,0.0
2019-07-16,TECL,TECL,0.75,0.0,0.25,-0.020655,0.0,-0.020655,14.8477,-0.0207,-0.009334,-0.027576,0.00011
2019-07-17,TECL,TECL,0.75,0.0,0.25,-0.005444,0.0,-0.005444,14.7669,-0.026,-0.002603,-0.007258,0.0
2019-07-18,TECL,TECL,0.75,0.0,0.25,0.017279,0.0,0.017279,15.0221,-0.0092,0.007459,0.02293,0.000327
2019-07-19,TECL,TECL,0.75,0.0,0.25,-0.012727,0.0,-0.012727,14.8309,-0.0218,-0.00432,-0.016969,0.0
2019-07-22,TECL,TECL,0.75,0.0,0.25,0.028146,0.0,0.028146,15.2483,0.0,0.011526,0.037527,0.0
2019-07-23,TECL,TECL,0.75,0.0,0.25,0.011155,0.0,0.011155,15.4184,0.0,0.005514,0.01491,-0.00011
2019-07-24,TECL,TECL,0.75,0.0,0.25,0.01938,0.0,0.01938,15.7172,0.0,0.008285,0.025767,0.000219
2019-07-25,TECL,TECL,0.75,0.0,0.25,-0.018106,0.0,-0.018106,15.4327,-0.0181,-0.00411,-0.024214,0.000218
2019-07-26,TECL,TECL,0.75,0.0,0.25,0.013451,0.0,0.013451,15.6402,-0.0049,0.002186,0.01797,-0.000108
2019-07-29,TECL,TECL,0.75,0.0,0.25,-0.000916,0.0,-0.000916,15.6259,-0.0058,-0.000605,-0.001294,0.000218
2019-07-30,TECL,TECL,0.75,0.0,0.25,-0.015514,0.0,-0.015514,15.3835,-0.0212,-0.006421,-0.020686,0.0
2019-07-31,TECL,TECL,0.75,0.0,0.25,-0.034548,0.0,-0.034548,14.852,-0.055,-0.015122,-0.046101,0.00011
2019-08-01,TECL,TECL,0.75,0.0,0.25,-0.010403,0.0,-0.010403,14.6975,-0.0649,-0.005077,-0.01396,0.000268
2019-08-02,TECL,TECL,0.75,0.0,0.25,-0.039877,0.0,-0.039877,14.1114,-0.1022,-0.0163,-0.05317,0.0
2019-08-05,TECL,TECL,0.75,0.0,0.25,-0.091666,0.0,-0.091666,12.8179,-0.1845,-0.041747,-0.122185,-0.000109
2019-08-06,TECL,TECL,0.75,0.0,0.25,0.03792,0.0,0.03792,13.3039,-0.1535,0.016635,0.050524,0.000109
2019-08-07,TECL,TECL,0.75,0.0,0.25,0.013874,0.0,0.013874,13.4885,-0.1418,0.006233,0.018426,0.000219
2019-08-08,TECL,TECL,0.75,0.0,0.25,0.054144,0.0,0.054144,14.2188,-0.0953,0.02452,0.072155,0.000109
2019-08-09,TECL,TECL,0.75,0.0,0.25,-0.026899,0.0,-0.026899,13.8363,-0.1197,-0.011337,-0.035829,-0.000109
2019-08-12,TECL,TECL,0.75,0.0,0.25,-0.029486,0.0,-0.029486,13.4284,-0.1456,-0.013123,-0.039387,0.000218
2019-08-13,TECL,XLK,0.75,0.0,0.25,0.055718,0.0,0.055718,14.1766,-0.098,0.025046,0.074255,0.000109
2019-08-14,XLK,XLK,0.0,1.0,0.0,-0.030731,0.001,-0.031731,13.7267,-0.1266,-0.030731,-0.090147,-0.000109
2019-08-15,XLK,XLK,0.0,1.0,0.0,-0.001818,0.0,-0.001818,13.7018,-0.1282,-0.001818,-0.005557,0.000438
2019-08-16,XLK,XLK,0.0,1.0,0.0,0.019003,0.0,0.019003,13.9622,-0.1117,0.019003,0.054447,-0.000109
2019-08-19,XLK,XLK,0.0,1.0,0.0,0.015204,0.0,0.015204,14.1744,-0.0982,0.015204,0.04647,0.0
2019-08-20,XLK,XLK,0.0,1.0,0.0,-0.005034,0.0,-0.005034,14.1031,-0.1027,-0.005034,-0.014327,0.000109
2019-08-21,XLK,XLK,0.0,1.0,0.0,0.011762,0.0,0.011762,14.269,-0.0921,0.011762,0.032578,-0.000109
2019-08-22,XLK,XLK,0.0,1.0,0.0,-0.002377,0.0,-0.002377,14.2351,-0.0943,-0.002377,-0.006614,0.000328
2019-08-23,XLK,XLK,0.0,1.0,0.0,-0.033078,0.0,-0.033078,13.7642,-0.1243,-0.033078,-0.097733,-0.000109
2019-08-26,XLK,XLK,0.0,1.0,0.0,0.013865,0.0,0.013865,13.955,-0.1121,0.013865,0.039671,0.000109
2019-08-27,XLK,XLK,0.0,1.0,0.0,-0.001533,0.0,-0.001533,13.9336,-0.1135,-0.001533,-0.005076,0.000109
2019-08-28,XLK,XLK,0.0,1.0,0.0,0.000896,0.0,0.000896,13.9461,-0.1127,0.000896,0.002547,-0.000109
2019-08-29,XLK,XLK,0.0,1.0,0.0,0.017395,0.0,0.017395,14.1887,-0.0973,0.017395,0.052101,0.000217
2019-08-30,XLK,XLK,0.0,1.0,0.0,-0.000251,0.0,-0.000251,14.1851,-0.0975,-0.000251,-0.002483,0.000109
2019-09-03,XLK,XLK,0.0,1.0,0.0,-0.012197,0.0,-0.012197,14.0121,-0.1085,-0.012197,-0.0349,0.000204
2019-09-04,XLK,XLK,0.0,1.0,0.0,0.017055,0.0,0.017055,14.2511,-0.0933,0.017055,0.051566,-0.000109
2019-09-05,XLK,XLK,0.0,1.0,0.0,0.020903,0.0,0.020903,14.549,-0.0743,0.020903,0.063438,0.000109
2019-09-06,XLK,XLK,0.0,1.0,0.0,-0.000858,0.0,-0.000858,14.5365,-0.0751,-0.000858,-0.005243,0.000109
2019-09-09,XLK,XLK,0.0,1.0,0.0,-0.007487,0.0,-0.007487,14.4277,-0.082,-0.007487,-0.021265,0.0
2019-09-10,XLK,TECL,0.0,1.0,0.0,-0.005067,0.0,-0.005067,14.3546,-0.0867,-0.005067,-0.016284,0.000219
2019-09-11,TECL,TECL,0.75,0.0,0.25,0.022631,0.001,0.021631,14.6651,-0.0669,0.010436,0.030212,-0.000109
2019-09-12,TECL,TECL,0.75,0.0,0.25,0.011971,0.0,0.011971,14.8407,-0.0558,0.005411,0.015889,0.000219
2019-09-13,TECL,TECL,0.75,0.0,0.25,-0.016087,0.0,-0.016087,14.6019,-0.071,-0.007338,-0.021449,0.0
2019-09-16,TECL,TECL,0.75,0.0,0.25,-0.005199,0.0,-0.005199,14.526,-0.0758,-0.002463,-0.006932,0.0
2019-09-17,TECL,TECL,0.75,0.0,0.25,0.007795,0.0,0.007795,14.6392,-0.0686,0.004074,0.010357,0.000109
2019-09-18,TECL,TECL,0.75,0.0,0.25,0.001635,0.0,0.001635,14.6632,-0.0671,-0.000123,0.002106,0.00022
2019-09-19,TECL,TECL,0.75,0.0,0.25,0.004734,0.0,0.004734,14.7326,-0.0626,0.002216,0.006313,0.0
2019-09-20,TECL,TECL,0.75,0.0,0.25,-0.026934,0.0,-0.026934,14.3358,-0.0879,-0.011663,-0.035949,0.000109
2019-09-23,TECL,TECL,0.75,0.0,0.25,0.006333,0.0,0.006333,14.4266,-0.0821,0.003114,0.008371,0.000218
2019-09-24,TECL,TECL,0.75,0.0,0.25,-0.0229,0.0,-0.0229,14.0962,-0.1031,-0.009688,-0.030533,0.0
2019-09-25,TECL,TECL,0.75,0.0,0.25,0.026774,0.0,0.026774,14.4736,-0.0791,0.011916,0.035699,0.0
2019-09-26,TECL,TECL,0.75,0.0,0.25,0.001704,0.0,0.001704,14.4983,-0.0776,0.001114,0.002199,0.000218
2019-09-27,TECL,TECL,0.75,0.0,0.25,-0.029265,0.0,-0.029265,14.074,-0.1046,-0.013372,-0.03902,0.0
2019-09-30,TECL,TECL,0.75,0.0,0.25,0.023156,0.0,0.023156,14.3999,-0.0838,0.010541,0.030839,0.000109
2019-10-01,TECL,TECL,0.75,0.0,0.25,-0.019974,0.0,-0.019974,14.1122,-0.1021,-0.009312,-0.02662,-3.3e-05
2019-10-02,TECL,TECL,0.75,0.0,0.25,-0.043471,0.0,-0.043471,13.4988,-0.1411,-0.018802,-0.057962,0.0
2019-10-03,TECL,TECL,0.75,0.0,0.25,0.027986,0.0,0.027986,13.8765,-0.1171,0.012264,0.037205,0.000327
2019-10-04,TECL,TECL,0.75,0.0,0.25,0.036926,0.0,0.036926,14.389,-0.0845,0.016533,0.049235,0.0
2019-10-07,TECL,TECL,0.75,0.0,0.25,-0.009658,0.0,-0.009658,14.25,-0.0934,-0.004222,-0.012915,0.00011
2019-10-08,TECL,TECL,0.75,0.0,0.25,-0.040219,0.0,-0.040219,13.6769,-0.1298,-0.018326,-0.053625,0.0
2019-10-09,TECL,TECL,0.75,0.0,0.25,0.032124,0.0,0.032124,14.1162,-0.1019,0.014858,0.042832,0.0
2019-10-10,TECL,TECL,0.75,0.0,0.25,0.014441,0.0,0.014441,14.3201,-0.0889,0.006882,0.019182,0.000218
2019-10-11,TECL,TECL,0.75,0.0,0.25,0.030797,0.0,0.030797,14.7611,-0.0608,0.013797,0.041027,0.000109
2019-10-14,TECL,TECL,0.75,0.0,0.25,-0.000332,0.0,-0.000332,14.7562,-0.0611,-0.000613,-0.000407,-0.000109
2019-10-15,TECL,TECL,0.75,0.0,0.25,0.024669,0.0,0.024669,15.1202,-0.038,0.01104,0.032855,0.000109
2019-10-16,TECL,TECL,0.75,0.0,0.25,-0.014836,0.0,-0.014836,14.8959,-0.0523,-0.006917,-0.019818,0.000109
2019-10-17,TECL,TECL,0.75,0.0,0.25,-0.006004,0.0,-0.006004,14.8064,-0.0579,-0.001953,-0.008041,0.000109
2019-10-18,TECL,TECL,0.75,0.0,0.25,-0.02206,0.0,-0.02206,14.4798,-0.0787,-0.009548,-0.029413,0.0
2019-10-21,TECL,TECL,0.75,0.0,0.25,0.025533,0.0,0.025533,14.8495,-0.0552,0.010752,0.034007,0.000109
2019-10-22,TECL,TECL,0.75,0.0,0.25,-0.030772,0.0,-0.030772,14.3926,-0.0843,-0.01345,-0.041029,0.0
2019-10-23,TECL,XLK,0.75,0.0,0.25,0.00212,0.0,0.00212,14.4231,-0.0823,0.000867,0.002827,0.0
2019-10-24,XLK,XLK,0.0,1.0,0.0,0.014614,0.001,0.013614,14.6195,-0.0698,0.014614,0.042185,0.000219
2019-10-25,XLK,XLK,0.0,1.0,0.0,0.012082,0.0,0.012082,14.7961,-0.0586,0.012082,0.035231,0.0
2019-10-28,XLK,XLK,0.0,1.0,0.0,0.012662,0.0,0.012662,14.9834,-0.0467,0.012662,0.037757,-0.000109
2019-10-29,XLK,XLK,0.0,1.0,0.0,-0.009049,0.0,-0.009049,14.8478,-0.0553,-0.009049,-0.02733,0.000218
2019-10-30,XLK,TECL,0.0,1.0,0.0,0.006128,0.0,0.006128,14.9388,-0.0495,0.006128,0.01923,0.000109
2019-10-31,TECL,TECL,0.75,0.0,0.25,-0.001918,0.001,-0.002918,14.8952,-0.0523,-0.000598,-0.002593,0.000109
2019-11-01,TECL,TECL,0.75,0.0,0.25,0.026292,0.0,0.026292,15.2869,-0.0274,0.011953,0.03506,-1.4e-05
2019-11-04,TECL,TECL,0.75,0.0,0.25,0.011811,0.0,0.011811,15.4674,-0.0159,0.005196,0.015712,0.00011
2019-11-05,TECL,TECL,0.75,0.0,0.25,-0.003162,0.0,-0.003162,15.4185,-0.019,-0.001173,-0.00418,-0.00011
2019-11-06,TECL,TECL,0.75,0.0,0.25,0.000728,0.0,0.000728,15.4297,-0.0183,-0.000471,0.000933,0.00011
2019-11-07,TECL,TECL,0.75,0.0,0.25,0.016153,0.0,0.016153,15.679,-0.0024,0.007885,0.021465,0.000218
2019-11-08,TECL,TECL,0.75,0.0,0.25,0.012524,0.0,0.012524,15.8753,0.0,0.005605,0.016698,0.0
2019-11-11,TECL,TECL,0.75,0.0,0.25,0.001351,0.0,0.001351,15.8968,0.0,0.000465,0.001801,0.0
2019-11-12,TECL,TECL,0.75,0.0,0.25,0.00644,0.0,0.00644,15.9991,0.0,0.003366,0.00855,0.000109
2019-11-13,TECL,TECL,0.75,0.0,0.25,0.006467,0.0,0.006467,16.1026,0.0,0.002197,0.008623,0.0
2019-11-14,TECL,TECL,0.75,0.0,0.25,-0.003124,0.0,-0.003124,16.0523,-0.0031,-0.001155,-0.004203,0.00011
2019-11-15,TECL,TECL,0.75,0.0,0.25,0.017713,0.0,0.017713,16.3366,0.0,0.00809,0.023655,-0.00011
2019-11-18,TECL,TECL,0.75,0.0,0.25,0.006887,0.0,0.006887,16.4492,0.0,0.00298,0.00911,0.000219
2019-11-19,TECL,TECL,0.75,0.0,0.25,0.004567,0.0,0.004567,16.5243,0.0,0.001943,0.006126,-0.000109
2019-11-20,TECL,TECL,0.75,0.0,0.25,-0.014845,0.0,-0.014845,16.279,-0.0148,-0.006046,-0.019829,0.000109
2019-11-21,TECL,TECL,0.75,0.0,0.25,-0.009973,0.0,-0.009973,16.1166,-0.0247,-0.005049,-0.013297,0.0
2019-11-22,TECL,TECL,0.75,0.0,0.25,-0.002902,0.0,-0.002902,16.0699,-0.0275,-0.001269,-0.003905,0.000109
2019-11-25,TECL,TECL,0.75,0.0,0.25,0.031429,0.0,0.031429,16.5749,0.0,0.014552,0.041906,0.0
2019-11-26,TECL,TECL,0.75,0.0,0.25,0.000733,0.0,0.000733,16.5871,0.0,0.00091,0.000941,0.000109
2019-11-27,TECL,TECL,0.75,0.0,0.25,0.013166,0.0,0.013166,16.8055,0.0,0.005572,0.017482,0.000219
2019-11-29,TECL,TECL,0.75,0.0,0.25,-0.007621,0.0,-0.007621,16.6774,-0.0076,-0.00294,-0.010161,0.0
2019-12-02,TECL,TECL,0.75,0.0,0.25,-0.029972,0.0,-0.029972,16.1776,-0.0374,-0.014292,-0.039989,7.9e-05
2019-12-03,TECL,TECL,0.75,0.0,0.25,-0.019568,0.0,-0.019568,15.861,-0.0562,-0.008861,-0.026054,-0.000109
2019-12-04,TECL,TECL,0.75,0.0,0.25,0.007848,0.0,0.007848,15.9855,-0.0488,0.004064,0.010428,0.000109
2019-12-05,TECL,TECL,0.75,0.0,0.25,0.007726,0.0,0.007726,16.109,-0.0414,0.0037,0.010228,0.000219
2019-12-06,TECL,TECL,0.75,0.0,0.25,0.025081,0.0,0.025081,16.513,-0.0174,0.01106,0.033441,0.0
2019-12-09,TECL,TECL,0.75,0.0,0.25,-0.011578,0.0,-0.011578,16.3218,-0.0288,-0.00524,-0.015474,0.000109
2019-12-10,TECL,TECL,0.75,0.0,0.25,0.000721,0.0,0.000721,16.3336,-0.0281,0.000801,0.000961,0.0
2019-12-11,TECL,TECL,0.75,0.0,0.25,0.015306,0.0,0.015306,16.5836,-0.0132,0.006753,0.020408,0.0
2019-12-12,TECL,TECL,0.75,0.0,0.25,0.024328,0.0,0.024328,16.987,0.0,0.010685,0.032365,0.000219
2019-12-13,TECL,TECL,0.75,0.0,0.25,0.015054,0.0,0.015054,17.2428,0.0,0.006637,0.020145,-0.000219
2019-12-16,TECL,TECL,0.75,0.0,0.25,0.019453,0.0,0.019453,17.5782,0.0,0.008939,0.025864,0.000219
2019-12-17,TECL,TECL,0.75,0.0,0.25,-0.00512,0.0,-0.00512,17.4882,-0.0051,-0.002325,-0.006791,-0.000109
2019-12-18,TECL,TECL,0.75,0.0,0.25,0.000252,0.0,0.000252,17.4926,-0.0049,-0.000111,0.000264,0.000218
2019-12-19,TECL,TECL,0.75,0.0,0.25,0.014656,0.0,0.014656,17.7489,0.0,0.007215,0.019505,0.00011
2019-12-20,TECL,TECL,0.75,0.0,0.25,0.011847,0.0,0.011847,17.9592,0.0,0.005808,0.015777,5.5e-05
2019-12-23,TECL,TECL,0.75,0.0,0.25,0.008326,0.0,0.008326,18.1087,0.0,0.002858,0.011101,0.0
2019-12-24,TECL,TECL,0.75,0.0,0.25,0.000717,0.0,0.000717,18.1217,0.0,0.000329,0.000919,0.00011
2019-12-26,TECL,TECL,0.75,0.0,0.25,0.015843,0.0,0.015843,18.4088,0.0,0.007453,0.021088,0.000109
2019-12-27,TECL,TECL,0.75,0.0,0.25,0.000896,0.0,0.000896,18.4253,0.0,-0.00011,0.001231,-0.000109
2019-12-30,TECL,TECL,0.75,0.0,0.25,-0.013324,0.0,-0.013324,18.1798,-0.0133,-0.005767,-0.017802,0.000109
2019-12-31,TECL,TECL,0.75,0.0,0.25,0.00553,0.0,0.00553,18.2804,-0.0079,0.003175,0.007373,0.0
2020-01-02,TECL,TECL,0.75,0.0,0.25,0.041901,0.0,0.041901,19.0463,0.0,0.018763,0.055759,0.000328
2020-01-03,TECL,TECL,0.75,0.0,0.25,-0.0238,0.0,-0.0238,18.593,-0.0238,-0.011244,-0.031733,0.0
2020-01-06,TECL,TECL,0.75,0.0,0.25,0.00522,0.0,0.00522,18.6901,-0.0187,0.002382,0.006997,-0.000109
2020-01-07,TECL,TECL,0.75,0.0,0.25,-0.00265,0.0,-0.00265,18.6406,-0.0213,-0.000432,-0.003533,0.0
2020-01-08,TECL,TECL,0.75,0.0,0.25,0.024825,0.0,0.024825,19.1033,0.0,0.010699,0.033026,0.000219
2020-01-09,TECL,TECL,0.75,0.0,0.25,0.025409,0.0,0.025409,19.5887,0.0,0.011336,0.033842,0.000109
2020-01-10,TECL,TECL,0.75,0.0,0.25,-0.005209,0.0,-0.005209,19.4867,-0.0052,-0.002326,-0.006945,0.0
2020-01-13,TECL,TECL,0.75,0.0,0.25,0.030398,0.0,0.030398,20.079,0.0,0.012507,0.040531,0.0
2020-01-14,TECL,TECL,0.75,0.0,0.25,-0.014141,0.0,-0.014141,19.7951,-0.0141,-0.00471,-0.018855,0.0
2020-01-15,TECL,TECL,0.75,0.0,0.25,0.003213,0.0,0.003213,19.8587,-0.011,0.001156,0.004247,0.00011
2020-01-16,TECL,TECL,0.75,0.0,0.25,0.030652,0.0,0.030652,20.4674,0.0,0.013447,0.040796,0.000219
2020-01-17,TECL,TECL,0.75,0.0,0.25,0.014936,0.0,0.014936,20.7731,0.0,0.006738,0.019951,-0.00011
2020-01-21,TECL,TECL,0.75,0.0,0.25,-0.001046,0.0,-0.001046,20.7513,-0.001,-0.000411,-0.001431,0.00011
2020-01-22,TECL,TECL,0.75,0.0,0.25,0.008108,0.0,0.008108,20.9196,0.0,0.003605,0.010811,0.0
2020-01-23,TECL,XLK,0.75,0.0,0.25,0.01049,0.0,0.01049,21.139,0.0,0.004722,0.01395,0.000109
2020-01-24,XLK,XLK,0.0,1.0,0.0,-0.0047,0.001,-0.0057,21.0186,-0.0057,-0.0047,-0.015805,0.0
2020-01-27,XLK,XLK,0.0,1.0,0.0,-0.023812,0.0,-0.023812,20.5181,-0.0294,-0.023812,-0.070548,0.00011
2020-01-28,XLK,XLK,0.0,1.0,0.0,0.019135,0.0,0.019135,20.9107,-0.0108,0.019135,0.055637,0.0
2020-01-29,XLK,XLK,0.0,1.0,0.0,0.002579,0.0,0.002579,20.9646,-0.0083,0.002579,0.006506,0.000109
2020-01-30,XLK,XLK,0.0,1.0,0.0,0.008644,0.0,0.008644,21.1458,0.0,0.008644,0.027816,0.0
2020-01-31,XLK,TECL,0.0,1.0,0.0,-0.027443,0.0,-0.027443,20.5655,-0.0274,-0.027443,-0.082728,0.0
2020-02-03,TECL,TECL,0.75,0.0,0.25,0.028886,0.001,0.027886,21.139,-0.0003,0.013217,0.038485,9.2e-05
2020-02-04,TECL,TECL,0.75,0.0,0.25,0.06021,0.0,0.06021,22.4118,0.0,0.026193,0.08028,0.0
2020-02-05,TECL,TECL,0.75,0.0,0.25,0.013079,0.0,0.013079,22.7049,0.0,0.00585,0.017366,0.000218
2020-02-06,TECL,TECL,0.75,0.0,0.25,0.019464,0.0,0.019464,23.1469,0.0,0.009127,0.025915,0.00011
2020-02-07,TECL,TECL,0.75,0.0,0.25,-0.019805,0.0,-0.019805,22.6884,-0.0198,-0.009143,-0.026407,0.0
2020-02-10,TECL,XLK,0.75,0.0,0.25,0.029409,0.0,0.029409,23.3557,0.0,0.013542,0.039248,-0.00011
2020-02-11,XLK,XLK,0.0,1.0,0.0,-0.003365,0.001,-0.004365,23.2537,-0.0044,-0.003365,-0.009812,0.00011
2020-02-12,XLK,XLK,0.0,1.0,0.0,0.010825,0.0,0.010825,23.5054,0.0,0.010825,0.031342,0.000109
2020-02-13,XLK,XLK,0.0,1.0,0.0,-0.002651,0.0,-0.002651,23.4431,-0.0027,-0.002651,-0.007419,0.00011
2020-02-14,XLK,XLK,0.0,1.0,0.0,0.004334,0.0,0.004334,23.5447,0.0,0.004334,0.012875,0.0
2020-02-18,XLK,XLK,0.0,1.0,0.0,-0.003729,0.0,-0.003729,23.4569,-0.0037,-0.003729,-0.010046,0.000109
2020-02-19,XLK,XLK,0.0,1.0,0.0,0.011912,0.0,0.011912,23.7363,0.0,0.011912,0.032666,0.0
2020-02-20,XLK,BIL,0.0,1.0,0.0,-0.010409,0.0,-0.010409,23.4893,-0.0104,-0.010409,-0.029866,0.0
2020-02-21,BIL,BIL,0.0,0.0,1.0,0.00022,0.001,-0.00078,23.4709,-0.0112,-0.022415,-0.067784,0.00022
2020-02-24,BIL,BIL,0.0,0.0,1.0,-0.00011,0.0,-0.00011,23.4684,-0.0113,-0.041331,-0.125745,-0.00011
2020-02-25,BIL,BIL,0.0,0.0,1.0,0.0,0.0,0.0,23.4684,-0.0113,-0.031995,-0.094647,0.0
2020-02-26,BIL,BIL,0.0,0.0,1.0,0.000218,0.0,0.000218,23.4735,-0.0111,0.004553,0.010043,0.000218
2020-02-27,BIL,BIL,0.0,0.0,1.0,0.000218,0.0,0.000218,23.4786,-0.0109,-0.053938,-0.162425,0.000218
2020-02-28,BIL,BIL,0.0,0.0,1.0,-0.000108,0.0,-0.000108,23.4761,-0.011,0.007639,0.027007,-0.000108
2020-03-02,BIL,BIL,0.0,0.0,1.0,0.000298,0.0,0.000298,23.4831,-0.0107,0.057827,0.171676,0.000298
2020-03-03,BIL,BIL,0.0,0.0,1.0,0.000219,0.0,0.000219,23.4882,-0.0105,-0.037977,-0.117536,0.000219
2020-03-04,BIL,BIL,0.0,0.0,1.0,0.000436,0.0,0.000436,23.4985,-0.01,0.042921,0.133378,0.000436
2020-03-05,BIL,BIL,0.0,0.0,1.0,0.000219,0.0,0.000219,23.5036,-0.0098,-0.031558,-0.097379,0.000219
2020-03-06,BIL,BIL,0.0,0.0,1.0,0.0,0.0,0.0,23.5036,-0.0098,-0.02114,-0.061521,0.0
2020-03-09,BIL,BIL,0.0,0.0,1.0,0.000436,0.0,0.000436,23.5139,-0.0094,-0.075918,-0.223554,0.000436
2020-03-10,BIL,BIL,0.0,0.0,1.0,-0.000218,0.0,-0.000218,23.5087,-0.0096,0.066699,0.189922,-0.000218
2020-03-11,BIL,BIL,0.0,0.0,1.0,0.000218,0.0,0.000218,23.5139,-0.0094,-0.04724,-0.137866,0.000218
2020-03-12,BIL,BIL,0.0,0.0,1.0,0.00011,0.0,0.00011,23.5164,-0.0093,-0.097604,-0.294307,0.00011
2020-03-13,BIL,BIL,0.0,0.0,1.0,0.000218,0.0,0.000218,23.5216,-0.009,0.11732,0.355153,0.000218
2020-03-16,BIL,BIL,0.0,0.0,1.0,0.00011,0.0,0.00011,23.5241,-0.0089,-0.13814,-0.361639,0.00011
2020-03-17,BIL,BIL,0.0,0.0,1.0,0.0,0.0,0.0,23.5241,-0.0089,0.068082,0.085422,0.0
2020-03-18,BIL,BIL,0.0,0.0,1.0,0.000218,0.0,0.000218,23.5293,-0.0087,-0.037679,-0.094978,0.000218
2020-03-19,BIL,BIL,0.0,0.0,1.0,-0.000218,0.0,-0.000218,23.5241,-0.0089,0.003621,-0.012794,-0.000218
2020-03-20,BIL,BIL,0.0,0.0,1.0,0.000327,0.0,0.000327,23.5318,-0.0086,-0.045826,-0.123334,0.000327
2020-03-23,BIL,BIL,0.0,0.0,1.0,-0.000218,0.0,-0.000218,23.5267,-0.0088,-0.009134,-0.024232,-0.000218
2020-03-24,BIL,BIL,0.0,0.0,1.0,0.0,0.0,0.0,23.5267,-0.0088,0.102416,0.29017,0.0
2020-03-25,BIL,BIL,0.0,0.0,1.0,0.0,0.0,0.0,23.5267,-0.0088,-0.001289,-0.005612,0.0
2020-03-26,BIL,BIL,0.0,0.0,1.0,0.0,0.0,0.0,23.5267,-0.0088,0.061927,0.185621,0.0
2020-03-27,BIL,BIL,0.0,0.0,1.0,-0.000219,0.0,-0.000219,23.5216,-0.009,-0.045195,-0.130403,-0.000219
2020-03-30,BIL,BIL,0.0,0.0,1.0,0.0,0.0,0.0,23.5216,-0.009,0.042118,0.120058,0.0
2020-03-31,BIL,BIL,0.0,0.0,1.0,0.00011,0.0,0.00011,23.5241,-0.0089,-0.018682,-0.053958,0.00011
2020-04-01,BIL,BIL,0.0,0.0,1.0,-8.5e-05,0.0,-8.5e-05,23.5221,-0.009,-0.047654,-0.142636,-8.5e-05
2020-04-02,BIL,BIL,0.0,0.0,1.0,0.00011,0.0,0.00011,23.5247,-0.0089,0.023388,0.068383,0.00011
2020-04-03,BIL,BIL,0.0,0.0,1.0,-0.000327,0.0,-0.000327,23.517,-0.0092,-0.015449,-0.048696,-0.000327
2020-04-06,BIL,BIL,0.0,0.0,1.0,0.00011,0.0,0.00011,23.5196,-0.0091,0.085322,0.255694,0.00011
2020-04-07,BIL,BIL,0.0,0.0,1.0,-0.000219,0.0,-0.000219,23.5144,-0.0093,-0.008959,-0.02303,-0.000219
2020-04-08,BIL,BIL,0.0,0.0,1.0,0.00011,0.0,0.00011,23.517,-0.0092,0.026883,0.076927,0.00011
2020-04-09,BIL,BIL,0.0,0.0,1.0,-0.000219,0.0,-0.000219,23.5119,-0.0095,0.000234,0.001124,-0.000219
2020-04-13,BIL,BIL,0.0,0.0,1.0,0.000219,0.0,0.000219,23.517,-0.0092,0.002231,0.008581,0.000219
2020-04-14,BIL,BIL,0.0,0.0,1.0,0.00011,0.0,0.00011,23.5196,-0.0091,0.041925,0.12486,0.00011
2020-04-15,BIL,BIL,0.0,0.0,1.0,-0.00011,0.0,-0.00011,23.517,-0.0092,-0.021805,-0.064089,-0.00011
2020-04-16,BIL,BIL,0.0,0.0,1.0,-0.00011,0.0,-0.00011,23.5144,-0.0093,0.01218,0.032274,-0.00011
2020-04-17,BIL,BIL,0.0,0.0,1.0,0.000219,0.0,0.000219,23.5196,-0.0091,0.013281,0.041877,0.000219
2020-04-20,BIL,BIL,0.0,0.0,1.0,-0.00011,0.0,-0.00011,23.517,-0.0092,-0.016021,-0.050914,-0.00011
2020-04-21,BIL,BIL,0.0,0.0,1.0,0.0,0.0,0.0,23.517,-0.0092,-0.041898,-0.124934,0.0
2020-04-22,BIL,BIL,0.0,0.0,1.0,0.0,0.0,0.0,23.517,-0.0092,0.038501,0.115378,0.0
2020-04-23,BIL,BIL,0.0,0.0,1.0,0.00011,0.0,0.00011,23.5196,-0.0091,-0.006866,-0.020392,0.00011
2020-04-24,BIL,BIL,0.0,0.0,1.0,-0.00011,0.0,-0.00011,23.517,-0.0092,0.0212,0.06029,-0.00011
2020-04-27,BIL,BIL,0.0,0.0,1.0,0.0,0.0,0.0,23.517,-0.0092,0.008577,0.030026,0.0
2020-04-28,BIL,BIL,0.0,0.0,1.0,0.0,0.0,0.0,23.517,-0.0092,-0.013314,-0.041154,0.0
2020-04-29,BIL,BIL,0.0,0.0,1.0,-0.00011,0.0,-0.00011,23.5144,-0.0093,0.041043,0.122913,-0.00011
2020-04-30,BIL,BIL,0.0,0.0,1.0,0.000219,0.0,0.000219,23.5196,-0.0091,-0.004465,-0.014452,0.000219
2020-05-01,BIL,BIL,0.0,0.0,1.0,-0.000172,0.0,-0.000172,23.5156,-0.0093,-0.027458,-0.085279,-0.000172
2020-05-04,BIL,BIL,0.0,0.0,1.0,0.0,0.0,0.0,23.5156,-0.0093,0.013274,0.039348,0.0
2020-05-05,BIL,BIL,0.0,0.0,1.0,0.0,0.0,0.0,23.5156,-0.0093,0.013765,0.047853,0.0
2020-05-06,BIL,BIL,0.0,0.0,1.0,0.00011,0.0,0.00011,23.5181,-0.0092,0.007774,0.019587,0.00011
2020-05-07,BIL,BIL,0.0,0.0,1.0,-0.00011,0.0,-0.00011,23.5156,-0.0093,0.014995,0.048225,-0.00011
2020-05-08,BIL,XLK,0.0,0.0,1.0,0.0,0.0,0.0,23.5156,-0.0093,0.014667,0.04203,0.0
2020-05-11,XLK,XLK,0.0,1.0,0.0,0.006648,0.001,0.005648,23.6484,-0.0037,0.006648,0.021062,0.00011
2020-05-12,XLK,XLK,0.0,1.0,0.0,-0.020648,0.0,-0.020648,23.1601,-0.0243,-0.020648,-0.064907,0.0
2020-05-13,XLK,XLK,0.0,1.0,0.0,-0.01723,0.0,-0.01723,22.761,-0.0411,-0.01723,-0.052334,0.0
2020-05-14,XLK,XLK,0.0,1.0,0.0,0.01274,0.0,0.01274,23.051,-0.0289,0.01274,0.04117,0.00011
2020-05-15,XLK,XLK,0.0,1.0,0.0,0.005055,0.0,0.005055,23.1675,-0.024,0.005055,0.011418,-0.000219
2020-05-18,XLK,XLK,0.0,1.0,0.0,0.0245,0.0,0.0245,23.7351,-0.0001,0.0245,0.075437,0.0
2020-05-19,XLK,XLK,0.0,1.0,0.0,-0.003655,0.0,-0.003655,23.6484,-0.0037,-0.003655,-0.011754,0.0
2020-05-20,XLK,XLK,0.0,1.0,0.0,0.021904,0.0,0.021904,24.1664,0.0,0.021904,0.063619,0.0
2020-05-21,XLK,XLK,0.0,1.0,0.0,-0.013949,0.0,-0.013949,23.8293,-0.0139,-0.013949,-0.037187,0.00011
2020-05-22,XLK,XLK,0.0,1.0,0.0,0.003641,0.0,0.003641,23.916,-0.0104,0.003641,0.008371,-0.00011
2020-05-26,XLK,XLK,0.0,1.0,0.0,-0.001037,0.0,-0.001037,23.8912,-0.0114,-0.001037,0.000105,0.00011
2020-05-27,XLK,XLK,0.0,1.0,0.0,0.005706,0.0,0.005706,24.0275,-0.0057,0.005706,0.014465,-0.00011
2020-05-28,XLK,XLK,0.0,1.0,0.0,-0.001958,0.0,-0.001958,23.9805,-0.0077,-0.001958,-0.007601,0.0
2020-05-29,XLK,XLK,0.0,1.0,0.0,0.012609,0.0,0.012609,24.2829,0.0,0.012609,0.0357,0.0
2020-06-01,XLK,XLK,0.0,1.0,0.0,-0.000307,0.0,-0.000307,24.2754,-0.0003,-0.000307,0.001388,0.00011
2020-06-02,XLK,XLK,0.0,1.0,0.0,0.009393,0.0,0.009393,24.5034,0.0,0.009393,0.028629,0.0
2020-06-03,XLK,XLK,0.0,1.0,0.0,0.00779,0.0,0.00779,24.6943,0.0,0.00779,0.02299,0.0
2020-06-04,XLK,XLK,0.0,1.0,0.0,-0.008232,0.0,-0.008232,24.491,-0.0082,-0.008232,-0.024912,0.0
2020-06-05,XLK,XLK,0.0,1.0,0.0,0.026315,0.0,0.026315,25.1355,0.0,0.026315,0.077397,-0.000218
2020-06-08,XLK,XLK,0.0,1.0,0.0,0.005029,0.0,0.005029,25.2619,0.0,0.005029,0.017589,0.000108
2020-06-09,XLK,XLK,0.0,1.0,0.0,0.004709,0.0,0.004709,25.3809,0.0,0.004709,0.012633,0.0
2020-06-10,XLK,XLK,0.0,1.0,0.0,0.016699,0.0,0.016699,25.8047,0.0,0.016699,0.052876,0.00011
2020-06-11,XLK,XLK,0.0,1.0,0.0,-0.057344,0.0,-0.057344,24.325,-0.0573,-0.057344,-0.173241,-0.000218
2020-06-12,XLK,XLK,0.0,1.0,0.0,0.012941,0.0,0.012941,24.6398,-0.0451,0.012941,0.034978,0.000218
2020-06-15,XLK,XLK,0.0,1.0,0.0,0.009658,0.0,0.009658,24.8777,-0.0359,0.009658,0.029242,0.0
2020-06-16,XLK,XLK,0.0,1.0,0.0,0.02132,0.0,0.02132,25.4081,-0.0154,0.02132,0.068144,0.0
2020-06-17,XLK,XLK,0.0,1.0,0.0,-0.000195,0.0,-0.000195,25.4032,-0.0156,-0.000195,-0.001685,0.0
2020-06-18,XLK,XLK,0.0,1.0,0.0,0.004488,0.0,0.004488,25.5172,-0.0111,0.004488,0.014533,-0.00011
2020-06-19,XLK,TECL,0.0,1.0,0.0,-0.006896,0.0,-0.006896,25.3412,-0.018,-0.006896,-0.021507,0.0
2020-06-22,TECL,TECL,0.75,0.0,0.25,0.042152,0.001,0.041152,26.3841,0.0,0.018841,0.056203,0.0
2020-06-23,TECL,TECL,0.75,0.0,0.25,0.016324,0.0,0.016324,26.8148,0.0,0.007219,0.021766,0.0
2020-06-24,TECL,TECL,0.75,0.0,0.25,-0.051433,0.0,-0.051433,25.4356,-0.0514,-0.022556,-0.068577,0.0
2020-06-25,TECL,TECL,0.75,0.0,0.25,0.028648,0.0,0.028648,26.1643,-0.0243,0.01281,0.038161,0.00011
2020-06-26,TECL,TECL,0.75,0.0,0.25,-0.043094,0.0,-0.043094,25.0368,-0.0663,-0.019696,-0.057423,-0.00011
2020-06-29,TECL,TECL,0.75,0.0,0.25,0.021376,0.0,0.021376,25.572,-0.0463,0.010933,0.028501,0.0
2020-06-30,TECL,TECL,0.75,0.0,0.25,0.042178,0.0,0.042178,26.6506,-0.0061,0.017924,0.056238,0.0
2020-07-01,TECL,TECL,0.75,0.0,0.25,0.00219,0.0,0.00219,26.7089,-0.0039,0.001627,0.00292,0.0
2020-07-02,TECL,TECL,0.75,0.0,0.25,0.013579,0.0,0.013579,27.0716,0.0,0.005829,0.018069,0.00011
2020-07-06,TECL,TECL,0.75,0.0,0.25,0.039777,0.0,0.039777,28.1484,0.0,0.017478,0.053072,-0.00011
2020-07-07,TECL,TECL,0.75,0.0,0.25,-0.022373,0.0,-0.022373,27.5186,-0.0224,-0.010456,-0.029831,0.0
2020-07-08,TECL,TECL,0.75,0.0,0.25,0.033773,0.0,0.033773,28.448,0.0,0.016323,0.04503,0.0
2020-07-09,TECL,TECL,0.75,0.0,0.25,0.009484,0.0,0.009484,28.7178,0.0,0.00362,0.012645,0.0
2020-07-10,TECL,TECL,0.75,0.0,0.25,-0.000996,0.0,-0.000996,28.6892,-0.001,-0.000277,-0.001365,0.00011
2020-07-13,TECL,TECL,0.75,0.0,0.25,-0.045423,0.0,-0.045423,27.3861,-0.0464,-0.020727,-0.060564,0.0
2020-07-14,TECL,TECL,0.75,0.0,0.25,0.022978,0.0,0.022978,28.0153,-0.0245,0.011529,0.030637,0.0
2020-07-15,TECL,TECL,0.75,0.0,0.25,0.014785,0.0,0.014785,28.4295,-0.01,0.005417,0.019714,0.0
2020-07-16,TECL,TECL,0.75,0.0,0.25,-0.028079,0.0,-0.028079,27.6313,-0.0378,-0.012356,-0.037401,-0.00011
2020-07-17,TECL,TECL,0.75,0.0,0.25,0.00891,0.0,0.00891,27.8775,-0.0293,0.004891,0.011844,0.00011
2020-07-20,TECL,TECL,0.75,0.0,0.25,0.056868,0.0,0.056868,29.4628,0.0,0.025556,0.075824,0.0
2020-07-21,TECL,TECL,0.75,0.0,0.25,-0.020782,0.0,-0.020782,28.8505,-0.0208,-0.010041,-0.02771,0.0
2020-07-22,TECL,TECL,0.75,0.0,0.25,0.018268,0.0,0.018268,29.3776,-0.0029,0.008022,0.024394,-0.00011
2020-07-23,TECL,TECL,0.75,0.0,0.25,-0.058572,0.0,-0.058572,27.6569,-0.0613,-0.025976,-0.078132,0.00011
2020-07-24,TECL,TECL,0.75,0.0,0.25,-0.027273,0.0,-0.027273,26.9026,-0.0869,-0.012114,-0.036327,-0.00011
2020-07-27,TECL,TECL,0.75,0.0,0.25,0.033537,0.0,0.033537,27.8048,-0.0563,0.01578,0.044716,0.0
2020-07-28,TECL,TECL,0.75,0.0,0.25,-0.024745,0.0,-0.024745,27.1168,-0.0796,-0.011699,-0.033029,0.00011
2020-07-29,TECL,TECL,0.75,0.0,0.25,0.031336,0.0,0.031336,27.9666,-0.0508,0.014488,0.041781,0.0
2020-07-30,TECL,TECL,0.75,0.0,0.25,0.012103,0.0,0.012103,28.305,-0.0393,0.0056,0.016174,-0.00011
2020-07-31,TECL,TECL,0.75,0.0,0.25,0.058484,0.0,0.058484,29.9604,0.0,0.024968,0.077942,0.00011
2020-08-03,TECL,TECL,0.75,0.0,0.25,0.052983,0.0,0.052983,31.5478,0.0,0.024631,0.070681,-0.00011
2020-08-04,TECL,TECL,0.75,0.0,0.25,0.006778,0.0,0.006778,31.7616,0.0,0.002563,0.009001,0.00011
2020-08-05,TECL,TECL,0.75,0.0,0.25,0.006146,0.0,0.006146,31.9569,0.0,0.003702,0.008232,-0.00011
2020-08-06,TECL,TECL,0.75,0.0,0.25,0.033193,0.0,0.033193,33.0176,0.0,0.014053,0.044257,0.0
2020-08-07,TECL,TECL,0.75,0.0,0.25,-0.032538,0.0,-0.032538,31.9433,-0.0325,-0.014897,-0.043421,0.00011
2020-08-10,TECL,TECL,0.75,0.0,0.25,-0.007478,0.0,-0.007478,31.7044,-0.0398,-0.002815,-0.00997,0.0
2020-08-11,TECL,TECL,0.75,0.0,0.25,-0.041712,0.0,-0.041712,30.3819,-0.0798,-0.017986,-0.05558,-0.00011
2020-08-12,TECL,TECL,0.75,0.0,0.25,0.053197,0.0,0.053197,31.9982,-0.0309,0.022716,0.070929,0.0
2020-08-13,TECL,TECL,0.75,0.0,0.25,-2.2e-05,0.0,-2.2e-05,31.9975,-0.0309,0.000438,-6.6e-05,0.00011
2020-08-14,TECL,TECL,0.75,0.0,0.25,-0.001553,0.0,-0.001553,31.9478,-0.0324,-0.000703,-0.002034,-0.00011
2020-08-17,TECL,TECL,0.75,0.0,0.25,0.016171,0.0,0.016171,32.4644,-0.0168,0.006675,0.021561,0.0
2020-08-18,TECL,TECL,0.75,0.0,0.25,0.008999,0.0,0.008999,32.7565,-0.0079,0.003751,0.011962,0.00011
2020-08-19,TECL,TECL,0.75,0.0,0.25,-0.005073,0.0,-0.005073,32.5904,-0.0129,-0.001217,-0.006764,0.0
2020-08-20,TECL,TECL,0.75,0.0,0.25,0.030577,0.0,0.030577,33.5869,0.0,0.013313,0.040769,0.0
2020-08-21,TECL,TECL,0.75,0.0,0.25,0.026923,0.0,0.026923,34.4911,0.0,0.012708,0.035897,0.0
2020-08-24,TECL,TECL,0.75,0.0,0.25,0.021806,0.0,0.021806,35.2432,0.0,0.008648,0.029075,0.0
2020-08-25,TECL,TECL,0.75,0.0,0.25,0.010992,0.0,0.010992,35.6306,0.0,0.005044,0.014692,-0.00011
2020-08-26,TECL,TECL,0.75,0.0,0.25,0.046059,0.0,0.046059,37.2717,0.0,0.020323,0.061412,0.0
2020-08-27,TECL,TECL,0.75,0.0,0.25,0.001972,0.0,0.001972,37.3452,0.0,0.00082,0.002629,0.0
2020-08-28,TECL,TECL,0.75,0.0,0.25,0.018512,0.0,0.018512,38.0366,0.0,0.008765,0.024646,0.00011
2020-08-31,TECL,TECL,0.75,0.0,0.25,0.007352,0.0,0.007352,38.3162,0.0,0.003166,0.009803,0.0
2020-09-01,TECL,XLK,0.75,0.0,0.25,0.044951,0.0,0.044951,40.0386,0.0,0.019102,0.059934,0.0
2020-09-02,XLK,XLK,0.0,1.0,0.0,0.008895,0.001,0.007895,40.3547,0.0,0.008895,0.025593,0.0
2020-09-03,XLK,XLK,0.0,1.0,0.0,-0.056994,0.0,-0.056994,38.0547,-0.057,-0.056994,-0.175095,-0.00011
2020-09-04,XLK,XLK,0.0,1.0,0.0,-0.013942,0.0,-0.013942,37.5241,-0.0701,-0.013942,-0.040721,0.00011
2020-09-08,XLK,XLK,0.0,1.0,0.0,-0.045207,0.0,-0.045207,35.8278,-0.1122,-0.045207,-0.133706,0.0
2020-09-09,XLK,XLK,0.0,1.0,0.0,0.03263,0.0,0.03263,36.9968,-0.0832,0.03263,0.092851,-0.00011
2020-09-10,XLK,XLK,0.0,1.0,0.0,-0.022584,0.0,-0.022584,36.1613,-0.1039,-0.022584,-0.062491,0.0
2020-09-11,XLK,XLK,0.0,1.0,0.0,-0.007643,0.0,-0.007643,35.8849,-0.1108,-0.007643,-0.027041,-0.000108
2020-09-14,XLK,XLK,0.0,1.0,0.0,0.020982,0.0,0.020982,36.6379,-0.0921,0.020982,0.063411,0.000218
2020-09-15,XLK,XLK,0.0,1.0,0.0,0.009884,0.0,0.009884,37.0,-0.0831,0.009884,0.030794,-0.000218
2020-09-16,XLK,XLK,0.0,1.0,0.0,-0.015454,0.0,-0.015454,36.4282,-0.0973,-0.015454,-0.045858,0.000218
2020-09-17,XLK,XLK,0.0,1.0,0.0,-0.008286,0.0,-0.008286,36.1264,-0.1048,-0.008286,-0.027913,0.0
2020-09-18,XLK,XLK,0.0,1.0,0.0,-0.017234,0.0,-0.017234,35.5038,-0.1202,-0.017234,-0.051528,-0.000218
2020-09-21,XLK,XLK,0.0,1.0,0.0,0.008312,0.0,0.008312,35.7989,-0.1129,0.008312,0.026253,0.0
2020-09-22,XLK,XLK,0.0,1.0,0.0,0.015831,0.0,0.015831,36.3656,-0.0989,0.015831,0.049126,0.0
2020-09-23,XLK,XLK,0.0,1.0,0.0,-0.031168,0.0,-0.031168,35.2322,-0.1269,-0.031168,-0.094485,0.0
2020-09-24,XLK,XLK,0.0,1.0,0.0,0.005603,0.0,0.005603,35.4296,-0.122,0.005603,0.014592,0.000108
2020-09-25,XLK,XLK,0.0,1.0,0.0,0.023902,0.0,0.023902,36.2764,-0.1011,0.023902,0.074157,-0.000108
2020-09-28,XLK,XLK,0.0,1.0,0.0,0.019134,0.0,0.019134,36.9705,-0.0839,0.019134,0.056596,0.000108
2020-09-29,XLK,XLK,0.0,1.0,0.0,-0.00336,0.0,-0.00336,36.8463,-0.0869,-0.00336,-0.010315,0.0
2020-09-30,XLK,XLK,0.0,1.0,0.0,0.008382,0.0,0.008382,37.1552,-0.0793,0.008382,0.024936,-0.000108
2020-10-01,XLK,XLK,0.0,1.0,0.0,0.01054,0.0,0.01054,37.5468,-0.0696,0.01054,0.031716,0.0
2020-10-02,XLK,XLK,0.0,1.0,0.0,-0.025354,0.0,-0.025354,36.5948,-0.0932,-0.025354,-0.076981,0.0
2020-10-05,XLK,XLK,0.0,1.0,0.0,0.021924,0.0,0.021924,37.3971,-0.0733,0.021924,0.067608,0.0
2020-10-06,XLK,XLK,0.0,1.0,0.0,-0.015494,0.0,-0.015494,36.8177,-0.0876,-0.015494,-0.047215,0.000108
2020-10-07,XLK,XLK,0.0,1.0,0.0,0.018332,0.0,0.018332,37.4926,-0.0709,0.018332,0.053469,-0.000108
2020-10-08,XLK,XLK,0.0,1.0,0.0,0.00518,0.0,0.00518,37.6868,-0.0661,0.00518,0.015126,0.0
2020-10-09,XLK,XLK,0.0,1.0,0.0,0.015292,0.0,0.015292,38.2632,-0.0518,0.015292,0.047787,0.0
2020-10-12,XLK,XLK,0.0,1.0,0.0,0.027291,0.0,0.027291,39.3074,-0.026,0.027291,0.080615,0.000108
2020-10-13,XLK,XLK,0.0,1.0,0.0,-0.006398,0.0,-0.006398,39.0559,-0.0322,-0.006398,-0.018203,-0.000108
2020-10-14,XLK,XLK,0.0,1.0,0.0,-0.005298,0.0,-0.005298,38.849,-0.0373,-0.005298,-0.016554,0.0
2020-10-15,XLK,XLK,0.0,1.0,0.0,-0.004507,0.0,-0.004507,38.6739,-0.0417,-0.004507,-0.01435,0.0
2020-10-16,XLK,XLK,0.0,1.0,0.0,-0.002883,0.0,-0.002883,38.5624,-0.0444,-0.002883,-0.007441,0.000108
2020-10-19,XLK,XLK,0.0,1.0,0.0,-0.018328,0.0,-0.018328,37.8556,-0.0619,-0.018328,-0.054862,0.0
2020-10-20,XLK,XLK,0.0,1.0,0.0,0.003448,0.0,0.003448,37.9862,-0.0587,0.003448,0.009177,-0.000108
2020-10-21,XLK,XLK,0.0,1.0,0.0,-0.00151,0.0,-0.00151,37.9288,-0.0601,-0.00151,-0.003031,0.0
2020-10-22,XLK,XLK,0.0,1.0,0.0,-0.004701,0.0,-0.004701,37.7505,-0.0645,-0.004701,-0.013623,0.000108
2020-10-23,XLK,XLK,0.0,1.0,0.0,-0.001096,0.0,-0.001096,37.7092,-0.0656,-0.001096,-0.00576,0.0
2020-10-26,XLK,XLK,0.0,1.0,0.0,-0.021698,0.0,-0.021698,36.891,-0.0858,-0.021698,-0.065161,0.0
2020-10-27,XLK,XLK,0.0,1.0,0.0,0.005005,0.0,0.005005,37.0756,-0.0813,0.005005,0.01608,-0.000108
2020-10-28,XLK,XLK,0.0,1.0,0.0,-0.042422,0.0,-0.042422,35.5028,-0.1202,-0.042422,-0.1293,0.0
2020-10-29,XLK,XLK,0.0,1.0,0.0,0.016681,0.0,0.016681,36.095,-0.1056,0.016681,0.051158,0.000108
2020-10-30,XLK,XLK,0.0,1.0,0.0,-0.02214,0.0,-0.02214,35.2958,-0.1254,-0.02214,-0.066253,0.0
2020-11-02,XLK,XLK,0.0,1.0,0.0,0.002525,0.0,0.002525,35.3849,-0.1232,0.002525,0.005769,0.0
2020-11-03,XLK,BIL,0.0,1.0,0.0,0.017636,0.0,0.017636,36.009,-0.1077,0.017636,0.055781,0.0
2020-11-04,BIL,BIL,0.0,0.0,1.0,-0.000108,0.001,-0.001108,35.9691,-0.1087,0.038904,0.114985,-0.000108
2020-11-05,BIL,BIL,0.0,0.0,1.0,0.000108,0.0,0.000108,35.973,-0.1086,0.031063,0.094931,0.000108
2020-11-06,BIL,BIL,0.0,0.0,1.0,-0.000108,0.0,-0.000108,35.9691,-0.1087,0.003548,0.007698,-0.000108
2020-11-09,BIL,BIL,0.0,0.0,1.0,0.000108,0.0,0.000108,35.973,-0.1086,-0.007237,-0.019548,0.000108
2020-11-10,BIL,XLK,0.0,0.0,1.0,-0.000108,0.0,-0.000108,35.9691,-0.1087,-0.018642,-0.058957,-0.000108
2020-11-11,XLK,XLK,0.0,1.0,0.0,0.023723,0.001,0.022723,36.7864,-0.0884,0.023723,0.071448,0.0
2020-11-12,XLK,XLK,0.0,1.0,0.0,-0.008907,0.0,-0.008907,36.4588,-0.0965,-0.008907,-0.027439,0.0
2020-11-13,XLK,XLK,0.0,1.0,0.0,0.008487,0.0,0.008487,36.7682,-0.0889,0.008487,0.026877,0.000108
2020-11-16,XLK,XLK,0.0,1.0,0.0,0.009653,0.0,0.009653,37.1232,-0.0801,0.009653,0.030169,0.0
2020-11-17,XLK,XLK,0.0,1.0,0.0,-0.005558,0.0,-0.005558,36.9169,-0.0852,-0.005558,-0.017049,0.0
2020-11-18,XLK,XLK,0.0,1.0,0.0,-0.010682,0.0,-0.010682,36.5225,-0.095,-0.010682,-0.033404,0.0
2020-11-19,XLK,XLK,0.0,1.0,0.0,0.008057,0.0,0.008057,36.8168,-0.0877,0.008057,0.025263,0.0
2020-11-20,XLK,XLK,0.0,1.0,0.0,-0.010301,0.0,-0.010301,36.4375,-0.0971,-0.010301,-0.031147,0.0
2020-11-23,XLK,XLK,0.0,1.0,0.0,-0.000249,0.0,-0.000249,36.4285,-0.0973,-0.000249,0.000373,0.0
2020-11-24,XLK,XLK,0.0,1.0,0.0,0.013907,0.0,0.013907,36.9351,-0.0847,0.013907,0.038506,0.0
2020-11-25,XLK,XLK,0.0,1.0,0.0,0.002136,0.0,0.002136,37.0139,-0.0828,0.002136,0.006646,-0.000108
2020-11-27,XLK,XLK,0.0,1.0,0.0,0.005327,0.0,0.005327,37.2111,-0.0779,0.005327,0.01751,0.000108
2020-11-30,XLK,XLK,0.0,1.0,0.0,0.006685,0.0,0.006685,37.4599,-0.0717,0.006685,0.020188,-0.000108
2020-12-01,XLK,XLK,0.0,1.0,0.0,0.012796,0.0,0.012796,37.9392,-0.0599,0.012796,0.04038,-7.4e-05
2020-12-02,XLK,XLK,0.0,1.0,0.0,-0.001519,0.0,-0.001519,37.8816,-0.0613,-0.001519,-0.007625,0.00011
2020-12-03,XLK,XLK,0.0,1.0,0.0,-0.000642,0.0,-0.000642,37.8573,-0.0619,-0.000642,-0.002385,0.0
2020-12-04,XLK,TECL,0.0,1.0,0.0,0.010018,0.0,0.010018,38.2365,-0.0525,0.010018,0.030724,0.00011
2020-12-07,TECL,TECL,0.75,0.0,0.25,0.006742,0.001,0.005742,38.4561,-0.047,0.002856,0.009063,-0.000219
2020-12-08,TECL,TECL,0.75,0.0,0.25,0.007278,0.0,0.007278,38.736,-0.0401,0.003244,0.009704,0.0
2020-12-09,TECL,TECL,0.75,0.0,0.25,-0.045234,0.0,-0.045234,36.9838,-0.0835,-0.019164,-0.060313,0.0
2020-12-10,TECL,TECL,0.75,0.0,0.25,0.004101,0.0,0.004101,37.1355,-0.0798,0.001448,0.005468,0.0
2020-12-11,TECL,TECL,0.75,0.0,0.25,-0.003777,0.0,-0.003777,36.9952,-0.0832,-0.002088,-0.005072,0.00011
2020-12-14,TECL,TECL,0.75,0.0,0.25,0.007831,0.0,0.007831,37.2849,-0.0761,0.00362,0.010478,-0.00011
2020-12-15,TECL,TECL,0.75,0.0,0.25,0.036381,0.0,0.036381,38.6414,-0.0425,0.016673,0.048508,0.0
2020-12-16,TECL,TECL,0.75,0.0,0.25,0.015482,0.0,0.015482,39.2396,-0.0276,0.006781,0.020606,0.00011
2020-12-17,TECL,TECL,0.75,0.0,0.25,0.018344,0.0,0.018344,39.9595,-0.0098,0.00791,0.024459,0.0
2020-12-18,TECL,TECL,0.75,0.0,0.25,-0.007649,0.0,-0.007649,39.6538,-0.0174,-0.003496,-0.010199,0.0
2020-12-21,TECL,TECL,0.75,0.0,0.25,0.000815,0.0,0.000815,39.6861,-0.0166,0.001002,0.001086,0.0
2020-12-22,TECL,TECL,0.75,0.0,0.25,0.020141,0.0,0.020141,40.4854,0.0,0.008666,0.026854,0.0
2020-12-23,TECL,TECL,0.75,0.0,0.25,-0.018379,0.0,-0.018379,39.7413,-0.0184,-0.007585,-0.024469,-0.00011
2020-12-24,TECL,TECL,0.75,0.0,0.25,0.01683,0.0,0.01683,40.4102,-0.0019,0.006628,0.022403,0.00011
2020-12-28,TECL,TECL,0.75,0.0,0.25,0.024787,0.0,0.024787,41.4118,0.0,0.011313,0.033049,0.0
2020-12-29,TECL,TECL,0.75,0.0,0.25,-0.010606,0.0,-0.010606,40.9726,-0.0106,-0.004751,-0.014142,0.0
2020-12-30,TECL,TECL,0.75,0.0,0.25,-0.001567,0.0,-0.001567,40.9083,-0.0122,-0.000538,-0.002053,-0.00011
2020-12-31,TECL,TECL,0.75,0.0,0.25,0.005679,0.0,0.005679,41.1406,-0.0065,0.001463,0.007535,0.00011
2021-01-04,TECL,TECL,0.75,0.0,0.25,-0.037747,0.0,-0.037747,39.5877,-0.044,-0.016305,-0.05033,0.0
2021-01-05,TECL,TECL,0.75,0.0,0.25,0.015068,0.0,0.015068,40.1842,-0.0296,0.00649,0.020127,-0.00011
2021-01-06,TECL,TECL,0.75,0.0,0.25,-0.041126,0.0,-0.041126,38.5316,-0.0696,-0.017245,-0.054871,0.00011
2021-01-07,TECL,TECL,0.75,0.0,0.25,0.060105,0.0,0.060105,40.8475,-0.0136,0.026954,0.08014,0.0
2021-01-08,TECL,TECL,0.75,0.0,0.25,0.0151,0.0,0.0151,41.4643,0.0,0.006466,0.02017,-0.00011
2021-01-11,TECL,TECL,0.75,0.0,0.25,-0.019574,0.0,-0.019574,40.6527,-0.0196,-0.00826,-0.026135,0.00011
2021-01-12,TECL,TECL,0.75,0.0,0.25,-0.009379,0.0,-0.009379,40.2715,-0.0288,-0.004781,-0.012468,-0.00011
2021-01-13,TECL,TECL,0.75,0.0,0.25,0.014318,0.0,0.014318,40.8481,-0.0149,0.006354,0.019091,0.0
2021-01-14,TECL,TECL,0.75,0.0,0.25,-0.02001,0.0,-0.02001,40.0307,-0.0346,-0.008777,-0.026717,0.00011
2021-01-15,TECL,TECL,0.75,0.0,0.25,-0.022638,0.0,-0.022638,39.1245,-0.0564,-0.010254,-0.030184,0.0
2021-01-19,TECL,TECL,0.75,0.0,0.25,0.029114,0.0,0.029114,40.2636,-0.029,0.013028,0.038819,0.0
2021-01-20,TECL,TECL,0.75,0.0,0.25,0.044331,0.0,0.044331,42.0485,0.0,0.019832,0.059108,0.0
2021-01-21,TECL,TECL,0.75,0.0,0.25,0.02826,0.0,0.02826,43.2368,0.0,0.012915,0.037679,0.0
2021-01-22,TECL,TECL,0.75,0.0,0.25,-0.008806,0.0,-0.008806,42.856,-0.0088,-0.003825,-0.011704,-0.00011
2021-01-25,TECL,TECL,0.75,0.0,0.25,0.020209,0.0,0.020209,43.7221,0.0,0.008357,0.026909,0.00011
2021-01-26,TECL,TECL,0.75,0.0,0.25,0.001082,0.0,0.001082,43.7694,0.0,0.000672,0.001479,-0.00011
2021-01-27,TECL,TECL,0.75,0.0,0.25,-0.042498,0.0,-0.042498,41.9093,-0.0425,-0.018876,-0.056664,0.0
2021-01-28,TECL,TECL,0.75,0.0,0.25,0.009813,0.0,0.009813,42.3205,-0.0331,0.004106,0.013048,0.00011
2021-01-29,TECL,TECL,0.75,0.0,0.25,-0.053489,0.0,-0.053489,40.0569,-0.0848,-0.023554,-0.071319,0.0
2021-02-01,TECL,TECL,0.75,0.0,0.25,0.056311,0.0,0.056311,42.3125,-0.0333,0.025053,0.075082,0.0
2021-02-02,TECL,TECL,0.75,0.0,0.25,0.029555,0.0,0.029555,43.563,-0.0047,0.013545,0.039443,-0.00011
2021-02-03,TECL,TECL,0.75,0.0,0.25,-0.006596,0.0,-0.006596,43.2757,-0.0113,-0.003434,-0.008794,0.0
2021-02-04,TECL,TECL,0.75,0.0,0.25,0.033416,0.0,0.033416,44.7218,0.0,0.015955,0.044518,0.00011
2021-02-05,TECL,TECL,0.75,0.0,0.25,-0.003499,0.0,-0.003499,44.5653,-0.0035,-0.002211,-0.004665,0.0
2021-02-08,TECL,TECL,0.75,0.0,0.25,0.023116,0.0,0.023116,45.5955,0.0,0.010494,0.030821,0.0
2021-02-09,TECL,TECL,0.75,0.0,0.25,-0.003249,0.0,-0.003249,45.4474,-0.0032,-0.001171,-0.004332,0.0
2021-02-10,TECL,TECL,0.75,0.0,0.25,-0.003567,0.0,-0.003567,45.2853,-0.0068,-0.001464,-0.004719,-0.00011
2021-02-11,TECL,TECL,0.75,0.0,0.25,0.02512,0.0,0.02512,46.4228,0.0,0.010998,0.033456,0.00011
2021-02-12,TECL,TECL,0.75,0.0,0.25,0.012083,0.0,0.012083,46.9837,0.0,0.005149,0.016147,-0.00011
2021-02-16,TECL,TECL,0.75,0.0,0.25,-0.006156,0.0,-0.006156,46.6945,-0.0062,-0.003247,-0.008245,0.00011
2021-02-17,TECL,TECL,0.75,0.0,0.25,-0.021885,0.0,-0.021885,45.6725,-0.0279,-0.008832,-0.029181,0.0
2021-02-18,TECL,TECL,0.75,0.0,0.25,-0.009806,0.0,-0.009806,45.2247,-0.0374,-0.004893,-0.013038,-0.00011
2021-02-19,TECL,TECL,0.75,0.0,0.25,-0.004665,0.0,-0.004665,45.0137,-0.0419,-0.001467,-0.006257,0.00011
2021-02-22,TECL,TECL,0.75,0.0,0.25,-0.048415,0.0,-0.048415,42.8343,-0.0883,-0.022052,-0.064517,-0.00011
2021-02-23,TECL,TECL,0.75,0.0,0.25,-0.006647,0.0,-0.006647,42.5496,-0.0944,-0.002781,-0.008863,0.0
2021-02-24,TECL,TECL,0.75,0.0,0.25,0.034433,0.0,0.034433,44.0147,-0.0632,0.0153,0.045947,-0.00011
2021-02-25,TECL,TECL,0.75,0.0,0.25,-0.078132,0.0,-0.078132,40.5757,-0.1364,-0.034964,-0.104213,0.00011
2021-02-26,TECL,TECL,0.75,0.0,0.25,0.012083,0.0,0.012083,41.066,-0.126,0.005307,0.01611,0.0
2021-03-01,TECL,TECL,0.75,0.0,0.25,0.06847,0.0,0.06847,43.8778,-0.0661,0.032215,0.09133,-0.00011
2021-03-02,TECL,TECL,0.75,0.0,0.25,-0.035079,0.0,-0.035079,42.3386,-0.0989,-0.015864,-0.046772,0.0
2021-03-03,TECL,TECL,0.75,0.0,0.25,-0.056053,0.0,-0.056053,39.9654,-0.1494,-0.025159,-0.074774,0.00011
2021-03-04,TECL,TECL,0.75,0.0,0.25,-0.048993,0.0,-0.048993,38.0074,-0.1911,-0.022098,-0.065324,0.0
2021-03-05,TECL,TECL,0.75,0.0,0.25,0.042887,0.0,0.042887,39.6374,-0.1564,0.018883,0.057182,0.0
2021-03-08,TECL,TECL,0.75,0.0,0.25,-0.054312,0.0,-0.054312,37.4846,-0.2022,-0.024195,-0.07238,-0.00011
2021-03-09,TECL,TECL,0.75,0.0,0.25,0.075212,0.0,0.075212,40.3038,-0.1422,0.034013,0.100282,0.0
2021-03-10,TECL,TECL,0.75,0.0,0.25,-0.009024,0.0,-0.009024,39.9401,-0.1499,-0.003996,-0.012032,0.0
2021-03-11,TECL,TECL,0.75,0.0,0.25,0.047641,0.0,0.047641,41.8429,-0.1094,0.021374,0.063485,0.00011
2021-03-12,TECL,TECL,0.75,0.0,0.25,-0.015376,0.0,-0.015376,41.1996,-0.1231,-0.007178,-0.020465,-0.00011
2021-03-15,TECL,XLK,0.75,0.0,0.25,0.024066,0.0,0.024066,42.1911,-0.102,0.010654,0.032088,0.0
2021-03-16,XLK,XLK,0.0,1.0,0.0,0.00753,0.001,0.00653,42.4666,-0.0961,0.00753,0.023621,0.0
2021-03-17,XLK,XLK,0.0,1.0,0.0,-0.000822,0.0,-0.000822,42.4317,-0.0969,-0.000822,-0.001649,0.00011
2021-03-18,XLK,XLK,0.0,1.0,0.0,-0.02775,0.0,-0.02775,41.2542,-0.1219,-0.02775,-0.084671,-0.00011
2021-03-19,XLK,XLK,0.0,1.0,0.0,-0.002999,0.0,-0.002999,41.1305,-0.1246,-0.002999,-0.012367,0.0
2021-03-22,XLK,XLK,0.0,1.0,0.0,0.019663,0.0,0.019663,41.9392,-0.1074,0.019663,0.060788,0.0
2021-03-23,XLK,XLK,0.0,1.0,0.0,-0.006218,0.0,-0.006218,41.6784,-0.1129,-0.006218,-0.019185,0.00011
2021-03-24,XLK,XLK,0.0,1.0,0.0,-0.012133,0.0,-0.012133,41.1727,-0.1237,-0.012133,-0.036107,-0.00011
2021-03-25,XLK,XLK,0.0,1.0,0.0,-0.000618,0.0,-0.000618,41.1473,-0.1242,-0.000618,-0.00104,0.0
2021-03-26,XLK,XLK,0.0,1.0,0.0,0.025429,0.0,0.025429,42.1936,-0.102,0.025429,0.075259,0.0
2021-03-29,XLK,XLK,0.0,1.0,0.0,-0.005201,0.0,-0.005201,41.9742,-0.1066,-0.005201,-0.016228,0.0
2021-03-30,XLK,XLK,0.0,1.0,0.0,-0.009471,0.0,-0.009471,41.5766,-0.1151,-0.009471,-0.024125,0.00011
2021-03-31,XLK,XLK,0.0,1.0,0.0,0.015912,0.0,0.015912,42.2382,-0.101,0.015912,0.042382,-0.00011
2021-04-01,XLK,XLK,0.0,1.0,0.0,0.020103,0.0,0.020103,43.0873,-0.0829,0.020103,0.059535,0.00011
2021-04-05,XLK,XLK,0.0,1.0,0.0,0.020667,0.0,0.020667,43.9778,-0.064,0.020667,0.061901,-0.00011
2021-04-06,XLK,XLK,0.0,1.0,0.0,-0.004267,0.0,-0.004267,43.7902,-0.068,-0.004267,-0.010755,-0.000108
2021-04-07,XLK,TECL,0.0,1.0,0.0,0.005303,0.0,0.005303,44.0224,-0.063,0.005303,0.016307,0.0
2021-04-08,TECL,TECL,0.75,0.0,0.25,0.032441,0.001,0.031441,45.4065,-0.0336,0.014448,0.043219,0.000108
2021-04-09,TECL,TECL,0.75,0.0,0.25,0.020738,0.0,0.020738,46.3481,-0.0135,0.009614,0.027686,-0.000108
2021-04-12,TECL,TECL,0.75,0.0,0.25,-0.009429,0.0,-0.009429,45.9111,-0.0228,-0.004796,-0.012571,0.0
2021-04-13,TECL,TECL,0.75,0.0,0.25,0.020765,0.0,0.020765,46.8644,-0.0025,0.009426,0.027686,0.0
2021-04-14,TECL,TECL,0.75,0.0,0.25,-0.024926,0.0,-0.024926,45.6963,-0.0274,-0.010602,-0.033235,0.0
2021-04-15,TECL,TECL,0.75,0.0,0.25,0.03939,0.0,0.03939,47.4962,0.0,0.017173,0.052483,0.000108
2021-04-16,TECL,TECL,0.75,0.0,0.25,-0.000726,0.0,-0.000726,47.4618,-0.0007,-0.000209,-0.000968,0.0
2021-04-19,TECL,TECL,0.75,0.0,0.25,-0.01947,0.0,-0.01947,46.5377,-0.0202,-0.008303,-0.025924,-0.000108
2021-04-20,TECL,TECL,0.75,0.0,0.25,-0.019365,0.0,-0.019365,45.6365,-0.0392,-0.008866,-0.025819,0.0
2021-04-21,TECL,TECL,0.75,0.0,0.25,0.022324,0.0,0.022324,46.6553,-0.0177,0.010081,0.029765,0.0
2021-04-22,TECL,TECL,0.75,0.0,0.25,-0.025809,0.0,-0.025809,45.4512,-0.0431,-0.011739,-0.034448,0.000108
2021-04-23,TECL,TECL,0.75,0.0,0.25,0.03168,0.0,0.03168,46.8911,-0.0127,0.014935,0.04224,0.0
2021-04-26,TECL,TECL,0.75,0.0,0.25,0.013252,0.0,0.013252,47.5124,0.0,0.005117,0.017705,-0.000108
2021-04-27,TECL,TECL,0.75,0.0,0.25,-0.006062,0.0,-0.006062,47.2244,-0.0061,-0.002441,-0.008119,0.000108
2021-04-28,TECL,TECL,0.75,0.0,0.25,-0.020929,0.0,-0.020929,46.236,-0.0269,-0.009295,-0.027869,-0.000108
2021-04-29,TECL,TECL,0.75,0.0,0.25,-0.001654,0.0,-0.001654,46.1596,-0.0285,-0.000846,-0.002206,0.0
2021-04-30,TECL,TECL,0.75,0.0,0.25,-0.030413,0.0,-0.030413,44.7557,-0.058,-0.013627,-0.040587,0.000108
2021-05-03,TECL,TECL,0.75,0.0,0.25,-0.006597,0.0,-0.006597,44.4604,-0.0642,-0.002792,-0.008796,0.0
2021-05-04,TECL,TECL,0.75,0.0,0.25,-0.041386,0.0,-0.041386,42.6204,-0.103,-0.017946,-0.055145,-0.000108
2021-05-05,TECL,TECL,0.75,0.0,0.25,-0.004835,0.0,-0.004835,42.4143,-0.1073,-0.002411,-0.006483,0.000108
2021-05-06,TECL,TECL,0.75,0.0,0.25,0.022788,0.0,0.022788,43.3809,-0.087,0.010038,0.030384,0.0
2021-05-07,TECL,TECL,0.75,0.0,0.25,0.017666,0.0,0.017666,44.1472,-0.0708,0.00856,0.023591,-0.000108
2021-05-10,TECL,TECL,0.75,0.0,0.25,-0.055377,0.0,-0.055377,41.7025,-0.1223,-0.025247,-0.073836,0.0
2021-05-11,TECL,TECL,0.75,0.0,0.25,-0.00622,0.0,-0.00622,41.4431,-0.1277,-0.003026,-0.008294,0.0
2021-05-12,TECL,TECL,0.75,0.0,0.25,-0.06398,0.0,-0.06398,38.7916,-0.1835,-0.028125,-0.08527,-0.00011
2021-05-13,TECL,TECL,0.75,0.0,0.25,0.029527,0.0,0.029527,39.9369,-0.1594,0.013251,0.039369,0.0
2021-05-14,TECL,TECL,0.75,0.0,0.25,0.048755,0.0,0.048755,41.8841,-0.1185,0.022022,0.065007,0.0
2021-05-17,TECL,TECL,0.75,0.0,0.25,-0.016494,0.0,-0.016494,41.1932,-0.133,-0.007355,-0.022028,0.00011
2021-05-18,TECL,TECL,0.75,0.0,0.25,-0.01795,0.0,-0.01795,40.4538,-0.1486,-0.008002,-0.023933,0.0
2021-05-19,TECL,TECL,0.75,0.0,0.25,0.007725,0.0,0.007725,40.7663,-0.142,0.00351,0.010336,-0.00011
2021-05-20,TECL,TECL,0.75,0.0,0.25,0.042649,0.0,0.042649,42.505,-0.1054,0.019126,0.056866,0.0
2021-05-21,TECL,TECL,0.75,0.0,0.25,-0.01213,0.0,-0.01213,41.9894,-0.1162,-0.005477,-0.016209,0.00011
2021-05-24,TECL,TECL,0.75,0.0,0.25,0.039275,0.0,0.039275,43.6385,-0.0815,0.017769,0.052403,-0.00011
2021-05-25,TECL,TECL,0.75,0.0,0.25,0.002119,0.0,0.002119,43.731,-0.0796,0.000288,0.002826,0.0
2021-05-26,TECL,TECL,0.75,0.0,0.25,-0.000326,0.0,-0.000326,43.7167,-0.0799,-7.2e-05,-0.000435,0.0
2021-05-27,TECL,TECL,0.75,0.0,0.25,-0.012173,0.0,-0.012173,43.1846,-0.0911,-0.005265,-0.016268,0.00011
2021-05-28,TECL,TECL,0.75,0.0,0.25,0.007111,0.0,0.007111,43.4917,-0.0846,0.003553,0.009481,0.0
2021-06-01,TECL,TECL,0.75,0.0,0.25,-0.010676,0.0,-0.010676,43.0273,-0.0944,-0.004913,-0.014198,-0.00011
2021-06-02,TECL,TECL,0.75,0.0,0.25,0.014459,0.0,0.014459,43.6495,-0.0813,0.006897,0.019278,0.0
2021-06-03,TECL,TECL,0.75,0.0,0.25,-0.020544,0.0,-0.020544,42.7527,-0.1002,-0.009303,-0.027392,0.0
2021-06-04,TECL,TECL,0.75,0.0,0.25,0.042606,0.0,0.042606,44.5743,-0.0618,0.019216,0.056772,0.00011
2021-06-07,TECL,TECL,0.75,0.0,0.25,-5.5e-05,0.0,-5.5e-05,44.5718,-0.0619,-0.000214,0.0,-0.000219
2021-06-08,TECL,TECL,0.75,0.0,0.25,0.000793,0.0,0.000793,44.6071,-0.0611,7.1e-05,0.001057,0.0
2021-06-09,TECL,TECL,0.75,0.0,0.25,0.001269,0.0,0.001269,44.6638,-0.06,0.000714,0.001692,0.0
2021-06-10,TECL,TECL,0.75,0.0,0.25,0.016925,0.0,0.016925,45.4197,-0.044,0.007352,0.022567,0.0
2021-06-11,TECL,TECL,0.75,0.0,0.25,0.012404,0.0,0.012404,45.9831,-0.0322,0.005951,0.016502,0.00011
2021-06-14,TECL,TECL,0.75,0.0,0.25,0.023715,0.0,0.023715,47.0736,-0.0092,0.010144,0.031657,-0.00011
2021-06-15,TECL,TECL,0.75,0.0,0.25,-0.014162,0.0,-0.014162,46.4069,-0.0233,-0.006137,-0.018883,0.0
2021-06-16,TECL,TECL,0.75,0.0,0.25,-0.012453,0.0,-0.012453,45.829,-0.0354,-0.005402,-0.016641,0.00011
2021-06-17,TECL,TECL,0.75,0.0,0.25,0.026732,0.0,0.026732,47.0541,-0.0096,0.011569,0.035679,-0.00011
2021-06-18,TECL,TECL,0.75,0.0,0.25,-0.021824,0.0,-0.021824,46.0272,-0.0313,-0.009135,-0.029135,0.00011
2021-06-21,TECL,TECL,0.75,0.0,0.25,0.024761,0.0,0.024761,47.1669,-0.0073,0.010716,0.033051,-0.00011
2021-06-22,TECL,TECL,0.75,0.0,0.25,0.020019,0.0,0.020019,48.1111,0.0,0.009069,0.026692,0.0
2021-06-23,TECL,TECL,0.75,0.0,0.25,-0.003298,0.0,-0.003298,47.9524,-0.0033,-0.001107,-0.004397,0.0
2021-06-24,TECL,TECL,0.75,0.0,0.25,0.015149,0.0,0.015149,48.6789,0.0,0.006299,0.020163,0.00011
2021-06-25,TECL,TECL,0.75,0.0,0.25,-0.002118,0.0,-0.002118,48.5758,-0.0021,-0.00117,-0.002823,0.0
2021-06-28,TECL,TECL,0.75,0.0,0.25,0.023189,0.0,0.023189,49.7022,0.0,0.010466,0.030956,-0.00011
2021-06-29,TECL,TECL,0.75,0.0,0.25,0.015928,0.0,0.015928,50.4939,0.0,0.007291,0.021237,0.0
2021-06-30,TECL,TECL,0.75,0.0,0.25,-0.002151,0.0,-0.002151,50.3853,-0.0022,-0.001083,-0.002868,0.0
2021-07-01,TECL,TECL,0.75,0.0,0.25,0.002185,0.0,0.002185,50.4954,0.0,0.001694,0.002876,0.00011
2021-07-02,TECL,TECL,0.75,0.0,0.25,0.031569,0.0,0.031569,52.0895,0.0,0.013183,0.042129,-0.00011
2021-07-06,TECL,TECL,0.75,0.0,0.25,0.007972,0.0,0.007972,52.5047,0.0,0.003804,0.010665,-0.000108
2021-07-07,TECL,TECL,0.75,0.0,0.25,0.011873,0.0,0.011873,53.1281,0.0,0.005452,0.015831,0.0
2021-07-08,TECL,TECL,0.75,0.0,0.25,-0.020835,0.0,-0.020835,52.0212,-0.0208,-0.009455,-0.027816,0.000108
2021-07-09,TECL,TECL,0.75,0.0,0.25,0.020166,0.0,0.020166,53.0703,-0.0011,0.009211,0.026888,0.0
2021-07-12,TECL,TECL,0.75,0.0,0.25,0.001636,0.0,0.001636,53.1571,0.0,0.000793,0.002181,0.0
2021-07-13,TECL,TECL,0.75,0.0,0.25,0.010301,0.0,0.010301,53.7046,0.0,0.004098,0.013734,0.0
2021-07-14,TECL,TECL,0.75,0.0,0.25,0.0167,0.0,0.0167,54.6015,0.0,0.00737,0.022303,-0.000108
2021-07-15,TECL,TECL,0.75,0.0,0.25,-0.019486,0.0,-0.019486,53.5375,-0.0195,-0.008232,-0.026018,0.000108
2021-07-16,TECL,TECL,0.75,0.0,0.25,-0.022647,0.0,-0.022647,52.325,-0.0417,-0.009881,-0.030197,0.0
2021-07-19,TECL,TECL,0.75,0.0,0.25,-0.030182,0.0,-0.030182,50.7457,-0.0706,-0.013773,-0.040207,-0.000108
2021-07-20,TECL,TECL,0.75,0.0,0.25,0.032086,0.0,0.032086,52.374,-0.0408,0.014842,0.042782,0.0
2021-07-21,TECL,TECL,0.75,0.0,0.25,0.022179,0.0,0.022179,53.5356,-0.0195,0.009639,0.029572,0.0
2021-07-22,TECL,TECL,0.75,0.0,0.25,0.016589,0.0,0.016589,54.4237,-0.0033,0.007375,0.022083,0.000108
2021-07-23,TECL,TECL,0.75,0.0,0.25,0.021537,0.0,0.021537,55.5958,0.0,0.009935,0.028752,-0.000108
2021-07-26,TECL,TECL,0.75,0.0,0.25,-0.000565,0.0,-0.000565,55.5644,-0.0006,-0.000518,-0.000789,0.000108
2021-07-27,TECL,TECL,0.75,0.0,0.25,-0.021599,0.0,-0.021599,54.3643,-0.0222,-0.009453,-0.028762,-0.000108
2021-07-28,TECL,TECL,0.75,0.0,0.25,-0.003539,0.0,-0.003539,54.1719,-0.0256,-0.001242,-0.004719,0.0
2021-07-29,TECL,TECL,0.75,0.0,0.25,0.011307,0.0,0.011307,54.7844,-0.0146,0.004646,0.01504,0.000108
2021-07-30,TECL,TECL,0.75,0.0,0.25,-0.001597,0.0,-0.001597,54.6969,-0.0162,-0.000651,-0.002093,-0.000108
2021-08-02,TECL,TECL,0.75,0.0,0.25,-0.008957,0.0,-0.008957,54.207,-0.025,-0.003586,-0.011943,0.0
2021-08-03,TECL,TECL,0.75,0.0,0.25,0.015436,0.0,0.015436,55.0438,-0.0099,0.006411,0.020582,0.0
2021-08-04,TECL,TECL,0.75,0.0,0.25,0.004081,0.0,0.004081,55.2684,-0.0059,0.002016,0.005442,0.0
2021-08-05,TECL,TECL,0.75,0.0,0.25,0.012894,0.0,0.012894,55.981,0.0,0.005513,0.017192,0.0
2021-08-06,TECL,TECL,0.75,0.0,0.25,-0.002555,0.0,-0.002555,55.838,-0.0026,-0.000838,-0.003443,0.000108
2021-08-09,TECL,TECL,0.75,0.0,0.25,-0.007184,0.0,-0.007184,55.4368,-0.0097,-0.003228,-0.009579,0.0
2021-08-10,TECL,TECL,0.75,0.0,0.25,-0.016437,0.0,-0.016437,54.5256,-0.026,-0.007192,-0.02188,-0.000108
2021-08-11,TECL,TECL,0.75,0.0,0.25,0.000244,0.0,0.000244,54.5389,-0.0258,0.000132,0.000325,0.0
2021-08-12,TECL,TECL,0.75,0.0,0.25,0.013003,0.0,0.013003,55.2481,-0.0131,0.005741,0.017338,0.0
2021-08-13,TECL,TECL,0.75,0.0,0.25,0.01281,0.0,0.01281,55.9558,-0.0005,0.005448,0.017044,0.000108
2021-08-16,TECL,TECL,0.75,0.0,0.25,0.009812,0.0,0.009812,56.5048,0.0,0.004517,0.013156,-0.000218
2021-08-17,TECL,TECL,0.75,0.0,0.25,-0.019361,0.0,-0.019361,55.4109,-0.0194,-0.008286,-0.025815,0.0
2021-08-18,TECL,TECL,0.75,0.0,0.25,-0.030705,0.0,-0.030705,53.7094,-0.0495,-0.013795,-0.040941,0.0
2021-08-19,TECL,TECL,0.75,0.0,0.25,0.022267,0.0,0.022267,54.9054,-0.0283,0.009786,0.029617,0.000218
2021-08-20,TECL,TECL,0.75,0.0,0.25,0.028925,0.0,0.028925,56.4936,-0.0002,0.012876,0.038567,0.0
2021-08-23,TECL,TECL,0.75,0.0,0.25,0.028492,0.0,0.028492,58.1032,0.0,0.012906,0.038063,-0.000218
2021-08-24,TECL,TECL,0.75,0.0,0.25,-0.002236,0.0,-0.002236,57.9733,-0.0022,-0.001141,-0.002981,0.0
2021-08-25,TECL,TECL,0.75,0.0,0.25,-0.001795,0.0,-0.001795,57.8692,-0.004,-0.000571,-0.002393,0.0
2021-08-26,TECL,TECL,0.75,0.0,0.25,-0.014021,0.0,-0.014021,57.0579,-0.018,-0.006286,-0.018731,0.00011
2021-08-27,TECL,TECL,0.75,0.0,0.25,0.020961,0.0,0.020961,58.2538,0.0,0.00965,0.027948,0.0
2021-08-30,TECL,TECL,0.75,0.0,0.25,0.024402,0.0,0.024402,59.6753,0.0,0.010759,0.032536,0.0
2021-08-31,TECL,TECL,0.75,0.0,0.25,-0.011143,0.0,-0.011143,59.0104,-0.0111,-0.005259,-0.01482,-0.00011
2021-09-01,TECL,TECL,0.75,0.0,0.25,0.0,0.0,0.0,59.0104,-0.0111,0.000251,0.0,0.0
2021-09-02,TECL,TECL,0.75,0.0,0.25,-0.00126,0.0,-0.00126,58.9361,-0.0124,-0.00107,-0.001752,0.000218
2021-09-03,TECL,TECL,0.75,0.0,0.25,0.008724,0.0,0.008724,59.4502,-0.0038,0.00397,0.011705,-0.000218
2021-09-07,TECL,TECL,0.75,0.0,0.25,0.000216,0.0,0.000216,59.4631,-0.0036,0.00025,0.000288,0.0
2021-09-08,TECL,TECL,0.75,0.0,0.25,-0.009324,0.0,-0.009324,58.9086,-0.0128,-0.003826,-0.012432,0.0
2021-09-09,TECL,TECL,0.75,0.0,0.25,-0.009223,0.0,-0.009223,58.3653,-0.022,-0.003778,-0.012297,0.0
2021-09-10,TECL,TECL,0.75,0.0,0.25,-0.021427,0.0,-0.021427,57.1147,-0.0429,-0.009863,-0.028606,0.00011
2021-09-13,TECL,TECL,0.75,0.0,0.25,0.000229,0.0,0.000229,57.1278,-0.0427,0.00032,0.000306,0.0
2021-09-14,TECL,TECL,0.75,0.0,0.25,-0.002545,0.0,-0.002545,56.9825,-0.0451,-0.001276,-0.003356,-0.00011
2021-09-15,TECL,TECL,0.75,0.0,0.25,0.018825,0.0,0.018825,58.0551,-0.0272,0.008755,0.0251,0.0
2021-09-16,TECL,TECL,0.75,0.0,0.25,0.002043,0.0,0.002043,58.1738,-0.0252,0.00057,0.002688,0.00011
2021-09-17,TECL,TECL,0.75,0.0,0.25,-0.034535,0.0,-0.034535,56.1647,-0.0588,-0.015575,-0.04601,-0.00011
2021-09-20,TECL,TECL,0.75,0.0,0.25,-0.041528,0.0,-0.041528,53.8323,-0.0979,-0.018214,-0.055407,0.00011
2021-09-21,TECL,TECL,0.75,0.0,0.25,-2.7e-05,0.0,-2.7e-05,53.8309,-0.0979,0.000394,0.0,-0.00011
2021-09-22,TECL,TECL,0.75,0.0,0.25,0.031849,0.0,0.031849,55.5453,-0.0692,0.01371,0.042465,0.0
2021-09-23,TECL,TECL,0.75,0.0,0.25,0.029747,0.0,0.029747,57.1976,-0.0415,0.013395,0.039626,0.00011
2021-09-24,TECL,TECL,0.75,0.0,0.25,0.001802,0.0,0.001802,57.3007,-0.0398,0.000702,0.002439,-0.00011
2021-09-27,TECL,TECL,0.75,0.0,0.25,-0.02213,0.0,-0.02213,56.0326,-0.061,-0.009699,-0.029506,0.0
2021-09-28,TECL,TECL,0.75,0.0,0.25,-0.066878,0.0,-0.066878,52.2853,-0.1238,-0.029641,-0.08917,0.0
2021-09-29,TECL,TECL,0.75,0.0,0.25,-0.003069,0.0,-0.003069,52.1248,-0.1265,-0.001262,-0.004129,0.00011
2021-09-30,TECL,TECL,0.75,0.0,0.25,-0.016069,0.0,-0.016069,51.2872,-0.1406,-0.00718,-0.021425,0.0
2021-10-01,TECL,TECL,0.75,0.0,0.25,0.032839,0.0,0.032839,52.9715,-0.1123,0.015068,0.043786,0.0
2021-10-04,TECL,TECL,0.75,0.0,0.25,-0.052449,0.0,-0.052449,50.1932,-0.1589,-0.023157,-0.069858,-0.000219
2021-10-05,TECL,TECL,0.75,0.0,0.25,0.032216,0.0,0.032216,51.8102,-0.1318,0.014251,0.042918,0.00011
2021-10-06,TECL,TECL,0.75,0.0,0.25,0.0153,0.0,0.0153,52.6029,-0.1185,0.006525,0.0204,0.0
2021-10-07,TECL,TECL,0.75,0.0,0.25,0.020634,0.0,0.020634,53.6883,-0.1003,0.00913,0.027512,0.0
2021-10-08,TECL,TECL,0.75,0.0,0.25,-0.007982,0.0,-0.007982,53.2598,-0.1075,-0.003736,-0.010642,0.0
2021-10-11,TECL,TECL,0.75,0.0,0.25,-0.01286,0.0,-0.01286,52.5749,-0.119,-0.005528,-0.017146,0.0
2021-10-12,TECL,TECL,0.75,0.0,0.25,-0.011288,0.0,-0.011288,51.9814,-0.1289,-0.005162,-0.015051,0.0
2021-10-13,TECL,TECL,0.75,0.0,0.25,0.013153,0.0,0.013153,52.6651,-0.1175,0.006119,0.017537,0.0
2021-10-14,TECL,TECL,0.75,0.0,0.25,0.050272,0.0,0.050272,55.3127,-0.0731,0.022545,0.067066,-0.00011
2021-10-15,TECL,TECL,0.75,0.0,0.25,0.018618,0.0,0.018618,56.3425,-0.0558,0.008017,0.024787,0.00011
2021-10-18,TECL,TECL,0.75,0.0,0.25,0.018816,0.0,0.018816,57.4026,-0.0381,0.008467,0.025125,-0.00011
2021-10-19,TECL,TECL,0.75,0.0,0.25,0.021464,0.0,0.021464,58.6348,-0.0174,0.009923,0.028619,0.0
2021-10-20,TECL,TECL,0.75,0.0,0.25,-0.005882,0.0,-0.005882,58.2899,-0.0232,-0.002772,-0.007842,0.0
2021-10-21,TECL,TECL,0.75,0.0,0.25,0.008501,0.0,0.008501,58.7854,-0.0149,0.003853,0.011335,0.0
2021-10-22,TECL,TECL,0.75,0.0,0.25,-0.007743,0.0,-0.007743,58.3302,-0.0225,-0.003461,-0.010324,0.0
2021-10-25,TECL,TECL,0.75,0.0,0.25,0.008075,0.0,0.008075,58.8013,-0.0146,0.003283,0.010731,0.00011
2021-10-26,TECL,TECL,0.75,0.0,0.25,0.006027,0.0,0.006027,59.1557,-0.0087,0.002832,0.008109,-0.000219
2021-10-27,TECL,TECL,0.75,0.0,0.25,-0.003071,0.0,-0.003071,58.974,-0.0118,-0.000879,-0.004095,0.0
2021-10-28,TECL,TECL,0.75,0.0,0.25,0.022084,0.0,0.022084,60.2764,0.0,0.010047,0.029373,0.000219
2021-10-29,TECL,TECL,0.75,0.0,0.25,0.010379,0.0,0.010379,60.902,0.0,0.00429,0.013839,0.0
2021-11-01,TECL,TECL,0.75,0.0,0.25,-0.000316,0.0,-0.000316,60.8828,-0.0003,-0.001485,-0.000421,0.0
2021-11-02,TECL,TECL,0.75,0.0,0.25,0.01779,0.0,0.01779,61.9659,0.0,0.008803,0.023793,-0.000219
2021-11-03,TECL,TECL,0.75,0.0,0.25,0.013098,0.0,0.013098,62.7775,0.0,0.005839,0.017464,0.0
2021-11-04,TECL,TECL,0.75,0.0,0.25,0.034593,0.0,0.034593,64.9492,0.0,0.015643,0.046087,0.00011
2021-11-05,TECL,TECL,0.75,0.0,0.25,0.010271,0.0,0.010271,65.6162,0.0,0.005174,0.013694,0.0
2021-11-08,TECL,TECL,0.75,0.0,0.25,0.013124,0.0,0.013124,66.4774,0.0,0.005387,0.017462,0.00011
2021-11-09,TECL,TECL,0.75,0.0,0.25,-0.008886,0.0,-0.008886,65.8867,-0.0089,-0.004108,-0.011774,-0.000219
2021-11-10,TECL,TECL,0.75,0.0,0.25,-0.038313,0.0,-0.038313,63.3624,-0.0469,-0.016498,-0.051084,0.0
2021-11-11,TECL,TECL,0.75,0.0,0.25,0.01205,0.0,0.01205,64.1259,-0.0354,0.004679,0.016029,0.00011
2021-11-12,TECL,TECL,0.75,0.0,0.25,0.026623,0.0,0.026623,65.8331,-0.0097,0.01216,0.035498,0.0
2021-11-15,TECL,TECL,0.75,0.0,0.25,-0.002285,0.0,-0.002285,65.6827,-0.012,-0.001016,-0.003047,0.0
2021-11-16,TECL,TECL,0.75,0.0,0.25,0.023279,0.0,0.023279,67.2117,0.0,0.01053,0.031075,-0.00011
2021-11-17,TECL,TECL,0.75,0.0,0.25,-0.006948,0.0,-0.006948,66.7447,-0.0069,-0.003019,-0.009264,0.0
2021-11-18,TECL,TECL,0.75,0.0,0.25,0.021721,0.0,0.021721,68.1944,0.0,0.009976,0.028925,0.00011
2021-11-19,TECL,TECL,0.75,0.0,0.25,0.01772,0.0,0.01772,69.4028,0.0,0.007292,0.023627,0.0
2021-11-22,TECL,TECL,0.75,0.0,0.25,-0.025035,0.0,-0.025035,67.6653,-0.025,-0.011149,-0.03338,0.0
2021-11-23,TECL,TECL,0.75,0.0,0.25,-0.005263,0.0,-0.005263,67.3092,-0.0302,-0.002303,-0.00698,-0.00011
2021-11-24,TECL,TECL,0.75,0.0,0.25,0.015658,0.0,0.015658,68.3632,-0.015,0.007279,0.020841,0.00011
2021-11-26,TECL,TECL,0.75,0.0,0.25,-0.055747,0.0,-0.055747,64.5521,-0.0699,-0.024966,-0.074293,-0.00011
2021-11-29,TECL,TECL,0.75,0.0,0.25,0.05513,0.0,0.05513,68.1109,-0.0186,0.025002,0.07347,0.00011
2021-11-30,TECL,TECL,0.75,0.0,0.25,-0.018628,0.0,-0.018628,66.8421,-0.0369,-0.008346,-0.0248,-0.00011
2021-12-01,TECL,TECL,0.75,0.0,0.25,-0.031292,0.0,-0.031292,64.7505,-0.067,-0.013692,-0.04176,0.00011
2021-12-02,TECL,TECL,0.75,0.0,0.25,0.02088,0.0,0.02088,66.1025,-0.0476,0.009194,0.027839,0.0
2021-12-03,TECL,TECL,0.75,0.0,0.25,-0.037902,0.0,-0.037902,63.597,-0.0837,-0.016732,-0.0505,-0.00011
2021-12-06,TECL,TECL,0.75,0.0,0.25,0.022594,0.0,0.022594,65.0339,-0.0629,0.009508,0.030125,0.0
2021-12-07,TECL,BIL,0.75,0.0,0.25,0.077445,0.0,0.077445,70.0705,0.0,0.034913,0.103261,0.0
2021-12-08,BIL,BIL,0.0,0.0,1.0,0.00011,0.00075,-0.00064,70.0257,-0.0006,0.004578,0.013605,0.00011
2021-12-09,BIL,BIL,0.0,0.0,1.0,-0.00011,0.0,-0.00011,70.018,-0.0007,-0.01079,-0.032517,-0.00011
2021-12-10,BIL,BIL,0.0,0.0,1.0,0.00011,0.0,0.00011,70.0257,-0.0006,0.020065,0.061315,0.00011
2021-12-13,BIL,BIL,0.0,0.0,1.0,0.0,0.0,0.0,70.0257,-0.0006,-0.014867,-0.046467,0.0
2021-12-14,BIL,BIL,0.0,0.0,1.0,0.0,0.0,0.0,70.0257,-0.0006,-0.016426,-0.04885,0.0
2021-12-15,BIL,BIL,0.0,0.0,1.0,0.0,0.0,0.0,70.0257,-0.0006,0.026497,0.079033,0.0
2021-12-16,BIL,BIL,0.0,0.0,1.0,-0.00011,0.0,-0.00011,70.018,-0.0007,-0.028343,-0.08445,-0.00011
2021-12-17,BIL,BIL,0.0,0.0,1.0,0.00011,0.0,0.00011,70.0257,-0.0006,-0.006686,-0.021072,0.00011
2021-12-20,BIL,BIL,0.0,0.0,1.0,-0.00011,0.0,-0.00011,70.018,-0.0007,-0.011894,-0.034932,-0.00011
2021-12-21,BIL,BIL,0.0,0.0,1.0,-0.000108,0.0,-0.000108,70.0104,-0.0009,0.025306,0.074663,-0.000108
2021-12-22,BIL,BIL,0.0,0.0,1.0,0.0,0.0,0.0,70.0104,-0.0009,0.013077,0.040516,0.0
2021-12-23,BIL,BIL,0.0,0.0,1.0,0.0,0.0,0.0,70.0104,-0.0009,0.005582,0.015887,0.0
2021-12-27,BIL,BIL,0.0,0.0,1.0,0.000108,0.0,0.000108,70.018,-0.0007,0.021453,0.06408,0.000108
2021-12-28,BIL,BIL,0.0,0.0,1.0,-0.000108,0.0,-0.000108,70.0104,-0.0009,-0.005208,-0.015691,-0.000108
2021-12-29,BIL,BIL,0.0,0.0,1.0,0.0,0.0,0.0,70.0104,-0.0009,0.000853,0.002246,0.0
2021-12-30,BIL,BIL,0.0,0.0,1.0,0.000108,0.0,0.000108,70.018,-0.0007,-0.006595,-0.019377,0.000108
2021-12-31,BIL,BIL,0.0,0.0,1.0,0.0,0.0,0.0,70.018,-0.0007,-0.004865,-0.015077,0.0
2022-01-03,BIL,BIL,0.0,0.0,1.0,-0.000108,0.0,-0.000108,70.0104,-0.0009,0.00949,0.028412,-0.000108
2022-01-04,BIL,BIL,0.0,0.0,1.0,0.000108,0.0,0.000108,70.018,-0.0007,-0.010597,-0.031687,0.000108
2022-01-05,BIL,BIL,0.0,0.0,1.0,0.0,0.0,0.0,70.018,-0.0007,-0.030749,-0.091999,0.0
2022-01-06,BIL,BIL,0.0,0.0,1.0,0.0,0.0,0.0,70.018,-0.0007,-0.00505,-0.015776,0.0
2022-01-07,BIL,BIL,0.0,0.0,1.0,0.0,0.0,0.0,70.018,-0.0007,-0.009196,-0.02932,0.0
2022-01-10,BIL,XLK,0.0,0.0,1.0,-0.000108,0.0,-0.000108,70.0104,-0.0009,0.000181,0.002013,-0.000108
2022-01-11,XLK,XLK,0.0,1.0,0.0,0.01199,0.001,0.01099,70.7798,0.0,0.01199,0.036576,-0.00011
2022-01-12,XLK,XLK,0.0,1.0,0.0,0.004705,0.0,0.004705,71.1128,0.0,0.004705,0.012795,0.00011
2022-01-13,XLK,XLK,0.0,1.0,0.0,-0.025899,0.0,-0.025899,69.2711,-0.0259,-0.025899,-0.076058,0.000108
2022-01-14,XLK,XLK,0.0,1.0,0.0,0.008457,0.0,0.008457,69.8569,-0.0177,0.008457,0.023757,0.0
2022-01-18,XLK,XLK,0.0,1.0,0.0,-0.02401,0.0,-0.02401,68.1796,-0.0412,-0.02401,-0.07191,-0.000218
2022-01-19,XLK,XLK,0.0,1.0,0.0,-0.013969,0.0,-0.013969,67.2272,-0.0546,-0.013969,-0.041431,0.000218
2022-01-20,XLK,XLK,0.0,1.0,0.0,-0.012914,0.0,-0.012914,66.359,-0.0668,-0.012914,-0.040035,0.0
2022-01-21,XLK,XLK,0.0,1.0,0.0,-0.019879,0.0,-0.019879,65.0399,-0.0854,-0.019879,-0.058926,-0.000108
2022-01-24,XLK,BIL,0.0,1.0,0.0,0.005185,0.0,0.005185,65.3771,-0.0807,0.005185,0.015612,0.000108
2022-01-25,BIL,BIL,0.0,0.0,1.0,-0.000218,0.001,-0.001218,65.2974,-0.0818,-0.023143,-0.069091,-0.000218
2022-01-26,BIL,BIL,0.0,0.0,1.0,0.00011,0.0,0.00011,65.3046,-0.0817,0.005873,0.016513,0.00011
2022-01-27,BIL,BIL,0.0,0.0,1.0,0.000108,0.0,0.000108,65.3117,-0.0816,-0.006888,-0.019215,0.000108
2022-01-28,BIL,BIL,0.0,0.0,1.0,-0.000218,0.0,-0.000218,65.2974,-0.0818,0.043731,0.128942,-0.000218
2022-01-31,BIL,BIL,0.0,0.0,1.0,0.000218,0.0,0.000218,65.3117,-0.0816,0.025126,0.077929,0.000218
2022-02-01,BIL,BIL,0.0,0.0,1.0,-0.000108,0.0,-0.000108,65.3046,-0.0817,0.002593,0.006147,-0.000108
2022-02-02,BIL,BIL,0.0,0.0,1.0,0.000108,0.0,0.000108,65.3117,-0.0816,0.008129,0.023999,0.000108
2022-02-03,BIL,BIL,0.0,0.0,1.0,0.0,0.0,0.0,65.3117,-0.0816,-0.029015,-0.087642,0.0
2022-02-04,BIL,BIL,0.0,0.0,1.0,-0.000218,0.0,-0.000218,65.2974,-0.0818,0.004026,0.011988,-0.000218
2022-02-07,BIL,BIL,0.0,0.0,1.0,0.0,0.0,0.0,65.2974,-0.0818,-0.006642,-0.02077,0.0
2022-02-08,BIL,BIL,0.0,0.0,1.0,0.00011,0.0,0.00011,65.3046,-0.0817,0.012363,0.037864,0.00011
2022-02-09,BIL,BIL,0.0,0.0,1.0,-0.00011,0.0,-0.00011,65.2974,-0.0818,0.022181,0.065698,-0.00011
2022-02-10,BIL,BIL,0.0,0.0,1.0,0.0,0.0,0.0,65.2974,-0.0818,-0.026149,-0.077983,0.0
2022-02-11,BIL,BIL,0.0,0.0,1.0,0.0,0.0,0.0,65.2974,-0.0818,-0.030544,-0.09105,0.0
2022-02-14,BIL,BIL,0.0,0.0,1.0,-0.00011,0.0,-0.00011,65.2903,-0.0819,-0.000322,-0.000339,-0.00011
2022-02-15,BIL,BIL,0.0,0.0,1.0,0.000219,0.0,0.000219,65.3046,-0.0817,0.026284,0.077144,0.000219
2022-02-16,BIL,BIL,0.0,0.0,1.0,0.0,0.0,0.0,65.3046,-0.0817,-0.001006,-0.003935,0.0
2022-02-17,BIL,BIL,0.0,0.0,1.0,-0.00011,0.0,-0.00011,65.2974,-0.0818,-0.029921,-0.089285,-0.00011
2022-02-18,BIL,BIL,0.0,0.0,1.0,0.00011,0.0,0.00011,65.3046,-0.0817,-0.01013,-0.030713,0.00011
2022-02-22,BIL,BIL,0.0,0.0,1.0,0.0,0.0,0.0,65.3046,-0.0817,-0.009249,-0.027389,0.0
2022-02-23,BIL,BIL,0.0,0.0,1.0,-0.00011,0.0,-0.00011,65.2974,-0.0818,-0.025028,-0.07473,-0.00011
2022-02-24,BIL,BIL,0.0,0.0,1.0,0.0,0.0,0.0,65.2974,-0.0818,0.03416,0.100061,0.0
2022-02-25,BIL,BIL,0.0,0.0,1.0,0.0,0.0,0.0,65.2974,-0.0818,0.013593,0.042494,0.0
2022-02-28,BIL,BIL,0.0,0.0,1.0,0.0,0.0,0.0,65.2974,-0.0818,-0.001814,-0.005551,0.0
2022-03-01,BIL,BIL,0.0,0.0,1.0,0.00024,0.0,0.00024,65.3131,-0.0816,-0.019991,-0.060003,0.00024
2022-03-02,BIL,BIL,0.0,0.0,1.0,0.0,0.0,0.0,65.3131,-0.0816,0.021656,0.064576,0.0
2022-03-03,BIL,BIL,0.0,0.0,1.0,0.00011,0.0,0.00011,65.3203,-0.0815,-0.011927,-0.036954,0.00011
2022-03-04,BIL,BIL,0.0,0.0,1.0,0.0,0.0,0.0,65.3203,-0.0815,-0.017518,-0.051765,0.0
2022-03-07,BIL,BIL,0.0,0.0,1.0,0.0,0.0,0.0,65.3203,-0.0815,-0.036594,-0.108799,0.0
2022-03-08,BIL,BIL,0.0,0.0,1.0,0.0,0.0,0.0,65.3203,-0.0815,-0.004853,-0.014992,0.0
2022-03-09,BIL,BIL,0.0,0.0,1.0,0.0,0.0,0.0,65.3203,-0.0815,0.039563,0.119155,0.0
2022-03-10,BIL,BIL,0.0,0.0,1.0,0.0,0.0,0.0,65.3203,-0.0815,-0.017487,-0.054206,0.0
2022-03-11,BIL,BIL,0.0,0.0,1.0,-0.00011,0.0,-0.00011,65.3131,-0.0816,-0.017594,-0.052588,-0.00011
2022-03-14,BIL,BIL,0.0,0.0,1.0,0.00011,0.0,0.00011,65.3203,-0.0815,-0.018534,-0.056809,0.00011
2022-03-15,BIL,BIL,0.0,0.0,1.0,-0.000219,0.0,-0.000219,65.306,-0.0817,0.033595,0.100692,-0.000219
2022-03-16,BIL,BIL,0.0,0.0,1.0,0.000219,0.0,0.000219,65.3203,-0.0815,0.032503,0.099204,0.000219
2022-03-17,BIL,BIL,0.0,0.0,1.0,0.0,0.0,0.0,65.3203,-0.0815,0.007091,0.020331,0.0
2022-03-18,BIL,BIL,0.0,0.0,1.0,-0.00011,0.0,-0.00011,65.3131,-0.0816,0.020466,0.059777,-0.00011
2022-03-21,BIL,BIL,0.0,0.0,1.0,0.0,0.0,0.0,65.3131,-0.0816,-0.001899,-0.004393,0.0
2022-03-22,BIL,BIL,0.0,0.0,1.0,0.0,0.0,0.0,65.3131,-0.0816,0.01437,0.042535,0.0
2022-03-23,BIL,BIL,0.0,0.0,1.0,0.000219,0.0,0.000219,65.3275,-0.0814,-0.015379,-0.046047,0.000219
2022-03-24,BIL,BIL,0.0,0.0,1.0,0.0,0.0,0.0,65.3275,-0.0814,0.025988,0.077905,0.0
2022-03-25,BIL,BIL,0.0,0.0,1.0,-0.000219,0.0,-0.000219,65.3131,-0.0816,-0.000568,-0.002634,-0.000219
2022-03-28,BIL,BIL,0.0,0.0,1.0,0.0,0.0,0.0,65.3131,-0.0816,0.011882,0.038133,0.0
2022-03-29,BIL,BIL,0.0,0.0,1.0,0.0,0.0,0.0,65.3131,-0.0816,0.021236,0.061217,0.0
2022-03-30,BIL,BIL,0.0,0.0,1.0,0.000219,0.0,0.000219,65.3275,-0.0814,-0.013333,-0.040455,0.000219
2022-03-31,BIL,BIL,0.0,0.0,1.0,0.0,0.0,0.0,65.3275,-0.0814,-0.014815,-0.0406,0.0
2022-04-01,BIL,BIL,0.0,0.0,1.0,0.0,0.0,0.0,65.3275,-0.0814,-0.002958,-0.01188,0.0
2022-04-04,BIL,BIL,0.0,0.0,1.0,-0.00011,0.0,-0.00011,65.3203,-0.0815,0.018997,0.057157,-0.00011
2022-04-05,BIL,BIL,0.0,0.0,1.0,-0.00011,0.0,-0.00011,65.3131,-0.0816,-0.021057,-0.063727,-0.00011
2022-04-06,BIL,BIL,0.0,0.0,1.0,0.00011,0.0,0.00011,65.3203,-0.0815,-0.02366,-0.075553,0.00011
2022-04-07,BIL,BIL,0.0,0.0,1.0,0.0,0.0,0.0,65.3203,-0.0815,0.001555,0.011522,0.0
2022-04-08,BIL,BIL,0.0,0.0,1.0,-0.00011,0.0,-0.00011,65.3131,-0.0816,-0.013975,-0.044671,-0.00011
2022-04-11,BIL,BIL,0.0,0.0,1.0,0.00011,0.0,0.00011,65.3203,-0.0815,-0.025194,-0.075073,0.00011
2022-04-12,BIL,BIL,0.0,0.0,1.0,0.0,0.0,0.0,65.3203,-0.0815,-0.004443,-0.012488,0.0
2022-04-13,BIL,BIL,0.0,0.0,1.0,0.0,0.0,0.0,65.3203,-0.0815,0.016091,0.04589,0.0
2022-04-14,BIL,BIL,0.0,0.0,1.0,-0.00011,0.0,-0.00011,65.3131,-0.0816,-0.024287,-0.071959,-0.00011
2022-04-18,BIL,BIL,0.0,0.0,1.0,0.00011,0.0,0.00011,65.3203,-0.0815,0.003274,0.009458,0.00011
2022-04-19,BIL,BIL,0.0,0.0,1.0,-0.00011,0.0,-0.00011,65.3131,-0.0816,0.01876,0.055994,-0.00011
2022-04-20,BIL,BIL,0.0,0.0,1.0,0.000219,0.0,0.000219,65.3275,-0.0814,-0.000934,-0.002562,0.000219
2022-04-21,BIL,BIL,0.0,0.0,1.0,0.0,0.0,0.0,65.3275,-0.0814,-0.016963,-0.050791,0.0
2022-04-22,BIL,BIL,0.0,0.0,1.0,-0.00011,0.0,-0.00011,65.3203,-0.0815,-0.027989,-0.08453,-0.00011
2022-04-25,BIL,BIL,0.0,0.0,1.0,0.00011,0.0,0.00011,65.3275,-0.0814,0.015026,0.045031,0.00011
2022-04-26,BIL,BIL,0.0,0.0,1.0,-0.00011,0.0,-0.00011,65.3203,-0.0815,-0.03725,-0.109684,-0.00011
2022-04-27,BIL,BIL,0.0,0.0,1.0,0.0,0.0,0.0,65.3203,-0.0815,0.014804,0.042774,0.0
2022-04-28,BIL,BIL,0.0,0.0,1.0,0.000218,0.0,0.000218,65.3346,-0.0813,0.040032,0.119552,0.000218
2022-04-29,BIL,BIL,0.0,0.0,1.0,-0.000218,0.0,-0.000218,65.3203,-0.0815,-0.041675,-0.123115,-0.000218
2022-05-02,BIL,BIL,0.0,0.0,1.0,0.00011,0.0,0.00011,65.3275,-0.0814,0.015202,0.045844,0.00011
2022-05-03,BIL,BIL,0.0,0.0,1.0,-0.00011,0.0,-0.00011,65.3203,-0.0815,0.001741,0.003197,-0.00011
2022-05-04,BIL,BIL,0.0,0.0,1.0,0.000218,0.0,0.000218,65.3346,-0.0813,0.035114,0.104461,0.000218
2022-05-05,BIL,BIL,0.0,0.0,1.0,0.0,0.0,0.0,65.3346,-0.0813,-0.048097,-0.141975,0.0
2022-05-06,BIL,BIL,0.0,0.0,1.0,0.0,0.0,0.0,65.3346,-0.0813,-0.008045,-0.026415,0.0
2022-05-09,BIL,BIL,0.0,0.0,1.0,-0.000108,0.0,-0.000108,65.3275,-0.0814,-0.038698,-0.115197,-0.000108
2022-05-10,BIL,BIL,0.0,0.0,1.0,0.0,0.0,0.0,65.3275,-0.0814,0.015245,0.044327,0.0
2022-05-11,BIL,BIL,0.0,0.0,1.0,0.0,0.0,0.0,65.3275,-0.0814,-0.031562,-0.095568,0.0
2022-05-12,BIL,BIL,0.0,0.0,1.0,0.000108,0.0,0.000108,65.3346,-0.0813,-0.010312,-0.030992,0.000108
2022-05-13,BIL,BIL,0.0,0.0,1.0,0.00011,0.0,0.00011,65.3417,-0.0812,0.033234,0.101128,0.00011
2022-05-16,BIL,BIL,0.0,0.0,1.0,-0.00011,0.0,-0.00011,65.3346,-0.0813,-0.008832,-0.028493,-0.00011
2022-05-17,BIL,BIL,0.0,0.0,1.0,0.0,0.0,0.0,65.3346,-0.0813,0.028962,0.085991,0.0
2022-05-18,BIL,BIL,0.0,0.0,1.0,0.0,0.0,0.0,65.3346,-0.0813,-0.045756,-0.135028,0.0
2022-05-19,BIL,BIL,0.0,0.0,1.0,0.000219,0.0,0.000219,65.3489,-0.0811,-0.010966,-0.034557,0.000219
2022-05-20,BIL,BIL,0.0,0.0,1.0,0.0,0.0,0.0,65.3489,-0.0811,0.002217,0.005024,0.0
2022-05-23,BIL,BIL,0.0,0.0,1.0,0.0,0.0,0.0,65.3489,-0.0811,0.022966,0.070605,0.0
2022-05-24,BIL,BIL,0.0,0.0,1.0,-0.00011,0.0,-0.00011,65.3417,-0.0812,-0.014842,-0.046106,-0.00011
2022-05-25,BIL,BIL,0.0,0.0,1.0,0.00011,0.0,0.00011,65.3489,-0.0811,0.01166,0.03457,0.00011
2022-05-26,BIL,BIL,0.0,0.0,1.0,0.000218,0.0,0.000218,65.3631,-0.0809,0.024023,0.072736,0.000218
2022-05-27,BIL,BIL,0.0,0.0,1.0,-0.000218,0.0,-0.000218,65.3489,-0.0811,0.033838,0.100883,-0.000218
2022-05-31,BIL,BIL,0.0,0.0,1.0,-0.00011,0.0,-0.00011,65.3417,-0.0812,-0.007139,-0.02028,-0.00011
2022-06-01,BIL,BIL,0.0,0.0,1.0,1.4e-05,0.0,1.4e-05,65.3427,-0.0811,-0.002991,-0.010221,1.4e-05
2022-06-02,BIL,BIL,0.0,0.0,1.0,0.000219,0.0,0.000219,65.357,-0.0809,0.024209,0.071261,0.000219
2022-06-03,BIL,BIL,0.0,0.0,1.0,-0.000219,0.0,-0.000219,65.3427,-0.0811,-0.023915,-0.071583,-0.000219
2022-06-06,BIL,BIL,0.0,0.0,1.0,0.00011,0.0,0.00011,65.3498,-0.081,7.1e-05,-0.000519,0.00011
2022-06-07,BIL,BIL,0.0,0.0,1.0,-0.00011,0.0,-0.00011,65.3427,-0.0811,0.011929,0.037401,-0.00011
2022-06-08,BIL,BIL,0.0,0.0,1.0,0.00011,0.0,0.00011,65.3498,-0.081,-0.011294,-0.034803,0.00011
2022-06-09,BIL,BIL,0.0,0.0,1.0,0.00011,0.0,0.00011,65.357,-0.0809,-0.026701,-0.080153,0.00011
2022-06-10,BIL,BIL,0.0,0.0,1.0,-0.000219,0.0,-0.000219,65.3427,-0.0811,-0.038437,-0.115061,-0.000219
2022-06-13,BIL,BIL,0.0,0.0,1.0,0.00011,0.0,0.00011,65.3498,-0.081,-0.04432,-0.131932,0.00011
2022-06-14,BIL,BIL,0.0,0.0,1.0,-0.00011,0.0,-0.00011,65.3427,-0.0811,0.006306,0.016888,-0.00011
2022-06-15,BIL,BIL,0.0,0.0,1.0,0.00011,0.0,0.00011,65.3498,-0.081,0.021099,0.062818,0.00011
2022-06-16,BIL,BIL,0.0,0.0,1.0,0.000219,0.0,0.000219,65.3642,-0.0808,-0.040705,-0.120248,0.000219
2022-06-17,BIL,BIL,0.0,0.0,1.0,-0.00011,0.0,-0.00011,65.357,-0.0809,0.009151,0.024711,-0.00011
2022-06-21,BIL,BIL,0.0,0.0,1.0,0.000218,0.0,0.000218,65.3712,-0.0807,0.025388,0.075358,0.000218
2022-06-22,BIL,BIL,0.0,0.0,1.0,0.00011,0.0,0.00011,65.3784,-0.0806,-0.004237,-0.010861,0.00011
2022-06-23,BIL,BIL,0.0,0.0,1.0,0.0,0.0,0.0,65.3784,-0.0806,0.014971,0.043215,0.0
2022-06-24,BIL,BIL,0.0,0.0,1.0,-0.000218,0.0,-0.000218,65.3642,-0.0808,0.03594,0.107642,-0.000218
2022-06-27,BIL,BIL,0.0,0.0,1.0,0.0,0.0,0.0,65.3642,-0.0808,-0.006744,-0.020541,0.0
2022-06-28,BIL,BIL,0.0,0.0,1.0,0.000218,0.0,0.000218,65.3784,-0.0806,-0.029951,-0.089515,0.000218
2022-06-29,BIL,BIL,0.0,0.0,1.0,0.00011,0.0,0.00011,65.3856,-0.0805,0.002022,0.0055,0.00011
2022-06-30,BIL,BIL,0.0,0.0,1.0,0.00011,0.0,0.00011,65.3927,-0.0804,-0.013351,-0.040342,0.00011
2022-07-01,BIL,BIL,0.0,0.0,1.0,-7.8e-05,0.0,-7.8e-05,65.3876,-0.0805,0.002281,0.006054,-7.8e-05
2022-07-05,BIL,BIL,0.0,0.0,1.0,0.0,0.0,0.0,65.3876,-0.0805,0.012558,0.037538,0.0
2022-07-06,BIL,BIL,0.0,0.0,1.0,0.0,0.0,0.0,65.3876,-0.0805,0.008605,0.026279,0.0
2022-07-07,BIL,BIL,0.0,0.0,1.0,0.0,0.0,0.0,65.3876,-0.0805,0.020673,0.061191,0.0
2022-07-08,BIL,BIL,0.0,0.0,1.0,-0.00011,0.0,-0.00011,65.3804,-0.0806,0.000452,0.002505,-0.00011
2022-07-11,BIL,BIL,0.0,0.0,1.0,0.00011,0.0,0.00011,65.3876,-0.0805,-0.013773,-0.042199,0.00011
2022-07-12,BIL,BIL,0.0,0.0,1.0,-0.00011,0.0,-0.00011,65.3804,-0.0806,-0.01366,-0.041124,-0.00011
2022-07-13,BIL,BIL,0.0,0.0,1.0,0.0,0.0,0.0,65.3804,-0.0806,-0.002631,-0.007829,0.0
2022-07-14,BIL,BIL,0.0,0.0,1.0,0.00011,0.0,0.00011,65.3876,-0.0805,0.009154,0.026074,0.00011
2022-07-15,BIL,BIL,0.0,0.0,1.0,-0.00011,0.0,-0.00011,65.3804,-0.0806,0.017604,0.052491,-0.00011
2022-07-18,BIL,BIL,0.0,0.0,1.0,0.0,0.0,0.0,65.3804,-0.0806,-0.009669,-0.028273,0.0
2022-07-19,BIL,BIL,0.0,0.0,1.0,0.0,0.0,0.0,65.3804,-0.0806,0.030511,0.088592,0.0
2022-07-20,BIL,BIL,0.0,0.0,1.0,0.0,0.0,0.0,65.3804,-0.0806,0.015617,0.048348,0.0
2022-07-21,BIL,BIL,0.0,0.0,1.0,0.000329,0.0,0.000329,65.4019,-0.0803,0.014066,0.04182,0.000329
2022-07-22,BIL,BIL,0.0,0.0,1.0,0.000108,0.0,0.000108,65.409,-0.0802,-0.013798,-0.039868,0.000108
2022-07-25,BIL,BIL,0.0,0.0,1.0,-0.000108,0.0,-0.000108,65.4019,-0.0803,-0.00634,-0.018901,-0.000108
2022-07-26,BIL,BIL,0.0,0.0,1.0,0.0,0.0,0.0,65.4019,-0.0803,-0.016209,-0.050494,0.0
2022-07-27,BIL,BIL,0.0,0.0,1.0,0.0,0.0,0.0,65.4019,-0.0803,0.043015,0.128802,0.0
2022-07-28,BIL,BIL,0.0,0.0,1.0,0.000108,0.0,0.000108,65.409,-0.0802,0.015224,0.045752,0.000108
2022-07-29,BIL,BIL,0.0,0.0,1.0,0.00011,0.0,0.00011,65.4162,-0.0801,0.015347,0.04427,0.00011
2022-08-01,BIL,BIL,0.0,0.0,1.0,7.4e-05,0.0,7.4e-05,65.4211,-0.08,-0.002149,-0.004987,7.4e-05
2022-08-02,BIL,XLK,0.0,0.0,1.0,0.00011,0.0,0.00011,65.4282,-0.0799,-0.007088,-0.021053,0.00011
2022-08-03,XLK,XLK,0.0,1.0,0.0,0.026594,0.001,0.025594,67.1028,-0.0564,0.026594,0.078852,-0.00011
2022-08-04,XLK,XLK,0.0,1.0,0.0,0.004568,0.0,0.004568,67.4093,-0.0521,0.004568,0.012816,0.000219
2022-08-05,XLK,XLK,0.0,1.0,0.0,-0.002308,0.0,-0.002308,67.2537,-0.0543,-0.002308,-0.006797,0.000218
2022-08-08,XLK,XLK,0.0,1.0,0.0,-0.008503,0.0,-0.008503,66.6819,-0.0623,-0.008503,-0.025477,0.000109
2022-08-09,XLK,XLK,0.0,1.0,0.0,-0.010015,0.0,-0.010015,66.0141,-0.0717,-0.010015,-0.030502,-0.000109
2022-08-10,XLK,XLK,0.0,1.0,0.0,0.027301,0.0,0.027301,67.8163,-0.0464,0.027301,0.080901,0.000109
2022-08-11,XLK,XLK,0.0,1.0,0.0,-0.003912,0.0,-0.003912,67.5511,-0.0501,-0.003912,-0.012706,0.0
2022-08-12,XLK,XLK,0.0,1.0,0.0,0.01991,0.0,0.01991,68.896,-0.0312,0.01991,0.060599,0.000219
2022-08-15,XLK,XLK,0.0,1.0,0.0,0.006307,0.0,0.006307,69.3305,-0.0251,0.006307,0.01809,-0.000109
2022-08-16,XLK,XLK,0.0,1.0,0.0,-0.002705,0.0,-0.002705,69.143,-0.0277,-0.002705,-0.007367,0.000109
2022-08-17,XLK,XLK,0.0,1.0,0.0,-0.007145,0.0,-0.007145,68.6489,-0.0346,-0.007145,-0.020737,0.0
2022-08-18,XLK,XLK,0.0,1.0,0.0,0.005197,0.0,0.005197,69.0057,-0.0296,0.005197,0.013819,0.000438
2022-08-19,XLK,XLK,0.0,1.0,0.0,-0.018163,0.0,-0.018163,67.7524,-0.0473,-0.018163,-0.054749,0.0
2022-08-22,XLK,XLK,0.0,1.0,0.0,-0.027886,0.0,-0.027886,65.863,-0.0738,-0.027886,-0.083274,0.000109
2022-08-23,XLK,XLK,0.0,1.0,0.0,-0.002638,0.0,-0.002638,65.6893,-0.0763,-0.002638,-0.008627,-0.000219
2022-08-24,XLK,XLK,0.0,1.0,0.0,0.000626,0.0,0.000626,65.7304,-0.0757,0.000626,0.002046,0.000328
2022-08-25,XLK,XLK,0.0,1.0,0.0,0.016912,0.0,0.016912,66.842,-0.0601,0.016912,0.049554,0.000109
2022-08-26,XLK,XLK,0.0,1.0,0.0,-0.042705,0.0,-0.042705,63.9876,-0.1002,-0.042705,-0.127527,0.0
2022-08-29,XLK,XLK,0.0,1.0,0.0,-0.013226,0.0,-0.013226,63.1413,-0.1121,-0.013226,-0.039888,0.0
2022-08-30,XLK,XLK,0.0,1.0,0.0,-0.010433,0.0,-0.010433,62.4826,-0.1214,-0.010433,-0.032537,0.000109
2022-08-31,XLK,XLK,0.0,1.0,0.0,-0.009738,0.0,-0.009738,61.8741,-0.1299,-0.009738,-0.029131,0.000217
2022-09-01,XLK,XLK,0.0,1.0,0.0,-0.004879,0.0,-0.004879,61.5722,-0.1342,-0.004879,-0.014537,0.000203
2022-09-02,XLK,XLK,0.0,1.0,0.0,-0.013001,0.0,-0.013001,60.7717,-0.1454,-0.013001,-0.039234,0.000109
2022-09-06,XLK,BIL,0.0,1.0,0.0,-0.006624,0.0,-0.006624,60.3692,-0.1511,-0.006624,-0.020581,0.0
2022-09-07,BIL,BIL,0.0,0.0,1.0,0.000109,0.001,-0.000891,60.3154,-0.1518,0.015987,0.047363,0.000109
2022-09-08,BIL,BIL,0.0,0.0,1.0,0.000219,0.0,0.000219,60.3286,-0.1516,0.003431,0.010191,0.000219
2022-09-09,BIL,BIL,0.0,0.0,1.0,0.0,0.0,0.0,60.3286,-0.1516,0.019771,0.059585,0.0
2022-09-12,BIL,BIL,0.0,0.0,1.0,-0.000109,0.0,-0.000109,60.322,-0.1517,0.016035,0.046713,-0.000109
2022-09-13,BIL,BIL,0.0,0.0,1.0,0.000219,0.0,0.000219,60.3352,-0.1516,-0.053085,-0.158898,0.000219
2022-09-14,BIL,BIL,0.0,0.0,1.0,0.0,0.0,0.0,60.3352,-0.1516,0.003637,0.012505,0.0
2022-09-15,BIL,BIL,0.0,0.0,1.0,0.000328,0.0,0.000328,60.355,-0.1513,-0.023022,-0.071765,0.000328
2022-09-16,BIL,BIL,0.0,0.0,1.0,0.0,0.0,0.0,60.355,-0.1513,-0.005564,-0.016181,0.0
2022-09-19,BIL,BIL,0.0,0.0,1.0,0.0,0.0,0.0,60.355,-0.1513,0.008155,0.02449,0.0
2022-09-20,BIL,BIL,0.0,0.0,1.0,-0.000109,0.0,-0.000109,60.3484,-0.1514,-0.005872,-0.018197,-0.000109
2022-09-21,BIL,BIL,0.0,0.0,1.0,0.000218,0.0,0.000218,60.3616,-0.1512,-0.015619,-0.047601,0.000218
2022-09-22,BIL,BIL,0.0,0.0,1.0,0.000437,0.0,0.000437,60.3879,-0.1508,-0.010184,-0.030903,0.000437
2022-09-23,BIL,BIL,0.0,0.0,1.0,0.0,0.0,0.0,60.3879,-0.1508,-0.013081,-0.038979,0.0
2022-09-26,BIL,BIL,0.0,0.0,1.0,-0.000218,0.0,-0.000218,60.3747,-0.151,-0.006949,-0.022121,-0.000218
2022-09-27,BIL,BIL,0.0,0.0,1.0,0.000328,0.0,0.000328,60.3945,-0.1507,0.001301,0.005029,0.000328
2022-09-28,BIL,BIL,0.0,0.0,1.0,0.000109,0.0,0.000109,60.4011,-0.1506,0.010566,0.029592,0.000109
2022-09-29,BIL,BIL,0.0,0.0,1.0,0.00022,0.0,0.00022,60.4144,-0.1504,-0.026057,-0.077731,0.00022
2022-09-30,BIL,BIL,0.0,0.0,1.0,0.0,0.0,0.0,60.4144,-0.1504,-0.019158,-0.057069,0.0
2022-10-03,BIL,BIL,0.0,0.0,1.0,-0.00027,0.0,-0.00027,60.398,-0.1507,0.030982,0.089851,-0.00027
2022-10-04,BIL,BIL,0.0,0.0,1.0,0.000327,0.0,0.000327,60.4178,-0.1504,0.033561,0.099533,0.000327
2022-10-05,BIL,BIL,0.0,0.0,1.0,0.0,0.0,0.0,60.4178,-0.1504,0.003319,0.012042,0.0
2022-10-06,BIL,BIL,0.0,0.0,1.0,0.000219,0.0,0.000219,60.4311,-0.1502,-0.00819,-0.02495,0.000219
2022-10-07,BIL,BIL,0.0,0.0,1.0,0.0,0.0,0.0,60.4311,-0.1502,-0.041126,-0.126379,0.0
2022-10-10,BIL,BIL,0.0,0.0,1.0,0.000109,0.0,0.000109,60.4377,-0.1501,-0.01681,-0.04822,0.000109
2022-10-11,BIL,BIL,0.0,0.0,1.0,0.0,0.0,0.0,60.4377,-0.1501,-0.015327,-0.046402,0.0
2022-10-12,BIL,BIL,0.0,0.0,1.0,0.0,0.0,0.0,60.4377,-0.1501,-0.003079,-0.009436,0.0
2022-10-13,BIL,BIL,0.0,0.0,1.0,0.000327,0.0,0.000327,60.4574,-0.1498,0.031058,0.090731,0.000327
2022-10-14,BIL,BIL,0.0,0.0,1.0,0.0,0.0,0.0,60.4574,-0.1498,-0.028125,-0.083184,0.0
2022-10-17,BIL,BIL,0.0,0.0,1.0,0.0,0.0,0.0,60.4574,-0.1498,0.03048,0.089225,0.0
2022-10-18,BIL,BIL,0.0,0.0,1.0,0.0,0.0,0.0,60.4574,-0.1498,0.008474,0.025312,0.0
2022-10-19,BIL,BIL,0.0,0.0,1.0,0.0,0.0,0.0,60.4574,-0.1498,-0.002883,-0.008079,0.0
2022-10-20,BIL,BIL,0.0,0.0,1.0,0.000437,0.0,0.000437,60.4839,-0.1495,0.000578,0.0,0.000437
2022-10-21,BIL,BIL,0.0,0.0,1.0,0.000109,0.0,0.000109,60.4905,-0.1494,0.026754,0.081449,0.000109
2022-10-24,BIL,BIL,0.0,0.0,1.0,-0.000109,0.0,-0.000109,60.4839,-0.1495,0.013833,0.040164,-0.000109
2022-10-25,BIL,BIL,0.0,0.0,1.0,0.0,0.0,0.0,60.4839,-0.1495,0.019119,0.057522,0.0
2022-10-26,BIL,BIL,0.0,0.0,1.0,0.000219,0.0,0.000219,60.4971,-0.1493,-0.022262,-0.067326,0.000219
2022-10-27,BIL,BIL,0.0,0.0,1.0,0.000327,0.0,0.000327,60.5169,-0.149,-0.011385,-0.033033,0.000327
2022-10-28,BIL,BIL,0.0,0.0,1.0,-0.000109,0.0,-0.000109,60.5103,-0.1491,0.043485,0.127792,-0.000109
2022-10-31,BIL,BIL,0.0,0.0,1.0,0.0,0.0,0.0,60.5103,-0.1491,-0.013196,-0.038145,0.0
2022-11-01,BIL,BIL,0.0,0.0,1.0,8.2e-05,0.0,8.2e-05,60.5153,-0.149,-0.008369,-0.026048,8.2e-05
2022-11-02,BIL,BIL,0.0,0.0,1.0,0.000329,0.0,0.000329,60.5352,-0.1487,-0.034541,-0.103794,0.000329
2022-11-03,BIL,BIL,0.0,0.0,1.0,0.000328,0.0,0.000328,60.5551,-0.1485,-0.029408,-0.08864,0.000328
2022-11-04,BIL,BIL,0.0,0.0,1.0,0.000219,0.0,0.000219,60.5683,-0.1483,0.018263,0.052784,0.000219
2022-11-07,BIL,BIL,0.0,0.0,1.0,-0.00011,0.0,-0.00011,60.5617,-0.1484,0.016696,0.050604,-0.00011
2022-11-08,BIL,BIL,0.0,0.0,1.0,0.00011,0.0,0.00011,60.5683,-0.1483,0.009592,0.02696,0.00011
2022-11-09,BIL,BIL,0.0,0.0,1.0,0.000545,0.0,0.000545,60.6014,-0.1478,-0.026009,-0.076594,0.000545
2022-11-10,BIL,BIL,0.0,0.0,1.0,0.00011,0.0,0.00011,60.608,-0.1477,0.082176,0.249299,0.00011
2022-11-11,BIL,BIL,0.0,0.0,1.0,-0.00011,0.0,-0.00011,60.6014,-0.1478,0.017112,0.04812,-0.00011
2022-11-14,BIL,BIL,0.0,0.0,1.0,0.0,0.0,0.0,60.6014,-0.1478,-0.008561,-0.026337,0.0
2022-11-15,BIL,BIL,0.0,0.0,1.0,0.000219,0.0,0.000219,60.6146,-0.1476,0.01212,0.034722,0.000219
2022-11-16,BIL,BIL,0.0,0.0,1.0,0.00011,0.0,0.00011,60.6213,-0.1475,-0.013698,-0.040975,0.00011
2022-11-17,BIL,BIL,0.0,0.0,1.0,0.000327,0.0,0.000327,60.6411,-0.1473,0.001291,0.003685,0.000327
2022-11-18,BIL,BIL,0.0,0.0,1.0,0.0,0.0,0.0,60.6411,-0.1473,0.001137,0.004405,0.0
2022-11-21,BIL,BIL,0.0,0.0,1.0,0.000109,0.0,0.000109,60.6477,-0.1472,-0.01075,-0.033248,0.000109
2022-11-22,BIL,BIL,0.0,0.0,1.0,0.000219,0.0,0.000219,60.661,-0.147,0.019362,0.057445,0.000219
2022-11-23,BIL,BIL,0.0,0.0,1.0,0.000219,0.0,0.000219,60.6743,-0.1468,0.008859,0.026091,0.000219
2022-11-25,BIL,BIL,0.0,0.0,1.0,0.0,0.0,0.0,60.6743,-0.1468,-0.005805,-0.017416,0.0
2022-11-28,BIL,BIL,0.0,0.0,1.0,0.000109,0.0,0.000109,60.6808,-0.1467,-0.021407,-0.065225,0.000109
2022-11-29,BIL,BIL,0.0,0.0,1.0,0.000327,0.0,0.000327,60.7007,-0.1464,-0.00979,-0.028823,0.000327
2022-11-30,BIL,BIL,0.0,0.0,1.0,0.0,0.0,0.0,60.7007,-0.1464,0.050209,0.149162,0.0
2022-12-01,BIL,BIL,0.0,0.0,1.0,0.000222,0.0,0.000222,60.7142,-0.1462,0.001397,0.004079,0.000222
2022-12-02,BIL,BIL,0.0,0.0,1.0,0.00011,0.0,0.00011,60.7209,-0.1461,-0.005802,-0.017597,0.00011
2022-12-05,BIL,BIL,0.0,0.0,1.0,0.000109,0.0,0.000109,60.7275,-0.146,-0.016623,-0.050294,0.000109
2022-12-06,BIL,BIL,0.0,0.0,1.0,0.000328,0.0,0.000328,60.7474,-0.1458,-0.02141,-0.064564,0.000328
2022-12-07,BIL,BIL,0.0,0.0,1.0,0.0,0.0,0.0,60.7474,-0.1458,-0.005066,-0.015119,0.0
2022-12-08,BIL,BIL,0.0,0.0,1.0,0.000656,0.0,0.000656,60.7872,-0.1452,0.016357,0.047635,0.000656
2022-12-09,BIL,BIL,0.0,0.0,1.0,-0.00011,0.0,-0.00011,60.7806,-0.1453,-0.006149,-0.019915,-0.00011
2022-12-12,BIL,BIL,0.0,0.0,1.0,0.00011,0.0,0.00011,60.7872,-0.1452,0.021847,0.065183,0.00011
2022-12-13,BIL,BIL,0.0,0.0,1.0,0.0,0.0,0.0,60.7872,-0.1452,0.01181,0.034916,0.0
2022-12-14,BIL,BIL,0.0,0.0,1.0,0.000328,0.0,0.000328,60.8072,-0.1449,-0.008422,-0.024347,0.000328
2022-12-15,BIL,BIL,0.0,0.0,1.0,0.000218,0.0,0.000218,60.8204,-0.1447,-0.037404,-0.111586,0.000218
2022-12-16,BIL,BIL,0.0,0.0,1.0,0.0,0.0,0.0,60.8204,-0.1447,-0.013237,-0.040931,0.0
2022-12-19,BIL,BIL,0.0,0.0,1.0,0.000124,0.0,0.000124,60.828,-0.1446,-0.013334,-0.040589,0.000124
2022-12-20,BIL,BIL,0.0,0.0,1.0,0.00011,0.0,0.00011,60.8346,-0.1445,0.001514,0.003454,0.00011
2022-12-21,BIL,BIL,0.0,0.0,1.0,0.000108,0.0,0.000108,60.8412,-0.1444,0.016559,0.050086,0.000108
2022-12-22,BIL,BIL,0.0,0.0,1.0,0.000658,0.0,0.000658,60.8813,-0.1439,-0.025218,-0.075072,0.000658
2022-12-23,BIL,BIL,0.0,0.0,1.0,0.0,0.0,0.0,60.8813,-0.1439,0.001045,0.001794,0.0
2022-12-27,BIL,BIL,0.0,0.0,1.0,0.0,0.0,0.0,60.8813,-0.1439,-0.009471,-0.029095,0.0
2022-12-28,BIL,BIL,0.0,0.0,1.0,0.000327,0.0,0.000327,60.9012,-0.1436,-0.016123,-0.048874,0.000327
2022-12-29,BIL,BIL,0.0,0.0,1.0,0.000438,0.0,0.000438,60.9279,-0.1432,0.026188,0.076103,0.000438
2022-12-30,BIL,BIL,0.0,0.0,1.0,-0.000109,0.0,-0.000109,60.9212,-0.1433,-0.001365,-0.004502,-0.000109
2023-01-03,BIL,BIL,0.0,0.0,1.0,0.000109,0.0,0.000109,60.9279,-0.1432,-0.009483,-0.028054,0.000109
2023-01-04,BIL,BIL,0.0,0.0,1.0,-0.000109,0.0,-0.000109,60.9212,-0.1433,0.002596,0.007915,-0.000109
2023-01-05,BIL,BIL,0.0,0.0,1.0,0.000328,0.0,0.000328,60.9412,-0.143,-0.01942,-0.059122,0.000328
2023-01-06,BIL,BIL,0.0,0.0,1.0,-0.000109,0.0,-0.000109,60.9345,-0.1431,0.029296,0.085907,-0.000109
2023-01-09,BIL,BIL,0.0,0.0,1.0,0.000219,0.0,0.000219,60.9479,-0.1429,0.011625,0.033907,0.000219
2023-01-10,BIL,BIL,0.0,0.0,1.0,-0.000109,0.0,-0.000109,60.9412,-0.143,0.006181,0.018365,-0.000109
2023-01-11,BIL,BIL,0.0,0.0,1.0,0.0,0.0,0.0,60.9412,-0.143,0.017329,0.051525,0.0
2023-01-12,BIL,BIL,0.0,0.0,1.0,0.000765,0.0,0.000765,60.9878,-0.1424,0.007432,0.02246,0.000765
2023-01-13,BIL,BIL,0.0,0.0,1.0,0.000109,0.0,0.000109,60.9945,-0.1423,0.002844,0.007987,0.000109
2023-01-17,BIL,BIL,0.0,0.0,1.0,0.0,0.0,0.0,60.9945,-0.1423,0.004521,0.013074,0.0
2023-01-18,BIL,BIL,0.0,0.0,1.0,0.000109,0.0,0.000109,61.0012,-0.1422,-0.012893,-0.037937,0.000109
2023-01-19,BIL,BIL,0.0,0.0,1.0,0.000436,0.0,0.000436,61.0278,-0.1418,-0.011669,-0.034551,0.000436
2023-01-20,BIL,BIL,0.0,0.0,1.0,0.000109,0.0,0.000109,61.0344,-0.1417,0.027055,0.078316,0.000109
2023-01-23,BIL,BIL,0.0,0.0,1.0,0.0,0.0,0.0,61.0344,-0.1417,0.022766,0.067943,0.0
2023-01-24,BIL,BIL,0.0,0.0,1.0,0.000109,0.0,0.000109,61.0411,-0.1416,-0.000446,-0.001462,0.000109
2023-01-25,BIL,BIL,0.0,0.0,1.0,0.000109,0.0,0.000109,61.0478,-0.1415,-0.002085,-0.008057,0.000109
2023-01-26,BIL,TECL,0.0,0.0,1.0,0.000545,0.0,0.000545,61.081,-0.1411,0.01597,0.04799,0.000545
2023-01-27,TECL,TECL,0.75,0.0,0.25,0.008745,0.00075,0.007995,61.5694,-0.1342,0.004187,0.011624,0.000109
2023-01-30,TECL,TECL,0.75,0.0,0.25,-0.042044,0.0,-0.042044,58.9808,-0.1706,-0.019093,-0.056058,0.0
2023-01-31,TECL,TECL,0.75,0.0,0.25,0.031009,0.0,0.031009,60.8097,-0.1449,0.013945,0.04131,0.000109
2023-02-01,TECL,TECL,0.75,0.0,0.25,0.052356,0.0,0.052356,63.9935,-0.1001,0.023537,0.069787,6.6e-05
2023-02-02,TECL,TECL,0.75,0.0,0.25,0.061201,0.0,0.061201,67.91,-0.045,0.027306,0.081455,0.000438
2023-02-03,TECL,TECL,0.75,0.0,0.25,-0.018775,0.0,-0.018775,66.6349,-0.063,-0.008323,-0.025107,0.000218
2023-02-06,TECL,TECL,0.75,0.0,0.25,-0.027061,0.0,-0.027061,64.8317,-0.0883,-0.012203,-0.036118,0.000109
2023-02-07,TECL,TECL,0.75,0.0,0.25,0.055501,0.0,0.055501,68.43,-0.0377,0.024993,0.073965,0.000109
2023-02-08,TECL,TECL,0.75,0.0,0.25,-0.027306,0.0,-0.027306,66.5614,-0.064,-0.012052,-0.036408,0.0
2023-02-09,TECL,TECL,0.75,0.0,0.25,-0.011252,0.0,-0.011252,65.8125,-0.0745,-0.005501,-0.015112,0.000328
2023-02-10,TECL,TECL,0.75,0.0,0.25,-0.012683,0.0,-0.012683,64.9778,-0.0863,-0.004608,-0.016947,0.000109
2023-02-13,TECL,TECL,0.75,0.0,0.25,0.038837,0.0,0.038837,67.5013,-0.0508,0.017309,0.051709,0.000219
2023-02-14,TECL,TECL,0.75,0.0,0.25,0.007188,0.0,0.007188,67.9865,-0.044,0.004272,0.009584,0.0
2023-02-15,TECL,TECL,0.75,0.0,0.25,0.012001,0.0,0.012001,68.8024,-0.0325,0.004671,0.015928,0.000218
2023-02-16,TECL,TECL,0.75,0.0,0.25,-0.039433,0.0,-0.039433,66.0893,-0.0706,-0.017351,-0.05276,0.000546
2023-02-17,TECL,TECL,0.75,0.0,0.25,-0.028138,0.0,-0.028138,64.2297,-0.0968,-0.012501,-0.037554,0.000109
2023-02-21,TECL,TECL,0.75,0.0,0.25,-0.053324,0.0,-0.053324,60.8047,-0.145,-0.023744,-0.071098,0.0
2023-02-22,TECL,TECL,0.75,0.0,0.25,-0.003925,0.0,-0.003925,60.5661,-0.1483,-0.001465,-0.005342,0.000328
2023-02-23,TECL,TECL,0.75,0.0,0.25,0.036591,0.0,0.036591,62.7823,-0.1171,0.016581,0.048679,0.000327
2023-02-24,TECL,TECL,0.75,0.0,0.25,-0.04016,0.0,-0.04016,60.2609,-0.1526,-0.017827,-0.053584,0.000109
2023-02-27,TECL,TECL,0.75,0.0,0.25,0.011656,0.0,0.011656,60.9633,-0.1427,0.005364,0.015504,0.00011
2023-02-28,TECL,TECL,0.75,0.0,0.25,-0.004765,0.0,-0.004765,60.6728,-0.1468,-0.002192,-0.00639,0.000109
2023-03-01,TECL,TECL,0.75,0.0,0.25,-0.017142,0.0,-0.017142,59.6327,-0.1614,-0.007326,-0.022875,5.8e-05
2023-03-02,TECL,XLK,0.75,0.0,0.25,0.02779,0.0,0.02779,61.2899,-0.1381,0.012324,0.036944,0.000328
2023-03-03,XLK,XLK,0.0,1.0,0.0,0.021504,0.001,0.020504,62.5466,-0.1205,0.021504,0.062783,0.000219
2023-03-06,XLK,XLK,0.0,1.0,0.0,0.00478,0.0,0.00478,62.8456,-0.1163,0.00478,0.0156,0.000109
2023-03-07,XLK,XLK,0.0,1.0,0.0,-0.012429,0.0,-0.012429,62.0645,-0.1272,-0.012429,-0.038236,0.0
2023-03-08,XLK,XLK,0.0,1.0,0.0,0.008271,0.0,0.008271,62.5778,-0.12,0.008271,0.024466,0.000219
2023-03-09,XLK,XLK,0.0,1.0,0.0,-0.014336,0.0,-0.014336,61.6807,-0.1326,-0.014336,-0.043448,0.000219
2023-03-10,XLK,XLK,0.0,1.0,0.0,-0.017584,0.0,-0.017584,60.5961,-0.1479,-0.017584,-0.053051,0.000219
2023-03-13,XLK,XLK,0.0,1.0,0.0,0.005451,0.0,0.005451,60.9264,-0.1432,0.005451,0.014645,0.000219
2023-03-14,XLK,XLK,0.0,1.0,0.0,0.023074,0.0,0.023074,62.3323,-0.1235,0.023074,0.068929,0.000109
2023-03-15,XLK,XLK,0.0,1.0,0.0,0.000573,0.0,0.000573,62.368,-0.123,0.000573,0.00135,0.000546
2023-03-16,XLK,XLK,0.0,1.0,0.0,0.028053,0.0,0.028053,64.1176,-0.0984,0.028053,0.084287,0.000437
2023-03-17,XLK,XLK,0.0,1.0,0.0,-0.001392,0.0,-0.001392,64.0283,-0.0996,-0.001392,-0.004043,0.000218
2023-03-20,XLK,TECL,0.0,1.0,0.0,0.002697,0.0,0.002697,64.201,-0.0972,0.002697,0.00687,0.000108
2023-03-21,TECL,TECL,0.75,0.0,0.25,0.017648,0.001,0.016648,65.2698,-0.0822,0.008081,0.02353,0.0
2023-03-22,TECL,TECL,0.75,0.0,0.25,-0.022493,0.0,-0.022493,63.8017,-0.1028,-0.009951,-0.030064,0.000218
2023-03-23,TECL,TECL,0.75,0.0,0.25,0.037208,0.0,0.037208,66.1756,-0.0694,0.016265,0.049465,0.000436
2023-03-24,TECL,TECL,0.75,0.0,0.25,0.004754,0.0,0.004754,66.4902,-0.065,0.002611,0.006266,0.000218
2023-03-27,TECL,TECL,0.75,0.0,0.25,-0.017148,0.0,-0.017148,65.35,-0.081,-0.007742,-0.022827,-0.00011
2023-03-28,TECL,TECL,0.75,0.0,0.25,-0.010868,0.0,-0.010868,64.6398,-0.091,-0.004696,-0.014563,0.000218
2023-03-29,TECL,TECL,0.75,0.0,0.25,0.046644,0.0,0.046644,67.6549,-0.0486,0.02095,0.062192,0.0
2023-03-30,TECL,TECL,0.75,0.0,0.25,0.02527,0.0,0.02527,69.3646,-0.0246,0.011619,0.033621,0.000218
2023-03-31,TECL,TECL,0.75,0.0,0.25,0.031914,0.0,0.031914,71.5783,0.0,0.014307,0.042625,-0.000218
2023-04-03,TECL,TECL,0.75,0.0,0.25,-0.003771,0.0,-0.003771,71.3084,-0.0038,-0.001588,-0.005108,0.000241
2023-04-04,TECL,TECL,0.75,0.0,0.25,-0.011936,0.0,-0.011936,70.4572,-0.0157,-0.005506,-0.015951,0.00011
2023-04-05,TECL,TECL,0.75,0.0,0.25,-0.026032,0.0,-0.026032,68.6231,-0.0413,-0.011403,-0.034892,0.000547
2023-04-06,TECL,TECL,0.75,0.0,0.25,0.011556,0.0,0.011556,69.4161,-0.0302,0.005667,0.015372,0.00011
2023-04-10,TECL,TECL,0.75,0.0,0.25,-0.001655,0.0,-0.001655,69.3012,-0.0318,-0.000537,-0.002243,0.00011
2023-04-11,TECL,TECL,0.75,0.0,0.25,-0.020836,0.0,-0.020836,67.8573,-0.052,-0.009396,-0.027817,0.000108
2023-04-12,TECL,TECL,0.75,0.0,0.25,-0.012301,0.0,-0.012301,67.0226,-0.0636,-0.005693,-0.016474,0.000219
2023-04-13,TECL,TECL,0.75,0.0,0.25,0.040691,0.0,0.040691,69.7498,-0.0255,0.018604,0.054072,0.000546
2023-04-14,TECL,TECL,0.75,0.0,0.25,-0.013382,0.0,-0.013382,68.8164,-0.0386,-0.005552,-0.017843,0.0
2023-04-17,TECL,TECL,0.75,0.0,0.25,0.008144,0.0,0.008144,69.3768,-0.0308,0.003632,0.010786,0.000218
2023-04-18,TECL,TECL,0.75,0.0,0.25,0.006768,0.0,0.006768,69.8464,-0.0242,0.003083,0.008988,0.000109
2023-04-19,TECL,TECL,0.75,0.0,0.25,-0.006654,0.0,-0.006654,69.3816,-0.0307,-0.002872,-0.008908,0.000109
2023-04-20,TECL,TECL,0.75,0.0,0.25,-0.014762,0.0,-0.014762,68.3574,-0.045,-0.006569,-0.019937,0.000763
2023-04-21,TECL,TECL,0.75,0.0,0.25,-0.008408,0.0,-0.008408,67.7827,-0.053,-0.003238,-0.011174,-0.000108
2023-04-24,TECL,TECL,0.75,0.0,0.25,-0.009755,0.0,-0.009755,67.1215,-0.0623,-0.004399,-0.013043,0.000108
2023-04-25,TECL,TECL,0.75,0.0,0.25,-0.048249,0.0,-0.048249,63.8829,-0.1075,-0.021344,-0.064297,-0.000108
2023-04-26,TECL,TECL,0.75,0.0,0.25,0.033706,0.0,0.033706,66.0362,-0.0774,0.014863,0.044869,0.000217
2023-04-27,TECL,TECL,0.75,0.0,0.25,0.046478,0.0,0.046478,69.1054,-0.0345,0.021218,0.061862,0.000327
2023-04-28,TECL,TECL,0.75,0.0,0.25,0.023968,0.0,0.023968,70.7618,-0.0114,0.010857,0.031958,0.0
2023-05-01,TECL,TECL,0.75,0.0,0.25,0.001446,0.0,0.001446,70.8641,-0.01,0.000597,0.001916,3.6e-05
2023-05-02,TECL,TECL,0.75,0.0,0.25,-0.021185,0.0,-0.021185,69.3628,-0.031,-0.009344,-0.028173,-0.00022
2023-05-03,TECL,TECL,0.75,0.0,0.25,-0.019393,0.0,-0.019393,68.0177,-0.0497,-0.008427,-0.025893,0.000109
2023-05-04,TECL,TECL,0.75,0.0,0.25,-0.010753,0.0,-0.010753,67.2863,-0.06,-0.004789,-0.014447,0.000329
2023-05-05,TECL,TECL,0.75,0.0,0.25,0.055244,0.0,0.055244,71.0035,-0.008,0.025078,0.073586,0.000218
2023-05-08,TECL,TECL,0.75,0.0,0.25,-0.001202,0.0,-0.001202,70.9182,-0.0092,-0.000529,-0.001639,0.000109
2023-05-09,TECL,TECL,0.75,0.0,0.25,-0.017409,0.0,-0.017409,69.6835,-0.0265,-0.007673,-0.023249,0.000109
2023-05-10,TECL,TECL,0.75,0.0,0.25,0.026702,0.0,0.026702,71.5442,-0.0005,0.0122,0.035566,0.000109
2023-05-11,TECL,TECL,0.75,0.0,0.25,-0.010382,0.0,-0.010382,70.8014,-0.0109,-0.004479,-0.014062,0.000656
2023-05-12,TECL,TECL,0.75,0.0,0.25,-0.003032,0.0,-0.003032,70.5868,-0.0139,-0.001323,-0.004115,0.000218
2023-05-15,TECL,TECL,0.75,0.0,0.25,0.017997,0.0,0.017997,71.8571,0.0,0.00828,0.02396,0.000109
2023-05-16,TECL,TECL,0.75,0.0,0.25,0.002596,0.0,0.002596,72.0436,0.0,0.001052,0.003497,-0.000109
2023-05-17,TECL,TECL,0.75,0.0,0.25,0.029604,0.0,0.029604,74.1764,0.0,0.013325,0.039399,0.000218
2023-05-18,TECL,TECL,0.75,0.0,0.25,0.046165,0.0,0.046165,77.6008,0.0,0.020467,0.061371,0.000546
2023-05-19,TECL,TECL,0.75,0.0,0.25,-0.002187,0.0,-0.002187,77.4311,-0.0022,-0.000444,-0.002916,0.0
2023-05-22,TECL,TECL,0.75,0.0,0.25,0.003866,0.0,0.003866,77.7304,0.0,0.001905,0.005118,0.000109
2023-05-23,TECL,TECL,0.75,0.0,0.25,-0.032727,0.0,-0.032727,75.1866,-0.0327,-0.014767,-0.043635,0.0
2023-05-24,TECL,TECL,0.75,0.0,0.25,-0.016922,0.0,-0.016922,73.9143,-0.0491,-0.007334,-0.022562,0.0
2023-05-25,TECL,TECL,0.75,0.0,0.25,0.086328,0.0,0.086328,80.2951,0.0,0.038364,0.114886,0.000655
2023-05-26,TECL,TECL,0.75,0.0,0.25,0.06286,0.0,0.06286,85.3425,0.0,0.028397,0.083741,0.000218
2023-05-30,TECL,TECL,0.75,0.0,0.25,0.011779,0.0,0.011779,86.3478,0.0,0.00534,0.01567,0.000109
2023-05-31,TECL,TECL,0.75,0.0,0.25,-0.018807,0.0,-0.018807,84.7239,-0.0188,-0.00833,-0.025149,0.000218
2023-06-01,TECL,TECL,0.75,0.0,0.25,0.022087,0.0,0.022087,86.5952,0.0,0.010165,0.029264,0.000556
2023-06-02,TECL,TECL,0.75,0.0,0.25,0.013455,0.0,0.013455,87.7603,0.0,0.005725,0.017904,0.000109
2023-06-05,TECL,TECL,0.75,0.0,0.25,-0.013502,0.0,-0.013502,86.5754,-0.0135,-0.005751,-0.018003,0.0
2023-06-06,TECL,TECL,0.75,0.0,0.25,-0.000892,0.0,-0.000892,86.4981,-0.0144,-0.000242,-0.001262,0.000219
2023-06-07,TECL,TECL,0.75,0.0,0.25,-0.033834,0.0,-0.033834,83.5716,-0.0477,-0.014949,-0.045148,0.000109
2023-06-08,TECL,TECL,0.75,0.0,0.25,0.023833,0.0,0.023833,85.5633,-0.025,0.010831,0.031595,0.000547
2023-06-09,TECL,TECL,0.75,0.0,0.25,0.01063,0.0,0.01063,86.4728,-0.0147,0.004965,0.014137,0.000109
2023-06-12,TECL,TECL,0.75,0.0,0.25,0.048495,0.0,0.048495,90.6663,0.0,0.021746,0.064623,0.00011
2023-06-13,TECL,TECL,0.75,0.0,0.25,0.013595,0.0,0.013595,91.8989,0.0,0.006072,0.018054,0.000217
2023-06-14,TECL,TECL,0.75,0.0,0.25,0.022561,0.0,0.022561,93.9722,0.0,0.010313,0.030008,0.000218
2023-06-15,TECL,TECL,0.75,0.0,0.25,0.029052,0.0,0.029052,96.7023,0.0,0.012877,0.038591,0.000437
2023-06-16,TECL,TECL,0.75,0.0,0.25,-0.019098,0.0,-0.019098,94.8555,-0.0191,-0.008246,-0.025501,0.00011
2023-06-20,TECL,TECL,0.75,0.0,0.25,-0.015645,0.0,-0.015645,93.3714,-0.0344,-0.00674,-0.020933,0.000218
2023-06-21,TECL,TECL,0.75,0.0,0.25,-0.033674,0.0,-0.033674,90.2272,-0.067,-0.014796,-0.044899,0.0
2023-06-22,TECL,TECL,0.75,0.0,0.25,0.019312,0.0,0.019312,91.9697,-0.0489,0.00816,0.025604,0.000435
2023-06-23,TECL,TECL,0.75,0.0,0.25,-0.026011,0.0,-0.026011,89.5775,-0.0737,-0.01085,-0.034718,0.00011
2023-06-26,TECL,TECL,0.75,0.0,0.25,-0.017098,0.0,-0.017098,88.0459,-0.0895,-0.007175,-0.022833,0.000108
2023-06-27,TECL,TECL,0.75,0.0,0.25,0.045185,0.0,0.045185,92.0242,-0.0484,0.019709,0.060174,0.000218
2023-06-28,TECL,TECL,0.75,0.0,0.25,0.000758,0.0,0.000758,92.094,-0.0477,0.000585,0.000975,0.00011
2023-06-29,TECL,TECL,0.75,0.0,0.25,0.004613,0.0,0.004613,92.5188,-0.0433,0.001756,0.006041,0.000326
2023-06-30,TECL,TECL,0.75,0.0,0.25,0.0348,0.0,0.0348,95.7384,-0.01,0.015894,0.046291,0.000326
2023-07-03,TECL,TECL,0.75,0.0,0.25,-0.005352,0.0,-0.005352,95.226,-0.0153,-0.002129,-0.00722,0.000249
2023-07-05,TECL,TECL,0.75,0.0,0.25,-0.013678,0.0,-0.013678,93.9235,-0.0287,-0.006168,-0.018273,0.00011
2023-07-06,TECL,TECL,0.75,0.0,0.25,-0.007326,0.0,-0.007326,93.2355,-0.0359,-0.002668,-0.009877,0.000329
2023-07-07,TECL,TECL,0.75,0.0,0.25,-0.010331,0.0,-0.010331,92.2723,-0.0458,-0.004361,-0.01381,0.000108
2023-07-10,TECL,TECL,0.75,0.0,0.25,0.006182,0.0,0.006182,92.8427,-0.0399,0.002628,0.008169,0.000219
2023-07-11,TECL,TECL,0.75,0.0,0.25,0.004948,0.0,0.004948,93.3021,-0.0352,0.002156,0.00656,0.000109
2023-07-12,TECL,TECL,0.75,0.0,0.25,0.025213,0.0,0.025213,95.6545,-0.0108,0.011335,0.033544,0.000218
2023-07-13,TECL,TECL,0.75,0.0,0.25,0.028901,0.0,0.028901,98.419,0.0,0.013048,0.038389,0.000438
2023-07-14,TECL,TECL,0.75,0.0,0.25,-0.00426,0.0,-0.00426,97.9997,-0.0043,-0.001475,-0.005716,0.000108
2023-07-17,TECL,TECL,0.75,0.0,0.25,0.029127,0.0,0.029127,100.8542,0.0,0.012784,0.0388,0.000109
2023-07-18,TECL,TECL,0.75,0.0,0.25,0.02529,0.0,0.02529,103.4048,0.0,0.011334,0.03372,0.0
2023-07-19,TECL,TECL,0.75,0.0,0.25,-0.005841,0.0,-0.005841,102.8008,-0.0058,-0.002497,-0.007861,0.000219
2023-07-20,TECL,TECL,0.75,0.0,0.25,-0.045513,0.0,-0.045513,98.122,-0.0511,-0.019965,-0.060866,0.000546
2023-07-21,TECL,TECL,0.75,0.0,0.25,-0.00202,0.0,-0.00202,97.9238,-0.053,-0.000511,-0.002693,0.0
2023-07-24,TECL,TECL,0.75,0.0,0.25,0.004753,0.0,0.004753,98.3892,-0.0485,0.00176,0.006301,0.000109
2023-07-25,TECL,TECL,0.75,0.0,0.25,0.024714,0.0,0.024714,100.8208,-0.025,0.011448,0.032915,0.000109
2023-07-26,TECL,TECL,0.75,0.0,0.25,-0.030108,0.0,-0.030108,97.7852,-0.0543,-0.013447,-0.04018,0.000108
2023-07-27,TECL,TECL,0.75,0.0,0.25,-0.0069,0.0,-0.0069,97.1105,-0.0609,-0.002898,-0.009382,0.000545
2023-07-28,TECL,TECL,0.75,0.0,0.25,0.030082,0.0,0.030082,100.0317,-0.0326,0.013614,0.040072,0.000109
2023-07-31,TECL,TECL,0.75,0.0,0.25,0.004756,0.0,0.004756,100.5075,-0.028,0.002305,0.006305,0.000109
2023-08-01,TECL,TECL,0.75,0.0,0.25,0.00385,0.0,0.00385,100.8944,-0.0243,0.001682,0.005046,0.00026
2023-08-02,TECL,TECL,0.75,0.0,0.25,-0.056077,0.0,-0.056077,95.2366,-0.079,-0.024742,-0.074805,0.000109
2023-08-03,TECL,TECL,0.75,0.0,0.25,-0.008874,0.0,-0.008874,94.3915,-0.0872,-0.004075,-0.011978,0.000438
2023-08-04,TECL,TECL,0.75,0.0,0.25,-0.031771,0.0,-0.031771,91.3926,-0.1162,-0.013601,-0.042433,0.000218
2023-08-07,TECL,TECL,0.75,0.0,0.25,0.006083,0.0,0.006083,91.9485,-0.1108,0.002804,0.008111,0.0
2023-08-08,TECL,TECL,0.75,0.0,0.25,-0.017753,0.0,-0.017753,90.3162,-0.1266,-0.007691,-0.023744,0.000218
2023-08-09,TECL,TECL,0.75,0.0,0.25,-0.029521,0.0,-0.029521,87.65,-0.1524,-0.012916,-0.039397,0.000109
2023-08-10,TECL,XLK,0.75,0.0,0.25,0.000766,0.0,0.000766,87.7171,-0.1517,0.000119,0.000839,0.000546
2023-08-11,XLK,XLK,0.0,1.0,0.0,-0.007376,0.001,-0.008376,86.9824,-0.1588,-0.007376,-0.023208,0.00011
2023-08-14,XLK,XLK,0.0,1.0,0.0,0.015938,0.0,0.015938,88.3687,-0.1454,0.015938,0.047302,0.000109
2023-08-15,XLK,XLK,0.0,1.0,0.0,-0.009849,0.0,-0.009849,87.4983,-0.1538,-0.009849,-0.030655,0.000109
2023-08-16,XLK,XLK,0.0,1.0,0.0,-0.009529,0.0,-0.009529,86.6646,-0.1619,-0.009529,-0.028042,0.000218
2023-08-17,XLK,XLK,0.0,1.0,0.0,-0.009501,0.0,-0.009501,85.8411,-0.1699,-0.009501,-0.029718,0.000437
2023-08-18,XLK,XLK,0.0,1.0,0.0,0.001518,0.0,0.001518,85.9714,-0.1686,0.001518,0.002681,0.000109
2023-08-21,XLK,XLK,0.0,1.0,0.0,0.019095,0.0,0.019095,87.6131,-0.1527,0.019095,0.05775,0.000109
2023-08-22,XLK,XLK,0.0,1.0,0.0,-0.001131,0.0,-0.001131,87.514,-0.1537,-0.001131,-0.004216,0.00011
2023-08-23,XLK,XLK,0.0,1.0,0.0,0.018045,0.0,0.018045,89.0931,-0.1384,0.018045,0.053766,0.000218
2023-08-24,XLK,XLK,0.0,1.0,0.0,-0.023048,0.0,-0.023048,87.0398,-0.1583,-0.023048,-0.070709,0.000326
2023-08-25,XLK,XLK,0.0,1.0,0.0,0.010178,0.0,0.010178,87.9257,-0.1497,0.010178,0.031344,0.000219
2023-08-28,XLK,XLK,0.0,1.0,0.0,0.00818,0.0,0.00818,88.6449,-0.1427,0.00818,0.022845,0.000217
2023-08-29,XLK,XLK,0.0,1.0,0.0,0.020048,0.0,0.020048,90.4221,-0.1256,0.020048,0.059017,-0.000109
2023-08-30,XLK,XLK,0.0,1.0,0.0,0.00755,0.0,0.00755,91.1048,-0.1189,0.00755,0.023026,0.000217
2023-08-31,XLK,XLK,0.0,1.0,0.0,0.004863,0.0,0.004863,91.5478,-0.1147,0.004863,0.013052,0.000653
2023-09-01,XLK,XLK,0.0,1.0,0.0,0.003074,0.0,0.003074,91.8293,-0.1119,0.003074,0.008588,0.000161
2023-09-05,XLK,TECL,0.0,1.0,0.0,0.003576,0.0,0.003576,92.1576,-0.1088,0.003576,0.010922,0.000218
2023-09-06,TECL,TECL,0.75,0.0,0.25,-0.02376,0.001,-0.02476,89.8758,-0.1308,-0.010575,-0.03168,0.0
2023-09-07,TECL,TECL,0.75,0.0,0.25,-0.033477,0.0,-0.033477,86.8671,-0.1599,-0.014461,-0.044818,0.000547
2023-09-08,TECL,TECL,0.75,0.0,0.25,0.00478,0.0,0.00478,87.2822,-0.1559,0.002088,0.006336,0.00011
2023-09-11,TECL,TECL,0.75,0.0,0.25,0.010919,0.0,0.010919,88.2353,-0.1467,0.005208,0.014559,0.0
2023-09-12,TECL,TECL,0.75,0.0,0.25,-0.041513,0.0,-0.041513,84.5724,-0.1821,-0.018136,-0.055459,0.000327
2023-09-13,TECL,TECL,0.75,0.0,0.25,0.006802,0.0,0.006802,85.1476,-0.1766,0.002522,0.009033,0.00011
2023-09-14,TECL,TECL,0.75,0.0,0.25,0.015494,0.0,0.015494,86.4669,-0.1638,0.007252,0.020549,0.000328
2023-09-15,TECL,TECL,0.75,0.0,0.25,-0.043306,0.0,-0.043306,82.7224,-0.2,-0.01922,-0.057813,0.000218
2023-09-18,TECL,XLK,0.75,0.0,0.25,0.009707,0.0,0.009707,83.5254,-0.1922,0.004805,0.012907,0.000108
2023-09-19,XLK,XLK,0.0,1.0,0.0,-0.000532,0.001,-0.001532,83.3975,-0.1935,-0.000532,-0.000835,0.00011
2023-09-20,XLK,XLK,0.0,1.0,0.0,-0.015715,0.0,-0.015715,82.0869,-0.2062,-0.015715,-0.048297,0.00011
2023-09-21,XLK,XLK,0.0,1.0,0.0,-0.015246,0.0,-0.015246,80.8354,-0.2183,-0.015246,-0.046573,0.000544
2023-09-22,XLK,XLK,0.0,1.0,0.0,0.002133,0.0,0.002133,81.0078,-0.2166,0.002133,0.005529,0.00011
2023-09-25,XLK,XLK,0.0,1.0,0.0,0.003224,0.0,0.003224,81.269,-0.2141,0.003224,0.010771,0.00011
2023-09-26,XLK,BIL,0.0,1.0,0.0,-0.018007,0.0,-0.018007,79.8056,-0.2282,-0.018007,-0.055091,0.000108
2023-09-27,BIL,BIL,0.0,0.0,1.0,0.000327,0.001,-0.000673,79.7519,-0.2287,0.001544,0.004319,0.000327
2023-09-28,BIL,BIL,0.0,0.0,1.0,0.000326,0.0,0.000326,79.7779,-0.2285,0.007088,0.020305,0.000326
2023-09-29,BIL,BIL,0.0,0.0,1.0,0.000109,0.0,0.000109,79.7867,-0.2284,0.003428,0.008897,0.000109
2023-10-02,BIL,BIL,0.0,0.0,1.0,0.000157,0.0,0.000157,79.7992,-0.2283,0.010737,0.033188,0.000157
2023-10-03,BIL,BIL,0.0,0.0,1.0,0.000219,0.0,0.000219,79.8166,-0.2281,-0.01696,-0.052112,0.000219
2023-10-04,BIL,BIL,0.0,0.0,1.0,0.000109,0.0,0.000109,79.8254,-0.228,0.012462,0.03673,0.000109
2023-10-05,BIL,BIL,0.0,0.0,1.0,0.000655,0.0,0.000655,79.8776,-0.2275,0.001335,0.003886,0.000655
2023-10-06,BIL,BIL,0.0,0.0,1.0,0.0,0.0,0.0,79.8776,-0.2275,0.018713,0.055327,0.0
2023-10-09,BIL,BIL,0.0,0.0,1.0,0.000109,0.0,0.000109,79.8864,-0.2274,0.005171,0.015103,0.000109
2023-10-10,BIL,BIL,0.0,0.0,1.0,0.0,0.0,0.0,79.8864,-0.2274,0.001538,0.004463,0.0
2023-10-11,BIL,BIL,0.0,0.0,1.0,0.000219,0.0,0.000219,79.9038,-0.2273,0.009271,0.026237,0.000219
2023-10-12,BIL,BIL,0.0,0.0,1.0,0.000437,0.0,0.000437,79.9388,-0.2269,0.000936,0.001649,0.000437
2023-10-13,BIL,BIL,0.0,0.0,1.0,0.000218,0.0,0.000218,79.9562,-0.2268,-0.014322,-0.042815,0.000218
2023-10-16,BIL,BIL,0.0,0.0,1.0,0.000109,0.0,0.000109,79.965,-0.2267,0.009607,0.029033,0.000109
2023-10-17,BIL,BIL,0.0,0.0,1.0,0.000109,0.0,0.000109,79.9737,-0.2266,-0.00464,-0.014212,0.000109
2023-10-18,BIL,BIL,0.0,0.0,1.0,0.000109,0.0,0.000109,79.9824,-0.2265,-0.010268,-0.03286,0.000109
2023-10-19,BIL,BIL,0.0,0.0,1.0,0.000435,0.0,0.000435,80.0173,-0.2262,-0.005723,-0.016219,0.000435
2023-10-20,BIL,BIL,0.0,0.0,1.0,0.000218,0.0,0.000218,80.0347,-0.226,-0.016911,-0.052362,0.000218
2023-10-23,BIL,BIL,0.0,0.0,1.0,0.000109,0.0,0.000109,80.0435,-0.2259,0.001159,0.00329,0.000109
2023-10-24,BIL,BIL,0.0,0.0,1.0,0.000109,0.0,0.000109,80.0522,-0.2258,0.006885,0.020625,0.000109
2023-10-25,BIL,BIL,0.0,0.0,1.0,0.000109,0.0,0.000109,80.0609,-0.2258,-0.0118,-0.034903,0.000109
2023-10-26,BIL,BIL,0.0,0.0,1.0,0.000436,0.0,0.000436,80.0959,-0.2254,-0.019105,-0.059006,0.000436
2023-10-27,BIL,BIL,0.0,0.0,1.0,0.000327,0.0,0.000327,80.1221,-0.2252,0.005805,0.015931,0.000327
2023-10-30,BIL,BIL,0.0,0.0,1.0,0.000109,0.0,0.000109,80.1308,-0.2251,0.010738,0.032104,0.000109
2023-10-31,BIL,BIL,0.0,0.0,1.0,0.0,0.0,0.0,80.1308,-0.2251,0.007122,0.021463,0.0
2023-11-01,BIL,BIL,0.0,0.0,1.0,0.000302,0.0,0.000302,80.155,-0.2248,0.019329,0.0576,0.000302
2023-11-02,BIL,BIL,0.0,0.0,1.0,0.000328,0.0,0.000328,80.1813,-0.2246,0.016927,0.050894,0.000328
2023-11-03,BIL,BIL,0.0,0.0,1.0,0.00011,0.0,0.00011,80.1901,-0.2245,0.010294,0.028675,0.00011
2023-11-06,BIL,BIL,0.0,0.0,1.0,0.000109,0.0,0.000109,80.1989,-0.2244,0.00658,0.01982,0.000109
2023-11-07,BIL,BIL,0.0,0.0,1.0,0.000219,0.0,0.000219,80.2164,-0.2242,0.010931,0.033409,0.000219
2023-11-08,BIL,XLK,0.0,0.0,1.0,0.000109,0.0,0.000109,80.2252,-0.2242,0.005665,0.016065,0.000109
2023-11-09,XLK,XLK,0.0,1.0,0.0,-0.004666,0.001,-0.005666,79.7706,-0.2286,-0.004666,-0.014655,0.000547
2023-11-10,XLK,XLK,0.0,1.0,0.0,0.026122,0.0,0.026122,81.8544,-0.2084,0.026122,0.076321,0.000109
2023-11-13,XLK,XLK,0.0,1.0,0.0,-0.005849,0.0,-0.005849,81.3757,-0.213,-0.005849,-0.017455,0.000109
2023-11-14,XLK,XLK,0.0,1.0,0.0,0.020004,0.0,0.020004,83.0035,-0.1973,0.020004,0.060327,0.00011
2023-11-15,XLK,XLK,0.0,1.0,0.0,0.001263,0.0,0.001263,83.1083,-0.1963,0.001263,0.003142,0.000218
2023-11-16,XLK,XLK,0.0,1.0,0.0,0.004993,0.0,0.004993,83.5232,-0.1923,0.004993,0.014787,0.000437
2023-11-17,XLK,XLK,0.0,1.0,0.0,-0.002074,0.0,-0.002074,83.35,-0.1939,-0.002074,-0.007029,0.000217
2023-11-20,XLK,XLK,0.0,1.0,0.0,0.014496,0.0,0.014496,84.5582,-0.1823,0.014496,0.044199,0.0
2023-11-21,XLK,XLK,0.0,1.0,0.0,-0.008088,0.0,-0.008088,83.8743,-0.1889,-0.008088,-0.025794,0.000327
2023-11-22,XLK,XLK,0.0,1.0,0.0,0.004458,0.0,0.004458,84.2482,-0.1853,0.004458,0.012899,0.000437
2023-11-24,XLK,XLK,0.0,1.0,0.0,-0.001949,0.0,-0.001949,84.084,-0.1868,-0.001949,-0.006702,0.000109
2023-11-27,XLK,XLK,0.0,1.0,0.0,-5.4e-05,0.0,-5.4e-05,84.0795,-0.1869,-5.4e-05,-0.000843,0.00011
2023-11-28,XLK,XLK,0.0,1.0,0.0,0.001899,0.0,0.001899,84.2391,-0.1853,0.001899,0.00557,0.000217
2023-11-29,XLK,TECL,0.0,1.0,0.0,0.000758,0.0,0.000758,84.303,-0.1847,0.000758,0.00319,0.00011
2023-11-30,TECL,TECL,0.75,0.0,0.25,0.000988,0.001,-1.2e-05,84.302,-0.1847,0.001459,0.001173,0.000435
2023-12-01,TECL,TECL,0.75,0.0,0.25,0.005443,0.0,0.005443,84.7609,-0.1803,0.002269,0.007188,0.00021
2023-12-04,TECL,TECL,0.75,0.0,0.25,-0.027012,0.0,-0.027012,82.4713,-0.2024,-0.012178,-0.036016,0.0
2023-12-05,TECL,TECL,0.75,0.0,0.25,0.012839,0.0,0.012839,83.5301,-0.1922,0.006001,0.017045,0.000218
2023-12-06,TECL,TECL,0.75,0.0,0.25,-0.019399,0.0,-0.019399,81.9097,-0.2079,-0.00846,-0.025902,0.00011
2023-12-07,TECL,TECL,0.75,0.0,0.25,0.02696,0.0,0.02696,84.1179,-0.1865,0.012141,0.0358,0.000437
2023-12-08,TECL,TECL,0.75,0.0,0.25,0.019057,0.0,0.019057,85.7209,-0.171,0.008536,0.025336,0.000219
2023-12-11,TECL,TECL,0.75,0.0,0.25,0.018955,0.0,0.018955,87.3458,-0.1553,0.008733,0.025201,0.000218
2023-12-12,TECL,TECL,0.75,0.0,0.25,0.014964,0.0,0.014964,88.6528,-0.1427,0.006639,0.019951,0.0
2023-12-13,TECL,TECL,0.75,0.0,0.25,0.019629,0.0,0.019629,90.393,-0.1258,0.008811,0.026135,0.00011
2023-12-14,TECL,TECL,0.75,0.0,0.25,-0.006411,0.0,-0.006411,89.8135,-0.1314,-0.002458,-0.008693,0.000437
2023-12-15,TECL,TECL,0.75,0.0,0.25,0.011735,0.0,0.011735,90.8675,-0.1212,0.005033,0.015538,0.000327
2023-12-18,TECL,TECL,0.75,0.0,0.25,0.006053,0.0,0.006053,91.4175,-0.1159,0.002991,0.00803,0.000124
2023-12-19,TECL,TECL,0.75,0.0,0.25,0.008115,0.0,0.008115,92.1594,-0.1088,0.003805,0.010819,0.0
2023-12-20,TECL,TECL,0.75,0.0,0.25,-0.033731,0.0,-0.033731,89.0507,-0.1388,-0.015111,-0.045048,0.00022
2023-12-21,TECL,TECL,0.75,0.0,0.25,0.02449,0.0,0.02449,91.2315,-0.1177,0.01123,0.032435,0.000656
2023-12-22,TECL,TECL,0.75,0.0,0.25,0.0015,0.0,0.0015,91.3684,-0.1164,0.001303,0.001963,0.000111
2023-12-26,TECL,TECL,0.75,0.0,0.25,0.010225,0.0,0.010225,92.3026,-0.1074,0.004166,0.013561,0.000219
2023-12-27,TECL,TECL,0.75,0.0,0.25,0.000335,0.0,0.000335,92.3335,-0.1071,-5.2e-05,0.000447,0.0
2023-12-28,TECL,TECL,0.75,0.0,0.25,0.001947,0.0,0.001947,92.5133,-0.1053,0.001193,0.002377,0.000657
2023-12-29,TECL,TECL,0.75,0.0,0.25,-0.008338,0.0,-0.008338,91.742,-0.1128,-0.003056,-0.011117,0.0
2024-01-02,TECL,TECL,0.75,0.0,0.25,-0.057535,0.0,-0.057535,86.4635,-0.1638,-0.026184,-0.07675,0.000109
2024-01-03,TECL,TECL,0.75,0.0,0.25,-0.025734,0.0,-0.025734,84.2384,-0.1854,-0.010191,-0.034422,0.000328
2024-01-04,TECL,TECL,0.75,0.0,0.25,-0.016439,0.0,-0.016439,82.8537,-0.1987,-0.007329,-0.022028,0.000329
2024-01-05,TECL,TECL,0.75,0.0,0.25,-0.000101,0.0,-0.000101,82.8453,-0.1988,-0.000272,-0.000172,0.000109
2024-01-08,TECL,TECL,0.75,0.0,0.25,0.05639,0.0,0.05639,87.5169,-0.1536,0.025091,0.07515,0.000109
2024-01-09,TECL,TECL,0.75,0.0,0.25,0.002787,0.0,0.002787,87.7608,-0.1513,0.00159,0.00368,0.000109
2024-01-10,TECL,TECL,0.75,0.0,0.25,0.019178,0.0,0.019178,89.4439,-0.135,0.008517,0.025497,0.000219
2024-01-11,TECL,TECL,0.75,0.0,0.25,0.010277,0.0,0.010277,90.3631,-0.1261,0.005088,0.013521,0.000545
2024-01-12,TECL,TECL,0.75,0.0,0.25,0.007069,0.0,0.007069,91.0018,-0.1199,0.003236,0.009352,0.000219
2024-01-16,TECL,TECL,0.75,0.0,0.25,0.005382,0.0,0.005382,91.4916,-0.1152,0.002496,0.007139,0.000109
2024-01-17,TECL,TECL,0.75,0.0,0.25,-0.011257,0.0,-0.011257,90.4616,-0.1252,-0.00493,-0.015082,0.000218
2024-01-18,TECL,TECL,0.75,0.0,0.25,0.045247,0.0,0.045247,94.5547,-0.0856,0.020286,0.060183,0.000437
2024-01-19,TECL,TECL,0.75,0.0,0.25,0.050728,0.0,0.050728,99.3513,-0.0392,0.023049,0.067601,0.000109
2024-01-22,TECL,TECL,0.75,0.0,0.25,0.00916,0.0,0.00916,100.2613,-0.0304,0.004397,0.012177,0.000109
2024-01-23,TECL,TECL,0.75,0.0,0.25,0.009452,0.0,0.009452,101.209,-0.0212,0.004029,0.012566,0.000109
2024-01-24,TECL,TECL,0.75,0.0,0.25,0.015274,0.0,0.015274,102.7548,-0.0063,0.006886,0.020329,0.000109
2024-01-25,TECL,TECL,0.75,0.0,0.25,0.008773,0.0,0.008773,103.6563,0.0,0.004182,0.011516,0.000546
2024-01-26,TECL,TECL,0.75,0.0,0.25,-0.026834,0.0,-0.026834,100.8748,-0.0268,-0.011514,-0.035815,0.000109
2024-01-29,TECL,TECL,0.75,0.0,0.25,0.020722,0.0,0.020722,102.9652,-0.0067,0.009169,0.027594,0.000109
2024-01-30,TECL,TECL,0.75,0.0,0.25,-0.017982,0.0,-0.017982,101.1136,-0.0245,-0.008251,-0.024013,0.00011
2024-01-31,TECL,TECL,0.75,0.0,0.25,-0.047889,0.0,-0.047889,96.2714,-0.0712,-0.020998,-0.063888,0.000109
2024-02-01,TECL,TECL,0.75,0.0,0.25,0.028953,0.0,0.028953,99.0587,-0.0444,0.012596,0.038435,0.000507
2024-02-02,TECL,TECL,0.75,0.0,0.25,0.021384,0.0,0.021384,101.177,-0.0239,0.010342,0.028439,0.000219
2024-02-05,TECL,TECL,0.75,0.0,0.25,0.005458,0.0,0.005458,101.7292,-0.0186,0.002274,0.007278,0.0
2024-02-06,TECL,TECL,0.75,0.0,0.25,-0.011177,0.0,-0.011177,100.5923,-0.0296,-0.004589,-0.014975,0.000219
2024-02-07,TECL,TECL,0.75,0.0,0.25,0.030232,0.0,0.030232,103.6334,-0.0002,0.013233,0.040273,0.00011
2024-02-08,TECL,TECL,0.75,0.0,0.25,0.006646,0.0,0.006646,104.3222,0.0,0.00313,0.008716,0.000437
2024-02-09,TECL,TECL,0.75,0.0,0.25,0.030146,0.0,0.030146,107.467,0.0,0.013459,0.040158,0.000109
2024-02-12,TECL,TECL,0.75,0.0,0.25,-0.017997,0.0,-0.017997,105.5329,-0.018,-0.007602,-0.024069,0.00022
2024-02-13,TECL,TECL,0.75,0.0,0.25,-0.038025,0.0,-0.038025,101.52,-0.0553,-0.016969,-0.050701,0.0
2024-02-14,TECL,TECL,0.75,0.0,0.25,0.022704,0.0,0.022704,103.8249,-0.0339,0.010456,0.030199,0.000218
2024-02-15,TECL,TECL,0.75,0.0,0.25,-0.00572,0.0,-0.00572,103.231,-0.0394,-0.002099,-0.007808,0.000545
2024-02-16,TECL,TECL,0.75,0.0,0.25,-0.020556,0.0,-0.020556,101.109,-0.0592,-0.009196,-0.027481,0.000218
2024-02-20,TECL,TECL,0.75,0.0,0.25,-0.023056,0.0,-0.023056,98.7779,-0.0809,-0.010169,-0.030778,0.00011
2024-02-21,TECL,TECL,0.75,0.0,0.25,-0.015062,0.0,-0.015062,97.29,-0.0947,-0.006284,-0.02012,0.00011
2024-02-22,TECL,TECL,0.75,0.0,0.25,0.073156,0.0,0.073156,104.4074,-0.0285,0.032723,0.09736,0.000545
2024-02-23,TECL,TECL,0.75,0.0,0.25,-0.005796,0.0,-0.005796,103.8022,-0.0341,-0.002332,-0.007764,0.00011
2024-02-26,TECL,TECL,0.75,0.0,0.25,0.00279,0.0,0.00279,104.0918,-0.0314,0.000974,0.00372,0.0
2024-02-27,TECL,XLK,0.75,0.0,0.25,0.001876,0.0,0.001876,104.2871,-0.0296,0.000877,0.002429,0.000218
2024-02-28,XLK,XLK,0.0,1.0,0.0,-0.004716,0.001,-0.005716,103.691,-0.0351,-0.004716,-0.014663,0.00011
2024-02-29,XLK,XLK,0.0,1.0,0.0,0.011138,0.0,0.011138,104.8459,-0.0244,0.011138,0.033515,0.000436
2024-03-01,XLK,XLK,0.0,1.0,0.0,0.018263,0.0,0.018263,106.7607,-0.0066,0.018263,0.052961,0.000275
2024-03-04,XLK,XLK,0.0,1.0,0.0,0.0,0.0,0.0,106.7607,-0.0066,0.0,-0.000119,0.000108
2024-03-05,XLK,BIL,0.0,1.0,0.0,-0.024578,0.0,-0.024578,104.1367,-0.031,-0.024578,-0.074087,0.0
2024-03-06,BIL,BIL,0.0,0.0,1.0,0.000219,0.001,-0.000781,104.0553,-0.0317,0.007929,0.022092,0.000219
2024-03-07,BIL,BIL,0.0,0.0,1.0,0.000438,0.0,0.000438,104.1009,-0.0313,0.015781,0.04662,0.000438
2024-03-08,BIL,BIL,0.0,0.0,1.0,0.000109,0.0,0.000109,104.1123,-0.0312,-0.014871,-0.045144,0.000109
2024-03-11,BIL,BIL,0.0,0.0,1.0,0.000109,0.0,0.000109,104.1237,-0.0311,-0.002749,-0.00767,0.000109
2024-03-12,BIL,BIL,0.0,0.0,1.0,0.000327,0.0,0.000327,104.1577,-0.0308,0.020505,0.059806,0.000327
2024-03-13,BIL,BIL,0.0,0.0,1.0,0.0,0.0,0.0,104.1577,-0.0308,-0.010805,-0.032998,0.0
2024-03-14,BIL,BIL,0.0,0.0,1.0,0.000437,0.0,0.000437,104.2033,-0.0304,0.000192,0.001112,0.000437
2024-03-15,BIL,BIL,0.0,0.0,1.0,0.000219,0.0,0.000219,104.226,-0.0302,-0.015088,-0.046189,0.000219
2024-03-18,BIL,BIL,0.0,0.0,1.0,0.000109,0.0,0.000109,104.2374,-0.0301,0.004915,0.015019,0.000109
2024-03-19,BIL,BIL,0.0,0.0,1.0,0.000217,0.0,0.000217,104.2601,-0.0298,0.005186,0.01344,0.000217
2024-03-20,BIL,BIL,0.0,0.0,1.0,0.000109,0.0,0.000109,104.2715,-0.0297,0.011188,0.034414,0.000109
2024-03-21,BIL,XLK,0.0,0.0,1.0,0.000328,0.0,0.000328,104.3056,-0.0294,0.000715,0.001462,0.000328
2024-03-22,XLK,XLK,0.0,1.0,0.0,0.000333,0.001,-0.000667,104.236,-0.0301,0.000333,0.000608,0.000109
2024-03-25,XLK,XLK,0.0,1.0,0.0,-0.006621,0.0,-0.006621,103.5458,-0.0365,-0.006621,-0.020916,0.000218
2024-03-26,XLK,XLK,0.0,1.0,0.0,-0.004124,0.0,-0.004124,103.1188,-0.0405,-0.004124,-0.011552,0.000109
2024-03-27,XLK,TECL,0.0,1.0,0.0,0.005104,0.0,0.005104,103.6452,-0.0356,0.005104,0.013321,0.000654
2024-03-28,TECL,TECL,0.75,0.0,0.25,-0.004651,0.001,-0.005651,103.0595,-0.041,-0.002156,-0.006201,0.0
2024-04-01,TECL,TECL,0.75,0.0,0.25,0.005688,0.0,0.005688,103.6457,-0.0356,0.002785,0.007488,0.000288
2024-04-02,TECL,TECL,0.75,0.0,0.25,-0.02131,0.0,-0.02131,101.437,-0.0561,-0.009624,-0.028486,0.000219
2024-04-03,TECL,TECL,0.75,0.0,0.25,0.004972,0.0,0.004972,101.9413,-0.0514,0.002659,0.006629,0.0
2024-04-04,TECL,TECL,0.75,0.0,0.25,-0.035416,0.0,-0.035416,98.331,-0.085,-0.015816,-0.047367,0.000437
2024-04-05,TECL,TECL,0.75,0.0,0.25,0.024683,0.0,0.024683,100.7581,-0.0624,0.011464,0.032837,0.000219
2024-04-08,TECL,TECL,0.75,0.0,0.25,-0.002676,0.0,-0.002676,100.4885,-0.0649,-0.001162,-0.003604,0.000109
2024-04-09,TECL,TECL,0.75,0.0,0.25,0.010297,0.0,0.010297,101.5232,-0.0553,0.005043,0.013693,0.000109
2024-04-10,TECL,TECL,0.75,0.0,0.25,-0.026515,0.0,-0.026515,98.8313,-0.0804,-0.012256,-0.035426,0.000219
2024-04-11,TECL,TECL,0.75,0.0,0.25,0.042591,0.0,0.042591,103.0406,-0.0412,0.01998,0.056678,0.000328
2024-04-12,TECL,TECL,0.75,0.0,0.25,-0.034857,0.0,-0.034857,99.4489,-0.0746,-0.016188,-0.046512,0.000109
2024-04-15,TECL,TECL,0.75,0.0,0.25,-0.043218,0.0,-0.043218,95.1509,-0.1146,-0.018986,-0.057697,0.000219
2024-04-16,TECL,TECL,0.75,0.0,0.25,0.001802,0.0,0.001802,95.3224,-0.113,0.001192,0.002366,0.000109
2024-04-17,TECL,TECL,0.75,0.0,0.25,-0.031522,0.0,-0.031522,92.3176,-0.141,-0.014424,-0.042066,0.000109
2024-04-18,TECL,TECL,0.75,0.0,0.25,-0.026386,0.0,-0.026386,89.8817,-0.1636,-0.011415,-0.035364,0.000546
2024-04-19,TECL,TECL,0.75,0.0,0.25,-0.04741,0.0,-0.04741,85.6204,-0.2033,-0.020603,-0.06325,0.000109
2024-04-22,TECL,TECL,0.75,0.0,0.25,0.019301,0.0,0.019301,87.2729,-0.1879,0.008934,0.025662,0.000219
2024-04-23,TECL,BIL,0.75,0.0,0.25,0.032161,0.0,0.032161,90.0797,-0.1618,0.014827,0.042845,0.000109
2024-04-24,BIL,BIL,0.0,0.0,1.0,0.0,0.00075,-0.00075,90.0121,-0.1624,0.004565,0.014545,0.0
2024-04-25,BIL,BIL,0.0,0.0,1.0,0.000546,0.0,0.000546,90.0613,-0.162,-0.002171,-0.006946,0.000546
2024-04-26,BIL,BIL,0.0,0.0,1.0,0.0,0.0,0.0,90.0613,-0.162,0.011285,0.032444,0.0
2024-04-29,BIL,BIL,0.0,0.0,1.0,0.000217,0.0,0.000217,90.0808,-0.1618,0.004304,0.011965,0.000217
2024-04-30,BIL,BIL,0.0,0.0,1.0,0.000109,0.0,0.000109,90.0906,-0.1617,-0.022024,-0.065669,0.000109
2024-05-01,BIL,BIL,0.0,0.0,1.0,0.000192,0.0,0.000192,90.1079,-0.1615,-0.010242,-0.02973,0.000192
2024-05-02,BIL,BIL,0.0,0.0,1.0,0.000548,0.0,0.000548,90.1573,-0.1611,0.014414,0.041325,0.000548
2024-05-03,BIL,BIL,0.0,0.0,1.0,0.00011,0.0,0.00011,90.1671,-0.161,0.02786,0.08224,0.00011
2024-05-06,BIL,BIL,0.0,0.0,1.0,0.0,0.0,0.0,90.1671,-0.161,0.01175,0.034857,0.0
2024-05-07,BIL,BIL,0.0,0.0,1.0,0.000108,0.0,0.000108,90.1769,-0.1609,-0.003269,-0.00997,0.000108
2024-05-08,BIL,BIL,0.0,0.0,1.0,0.000219,0.0,0.000219,90.1967,-0.1607,0.002839,0.008982,0.000219
2024-05-09,BIL,BIL,0.0,0.0,1.0,0.000546,0.0,0.000546,90.246,-0.1602,-0.000292,-0.002293,0.000546
2024-05-10,BIL,BIL,0.0,0.0,1.0,0.0,0.0,0.0,90.246,-0.1602,0.003711,0.009869,0.0
2024-05-13,BIL,XLK,0.0,0.0,1.0,0.000218,0.0,0.000218,90.2656,-0.1601,0.004719,0.014458,0.000218
2024-05-14,XLK,XLK,0.0,1.0,0.0,0.008862,0.001,0.007862,90.9753,-0.1535,0.008862,0.026789,0.00011
2024-05-15,XLK,XLK,0.0,1.0,0.0,0.022511,0.0,0.022511,93.0232,-0.1344,0.022511,0.066571,0.00011
2024-05-16,XLK,XLK,0.0,1.0,0.0,-0.003474,0.0,-0.003474,92.7001,-0.1374,-0.003474,-0.010723,0.000436
2024-05-17,XLK,XLK,0.0,1.0,0.0,-0.002214,0.0,-0.002214,92.4949,-0.1393,-0.002214,-0.008039,0.00011
2024-05-20,XLK,XLK,0.0,1.0,0.0,0.011755,0.0,0.011755,93.5822,-0.1292,0.011755,0.034749,0.000218
2024-05-21,XLK,XLK,0.0,1.0,0.0,0.001633,0.0,0.001633,93.735,-0.1278,0.001633,0.005102,0.000109
2024-05-22,XLK,XLK,0.0,1.0,0.0,0.002236,0.0,0.002236,93.9446,-0.1258,0.002236,0.00673,0.000219
2024-05-23,XLK,TECL,0.0,1.0,0.0,-0.008134,0.0,-0.008134,93.1804,-0.1329,-0.008134,-0.024277,0.000654
2024-05-24,TECL,TECL,0.75,0.0,0.25,0.016884,0.001,0.015884,94.6605,-0.1192,0.008436,0.022476,0.000108
2024-05-28,TECL,TECL,0.75,0.0,0.25,0.009407,0.0,0.009407,95.5509,-0.1109,0.004229,0.012578,-0.000108
2024-05-29,TECL,TECL,0.75,0.0,0.25,-0.014573,0.0,-0.014573,94.1585,-0.1238,-0.00634,-0.019503,0.000218
2024-05-30,TECL,TECL,0.75,0.0,0.25,-0.051361,0.0,-0.051361,89.3224,-0.1688,-0.02282,-0.068554,0.000217
2024-05-31,TECL,TECL,0.75,0.0,0.25,0.003677,0.0,0.003677,89.6509,-0.1658,0.001573,0.00483,0.000219
2024-06-03,TECL,TECL,0.75,0.0,0.25,0.005639,0.0,0.005639,90.1564,-0.1611,0.002521,0.007464,0.000165
2024-06-04,TECL,TECL,0.75,0.0,0.25,0.00288,0.0,0.00288,90.4161,-0.1587,0.002089,0.003767,0.000219
2024-06-05,TECL,TECL,0.75,0.0,0.25,0.050221,0.0,0.050221,94.9569,-0.1164,0.022214,0.066924,0.000109
2024-06-06,TECL,TECL,0.75,0.0,0.25,-0.007271,0.0,-0.007271,94.2665,-0.1228,-0.003337,-0.00973,0.000109
2024-06-07,TECL,TECL,0.75,0.0,0.25,0.004549,0.0,0.004549,94.6953,-0.1188,0.002325,0.00592,0.000437
2024-06-10,TECL,TECL,0.75,0.0,0.25,0.005086,0.0,0.005086,95.1769,-0.1144,0.002551,0.006709,0.000218
2024-06-11,TECL,TECL,0.75,0.0,0.25,0.041592,0.0,0.041592,99.1355,-0.0775,0.018598,0.055419,0.00011
2024-06-12,TECL,TECL,0.75,0.0,0.25,0.04949,0.0,0.04949,104.0417,-0.0319,0.02212,0.065914,0.000218
2024-06-13,TECL,TECL,0.75,0.0,0.25,0.018423,0.0,0.018423,105.9584,-0.014,0.007909,0.024527,0.000109
2024-06-14,TECL,TECL,0.75,0.0,0.25,0.00668,0.0,0.00668,106.6662,-0.0075,0.003748,0.008724,0.000546
2024-06-17,TECL,TECL,0.75,0.0,0.25,0.034118,0.0,0.034118,110.3054,0.0,0.015154,0.045455,0.000109
2024-06-18,TECL,TECL,0.75,0.0,0.25,0.003084,0.0,0.003084,110.6457,0.0,0.001254,0.00404,0.000218
2024-06-20,TECL,TECL,0.75,0.0,0.25,-0.026316,0.0,-0.026316,107.7339,-0.0263,-0.011236,-0.035161,0.000219
2024-06-21,TECL,TECL,0.75,0.0,0.25,-0.006993,0.0,-0.006993,106.9806,-0.0331,-0.001748,-0.009433,0.000327
2024-06-24,TECL,BIL,0.75,0.0,0.25,-0.051519,0.0,-0.051519,101.469,-0.0829,-0.024516,-0.068765,0.000218
2024-06-25,BIL,BIL,0.0,0.0,1.0,0.0,0.00075,-0.00075,101.3929,-0.0836,0.018343,0.053533,0.0
2024-06-26,BIL,BIL,0.0,0.0,1.0,0.000109,0.0,0.000109,101.404,-0.0835,-0.001147,-0.002454,0.000109
2024-06-27,BIL,BIL,0.0,0.0,1.0,0.000218,0.0,0.000218,101.4261,-0.0833,0.000486,0.001128,0.000218
2024-06-28,BIL,TECL,0.0,0.0,1.0,0.000328,0.0,0.000328,101.4593,-0.083,-0.00053,-0.002663,0.000328
2024-07-01,TECL,TECL,0.75,0.0,0.25,0.016262,0.00075,0.015512,103.0331,-0.0688,0.007559,0.021565,0.000352
2024-07-02,TECL,TECL,0.75,0.0,0.25,0.010582,0.0,0.010582,104.1235,-0.0589,0.005001,0.014073,0.00011
2024-07-03,TECL,TECL,0.75,0.0,0.25,0.030118,0.0,0.030118,107.2594,-0.0306,0.013489,0.040048,0.000328
2024-07-05,TECL,TECL,0.75,0.0,0.25,0.00673,0.0,0.00673,107.9813,-0.0241,0.003058,0.008864,0.000328
2024-07-08,TECL,TECL,0.75,0.0,0.25,0.014863,0.0,0.014863,109.5862,-0.0096,0.006827,0.019744,0.000219
2024-07-09,TECL,TECL,0.75,0.0,0.25,-0.002779,0.0,-0.002779,109.2816,-0.0123,-0.00081,-0.003705,0.0
2024-07-10,TECL,TECL,0.75,0.0,0.25,0.031926,0.0,0.031926,112.7706,0.0,0.014512,0.042496,0.000219
2024-07-11,TECL,TECL,0.75,0.0,0.25,-0.055298,0.0,-0.055298,106.5346,-0.0553,-0.025033,-0.073767,0.00011
2024-07-12,TECL,TECL,0.75,0.0,0.25,0.018671,0.0,0.018671,108.5238,-0.0377,0.008932,0.024749,0.000437
2024-07-15,TECL,TECL,0.75,0.0,0.25,0.003791,0.0,0.003791,108.9352,-0.034,0.001797,0.004981,0.000218
2024-07-16,TECL,TECL,0.75,0.0,0.25,-0.007083,0.0,-0.007083,108.1635,-0.0409,-0.00333,-0.009445,0.0
2024-07-17,TECL,BIL,0.75,0.0,0.25,-0.087146,0.0,-0.087146,98.7375,-0.1244,-0.038896,-0.116304,0.000327
2024-07-18,BIL,BIL,0.0,0.0,1.0,0.000109,0.00075,-0.000641,98.6741,-0.125,8.9e-05,-0.002029,0.000109
2024-07-19,BIL,BIL,0.0,0.0,1.0,0.000328,0.0,0.000328,98.7065,-0.1247,-0.015643,-0.046671,0.000328
2024-07-22,BIL,BIL,0.0,0.0,1.0,0.000218,0.0,0.000218,98.7281,-0.1245,0.023679,0.069279,0.000218
2024-07-23,BIL,BIL,0.0,0.0,1.0,0.0,0.0,0.0,98.7281,-0.1245,-0.003981,-0.011656,0.0
2024-07-24,BIL,BIL,0.0,0.0,1.0,0.000327,0.0,0.000327,98.7603,-0.1242,-0.041385,-0.122291,0.000327
2024-07-25,BIL,BIL,0.0,0.0,1.0,0.0,0.0,0.0,98.7603,-0.1242,-0.0107,-0.036436,0.0
2024-07-26,BIL,BIL,0.0,0.0,1.0,0.000546,0.0,0.000546,98.8142,-0.1238,0.012688,0.036934,0.000546
2024-07-29,BIL,BIL,0.0,0.0,1.0,0.0,0.0,0.0,98.8142,-0.1238,-0.004439,-0.012235,0.0
2024-07-30,BIL,BIL,0.0,0.0,1.0,0.000108,0.0,0.000108,98.8249,-0.1237,-0.025125,-0.076047,0.000108
2024-07-31,BIL,BIL,0.0,0.0,1.0,0.000218,0.0,0.000218,98.8465,-0.1235,0.042352,0.126643,0.000218
2024-08-01,BIL,BIL,0.0,0.0,1.0,0.000244,0.0,0.000244,98.8706,-0.1233,-0.037295,-0.11064,0.000244
2024-08-02,BIL,BIL,0.0,0.0,1.0,0.000546,0.0,0.000546,98.9246,-0.1228,-0.028105,-0.089162,0.000546
2024-08-05,BIL,BIL,0.0,0.0,1.0,0.0,0.0,0.0,98.9246,-0.1228,-0.033313,-0.093818,0.0
2024-08-06,BIL,BIL,0.0,0.0,1.0,0.000219,0.0,0.000219,98.9463,-0.1226,0.013593,0.0374,0.000219
2024-08-07,BIL,BIL,0.0,0.0,1.0,0.000219,0.0,0.000219,98.968,-0.1224,-0.016202,-0.051989,0.000219
2024-08-08,BIL,BIL,0.0,0.0,1.0,0.000109,0.0,0.000109,98.9788,-0.1223,0.037346,0.110494,0.000109
2024-08-09,BIL,BIL,0.0,0.0,1.0,0.000218,0.0,0.000218,99.0003,-0.1221,0.004495,0.013669,0.000218
2024-08-12,BIL,BIL,0.0,0.0,1.0,0.000328,0.0,0.000328,99.0328,-0.1218,0.008169,0.024649,0.000328
2024-08-13,BIL,BIL,0.0,0.0,1.0,0.000109,0.0,0.000109,99.0436,-0.1217,0.030727,0.091551,0.000109
2024-08-14,BIL,BIL,0.0,0.0,1.0,0.000109,0.0,0.000109,99.0545,-0.1216,0.005475,0.016464,0.000109
2024-08-15,BIL,BIL,0.0,0.0,1.0,0.000109,0.0,0.000109,99.0653,-0.1215,0.028765,0.084811,0.000109
2024-08-16,BIL,BIL,0.0,0.0,1.0,0.000545,0.0,0.000545,99.1193,-0.1211,0.001674,0.003997,0.000545
2024-08-19,BIL,BIL,0.0,0.0,1.0,0.0,0.0,0.0,99.1193,-0.1211,0.016486,0.048711,0.0
2024-08-20,BIL,BIL,0.0,0.0,1.0,0.000219,0.0,0.000219,99.141,-0.1209,-0.00351,-0.01083,0.000219
2024-08-21,BIL,BIL,0.0,0.0,1.0,0.000218,0.0,0.000218,99.1627,-0.1207,0.005886,0.017721,0.000218
2024-08-22,BIL,BIL,0.0,0.0,1.0,0.0,0.0,0.0,99.1627,-0.1207,-0.023008,-0.067547,0.0
2024-08-23,BIL,BIL,0.0,0.0,1.0,0.000436,0.0,0.000436,99.2059,-0.1203,0.016198,0.044844,0.000436
2024-08-26,BIL,BIL,0.0,0.0,1.0,0.000109,0.0,0.000109,99.2167,-0.1202,-0.012547,-0.037113,0.000109
2024-08-27,BIL,BIL,0.0,0.0,1.0,0.000218,0.0,0.000218,99.2383,-0.12,0.006059,0.017735,0.000218
2024-08-28,BIL,BIL,0.0,0.0,1.0,0.000109,0.0,0.000109,99.2492,-0.1199,-0.013798,-0.039963,0.000109
2024-08-29,BIL,BIL,0.0,0.0,1.0,0.0,0.0,0.0,99.2492,-0.1199,-0.009024,-0.028436,0.0
2024-08-30,BIL,BIL,0.0,0.0,1.0,0.000544,0.0,0.000544,99.3032,-0.1194,0.013291,0.037116,0.000544
2024-09-03,BIL,BIL,0.0,0.0,1.0,0.000411,0.0,0.000411,99.3441,-0.1191,-0.045931,-0.138826,0.000411
2024-09-04,BIL,BIL,0.0,0.0,1.0,0.00011,0.0,0.00011,99.355,-0.119,-0.002568,-0.007392,0.00011
2024-09-05,BIL,BIL,0.0,0.0,1.0,0.000109,0.0,0.000109,99.3658,-0.1189,-0.001526,-0.004495,0.000109
2024-09-06,BIL,BIL,0.0,0.0,1.0,0.000546,0.0,0.000546,99.4201,-0.1184,-0.025937,-0.074937,0.000546
2024-09-09,BIL,BIL,0.0,0.0,1.0,0.0,0.0,0.0,99.4201,-0.1184,0.016379,0.044241,0.0
2024-09-10,BIL,BIL,0.0,0.0,1.0,0.000328,0.0,0.000328,99.4527,-0.1181,0.014958,0.043828,0.000328
2024-09-11,BIL,BIL,0.0,0.0,1.0,0.0,0.0,0.0,99.4527,-0.1181,0.034132,0.101609,0.0
2024-09-12,BIL,BIL,0.0,0.0,1.0,0.000109,0.0,0.000109,99.4635,-0.118,0.008274,0.025155,0.000109
2024-09-13,BIL,BIL,0.0,0.0,1.0,0.000547,0.0,0.000547,99.5179,-0.1175,0.005015,0.014376,0.000547
2024-09-16,BIL,BIL,0.0,0.0,1.0,0.000218,0.0,0.000218,99.5396,-0.1173,-0.003811,-0.013072,0.000218
2024-09-17,BIL,BIL,0.0,0.0,1.0,0.00011,0.0,0.00011,99.5505,-0.1172,-0.001958,-0.0052,0.00011
2024-09-18,BIL,BIL,0.0,0.0,1.0,0.000218,0.0,0.000218,99.5722,-0.117,-0.009125,-0.029243,0.000218
2024-09-19,BIL,BIL,0.0,0.0,1.0,0.000219,0.0,0.000219,99.594,-0.1168,0.0297,0.083578,0.000219
2024-09-20,BIL,BIL,0.0,0.0,1.0,0.000436,0.0,0.000436,99.6374,-0.1165,-0.004875,-0.010292,0.000436
2024-09-23,BIL,BIL,0.0,0.0,1.0,0.000109,0.0,0.000109,99.6482,-0.1164,-0.000184,0.0,0.000109
2024-09-24,BIL,BIL,0.0,0.0,1.0,0.000109,0.0,0.000109,99.6591,-0.1163,0.006844,0.019363,0.000109
2024-09-25,BIL,XLK,0.0,0.0,1.0,0.000219,0.0,0.000219,99.6808,-0.1161,0.002862,0.009029,0.000219
2024-09-26,XLK,XLK,0.0,1.0,0.0,0.013244,0.001,0.012244,100.9013,-0.1053,0.013244,0.037536,0.0
2024-09-27,XLK,XLK,0.0,1.0,0.0,-0.00933,0.0,-0.00933,99.9599,-0.1136,-0.00933,-0.028113,0.000327
2024-09-30,XLK,XLK,0.0,1.0,0.0,0.002932,0.0,0.002932,100.253,-0.111,0.002932,0.008758,0.000109
2024-10-01,XLK,XLK,0.0,1.0,0.0,-0.024362,0.0,-0.024362,97.8106,-0.1327,-0.024362,-0.071747,0.000233
2024-10-02,XLK,XLK,0.0,1.0,0.0,0.0074,0.0,0.0074,98.5344,-0.1262,0.0074,0.019815,0.00011
2024-10-03,XLK,XLK,0.0,1.0,0.0,0.004147,0.0,0.004147,98.943,-0.1226,0.004147,0.014,0.000218
2024-10-04,XLK,XLK,0.0,1.0,0.0,0.011131,0.0,0.011131,100.0443,-0.1129,0.011131,0.032254,0.000218
2024-10-07,XLK,XLK,0.0,1.0,0.0,-0.00688,0.0,-0.00688,99.356,-0.119,-0.00688,-0.019947,0.000219
2024-10-08,XLK,XLK,0.0,1.0,0.0,0.018682,0.0,0.018682,101.2122,-0.1025,0.018682,0.054118,0.0
2024-10-09,XLK,XLK,0.0,1.0,0.0,0.011188,0.0,0.011188,102.3445,-0.0925,0.011188,0.033036,0.000108
2024-10-10,XLK,XLK,0.0,1.0,0.0,-0.000261,0.0,-0.000261,102.3179,-0.0927,-0.000261,-0.002052,0.00011
2024-10-11,XLK,XLK,0.0,1.0,0.0,0.001737,0.0,0.001737,102.4956,-0.0911,0.001737,0.004005,0.000546
2024-10-14,XLK,XLK,0.0,1.0,0.0,0.013041,0.0,0.013041,103.8322,-0.0793,0.013041,0.037524,-0.000108
2024-10-15,XLK,XLK,0.0,1.0,0.0,-0.021983,0.0,-0.021983,101.5497,-0.0995,-0.021983,-0.061525,0.000328
2024-10-16,XLK,XLK,0.0,1.0,0.0,0.003105,0.0,0.003105,101.865,-0.0967,0.003105,0.005869,0.0
2024-10-17,XLK,XLK,0.0,1.0,0.0,0.003051,0.0,0.003051,102.1758,-0.0939,0.003051,0.01101,0.000218
2024-10-18,XLK,XLK,0.0,1.0,0.0,0.003564,0.0,0.003564,102.5399,-0.0907,0.003564,0.00686,0.000327
2024-10-21,XLK,XLK,0.0,1.0,0.0,0.004678,0.0,0.004678,103.0196,-0.0865,0.004678,0.015034,0.000218
2024-10-22,XLK,XLK,0.0,1.0,0.0,-0.001035,0.0,-0.001035,102.9129,-0.0874,-0.001035,-0.00277,0.000109
2024-10-23,XLK,XLK,0.0,1.0,0.0,-0.014326,0.0,-0.014326,101.4386,-0.1005,-0.014326,-0.043061,0.0
2024-10-24,XLK,XLK,0.0,1.0,0.0,0.002933,0.0,0.002933,101.7362,-0.0978,0.002933,0.00804,0.000108
2024-10-25,XLK,XLK,0.0,1.0,0.0,0.005194,0.0,0.005194,102.2646,-0.0932,0.005194,0.014067,0.000437
2024-10-28,XLK,XLK,0.0,1.0,0.0,-0.000304,0.0,-0.000304,102.2335,-0.0934,-0.000304,-0.000437,0.0
2024-10-29,XLK,TECL,0.0,1.0,0.0,0.013466,0.0,0.013466,103.6102,-0.0812,0.013466,0.039559,0.000218
2024-10-30,TECL,TECL,0.75,0.0,0.25,-0.035214,0.001,-0.036214,99.8581,-0.1145,-0.015901,-0.046988,0.000109
2024-10-31,TECL,TECL,0.75,0.0,0.25,-0.073324,0.0,-0.073324,92.5361,-0.1794,-0.032098,-0.097838,0.000218
2024-11-01,TECL,TECL,0.75,0.0,0.25,0.016611,0.0,0.016611,94.0732,-0.1658,0.007514,0.022007,0.000422
2024-11-04,TECL,TECL,0.75,0.0,0.25,-0.002098,0.0,-0.002098,93.8757,-0.1676,-0.000759,-0.002871,0.000219
2024-11-05,TECL,TECL,0.75,0.0,0.25,0.031403,0.0,0.031403,96.8237,-0.1414,0.014079,0.041871,0.0
2024-11-06,TECL,TECL,0.75,0.0,0.25,0.061979,0.0,0.061979,102.8248,-0.0882,0.028471,0.082566,0.000219
2024-11-07,TECL,TECL,0.75,0.0,0.25,0.040794,0.0,0.040794,107.0195,-0.051,0.017442,0.054356,0.000109
2024-11-08,TECL,TECL,0.75,0.0,0.25,-0.00342,0.0,-0.00342,106.6535,-0.0542,-0.001095,-0.004742,0.000546
2024-11-11,TECL,TECL,0.75,0.0,0.25,-0.011812,0.0,-0.011812,105.3938,-0.0654,-0.005524,-0.015712,-0.000109
2024-11-12,TECL,TECL,0.75,0.0,0.25,0.001572,0.0,0.001572,105.5595,-0.0639,0.001272,0.00206,0.000109
2024-11-13,TECL,TECL,0.75,0.0,0.25,-0.004339,0.0,-0.004339,105.1014,-0.068,-0.003472,-0.005858,0.000218
2024-11-14,TECL,TECL,0.75,0.0,0.25,-0.0107,0.0,-0.0107,103.9769,-0.078,-0.0034,-0.014266,0.0
2024-11-15,TECL,TECL,0.75,0.0,0.25,-0.054113,0.0,-0.054113,98.3503,-0.1279,-0.024816,-0.07226,0.000327
2024-11-18,TECL,TECL,0.75,0.0,0.25,0.00469,0.0,0.00469,98.8116,-0.1238,0.003236,0.006217,0.000109
2024-11-19,TECL,TECL,0.75,0.0,0.25,0.018703,0.0,0.018703,100.6597,-0.1074,0.008193,0.024828,0.000327
2024-11-20,TECL,TECL,0.75,0.0,0.25,-0.003754,0.0,-0.003754,100.2818,-0.1107,-0.000864,-0.005042,0.000109
2024-11-21,TECL,TECL,0.75,0.0,0.25,0.023578,0.0,0.023578,102.6462,-0.0898,0.010167,0.0314,0.000109
2024-11-22,TECL,TECL,0.75,0.0,0.25,0.000162,0.0,0.000162,102.6629,-0.0896,0.000514,0.000108,0.000327
2024-11-25,TECL,TECL,0.75,0.0,0.25,-0.000694,0.0,-0.000694,102.5916,-0.0903,-4.2e-05,-0.000962,0.000109
2024-11-26,TECL,TECL,0.75,0.0,0.25,0.011708,0.0,0.011708,103.7928,-0.0796,0.005008,0.015611,0.0
2024-11-27,TECL,TECL,0.75,0.0,0.25,-0.03079,0.0,-0.03079,100.597,-0.108,-0.013546,-0.041162,0.000327
2024-11-29,TECL,TECL,0.75,0.0,0.25,0.020065,0.0,0.020065,102.6154,-0.0901,0.009284,0.02668,0.000218
2024-12-02,TECL,TECL,0.75,0.0,0.25,0.021161,0.0,0.021161,104.7868,-0.0708,0.009498,0.028125,0.000268
2024-12-03,TECL,TECL,0.75,0.0,0.25,0.007856,0.0,0.007856,105.6101,-0.0635,0.003603,0.010402,0.000219
2024-12-04,TECL,TECL,0.75,0.0,0.25,0.041565,0.0,0.041565,109.9997,-0.0246,0.018286,0.055383,0.000109
2024-12-05,TECL,TECL,0.75,0.0,0.25,-0.012263,0.0,-0.012263,108.6508,-0.0365,-0.00506,-0.016387,0.00011
2024-12-06,TECL,TECL,0.75,0.0,0.25,0.007621,0.0,0.007621,109.4788,-0.0292,0.003876,0.010016,0.000437
2024-12-09,TECL,TECL,0.75,0.0,0.25,-0.013743,0.0,-0.013743,107.9743,-0.0425,-0.006518,-0.01836,0.00011
2024-12-10,TECL,TECL,0.75,0.0,0.25,-0.031902,0.0,-0.031902,104.5297,-0.0731,-0.013876,-0.042608,0.000218
2024-12-11,TECL,TECL,0.75,0.0,0.25,0.032544,0.0,0.032544,107.9316,-0.0429,0.014495,0.043356,0.00011
2024-12-12,TECL,TECL,0.75,0.0,0.25,-0.012529,0.0,-0.012529,106.5793,-0.0549,-0.005598,-0.016778,0.000218
2024-12-13,TECL,TECL,0.75,0.0,0.25,0.008792,0.0,0.008792,107.5164,-0.0466,0.004285,0.011614,0.000327
2024-12-16,TECL,TECL,0.75,0.0,0.25,0.022007,0.0,0.022007,109.8824,-0.0256,0.009998,0.029305,0.00011
2024-12-17,TECL,TECL,0.75,0.0,0.25,-0.013035,0.0,-0.013035,108.4502,-0.0383,-0.006047,-0.017416,0.000109
2024-12-18,TECL,TECL,0.75,0.0,0.25,-0.071617,0.0,-0.071617,100.6833,-0.1072,-0.032253,-0.095489,0.0
2024-12-19,TECL,TECL,0.75,0.0,0.25,0.000778,0.0,0.000778,100.7617,-0.1065,0.001077,0.000991,0.00014
2024-12-20,TECL,TECL,0.75,0.0,0.25,0.033844,0.0,0.033844,104.1719,-0.0762,0.014926,0.044979,0.000438
2024-12-23,TECL,TECL,0.75,0.0,0.25,0.021749,0.0,0.021749,106.4375,-0.0562,0.010595,0.028999,0.0
2024-12-24,TECL,TECL,0.75,0.0,0.25,0.022303,0.0,0.022303,108.8113,-0.0351,0.010333,0.029664,0.00022
2024-12-26,TECL,TECL,0.75,0.0,0.25,0.001917,0.0,0.001917,109.02,-0.0333,0.000665,0.002484,0.000218
2024-12-27,TECL,TECL,0.75,0.0,0.25,-0.030883,0.0,-0.030883,105.6531,-0.0631,-0.013295,-0.041323,0.000438
2024-12-30,TECL,TECL,0.75,0.0,0.25,-0.028841,0.0,-0.028841,102.606,-0.0901,-0.012716,-0.038455,0.0
2024-12-31,TECL,TECL,0.75,0.0,0.25,-0.01986,0.0,-0.01986,100.5682,-0.1082,-0.008317,-0.026553,0.000219
2025-01-02,TECL,TECL,0.75,0.0,0.25,-0.004584,0.0,-0.004584,100.1072,-0.1123,-0.002365,-0.006184,0.000218
2025-01-03,TECL,TECL,0.75,0.0,0.25,0.034865,0.0,0.034865,103.5974,-0.0813,0.016295,0.04645,0.00011
2025-01-06,TECL,TECL,0.75,0.0,0.25,0.028779,0.0,0.028779,106.5788,-0.0549,0.012726,0.038336,0.000108
2025-01-07,TECL,TECL,0.75,0.0,0.25,-0.04474,0.0,-0.04474,101.8106,-0.0972,-0.020063,-0.059726,0.000219
2025-01-08,TECL,TECL,0.75,0.0,0.25,-0.000435,0.0,-0.000435,101.7662,-0.0976,-0.000343,-0.000653,0.000218
2025-01-10,TECL,TECL,0.75,0.0,0.25,-0.049955,0.0,-0.049955,96.6825,-0.1427,-0.021806,-0.066717,0.000329
2025-01-13,TECL,TECL,0.75,0.0,0.25,-0.016854,0.0,-0.016854,95.053,-0.1571,-0.007081,-0.022508,0.000108
2025-01-14,TECL,TECL,0.75,0.0,0.25,0.006139,0.0,0.006139,95.6365,-0.1519,0.002642,0.008112,0.000219
2025-01-15,TECL,TECL,0.75,0.0,0.25,0.044406,0.0,0.044406,99.8834,-0.1143,0.019889,0.059172,0.00011
2025-01-16,TECL,TECL,0.75,0.0,0.25,-0.018184,0.0,-0.018184,98.0671,-0.1304,-0.007706,-0.024246,0.0
2025-01-17,TECL,TECL,0.75,0.0,0.25,0.034918,0.0,0.034918,101.4914,-0.1,0.015662,0.046375,0.000545
2025-01-21,TECL,TECL,0.75,0.0,0.25,0.017975,0.0,0.017975,103.3156,-0.0838,0.00833,0.023966,0.0
2025-01-22,TECL,TECL,0.75,0.0,0.25,0.046865,0.0,0.046865,108.1575,-0.0409,0.022579,0.062413,0.000219
2025-01-23,TECL,TECL,0.75,0.0,0.25,0.007394,0.0,0.007394,108.9572,-0.0338,0.001781,0.009859,0.0
2025-01-24,TECL,TECL,0.75,0.0,0.25,-0.023574,0.0,-0.023574,106.3886,-0.0566,-0.010421,-0.031578,0.000436
2025-01-27,TECL,TECL,0.75,0.0,0.25,-0.109826,0.0,-0.109826,94.7044,-0.1602,-0.049018,-0.146471,0.000109
2025-01-28,TECL,BIL,0.75,0.0,0.25,0.057664,0.0,0.057664,100.1654,-0.1118,0.026673,0.076885,0.0
2025-01-29,BIL,BIL,0.0,0.0,1.0,0.000108,0.00075,-0.000642,100.1011,-0.1123,-0.008132,-0.024284,0.000108
2025-01-30,BIL,TECL,0.0,0.0,1.0,0.000109,0.0,0.000109,100.1121,-0.1123,0.001856,0.004358,0.000109
2025-01-31,TECL,TECL,0.75,0.0,0.25,-0.013279,0.00075,-0.014029,98.7077,-0.1247,-0.005858,-0.017814,0.000327
2025-02-03,TECL,TECL,0.75,0.0,0.25,-0.030449,0.0,-0.030449,95.7021,-0.1514,-0.013474,-0.040693,0.000283
2025-02-04,TECL,TECL,0.75,0.0,0.25,0.031815,0.0,0.031815,98.7468,-0.1244,0.014405,0.04242,0.0
2025-02-05,TECL,TECL,0.75,0.0,0.25,0.032552,0.0,0.032552,101.9612,-0.0959,0.013897,0.043366,0.000109
2025-02-06,TECL,TECL,0.75,0.0,0.25,0.004819,0.0,0.004819,102.4525,-0.0915,0.002733,0.006352,0.000218
2025-02-07,TECL,TECL,0.75,0.0,0.25,-0.020375,0.0,-0.020375,100.3651,-0.11,-0.008559,-0.02724,0.00022
2025-02-10,TECL,TECL,0.75,0.0,0.25,0.033067,0.0,0.033067,103.6838,-0.0806,0.014603,0.044053,0.000109
2025-02-11,TECL,XLK,0.75,0.0,0.25,0.0006,0.0,0.0006,103.746,-0.08,0.000466,0.000763,0.000109
2025-02-12,XLK,XLK,0.0,1.0,0.0,-0.002158,0.001,-0.003158,103.4184,-0.0829,-0.002158,-0.005992,0.000109
2025-02-13,XLK,XLK,0.0,1.0,0.0,0.014163,0.0,0.014163,104.8831,-0.0699,0.014163,0.042088,0.000218
2025-02-14,XLK,XLK,0.0,1.0,0.0,0.003386,0.0,0.003386,105.2383,-0.0668,0.003386,0.007993,0.000327
2025-02-18,XLK,XLK,0.0,1.0,0.0,0.009127,0.0,0.009127,106.1988,-0.0583,0.009127,0.027649,0.000218
2025-02-19,XLK,XLK,0.0,1.0,0.0,8.3e-05,0.0,8.3e-05,106.2076,-0.0582,8.3e-05,-0.000101,0.00011
2025-02-20,XLK,XLK,0.0,1.0,0.0,-0.00318,0.0,-0.00318,105.8698,-0.0612,-0.00318,-0.009443,0.000218
2025-02-21,XLK,XLK,0.0,1.0,0.0,-0.027091,0.0,-0.027091,103.0017,-0.0866,-0.027091,-0.082522,0.000327
2025-02-24,XLK,XLK,0.0,1.0,0.0,-0.014306,0.0,-0.014306,101.5282,-0.0997,-0.014306,-0.043575,0.000109
2025-02-25,XLK,XLK,0.0,1.0,0.0,-0.012959,0.0,-0.012959,100.2125,-0.1114,-0.012959,-0.038785,0.0
2025-02-26,XLK,XLK,0.0,1.0,0.0,0.010897,0.0,0.010897,101.3046,-0.1017,0.010897,0.031964,0.000218
2025-02-27,XLK,XLK,0.0,1.0,0.0,-0.036407,0.0,-0.036407,97.6163,-0.1344,-0.036407,-0.107291,0.000109
2025-02-28,XLK,BIL,0.0,1.0,0.0,0.013209,0.0,0.013209,98.9057,-0.1229,0.013209,0.033378,0.000218
2025-03-03,BIL,BIL,0.0,0.0,1.0,0.000212,0.001,-0.000788,98.8278,-0.1236,-0.030418,-0.086429,0.000212
2025-03-04,BIL,BIL,0.0,0.0,1.0,0.0,0.0,0.0,98.8278,-0.1236,-0.000777,-0.005869,0.0
2025-03-05,BIL,BIL,0.0,0.0,1.0,0.000109,0.0,0.000109,98.8386,-0.1235,0.01405,0.041748,0.000109
2025-03-06,BIL,BIL,0.0,0.0,1.0,0.00011,0.0,0.00011,98.8494,-0.1234,-0.027756,-0.082444,0.00011
2025-03-07,BIL,BIL,0.0,0.0,1.0,0.000437,0.0,0.000437,98.8926,-0.1231,0.014484,0.040587,0.000437
2025-03-10,BIL,BIL,0.0,0.0,1.0,0.000109,0.0,0.000109,98.9034,-0.123,-0.04251,-0.125636,0.000109
2025-03-11,BIL,BIL,0.0,0.0,1.0,0.00011,0.0,0.00011,98.9142,-0.1229,-0.004063,-0.0139,0.00011
2025-03-12,BIL,BIL,0.0,0.0,1.0,0.000109,0.0,0.000109,98.925,-0.1228,0.015739,0.047369,0.000109
2025-03-13,BIL,BIL,0.0,0.0,1.0,0.000219,0.0,0.000219,98.9466,-0.1226,-0.01899,-0.056025,0.000219
2025-03-14,BIL,BIL,0.0,0.0,1.0,0.000219,0.0,0.000219,98.9683,-0.1224,0.030241,0.085543,0.000219
2025-03-17,BIL,BIL,0.0,0.0,1.0,0.000218,0.0,0.000218,98.9898,-0.1222,0.006964,0.021839,0.000218
2025-03-18,BIL,BIL,0.0,0.0,1.0,0.0,0.0,0.0,98.9898,-0.1222,-0.015224,-0.044836,0.0
2025-03-19,BIL,BIL,0.0,0.0,1.0,0.00011,0.0,0.00011,99.0007,-0.1221,0.013009,0.040527,0.00011
2025-03-20,BIL,BIL,0.0,0.0,1.0,0.000219,0.0,0.000219,99.0223,-0.1219,-0.007119,-0.02391,0.000219
2025-03-21,BIL,BIL,0.0,0.0,1.0,0.000327,0.0,0.000327,99.0547,-0.1216,0.002717,0.007549,0.000327
2025-03-24,BIL,BIL,0.0,0.0,1.0,0.0,0.0,0.0,99.0547,-0.1216,0.018939,0.05581,0.0
2025-03-25,BIL,BIL,0.0,0.0,1.0,0.000109,0.0,0.000109,99.0655,-0.1215,0.003308,0.009863,0.000109
2025-03-26,BIL,BIL,0.0,0.0,1.0,0.000109,0.0,0.000109,99.0763,-0.1214,-0.022304,-0.066311,0.000109
2025-03-27,BIL,BIL,0.0,0.0,1.0,0.000218,0.0,0.000218,99.0979,-0.1212,-0.009228,-0.027423,0.000218
2025-03-28,BIL,BIL,0.0,0.0,1.0,0.000327,0.0,0.000327,99.1303,-0.121,-0.024254,-0.07445,0.000327
2025-03-31,BIL,BIL,0.0,0.0,1.0,0.0,0.0,0.0,99.1303,-0.121,0.000485,0.002226,0.0
2025-04-01,BIL,BIL,0.0,0.0,1.0,0.000234,0.0,0.000234,99.1536,-0.1207,0.007314,0.020149,0.000234
2025-04-02,BIL,BIL,0.0,0.0,1.0,0.00011,0.0,0.00011,99.1644,-0.1207,0.007404,0.020925,0.00011
2025-04-03,BIL,BIL,0.0,0.0,1.0,0.000109,0.0,0.000109,99.1752,-0.1206,-0.068248,-0.200034,0.000109
2025-04-04,BIL,BIL,0.0,0.0,1.0,0.000328,0.0,0.000328,99.2077,-0.1203,-0.065871,-0.199631,0.000328
2025-04-07,BIL,BIL,0.0,0.0,1.0,0.00011,0.0,0.00011,99.2186,-0.1202,0.005977,0.013061,0.00011
2025-04-08,BIL,BIL,0.0,0.0,1.0,0.000218,0.0,0.000218,99.2402,-0.12,-0.020332,-0.05637,0.000218
2025-04-09,BIL,BIL,0.0,0.0,1.0,0.0,0.0,0.0,99.2402,-0.12,0.134257,0.388426,0.0
2025-04-10,BIL,BIL,0.0,0.0,1.0,0.00011,0.0,0.00011,99.2511,-0.1199,-0.046551,-0.13467,0.00011
2025-04-11,BIL,BIL,0.0,0.0,1.0,0.000437,0.0,0.000437,99.2945,-0.1195,0.020476,0.05797,0.000437
2025-04-14,BIL,BIL,0.0,0.0,1.0,0.0,0.0,0.0,99.2945,-0.1195,0.009125,0.025713,0.0
2025-04-15,BIL,BIL,0.0,0.0,1.0,0.000218,0.0,0.000218,99.3162,-0.1193,0.003647,0.011712,0.000218
2025-04-16,BIL,BIL,0.0,0.0,1.0,0.00011,0.0,0.00011,99.327,-0.1192,-0.034745,-0.103168,0.00011
2025-04-17,BIL,BIL,0.0,0.0,1.0,0.000437,0.0,0.000437,99.3704,-0.1188,-0.005415,-0.018569,0.000437
2025-04-21,BIL,BIL,0.0,0.0,1.0,0.000109,0.0,0.000109,99.3813,-0.1187,-0.025821,-0.07845,0.000109
2025-04-22,BIL,BIL,0.0,0.0,1.0,0.0,0.0,0.0,99.3813,-0.1187,0.024377,0.069604,0.0
2025-04-23,BIL,BIL,0.0,0.0,1.0,0.000218,0.0,0.000218,99.403,-0.1185,0.028993,0.088483,0.000218
2025-04-24,BIL,BIL,0.0,0.0,1.0,0.0,0.0,0.0,99.403,-0.1185,0.037316,0.112905,0.0
2025-04-25,BIL,BIL,0.0,0.0,1.0,0.000437,0.0,0.000437,99.4464,-0.1182,0.014798,0.042319,0.000437
2025-04-28,BIL,BIL,0.0,0.0,1.0,0.000109,0.0,0.000109,99.4572,-0.1181,-0.001631,-0.003893,0.000109
2025-04-29,BIL,BIL,0.0,0.0,1.0,0.0,0.0,0.0,99.4572,-0.1181,0.00466,0.013586,0.0
2025-04-30,BIL,BIL,0.0,0.0,1.0,0.000108,0.0,0.000108,99.468,-0.118,0.004161,0.013221,0.000108
2025-05-01,BIL,BIL,0.0,0.0,1.0,0.000236,0.0,0.000236,99.4915,-0.1178,0.014669,0.042587,0.000236
2025-05-02,BIL,BIL,0.0,0.0,1.0,0.000328,0.0,0.000328,99.5241,-0.1175,0.016709,0.047454,0.000328
2025-05-05,BIL,BIL,0.0,0.0,1.0,0.0,0.0,0.0,99.5241,-0.1175,-0.005309,-0.015931,0.0
2025-05-06,BIL,BIL,0.0,0.0,1.0,0.000219,0.0,0.000219,99.5459,-0.1173,-0.008308,-0.024958,0.000219
2025-05-07,BIL,BIL,0.0,0.0,1.0,0.0,0.0,0.0,99.5459,-0.1173,0.010015,0.030958,0.0
2025-05-08,BIL,BIL,0.0,0.0,1.0,0.000219,0.0,0.000219,99.5676,-0.1171,0.009545,0.026339,0.000219
2025-05-09,BIL,BIL,0.0,0.0,1.0,0.000329,0.0,0.000329,99.6004,-0.1168,-0.001239,-0.000654,0.000329
2025-05-12,BIL,BIL,0.0,0.0,1.0,0.0,0.0,0.0,99.6004,-0.1168,0.046415,0.136408,0.0
2025-05-13,BIL,BIL,0.0,0.0,1.0,0.000218,0.0,0.000218,99.6221,-0.1166,0.021608,0.063471,0.000218
2025-05-14,BIL,BIL,0.0,0.0,1.0,0.0,0.0,0.0,99.6221,-0.1166,0.006492,0.019624,0.0
2025-05-15,BIL,BIL,0.0,0.0,1.0,0.000109,0.0,0.000109,99.633,-0.1165,0.001367,0.003716,0.000109
2025-05-16,BIL,XLK,0.0,0.0,1.0,0.000437,0.0,0.000437,99.6765,-0.1161,0.001876,0.005554,0.000437
2025-05-19,XLK,XLK,0.0,1.0,0.0,-0.001447,0.001,-0.002447,99.4326,-0.1183,-0.001447,-0.005129,0.0
2025-05-20,XLK,XLK,0.0,1.0,0.0,-0.003752,0.0,-0.003752,99.0595,-0.1216,-0.003752,-0.011103,0.000218
2025-05-21,XLK,XLK,0.0,1.0,0.0,-0.018787,0.0,-0.018787,97.1985,-0.1381,-0.018787,-0.056142,0.000109
2025-05-22,XLK,XLK,0.0,1.0,0.0,0.000262,0.0,0.000262,97.2239,-0.1379,0.000262,-0.000142,0.000218
2025-05-23,XLK,XLK,0.0,1.0,0.0,-0.011032,0.0,-0.011032,96.1514,-0.1474,-0.011032,-0.031869,0.000436
2025-05-27,XLK,XLK,0.0,1.0,0.0,0.023764,0.0,0.023764,98.4363,-0.1271,0.023764,0.068032,0.0
2025-05-28,XLK,XLK,0.0,1.0,0.0,-0.004135,0.0,-0.004135,98.0293,-0.1307,-0.004135,-0.012192,0.000109
2025-05-29,XLK,XLK,0.0,1.0,0.0,0.001687,0.0,0.001687,98.1947,-0.1293,0.001687,0.004993,0.000109
2025-05-30,XLK,XLK,0.0,1.0,0.0,-0.003108,0.0,-0.003108,97.8895,-0.132,-0.003108,-0.010625,0.000327
2025-06-02,XLK,XLK,0.0,1.0,0.0,0.008834,0.0,0.008834,98.7543,-0.1243,0.008834,0.025663,0.00018
2025-06-03,XLK,XLK,0.0,1.0,0.0,0.015025,0.0,0.015025,100.2381,-0.1111,0.015025,0.044736,0.000218
2025-06-04,XLK,XLK,0.0,1.0,0.0,0.001479,0.0,0.001479,100.3864,-0.1098,0.001479,0.004947,0.0
2025-06-05,XLK,XLK,0.0,1.0,0.0,-0.002829,0.0,-0.002829,100.1023,-0.1123,-0.002829,-0.010232,0.00011
2025-06-06,XLK,XLK,0.0,1.0,0.0,0.009444,0.0,0.009444,101.0477,-0.104,0.009444,0.028396,0.000328
2025-06-09,XLK,XLK,0.0,1.0,0.0,0.004908,0.0,0.004908,101.5437,-0.0996,0.004908,0.014632,0.000219
2025-06-10,XLK,XLK,0.0,1.0,0.0,0.005594,0.0,0.005594,102.1118,-0.0945,0.005594,0.016052,0.000109
2025-06-11,XLK,XLK,0.0,1.0,0.0,-0.0022,0.0,-0.0022,101.8871,-0.0965,-0.0022,-0.006418,0.0
2025-06-12,XLK,XLK,0.0,1.0,0.0,0.009278,0.0,0.009278,102.8325,-0.0881,0.009278,0.027205,0.000109
2025-06-13,XLK,XLK,0.0,1.0,0.0,-0.014017,0.0,-0.014017,101.3911,-0.1009,-0.014017,-0.043537,0.000438
2025-06-16,XLK,XLK,0.0,1.0,0.0,0.016181,0.0,0.016181,103.0317,-0.0864,0.016181,0.049564,0.0
2025-06-17,XLK,TECL,0.0,1.0,0.0,-0.007077,0.0,-0.007077,102.3025,-0.0928,-0.007077,-0.02349,0.000218
2025-06-18,TECL,TECL,0.75,0.0,0.25,0.003941,0.001,0.002941,102.6034,-0.0902,0.001202,0.005181,0.000219
2025-06-20,TECL,TECL,0.75,0.0,0.25,-0.011359,0.0,-0.011359,101.4379,-0.1005,-0.004429,-0.015219,0.000219
2025-06-23,TECL,TECL,0.75,0.0,0.25,0.026319,0.0,0.026319,104.1076,-0.0768,0.011401,0.035019,0.000219
2025-06-24,TECL,TECL,0.75,0.0,0.25,0.040193,0.0,0.040193,108.2921,-0.0397,0.017951,0.053591,0.0
2025-06-25,TECL,TECL,0.75,0.0,0.25,0.019016,0.0,0.019016,110.3514,-0.0215,0.008534,0.025319,0.000109
2025-06-26,TECL,TECL,0.75,0.0,0.25,0.016033,0.0,0.016033,112.1206,-0.0058,0.006898,0.021341,0.000109
2025-06-27,TECL,TECL,0.75,0.0,0.25,-0.00383,0.0,-0.00383,111.6912,-0.0096,-0.001195,-0.005252,0.000437
2025-06-30,TECL,TECL,0.75,0.0,0.25,0.021885,0.0,0.021885,114.1355,0.0,0.009809,0.029143,0.000109
2025-07-01,TECL,TECL,0.75,0.0,0.25,-0.019671,0.0,-0.019671,111.8904,-0.0197,-0.008925,-0.026288,0.000179
2025-07-02,TECL,TECL,0.75,0.0,0.25,0.02365,0.0,0.02365,114.5366,0.0,0.010559,0.031497,0.00011
2025-07-03,TECL,TECL,0.75,0.0,0.25,0.028065,0.0,0.028065,117.7511,0.0,0.01317,0.037238,0.000546
2025-07-07,TECL,TECL,0.75,0.0,0.25,-0.018282,0.0,-0.018282,115.5984,-0.0183,-0.007939,-0.024412,0.00011
2025-07-08,TECL,TECL,0.75,0.0,0.25,0.011276,0.0,0.011276,116.9019,-0.0072,0.005374,0.015034,0.0
2025-07-09,TECL,TECL,0.75,0.0,0.25,0.01339,0.0,0.01339,118.4672,0.0,0.006009,0.017817,0.00011
2025-07-10,TECL,TECL,0.75,0.0,0.25,-0.007732,0.0,-0.007732,117.5513,-0.0077,-0.003297,-0.010381,0.000218
2025-07-11,TECL,TECL,0.75,0.0,0.25,-0.010126,0.0,-0.010126,116.3609,-0.0178,-0.004397,-0.013574,0.000218
2025-07-14,TECL,TECL,0.75,0.0,0.25,-0.001693,0.0,-0.001693,116.1639,-0.0194,-0.000821,-0.002294,0.00011
2025-07-15,TECL,TECL,0.75,0.0,0.25,0.018445,0.0,0.018445,118.3065,-0.0014,0.008879,0.024556,0.00011
2025-07-16,TECL,TECL,0.75,0.0,0.25,0.007397,0.0,0.007397,119.1817,0.0,0.003102,0.00979,0.000218
2025-07-17,TECL,TECL,0.75,0.0,0.25,0.020604,0.0,0.020604,121.6374,0.0,0.009083,0.027473,0.0
2025-07-18,TECL,TECL,0.75,0.0,0.25,-0.002176,0.0,-0.002176,121.3727,-0.0022,-0.000652,-0.003047,0.000437
2025-07-21,TECL,TECL,0.75,0.0,0.25,0.004269,0.0,0.004269,121.8908,0.0,0.001303,0.005619,0.000218
2025-07-22,TECL,TECL,0.75,0.0,0.25,-0.023504,0.0,-0.023504,119.0259,-0.0235,-0.009263,-0.031375,0.000109
2025-07-23,TECL,TECL,0.75,0.0,0.25,0.0143,0.0,0.0143,120.728,-0.0095,0.005718,0.01903,0.000109
2025-07-24,TECL,TECL,0.75,0.0,0.25,0.008567,0.0,0.008567,121.7623,-0.0011,0.004226,0.011423,0.0
2025-07-25,TECL,TECL,0.75,0.0,0.25,0.005828,0.0,0.005828,122.4719,0.0,0.002296,0.007661,0.000327
2025-07-28,TECL,TECL,0.75,0.0,0.25,0.017351,0.0,0.017351,124.5969,0.0,0.007978,0.023099,0.000108
2025-07-29,TECL,TECL,0.75,0.0,0.25,-0.000615,0.0,-0.000615,124.5202,-0.0006,3.7e-05,-0.000857,0.000109
2025-07-30,TECL,TECL,0.75,0.0,0.25,0.004818,0.0,0.004818,125.1202,0.0,0.002235,0.006388,0.000109
2025-07-31,TECL,TECL,0.75,0.0,0.25,-0.017595,0.0,-0.017595,122.9187,-0.0176,-0.00733,-0.023496,0.000108
2025-08-01,TECL,TECL,0.75,0.0,0.25,-0.047045,0.0,-0.047045,117.136,-0.0638,-0.02158,-0.06287,0.000431
2025-08-04,TECL,TECL,0.75,0.0,0.25,0.043588,0.0,0.043588,122.2417,-0.023,0.020306,0.05808,0.000109
2025-08-05,TECL,TECL,0.75,0.0,0.25,-0.015411,0.0,-0.015411,120.3579,-0.0381,-0.008273,-0.020548,0.0
2025-08-06,TECL,TECL,0.75,0.0,0.25,0.023683,0.0,0.023683,123.2083,-0.0153,0.011264,0.031468,0.000328
2025-08-07,TECL,TECL,0.75,0.0,0.25,0.000872,0.0,0.000872,123.3158,-0.0144,0.000913,0.001163,0.0
2025-08-08,TECL,TECL,0.75,0.0,0.25,0.021122,0.0,0.021122,125.9205,0.0,0.009989,0.028054,0.000328
2025-08-11,TECL,TECL,0.75,0.0,0.25,-0.013806,0.0,-0.013806,124.1821,-0.0138,-0.006769,-0.018444,0.000109
2025-08-12,TECL,TECL,0.75,0.0,0.25,0.032958,0.0,0.032958,128.275,0.0,0.015486,0.043908,0.000109
2025-08-13,TECL,TECL,0.75,0.0,0.25,0.001267,0.0,0.001267,128.4375,0.0,0.000373,0.001653,0.000109
2025-08-14,TECL,TECL,0.75,0.0,0.25,-0.00458,0.0,-0.00458,127.8493,-0.0046,-0.002162,-0.006143,0.000109
2025-08-15,TECL,TECL,0.75,0.0,0.25,-0.01788,0.0,-0.01788,125.5634,-0.0224,-0.007582,-0.023985,0.000437
2025-08-18,TECL,TECL,0.75,0.0,0.25,0.003828,0.0,0.003828,126.044,-0.0186,0.002145,0.005104,0.0
2025-08-19,TECL,TECL,0.75,0.0,0.25,-0.039089,0.0,-0.039089,121.1171,-0.057,-0.017464,-0.052192,0.000218
2025-08-20,TECL,TECL,0.75,0.0,0.25,-0.015349,0.0,-0.015349,119.2581,-0.0715,-0.006766,-0.020538,0.000218
2025-08-21,TECL,TECL,0.75,0.0,0.25,-0.008433,0.0,-0.008433,118.2524,-0.0793,-0.003617,-0.011244,0.0
2025-08-22,TECL,TECL,0.75,0.0,0.25,0.030279,0.0,0.030279,121.8329,-0.0514,0.013558,0.040263,0.000327
2025-08-25,TECL,TECL,0.75,0.0,0.25,-0.005365,0.0,-0.005365,121.1793,-0.0565,-0.002249,-0.007189,0.000109
2025-08-26,TECL,TECL,0.75,0.0,0.25,0.01022,0.0,0.01022,122.4177,-0.0469,0.004583,0.01359,0.000109
2025-08-27,TECL,TECL,0.75,0.0,0.25,0.010817,0.0,0.010817,123.7419,-0.0366,0.005399,0.014387,0.000109
2025-08-28,TECL,TECL,0.75,0.0,0.25,0.017828,0.0,0.017828,125.948,-0.0194,0.007903,0.023734,0.000109
2025-08-29,TECL,TECL,0.75,0.0,0.25,-0.034242,0.0,-0.034242,121.6353,-0.053,-0.015344,-0.045801,0.000436
2025-09-02,TECL,TECL,0.75,0.0,0.25,-0.022752,0.0,-0.022752,118.8678,-0.0745,-0.010098,-0.03042,0.000252
2025-09-03,TECL,TECL,0.75,0.0,0.25,0.012098,0.0,0.012098,120.3059,-0.0633,0.005966,0.016095,0.000109
2025-09-04,TECL,TECL,0.75,0.0,0.25,0.010882,0.0,0.010882,121.615,-0.0531,0.004936,0.014436,0.000219
2025-09-05,TECL,TECL,0.75,0.0,0.25,0.001639,0.0,0.001639,121.8143,-0.0516,0.000838,0.002076,0.000328
2025-09-08,TECL,TECL,0.75,0.0,0.25,0.016595,0.0,0.016595,123.8358,-0.0358,0.007494,0.02209,0.000109
2025-09-09,TECL,TECL,0.75,0.0,0.25,0.004659,0.0,0.004659,124.4127,-0.0313,0.001925,0.006175,0.00011
2025-09-10,TECL,TECL,0.75,0.0,0.25,0.039944,0.0,0.039944,129.3823,0.0,0.018128,0.053223,0.000109
2025-09-11,TECL,TECL,0.75,0.0,0.25,0.005353,0.0,0.005353,130.075,0.0,0.003369,0.007101,0.00011
2025-09-12,TECL,TECL,0.75,0.0,0.25,0.000285,0.0,0.000285,130.1121,0.0,-0.000664,0.000271,0.000328
2025-09-15,TECL,TECL,0.75,0.0,0.25,0.019686,0.0,0.019686,132.6735,0.0,0.009008,0.026212,0.000109
2025-09-16,TECL,TECL,0.75,0.0,0.25,-0.007834,0.0,-0.007834,131.6341,-0.0078,-0.003476,-0.010482,0.000109
2025-09-17,TECL,TECL,0.75,0.0,0.25,-0.005914,0.0,-0.005914,130.8556,-0.0137,-0.003451,-0.007922,0.00011
2025-09-18,TECL,TECL,0.75,0.0,0.25,0.035825,0.0,0.035825,135.5435,0.0,0.017279,0.04773,0.000109
2025-09-19,TECL,TECL,0.75,0.0,0.25,0.022202,0.0,0.022202,138.5529,0.0,0.010141,0.029458,0.000436
2025-09-22,TECL,TECL,0.75,0.0,0.25,0.033965,0.0,0.033965,143.2589,0.0,0.014711,0.04525,0.00011
2025-09-23,TECL,TECL,0.75,0.0,0.25,-0.020293,0.0,-0.020293,140.3517,-0.0203,-0.008632,-0.027057,0.0
2025-09-24,TECL,TECL,0.75,0.0,0.25,-0.012153,0.0,-0.012153,138.646,-0.0322,-0.006173,-0.016277,0.000217
2025-09-25,TECL,TECL,0.75,0.0,0.25,-0.005488,0.0,-0.005488,137.8851,-0.0375,-0.00176,-0.007317,0.0
2025-09-26,TECL,TECL,0.75,0.0,0.25,0.006113,0.0,0.006113,138.728,-0.0316,0.003022,0.008041,0.000328
2025-09-29,TECL,TECL,0.75,0.0,0.25,0.01087,0.0,0.01087,140.236,-0.0211,0.005344,0.014458,0.000109
2025-09-30,TECL,TECL,0.75,0.0,0.25,0.014006,0.0,0.014006,142.2002,-0.0074,0.005458,0.018675,0.0
2025-10-01,TECL,TECL,0.75,0.0,0.25,0.021042,0.0,0.021042,145.1923,0.0,0.009792,0.027981,0.000224
2025-10-02,TECL,TECL,0.75,0.0,0.25,0.01264,0.0,0.01264,147.0276,0.0,0.005411,0.016817,0.00011
2025-10-03,TECL,TECL,0.75,0.0,0.25,-0.01258,0.0,-0.01258,145.1779,-0.0126,-0.005032,-0.016847,0.000218
2025-10-06,TECL,TECL,0.75,0.0,0.25,0.022589,0.0,0.022589,148.4573,0.0,0.010115,0.030045,0.000219
2025-10-07,TECL,TECL,0.75,0.0,0.25,-0.01504,0.0,-0.01504,146.2245,-0.015,-0.006676,-0.020053,0.0
2025-10-08,TECL,TECL,0.75,0.0,0.25,0.0379,0.0,0.0379,151.7665,0.0,0.017538,0.050461,0.000218
2025-10-09,TECL,TECL,0.75,0.0,0.25,-0.002325,0.0,-0.002325,151.4137,-0.0023,-0.001686,-0.003099,0.0
2025-10-10,TECL,TECL,0.75,0.0,0.25,-0.08988,0.0,-0.08988,137.8047,-0.092,-0.040696,-0.119985,0.000437
2025-10-13,TECL,TECL,0.75,0.0,0.25,0.051693,0.0,0.051693,144.9282,-0.0451,0.024354,0.068888,0.000108
2025-10-14,TECL,TECL,0.75,0.0,0.25,-0.028447,0.0,-0.028447,140.8054,-0.0722,-0.012834,-0.037929,0.0
2025-10-15,TECL,TECL,0.75,0.0,0.25,0.020823,0.0,0.020823,143.7375,-0.0529,0.00991,0.027728,0.00011
2025-10-16,TECL,TECL,0.75,0.0,0.25,0.002415,0.0,0.002415,144.0845,-0.0506,0.000739,0.003183,0.00011
2025-10-17,TECL,TECL,0.75,0.0,0.25,0.002732,0.0,0.002732,144.4782,-0.048,0.001757,0.00357,0.000218
2025-10-20,TECL,TECL,0.75,0.0,0.25,0.024896,0.0,0.024896,148.0752,-0.0243,0.011158,0.033122,0.000218
2025-10-21,TECL,TECL,0.75,0.0,0.25,0.001894,0.0,0.001894,148.3556,-0.0225,0.00052,0.002525,0.0
2025-10-22,TECL,TECL,0.75,0.0,0.25,-0.022957,0.0,-0.022957,144.9498,-0.0449,-0.009884,-0.030682,0.000219
2025-10-23,TECL,TECL,0.75,0.0,0.25,0.026838,0.0,0.026838,148.84,-0.0193,0.01261,0.035748,0.000108
2025-10-24,TECL,TECL,0.75,0.0,0.25,0.035375,0.0,0.035375,154.1053,0.0,0.015532,0.047058,0.000327
2025-10-27,TECL,TECL,0.75,0.0,0.25,0.041549,0.0,0.041549,160.5082,0.0,0.018462,0.055399,0.0
2025-10-28,TECL,TECL,0.75,0.0,0.25,0.021955,0.0,0.021955,164.0322,0.0,0.009899,0.029237,0.000109
2025-10-29,TECL,TECL,0.75,0.0,0.25,0.015572,0.0,0.015572,166.5865,0.0,0.007187,0.020654,0.000327
2025-10-30,TECL,TECL,0.75,0.0,0.25,-0.026277,0.0,-0.026277,162.2091,-0.0263,-0.012298,-0.035036,0.0
2025-10-31,TECL,TECL,0.75,0.0,0.25,0.001175,0.0,0.001175,162.3996,-0.0251,0.000966,0.001493,0.000219
2025-11-03,TECL,TECL,0.75,0.0,0.25,0.008524,0.0,0.008524,163.7839,-0.0168,0.004091,0.011316,0.000145
2025-11-04,TECL,TECL,0.75,0.0,0.25,-0.05867,0.0,-0.05867,154.1747,-0.0745,-0.026399,-0.078263,0.000109
2025-11-05,TECL,TECL,0.75,0.0,0.25,0.007933,0.0,0.007933,155.3978,-0.0672,0.003912,0.010541,0.000109
2025-11-06,TECL,TECL,0.75,0.0,0.25,-0.043729,0.0,-0.043729,148.6024,-0.108,-0.020095,-0.058341,0.000109
2025-11-07,TECL,TECL,0.75,0.0,0.25,-0.010117,0.0,-0.010117,147.0991,-0.117,-0.003459,-0.013598,0.000328
2025-11-10,TECL,TECL,0.75,0.0,0.25,0.057501,0.0,0.057501,155.5575,-0.0662,0.025576,0.076596,0.000219
2025-11-11,TECL,TECL,0.75,0.0,0.25,-0.019235,0.0,-0.019235,152.5654,-0.0842,-0.008527,-0.02561,-0.000109
2025-11-12,TECL,TECL,0.75,0.0,0.25,0.006395,0.0,0.006395,153.541,-0.0783,0.003106,0.00849,0.000109
2025-11-13,TECL,TECL,0.75,0.0,0.25,-0.057733,0.0,-0.057733,144.6767,-0.1315,-0.024939,-0.077013,0.000109
2025-11-14,TECL,TECL,0.75,0.0,0.25,0.013672,0.0,0.013672,146.6547,-0.1196,0.005443,0.018084,0.000437
2025-11-17,TECL,TECL,0.75,0.0,0.25,-0.036694,0.0,-0.036694,141.2734,-0.152,-0.015652,-0.048925,0.0
2025-11-18,TECL,TECL,0.75,0.0,0.25,-0.036622,0.0,-0.036622,136.0997,-0.183,-0.016253,-0.048902,0.000218
2025-11-19,TECL,XLK,0.75,0.0,0.25,0.015502,0.0,0.015502,138.2095,-0.1703,0.006952,0.02067,0.0
2025-11-20,XLK,XLK,0.0,1.0,0.0,-0.031391,0.001,-0.032391,133.7328,-0.1972,-0.031391,-0.094253,0.000218
2025-11-21,XLK,XLK,0.0,1.0,0.0,0.003858,0.0,0.003858,134.2487,-0.1941,0.003858,0.010248,0.000218
2025-11-24,XLK,XLK,0.0,1.0,0.0,0.023829,0.0,0.023829,137.4477,-0.1749,0.023829,0.073588,0.0
2025-11-25,XLK,XLK,0.0,1.0,0.0,0.002681,0.0,0.002681,137.8162,-0.1727,0.002681,0.005755,0.000218
2025-11-26,XLK,XLK,0.0,1.0,0.0,0.011838,0.0,0.011838,139.4477,-0.1629,0.011838,0.035016,0.000109
2025-11-28,XLK,XLK,0.0,1.0,0.0,0.008598,0.0,0.008598,140.6467,-0.1557,0.008598,0.024012,0.000327
2025-12-01,XLK,XLK,0.0,1.0,0.0,0.000454,0.0,0.000454,140.7106,-0.1553,0.000454,0.001933,0.000123
2025-12-02,XLK,XLK,0.0,1.0,0.0,0.010302,0.0,0.010302,142.1602,-0.1466,0.010302,0.03016,0.000328
2025-12-03,XLK,XLK,0.0,1.0,0.0,0.002385,0.0,0.002385,142.4992,-0.1446,0.002385,0.00648,0.000109
2025-12-04,XLK,XLK,0.0,1.0,0.0,0.003725,0.0,0.003725,143.03,-0.1414,0.003725,0.010006,0.000109
2025-12-05,XLK,XLK,0.0,1.0,0.0,0.007318,0.0,0.007318,144.0767,-0.1351,0.007318,0.021427,0.000219
2025-12-08,XLK,XLK,0.0,1.0,0.0,0.007026,0.0,0.007026,145.0889,-0.129,0.007026,0.021128,0.000109
2025-12-09,XLK,XLK,0.0,1.0,0.0,0.002642,0.0,0.002642,145.4722,-0.1267,0.002642,0.007584,0.000219
2025-12-10,XLK,XLK,0.0,1.0,0.0,0.004797,0.0,0.004797,146.17,-0.1226,0.004797,0.015822,0.0
2025-12-11,XLK,TECL,0.0,1.0,0.0,-0.00511,0.0,-0.00511,145.4231,-0.127,-0.00511,-0.016509,0.000109
2025-12-12,TECL,TECL,0.75,0.0,0.25,-0.066334,0.001,-0.067334,135.6311,-0.1858,-0.028925,-0.088592,0.000437
2025-12-15,TECL,TECL,0.75,0.0,0.25,-0.020272,0.0,-0.020272,132.8816,-0.2023,-0.009673,-0.027029,0.0
2025-12-16,TECL,TECL,0.75,0.0,0.25,0.003116,0.0,0.003116,133.2957,-0.1998,0.001827,0.004118,0.00011
2025-12-17,TECL,TECL,0.75,0.0,0.25,-0.049851,0.0,-0.049851,126.6508,-0.2397,-0.022237,-0.066504,0.000109
2025-12-18,TECL,TECL,0.75,0.0,0.25,0.034121,0.0,0.034121,130.9722,-0.2138,0.015425,0.045438,0.000168
2025-12-19,TECL,TECL,0.75,0.0,0.25,0.047838,0.0,0.047838,137.2376,-0.1762,0.021619,0.063674,0.00033
2025-12-22,TECL,TECL,0.75,0.0,0.25,0.012548,0.0,0.012548,138.9597,-0.1658,0.005395,0.016731,0.0
2025-12-23,TECL,TECL,0.75,0.0,0.25,0.011226,0.0,0.011226,140.5196,-0.1565,0.005442,0.014967,0.0
2025-12-24,TECL,TECL,0.75,0.0,0.25,0.006009,0.0,0.006009,141.364,-0.1514,0.002398,0.007903,0.000329
2025-12-26,TECL,TECL,0.75,0.0,0.25,0.00184,0.0,0.00184,141.6241,-0.1498,0.001572,0.002344,0.000328
2025-12-29,TECL,TECL,0.75,0.0,0.25,-0.009798,0.0,-0.009798,140.2365,-0.1582,-0.004504,-0.013064,0.0
2025-12-30,TECL,TECL,0.75,0.0,0.25,-0.007327,0.0,-0.007327,139.209,-0.1643,-0.003153,-0.009806,0.000109
2025-12-31,TECL,TECL,0.75,0.0,0.25,-0.02281,0.0,-0.02281,136.0336,-0.1834,-0.009903,-0.03045,0.00011
2026-01-02,TECL,TECL,0.75,0.0,0.25,0.004386,0.0,0.004386,136.6303,-0.1798,0.002292,0.005703,0.000438
2026-01-05,TECL,TECL,0.75,0.0,0.25,0.005331,0.0,0.005331,137.3587,-0.1755,0.002218,0.007108,0.0
2026-01-06,TECL,TECL,0.75,0.0,0.25,0.031162,0.0,0.031162,141.639,-0.1498,0.014037,0.041513,0.00011
2026-01-07,TECL,TECL,0.75,0.0,0.25,-0.002366,0.0,-0.002366,141.3039,-0.1518,-0.000818,-0.003227,0.000218
2026-01-08,TECL,TECL,0.75,0.0,0.25,-0.034726,0.0,-0.034726,136.3971,-0.1812,-0.015628,-0.046301,0.0
2026-01-09,TECL,TECL,0.75,0.0,0.25,0.029273,0.0,0.029273,140.3898,-0.1573,0.013241,0.038958,0.000218
2026-01-12,TECL,TECL,0.75,0.0,0.25,0.009586,0.0,0.009586,141.7356,-0.1492,0.004379,0.012744,0.00011
2026-01-13,TECL,TECL,0.75,0.0,0.25,-0.004631,0.0,-0.004631,141.0792,-0.1531,-0.002112,-0.006211,0.00011
2026-01-14,TECL,TECL,0.75,0.0,0.25,-0.028463,0.0,-0.028463,137.0636,-0.1772,-0.012152,-0.037987,0.000109
2026-01-15,TECL,TECL,0.75,0.0,0.25,0.011643,0.0,0.011643,138.6595,-0.1676,0.005252,0.015525,0.0
2026-01-16,TECL,TECL,0.75,0.0,0.25,0.002228,0.0,0.002228,138.9684,-0.1658,0.0011,0.002825,0.000437
2026-01-20,TECL,TECL,0.75,0.0,0.25,-0.058968,0.0,-0.058968,130.7737,-0.215,-0.025958,-0.078624,0.0
2026-01-21,TECL,TECL,0.75,0.0,0.25,0.031454,0.0,0.031454,134.8871,-0.1903,0.013889,0.041902,0.00011
2026-01-22,TECL,TECL,0.75,0.0,0.25,0.016468,0.0,0.016468,137.1084,-0.177,0.007441,0.021921,0.000108
2026-01-23,TECL,TECL,0.75,0.0,0.25,0.002869,0.0,0.002869,137.5018,-0.1746,0.001449,0.003716,0.000329
2026-01-26,TECL,TECL,0.75,0.0,0.25,0.015019,0.0,0.015019,139.5669,-0.1622,0.006824,0.020025,0.0
2026-01-27,TECL,XLK,0.75,0.0,0.25,0.03028,0.0,0.03028,143.7929,-0.1368,0.013486,0.040337,0.000108
2026-01-28,XLK,XLK,0.0,1.0,0.0,0.007971,0.001,0.006971,144.7953,-0.1308,0.007971,0.022835,0.00011
2026-01-29,XLK,XLK,0.0,1.0,0.0,-0.015815,0.0,-0.015815,142.5053,-0.1446,-0.015815,-0.048682,0.000218
2026-01-30,XLK,XLK,0.0,1.0,0.0,-0.020358,0.0,-0.020358,139.6042,-0.162,-0.020358,-0.059403,0.000219
2026-02-02,XLK,XLK,0.0,1.0,0.0,0.009591,0.0,0.009591,140.9432,-0.1539,0.009591,0.026856,0.000152
2026-02-03,XLK,XLK,0.0,1.0,0.0,-0.021892,0.0,-0.021892,137.8577,-0.1725,-0.021892,-0.064372,0.0
2026-02-04,XLK,XLK,0.0,1.0,0.0,-0.027872,0.0,-0.027872,134.0154,-0.1955,-0.027872,-0.083679,0.000219
2026-02-05,XLK,XLK,0.0,1.0,0.0,-0.018027,0.0,-0.018027,131.5994,-0.21,-0.018027,-0.054222,0.0
2026-02-06,XLK,XLK,0.0,1.0,0.0,0.040551,0.0,0.040551,136.9359,-0.178,0.040551,0.118406,0.000328
2026-02-09,XLK,BIL,0.0,1.0,0.0,0.015731,0.0,0.015731,139.09,-0.1651,0.015731,0.047446,0.0
2026-02-10,BIL,BIL,0.0,0.0,1.0,0.000109,0.001,-0.000891,138.9661,-0.1658,-0.005581,-0.016253,0.000109
2026-02-11,BIL,BIL,0.0,0.0,1.0,0.000219,0.0,0.000219,138.9965,-0.1656,0.002946,0.007764,0.000219
2026-02-12,BIL,BIL,0.0,0.0,1.0,0.0,0.0,0.0,138.9965,-0.1656,-0.026299,-0.079108,0.0
2026-02-13,BIL,BIL,0.0,0.0,1.0,0.000437,0.0,0.000437,139.0573,-0.1653,0.002515,0.007588,0.000437
2026-02-17,BIL,BIL,0.0,0.0,1.0,0.000109,0.0,0.000109,139.0725,-0.1652,-0.000574,-0.003668,0.000109
2026-02-18,BIL,BIL,0.0,0.0,1.0,0.000109,0.0,0.000109,139.0877,-0.1651,0.010253,0.030623,0.000109
2026-02-19,BIL,BIL,0.0,0.0,1.0,0.0,0.0,0.0,139.0877,-0.1651,-0.004968,-0.014856,0.0
2026-02-20,BIL,BIL,0.0,0.0,1.0,0.000328,0.0,0.000328,139.1333,-0.1648,0.004779,0.014508,0.000328
2026-02-23,BIL,BIL,0.0,0.0,1.0,0.0,0.0,0.0,139.1333,-0.1648,-0.016752,-0.050522,0.0
2026-02-24,BIL,BIL,0.0,0.0,1.0,0.000218,0.0,0.000218,139.1637,-0.1646,0.012994,0.037357,0.000218
2026-02-25,BIL,BIL,0.0,0.0,1.0,0.000109,0.0,0.000109,139.1789,-0.1645,0.019171,0.056643,0.000109
2026-02-26,BIL,BIL,0.0,0.0,1.0,0.000109,0.0,0.000109,139.1941,-0.1644,-0.013985,-0.041493,0.000109
2026-02-27,BIL,BIL,0.0,0.0,1.0,0.000218,0.0,0.000218,139.2245,-0.1643,-0.015957,-0.04876,0.000218
2026-03-02,BIL,BIL,0.0,0.0,1.0,0.000144,0.0,0.000144,139.2445,-0.1641,0.005621,0.016855,0.000144
2026-03-03,BIL,BIL,0.0,0.0,1.0,0.000109,0.0,0.000109,139.2597,-0.164,-0.01462,-0.043097,0.000109
2026-03-04,BIL,BIL,0.0,0.0,1.0,0.000109,0.0,0.000109,139.2749,-0.1639,0.017019,0.049929,0.000109
2026-03-05,BIL,BIL,0.0,0.0,1.0,0.000109,0.0,0.000109,139.2901,-0.1639,0.002431,0.005435,0.000109
2026-03-06,BIL,BIL,0.0,0.0,1.0,0.000219,0.0,0.000219,139.3207,-0.1637,-0.020616,-0.061197,0.000219
2026-03-09,BIL,BIL,0.0,0.0,1.0,0.000109,0.0,0.000109,139.3359,-0.1636,0.017991,0.053362,0.000109
2026-03-10,BIL,BIL,0.0,0.0,1.0,0.000109,0.0,0.000109,139.3511,-0.1635,0.0,-0.001172,0.000109
2026-03-11,BIL,BIL,0.0,0.0,1.0,0.0,0.0,0.0,139.3511,-0.1635,0.004794,0.015147,0.0
2026-03-12,BIL,BIL,0.0,0.0,1.0,0.000219,0.0,0.000219,139.3816,-0.1633,-0.018443,-0.055833,0.000219
2026-03-13,BIL,BIL,0.0,0.0,1.0,0.000327,0.0,0.000327,139.4272,-0.163,-0.007544,-0.02345,0.000327
2026-03-16,BIL,BIL,0.0,0.0,1.0,0.0,0.0,0.0,139.4272,-0.163,0.014474,0.043641,0.0
2026-03-17,BIL,BIL,0.0,0.0,1.0,0.00011,0.0,0.00011,139.4426,-0.1629,0.005476,0.015207,0.00011
2026-03-18,BIL,BIL,0.0,0.0,1.0,0.000218,0.0,0.000218,139.473,-0.1628,-0.011323,-0.032913,0.000218
2026-03-19,BIL,BIL,0.0,0.0,1.0,0.0,0.0,0.0,139.473,-0.1628,0.003407,0.009374,0.0
2026-03-20,BIL,BIL,0.0,0.0,1.0,0.000328,0.0,0.000328,139.5187,-0.1625,-0.022683,-0.06804,0.000328
2026-03-23,BIL,BIL,0.0,0.0,1.0,0.000109,0.0,0.000109,139.5339,-0.1624,0.013528,0.039861,0.000109
2026-03-24,BIL,BIL,0.0,0.0,1.0,0.000109,0.0,0.000109,139.5491,-0.1623,-0.005841,-0.019781,0.000109
2026-03-25,BIL,BIL,0.0,0.0,1.0,-0.000109,0.0,-0.000109,139.5339,-0.1624,0.00448,0.014255,-0.000109
2026-03-26,BIL,BIL,0.0,0.0,1.0,0.000219,0.0,0.000219,139.5645,-0.1622,-0.03115,-0.09356,0.000219
2026-03-27,BIL,BIL,0.0,0.0,1.0,0.000327,0.0,0.000327,139.61,-0.1619,-0.019471,-0.057856,0.000327
2026-03-30,BIL,BIL,0.0,0.0,1.0,0.00011,0.0,0.00011,139.6254,-0.1618,-0.018627,-0.057971,0.00011
2026-03-31,BIL,BIL,0.0,0.0,1.0,0.0,0.0,0.0,139.6254,-0.1618,0.042353,0.128422,0.0
2026-04-01,BIL,BIL,0.0,0.0,1.0,0.000259,0.0,0.000259,139.6615,-0.1616,0.015124,0.04379,0.000259
2026-04-02,BIL,BIL,0.0,0.0,1.0,0.000219,0.0,0.000219,139.6921,-0.1614,0.008005,0.022692,0.000219
2026-04-06,BIL,BIL,0.0,0.0,1.0,0.000219,0.0,0.000219,139.7226,-0.1613,0.00581,0.015262,0.000219
2026-04-07,BIL,BIL,0.0,0.0,1.0,0.000109,0.0,0.000109,139.7378,-0.1612,0.004752,0.014179,0.000109
2026-04-08,BIL,BIL,0.0,0.0,1.0,0.0,0.0,0.0,139.7378,-0.1612,0.030997,0.094082,0.0
2026-04-09,BIL,BIL,0.0,0.0,1.0,0.00011,0.0,0.00011,139.7532,-0.1611,0.002683,0.006918,0.00011
2026-04-10,BIL,BIL,0.0,0.0,1.0,0.000327,0.0,0.000327,139.7989,-0.1608,0.003871,0.010973,0.000327
2026-04-13,BIL,BIL,0.0,0.0,1.0,0.0,0.0,0.0,139.7989,-0.1608,0.020964,0.063426,0.0
2026-04-14,BIL,BIL,0.0,0.0,1.0,0.00011,0.0,0.00011,139.8143,-0.1607,0.016002,0.046774,0.00011
2026-04-15,BIL,BIL,0.0,0.0,1.0,0.000109,0.0,0.000109,139.8295,-0.1606,0.015952,0.047991,0.000109
2026-04-16,BIL,BIL,0.0,0.0,1.0,0.00011,0.0,0.00011,139.8449,-0.1605,0.011444,0.035113,0.00011
2026-04-17,BIL,BIL,0.0,0.0,1.0,0.000328,0.0,0.000328,139.8908,-0.1603,0.015327,0.043615,0.000328
2026-04-20,BIL,XLK,0.0,0.0,1.0,0.000109,0.0,0.000109,139.906,-0.1602,0.001361,0.004943,0.000109
2026-04-21,XLK,XLK,0.0,1.0,0.0,0.000841,0.001,-0.000159,139.8837,-0.1603,0.000841,0.002086,0.00011
2026-04-22,XLK,XLK,0.0,1.0,0.0,0.021979,0.0,0.021979,142.9583,-0.1418,0.021979,0.06634,0.0
2026-04-23,XLK,BIL,0.0,1.0,0.0,-0.014232,0.0,-0.014232,140.9237,-0.1541,-0.014232,-0.043381,0.000218
2026-04-24,BIL,XLK,0.0,0.0,1.0,0.000218,0.001,-0.000782,140.8135,-0.1547,0.028106,0.0845,0.000218
2026-04-27,XLK,XLK,0.0,1.0,0.0,0.002185,0.001,0.001185,140.9803,-0.1537,0.002185,0.004504,0.000109
2026-04-28,XLK,XLK,0.0,1.0,0.0,-0.01694,0.0,-0.01694,138.5922,-0.168,-0.01694,-0.049458,0.00011
2026-04-29,XLK,XLK,0.0,1.0,0.0,0.007982,0.0,0.007982,139.6984,-0.1614,0.007982,0.021616,0.0
2026-04-30,XLK,XLK,0.0,1.0,0.0,0.002451,0.0,0.002451,140.0408,-0.1594,0.002451,0.007995,0.000109
2026-05-01,XLK,XLK,0.0,1.0,0.0,0.014859,0.0,0.014859,142.1217,-0.1469,0.014859,0.043758,0.000328
2026-05-04,XLK,TECL,0.0,1.0,0.0,0.001112,0.0,0.001112,142.2797,-0.1459,0.001112,0.00321,0.000218
2026-05-05,TECL,TECL,0.75,0.0,0.25,0.048901,0.001,0.047901,149.0951,-0.105,0.022092,0.065165,0.00011
2026-05-06,TECL,TECL,0.75,0.0,0.25,0.059281,0.0,0.059281,157.9336,-0.0519,0.026565,0.079078,-0.00011
2026-05-07,TECL,TECL,0.75,0.0,0.25,-0.005015,0.0,-0.005015,157.1415,-0.0567,-0.002,-0.00676,0.000219
2026-05-08,TECL,TECL,0.75,0.0,0.25,0.078341,0.0,0.078341,169.4521,0.0,0.034357,0.104381,0.000219
2026-05-11,TECL,XLK,0.75,0.0,0.25,0.029613,0.0,0.029613,174.4701,0.0,0.013445,0.039411,0.000218
2026-05-12,XLK,XLK,0.0,1.0,0.0,-0.015066,0.001,-0.016066,171.667,-0.0161,-0.015066,-0.044943,0.00011
2026-05-13,XLK,XLK,0.0,1.0,0.0,0.009418,0.0,0.009418,173.2837,-0.0068,0.009418,0.028537,0.0
2026-05-14,XLK,XLK,0.0,1.0,0.0,0.014985,0.0,0.014985,175.8803,0.0,0.014985,0.043672,0.000219
2026-05-15,XLK,XLK,0.0,1.0,0.0,-0.01805,0.0,-0.01805,172.7056,-0.0181,-0.01805,-0.052051,0.000218
2026-05-18,XLK,XLK,0.0,1.0,0.0,-0.010779,0.0,-0.010779,170.8439,-0.0286,-0.010779,-0.035632,0.0
2026-05-19,XLK,BIL,0.0,1.0,0.0,-0.006424,0.0,-0.006424,169.7465,-0.0349,-0.006424,-0.019458,0.000219
2026-05-20,BIL,BIL,0.0,0.0,1.0,0.000219,0.001,-0.000781,169.6139,-0.0356,0.022512,0.067556,0.000219
2026-05-21,BIL,XLK,0.0,0.0,1.0,0.0,0.0,0.0,169.6139,-0.0356,0.008242,0.023972,0.0
2026-05-22,XLK,XLK,0.0,1.0,0.0,0.010022,0.001,0.009022,171.1442,-0.0269,0.010022,0.0309,0.000218
2026-05-26,XLK,XLK,0.0,1.0,0.0,0.026332,0.0,0.026332,175.6508,-0.0013,0.026332,0.077989,0.000219
2026-05-27,XLK,XLK,0.0,1.0,0.0,-0.003835,0.0,-0.003835,174.9771,-0.0051,-0.003835,-0.013345,0.000109
2026-05-28,XLK,XLK,0.0,1.0,0.0,0.013122,0.0,0.013122,177.2732,0.0,0.013122,0.041525,0.000109
2026-05-29,XLK,XLK,0.0,1.0,0.0,0.022317,0.0,0.022317,181.2295,0.0,0.022317,0.065755,0.000327
2026-06-01,XLK,XLK,0.0,1.0,0.0,0.024814,0.0,0.024814,185.7264,0.0,0.024814,0.074494,0.0001
2026-06-02,XLK,XLK,0.0,1.0,0.0,0.012516,0.0,0.012516,188.0509,0.0,0.012516,0.036447,-0.000109
2026-06-03,XLK,XLK,0.0,1.0,0.0,-0.00999,0.0,-0.00999,186.1724,-0.01,-0.00999,-0.029933,0.000219
2026-06-04,XLK,XLK,0.0,1.0,0.0,-0.015594,0.0,-0.015594,183.2692,-0.0254,-0.015594,-0.045605,0.0
2026-06-05,XLK,BIL,0.0,1.0,0.0,-0.066625,0.0,-0.066625,171.0588,-0.0904,-0.066625,-0.199281,0.000438
2026-06-08,BIL,BIL,0.0,0.0,1.0,0.000109,0.001,-0.000891,170.9064,-0.0912,0.02152,0.063034,0.000109
2026-06-09,BIL,BIL,0.0,0.0,1.0,0.0,0.0,0.0,170.9064,-0.0912,-0.018515,-0.058135,0.0
2026-06-10,BIL,BIL,0.0,0.0,1.0,0.000109,0.0,0.000109,170.9251,-0.0911,-0.022902,-0.070203,0.000109
2026-06-11,BIL,BIL,0.0,0.0,1.0,0.000109,0.0,0.000109,170.9438,-0.091,0.037253,0.114263,0.000109
2026-06-12,BIL,BIL,0.0,0.0,1.0,0.000328,0.0,0.000328,170.9998,-0.0907,0.008679,0.02541,0.000328
2026-06-15,BIL,BIL,0.0,0.0,1.0,0.0,0.0,0.0,170.9998,-0.0907,0.037825,0.110075,0.0
2026-06-16,BIL,BIL,0.0,0.0,1.0,0.00011,0.0,0.00011,171.0186,-0.0906,-0.027895,-0.080808,0.00011
2026-06-17,BIL,BIL,0.0,0.0,1.0,0.000109,0.0,0.000109,171.0373,-0.0905,-0.003433,-0.013234,0.000109
2026-06-18,BIL,BIL,0.0,0.0,1.0,0.000437,0.0,0.000437,171.112,-0.0901,0.030355,0.089966,0.000437
2026-06-22,BIL,BIL,0.0,0.0,1.0,0.0,0.0,0.0,171.112,-0.0901,0.004901,0.014293,0.0
2026-06-23,BIL,BIL,0.0,0.0,1.0,0.000109,0.0,0.000109,171.1306,-0.09,-0.041426,-0.122761,0.000109
2026-06-24,BIL,BIL,0.0,0.0,1.0,0.000109,0.0,0.000109,171.1493,-0.0899,-0.006189,-0.019454,0.000109
2026-06-25,BIL,BIL,0.0,0.0,1.0,0.000109,0.0,0.000109,171.168,-0.0898,0.008304,0.021829,0.000109
2026-06-26,BIL,BIL,0.0,0.0,1.0,0.000328,0.0,0.000328,171.2241,-0.0895,-0.018746,-0.055352,0.000328
2026-06-29,BIL,BIL,0.0,0.0,1.0,0.000109,0.0,0.000109,171.2428,-0.0894,0.023743,0.074476,0.000109
2026-06-30,BIL,BIL,0.0,0.0,1.0,0.0,0.0,0.0,171.2428,-0.0894,0.02756,0.079276,0.0
2026-07-01,BIL,BIL,0.0,0.0,1.0,0.000302,0.0,0.000302,171.2945,-0.0891,-0.025719,-0.076573,0.000302
2026-07-02,BIL,BIL,0.0,0.0,1.0,0.000438,0.0,0.000438,171.3695,-0.0887,-0.027098,-0.083627,0.000438
2026-07-06,BIL,BIL,0.0,0.0,1.0,-0.000109,0.0,-0.000109,171.3508,-0.0888,0.016501,0.049316,-0.000109
2026-07-07,BIL,BIL,0.0,0.0,1.0,0.000218,0.0,0.000218,171.3882,-0.0886,-0.023915,-0.071449,0.000218
2026-07-08,BIL,BIL,0.0,0.0,1.0,0.0,0.0,0.0,171.3882,-0.0886,0.01239,0.037002,0.0
2026-07-09,BIL,BIL,0.0,0.0,1.0,0.00011,0.0,0.00011,171.407,-0.0885,0.021775,0.064217,0.00011
2026-07-10,BIL,BIL,0.0,0.0,1.0,0.000437,0.0,0.000437,171.4819,-0.0881,0.00232,0.008239,0.000437
2026-07-13,BIL,BIL,0.0,0.0,1.0,0.0,0.0,0.0,171.4819,-0.0881,-0.024222,-0.0718,0.0
2026-07-14,BIL,BIL,0.0,0.0,1.0,0.00011,0.0,0.00011,171.5007,-0.088,0.012908,0.034656,0.00011
2026-07-15,BIL,BIL,0.0,0.0,1.0,0.000109,0.0,0.000109,171.5194,-0.0879,-0.01111,-0.030397,0.000109
2026-07-16,BIL,BIL,0.0,0.0,1.0,0.00011,0.0,0.00011,171.5383,-0.0878,-0.022359,-0.069852,0.00011
2026-07-17,BIL,BIL,0.0,0.0,1.0,0.000218,0.0,0.000218,171.5756,-0.0876,-0.010872,-0.031141,0.000218
2026-07-20,BIL,BIL,0.0,0.0,1.0,0.00011,0.0,0.00011,171.5945,-0.0875,0.000684,0.001182,0.00011
2026-07-21,BIL,BIL,0.0,0.0,1.0,0.0,0.0,0.0,171.5945,-0.0875,0.028854,0.083942,0.0
2026-07-22,BIL,BIL,0.0,0.0,1.0,0.000219,0.0,0.000219,171.632,-0.0873,-0.002821,-0.00778,0.000219
2026-07-23,BIL,BIL,0.0,0.0,1.0,0.0,0.0,0.0,171.632,-0.0873,-0.010096,-0.030268,0.0
2026-07-24,BIL,BIL,0.0,0.0,1.0,0.000327,0.0,0.000327,171.6882,-0.087,-0.014402,-0.045499,0.000327
2026-07-27,BIL,BIL,0.0,0.0,1.0,0.000109,0.0,0.000109,171.7068,-0.0869,-0.008984,-0.025246,0.000109
2026-07-28,BIL,BIL,0.0,0.0,1.0,0.00011,0.0,0.00011,171.7257,-0.0868,-0.018416,-0.055391,0.00011
2026-07-29,BIL,XLK,0.0,0.0,1.0,0.000109,0.0,0.000109,171.7443,-0.0867,-0.026419,-0.079188,0.000109
2026-07-30,XLK,BIL,0.0,1.0,0.0,0.054992,0.001,0.053992,181.0172,-0.0374,0.054992,0.16207,0.000109
2026-07-31,BIL,BIL,0.0,0.0,1.0,0.000328,0.001,-0.000672,180.8956,-0.038,-0.002163,-0.005159,0.000328
2026-08-03,BIL,BIL,0.0,0.0,1.0,0.000142,0.0,0.000142,180.9212,-0.0379,0.015341,0.04431,0.000142
2026-08-04,BIL,BIL,0.0,0.0,1.0,0.0,0.0,0.0,180.9212,-0.0379,0.049764,0.149801,0.0
2026-08-05,BIL,BIL,0.0,0.0,1.0,0.000109,0.0,0.000109,180.9409,-0.0378,-0.005297,-0.016316,0.000109
2026-08-06,BIL,BIL,0.0,0.0,1.0,0.000219,0.0,0.000219,180.9806,-0.0376,-0.00312,-0.007659,0.000219
2026-08-07,BIL,BIL,0.0,0.0,1.0,0.000328,0.0,0.000328,181.0399,-0.0373,0.014245,0.040409,0.000328
2026-08-10,BIL,BIL,0.0,0.0,1.0,0.0,0.0,0.0,181.0399,-0.0373,-0.008778,-0.026744,0.0
2026-08-11,BIL,BIL,0.0,0.0,1.0,0.000109,0.0,0.000109,181.0596,-0.0372,-0.001234,-0.005,0.000109
2026-08-12,BIL,BIL,0.0,0.0,1.0,0.000219,0.0,0.000219,181.0993,-0.037,0.014885,0.044401,0.000219
2026-08-13,BIL,XLK,0.0,0.0,1.0,0.0,0.0,0.0,181.0993,-0.037,0.010113,0.030507,0.0
2026-08-14,XLK,XLK,0.0,1.0,0.0,-0.003984,0.001,-0.004984,180.1967,-0.0418,-0.003984,-0.013192,0.000218
2026-08-17,XLK,XLK,0.0,1.0,0.0,0.001632,0.0,0.001632,180.4908,-0.0402,0.001632,0.005651,0.000219
2026-08-18,XLK,XLK,0.0,1.0,0.0,-0.024696,0.0,-0.024696,176.0334,-0.0639,-0.024696,-0.076747,0.000108
2026-08-19,XLK,XLK,0.0,1.0,0.0,-0.010667,0.0,-0.010667,174.1557,-0.0739,-0.010667,-0.033201,0.00011
2026-08-20,XLK,XLK,0.0,1.0,0.0,-0.00294,0.0,-0.00294,173.6436,-0.0766,-0.00294,-0.006449,0.0
2026-08-21,XLK,XLK,0.0,1.0,0.0,0.001147,0.0,0.001147,173.8427,-0.0756,0.001147,0.003503,0.000328
2026-08-24,XLK,XLK,0.0,1.0,0.0,-0.017784,0.0,-0.017784,170.7511,-0.092,-0.017784,-0.054412,0.00011
2026-08-25,XLK,XLK,0.0,1.0,0.0,0.009387,0.0,0.009387,172.3539,-0.0835,0.009387,0.028337,0.000109
2026-08-26,XLK,XLK,0.0,1.0,0.0,0.006052,0.0,0.006052,173.3971,-0.0779,0.006052,0.017262,0.000108
2026-08-27,XLK,XLK,0.0,1.0,0.0,0.031558,0.0,0.031558,178.8691,-0.0488,0.031558,0.093202,0.0
2026-08-28,XLK,XLK,0.0,1.0,0.0,-0.015482,0.0,-0.015482,176.0999,-0.0636,-0.015482,-0.04671,0.000219
2026-08-31,XLK,XLK,0.0,1.0,0.0,0.004362,0.0,0.004362,176.868,-0.0595,0.004362,0.012997,0.000108
2026-09-01,XLK,XLK,0.0,1.0,0.0,-0.015335,0.0,-0.015335,174.1557,-0.0739,-0.015335,-0.046109,0.000107
2026-09-02,XLK,XLK,0.0,1.0,0.0,-0.000218,0.0,-0.000218,174.1178,-0.0741,-0.000218,-0.001134,0.000109
2026-09-03,XLK,XLK,0.0,1.0,0.0,0.012908,0.0,0.012908,176.3654,-0.0621,0.012908,0.038487,0.000219
2026-09-04,XLK,XLK,0.0,1.0,0.0,0.007044,0.0,0.007044,177.6077,-0.0555,0.007044,0.020021,0.000328
2026-09-08,XLK,XLK,0.0,1.0,0.0,0.00315,0.0,0.00315,178.1673,-0.0526,0.00315,0.007647,0.000109
2026-09-09,XLK,XLK,0.0,1.0,0.0,0.0,0.0,0.0,178.1673,-0.0526,0.0,0.001498,0.0
2026-09-10,XLK,XLK,0.0,1.0,0.0,-0.014105,0.0,-0.014105,175.6541,-0.0659,-0.014105,-0.04305,0.000109
2026-09-11,XLK,XLK,0.0,1.0,0.0,0.013228,0.0,0.013228,177.9776,-0.0536,0.013228,0.038985,0.000328
2026-09-14,XLK,XLK,0.0,1.0,0.0,-0.018064,0.0,-0.018064,174.7627,-0.0707,-0.018064,-0.058298,0.0
2026-09-15,XLK,XLK,0.0,1.0,0.0,-0.00293,0.0,-0.00293,174.2505,-0.0734,-0.00293,-0.004742,0.000109
2026-09-16,XLK,XLK,0.0,1.0,0.0,0.001034,0.0,0.001034,174.4307,-0.0724,0.001034,0.003936,0.0
2026-09-17,XLK,XLK,0.0,1.0,0.0,0.022454,0.0,0.022454,178.3475,-0.0516,0.022454,0.06722,0.000219
2026-09-18,XLK,XLK,0.0,1.0,0.0,0.008189,0.0,0.008189,179.8079,-0.0438,0.008189,0.021898,0.000219
2026-09-21,XLK,XLK,0.0,1.0,0.0,0.028888,0.0,0.028888,185.0021,-0.0162,0.028888,0.087181,0.000218
