kind,trend_n,trend_buffer,prox_n,prox_thr,mom_n,mom_thr,vol_n,vol_max,abs_vol_max,vix_max,require_slope,confirm_style,confirm_up,cb_vol_pct,cb_drop,cb_drop_n,cb_vix,crash_mom_thr,sizing,target_vol,max_leverage,min_weight,tecl_w,xlk_w,IS_CAGR,IS_maxDD,IS_Sharpe,IS_Calmar,OOS_CAGR,OOS_maxDD,OOS_Sharpe,OOS_Calmar,ALL_CAGR,ALL_maxDD,ALL_Sharpe,ALL_Calmar,trades_per_yr,vol,pct_BIL,pct_TECL,pct_XLK
v2vol,100,0.0,60,0.96,20,0.0,20,0.7,,,True,sym,3,0.9,,10,,,voltarget,0.25,1.0,0.0,1.0,1.0,0.16677804704933918,-0.3695219167896151,0.7906351690663249,0.4513346555957956,0.23320673921470325,-0.21283704426509586,0.9531693135905442,1.095705590255408,0.19468665098565352,-0.3695219167896151,0.8629365482300785,0.5268609036158932,16.644198145216013,0.21981744439727358,0.39334992083239084,0.3440398099977381,0.26261026916987107
v2vol,100,0.0,60,0.96,20,0.0,20,0.7,,,True,sym,3,0.9,,10,,,voltarget,0.3,1.0,0.0,1.0,1.0,0.18398763650181094,-0.4058757051044344,0.7867645466830502,0.45331029718684385,0.26597573252446627,-0.22495032276803173,0.9623898571580277,1.1823754207222892,0.2177585727416167,-0.4058757051044344,0.8640778519409081,0.5365154159340136,14.535173037774259,0.24997516665384745,0.32390861795973763,0.4134811128703913,0.26261026916987107
v2vol,100,0.0,60,0.96,20,0.0,20,0.7,,,True,sym,3,0.9,,10,,,voltarget,0.35,1.0,0.0,1.0,1.0,0.1967568488007021,-0.4205638143740883,0.7849418288853381,0.46784065123037044,0.292582655254062,-0.23947148474098434,0.9618272685959718,1.2217849468404285,0.2355402638287798,-0.4205638143740883,0.863000240415042,0.5600583211832593,13.794164216240668,0.274739835427657,0.28726532458719745,0.4501244062429315,0.26261026916987107
v2vol,100,0.0,60,0.96,20,0.0,20,0.7,,,True,sym,3,0.9,,10,,,voltarget,0.4,1.0,0.0,1.0,1.0,0.2109300896431363,-0.42694155298843595,0.8000544803759724,0.4940490991488231,0.3091144757419144,-0.2800761368114669,0.9465048146510319,1.1036801609056563,0.250610040755618,-0.42694155298843595,0.8667547574233266,0.5869891065918477,12.654150644650532,0.2939322652578708,0.27369373444921963,0.4636959963809093,0.26261026916987107
v2vol,100,0.0,60,0.96,20,0.0,20,0.7,,,True,sym,3,0.9,,10,,,voltarget,0.5,1.0,0.0,1.0,1.0,0.23604538550602627,-0.44447034788576256,0.8411160285881151,0.5310711651043468,0.32998335636288134,-0.3555544953727251,0.9168973971505644,0.9280809570891863,0.2743008644753939,-0.44447034788576256,0.8791651471785581,0.6171409764007352,12.369147251752997,0.3205541706364651,0.2689436779009274,0.46844605292920155,0.26261026916987107
v2vol,100,0.0,60,0.96,20,0.0,20,0.7,,,True,sym,3,0.9,,10,,,voltarget,0.6,1.0,0.0,1.0,1.0,0.25134106764478026,-0.4420638951516953,0.8677912525703304,0.5685627584639816,0.3408846459920398,-0.41563287149786843,0.9017329179733925,0.8201580514157867,0.28807666567696044,-0.4420638951516953,0.8871266779615518,0.6516629583108257,12.31214657317349,0.33524937342710415,0.2666817462112644,0.4707079846188645,0.26261026916987107
v2vol,100,0.0,60,0.96,20,0.0,20,0.7,,,True,sym,3,0.95,,10,,,voltarget,0.25,1.0,0.0,1.0,1.0,0.16146658971758088,-0.3517160733480983,0.7648441679129189,0.45908220281356077,0.22862983426867278,-0.23934766057259182,0.928362648385687,0.955220676574491,0.18962365065873765,-0.3517160733480983,0.8374876436950411,0.5391384273503602,16.87220085953404,0.22199385895908172,0.3716353766116263,0.3440398099977381,0.2843248133906356
v2vol,100,0.0,60,0.96,20,0.0,20,0.7,,,True,sym,3,0.95,,10,,,voltarget,0.3,1.0,0.0,1.0,1.0,0.17852571839121545,-0.3843317210953714,0.7642929856623447,0.4645094552237455,0.26095101516337804,-0.2526525088933729,0.9396182298299928,1.0328455328084922,0.21243407758029842,-0.3843317210953714,0.8415256288661291,0.5527362586019362,14.70617507351278,0.252093269232639,0.3019678805700068,0.4137073060393576,0.2843248133906356
v2vol,100,0.0,60,0.96,20,0.0,20,0.7,,,True,sym,3,0.95,,10,,,voltarget,0.35,1.0,0.0,1.0,1.0,0.1912573452198334,-0.3995229311695738,0.7647301119197341,0.4787143122422076,0.28666254235277977,-0.2571152781668997,0.9398886745098339,1.114918352563632,0.2298695932719208,-0.3995229311695738,0.842148879686607,0.5753601992230949,13.908165573399684,0.2767235226164427,0.26509839402850033,0.4505767925808641,0.2843248133906356
v2vol,100,0.0,60,0.96,20,0.0,20,0.7,,,True,sym,3,0.95,,10,,,voltarget,0.4,1.0,0.0,1.0,1.0,0.20541924586472016,-0.41134488044524065,0.7811922325746121,0.49938447183874973,0.3028319471750065,-0.2825538432303376,0.926256314335512,1.071767220409521,0.24480257322180443,-0.41134488044524065,0.8473505427602936,0.5951273125286731,12.768152001809545,0.2958220210281403,0.2515268038905225,0.4641483827188419,0.2843248133906356
v2vol,100,0.0,60,0.96,20,0.0,20,0.7,,,True,sym,3,0.95,,10,,,voltarget,0.5,1.0,0.0,1.0,1.0,0.2305299139508481,-0.42991601171468896,0.8235574486705923,0.5362208144595411,0.3233353701421062,-0.3555544953727251,0.899400191163394,0.9093834400916692,0.2683590952841557,-0.42991601171468896,0.8616367627771475,0.6242128415125197,12.48314860891201,0.3222940362835063,0.24677674734223026,0.46889843926713415,0.2843248133906356
v2vol,100,0.0,60,0.96,20,0.0,20,0.7,,,True,sym,3,0.95,,10,,,voltarget,0.6,1.0,0.0,1.0,1.0,0.2457791701406815,-0.4274465122612662,0.8506783934148782,0.5749939772358115,0.3341302910695747,-0.4156328714978679,0.8856879606008484,0.803907279675517,0.2820660870573295,-0.4274465122612662,0.870505204590757,0.6598862757474636,12.426147930332503,0.33691438448129835,0.2445148156525673,0.4711603709567971,0.2843248133906356
v2vol,100,0.0,60,0.96,20,0.0,20,0.7,,,True,sym,3,,,10,,,voltarget,0.25,1.0,0.0,1.0,1.0,0.16797755193949526,-0.3553662768191891,0.7838528700556212,0.47268849887228465,0.20104223151056577,-0.24371798912718468,0.803808259000194,0.8248969730570505,0.18370084996237246,-0.3553662768191891,0.8035336129607229,0.5169338284055572,15.732187287943903,0.22638930476634914,0.3453969690115358,0.34426600316670436,0.31033702782175976
v2vol,100,0.0,60,0.96,20,0.0,20,0.7,,,True,sym,3,,,10,,,voltarget,0.3,1.0,0.0,1.0,1.0,0.18561600173394632,-0.39223830805331905,0.7823701242286721,0.47322252294825456,0.22917130725561785,-0.29594104419255984,0.8183342614998205,0.7743816268570812,0.20543604304628071,-0.39223830805331905,0.8073893373074109,0.5237531338177063,13.566161501922641,0.25719415174330107,0.27550327980095,0.4139334992083239,0.3105632209907261
v2vol,100,0.0,60,0.96,20,0.0,20,0.7,,,True,sym,3,,,10,,,voltarget,0.35,1.0,0.0,1.0,1.0,0.19825659295425058,-0.40697288120007835,0.780599623214378,0.48714939523644213,0.2507845703462652,-0.34134191509346445,0.8210987575226935,0.7347019491514738,0.2214051787991902,-0.40697288120007835,0.8064802541814513,0.5440293174973044,12.654150644650532,0.28236030395116485,0.23795521375254466,0.4514815652567292,0.3105632209907261
v2vol,100,0.0,60,0.96,20,0.0,20,0.7,,,True,sym,3,,,10,,,voltarget,0.4,1.0,0.0,1.0,1.0,0.2120479707144971,-0.41321265930115714,0.7943631635763666,0.513169105402341,0.26416154071654785,-0.3751225239311662,0.8119779117038459,0.7042006914120162,0.2350908473823361,-0.41321265930115714,0.8104234548652516,0.568934281393827,11.514137073060393,0.30188890428002346,0.22438362361456685,0.4650531553947071,0.3105632209907261
v2vol,100,0.0,60,0.96,20,0.0,20,0.7,,,True,sym,3,,,10,,,voltarget,0.5,1.0,0.0,1.0,1.0,0.23681560660024426,-0.4306042332451805,0.8331185735410912,0.5499611669293658,0.28242856222920976,-0.42111010566516294,0.7973701601444697,0.670676287340815,0.25756058142077065,-0.4306042332451805,0.8250734261353994,0.5981375972077798,11.17213300158335,0.328816676642109,0.219181180728342,0.47025559828093194,0.3105632209907261
v2vol,100,0.0,60,0.96,20,0.0,20,0.7,,,True,sym,3,,,10,,,voltarget,0.6,1.0,0.0,1.0,1.0,0.2543493071725744,-0.42802765187302194,0.8648258848533549,0.5942356902867325,0.2914717604235373,-0.44854732731526636,0.788933012936405,0.6498127235939881,0.27203087466332776,-0.4485473273152669,0.8376250230239953,0.6064708406391364,11.115132323003845,0.343428709606404,0.21691924903867904,0.4725175299705949,0.3105632209907261
v2vol,100,0.0,60,0.96,20,0.0,20,0.7,,,True,sym,5,0.9,,10,,,voltarget,0.25,1.0,0.0,1.0,1.0,0.16745790817138362,-0.3626940263492422,0.791021576197079,0.4617057244007005,0.23598631776232115,-0.20085641377657493,0.9506589301609994,1.1749005835821773,0.19612891983895353,-0.3626940263492422,0.862703443505712,0.5407558591827999,13.509160823343134,0.22180618410921424,0.40465957928070573,0.34743270753223254,0.24790771318706176
v2vol,100,0.0,60,0.96,20,0.0,20,0.7,,,True,sym,5,0.9,,10,,,voltarget,0.3,1.0,0.0,1.0,1.0,0.18042316761193544,-0.41098959734836027,0.7719887974947913,0.4389969205449411,0.27018253922697144,-0.20870103226894865,0.9597423007505685,1.2945912930549996,0.2169704845198539,-0.41098959734836027,0.8544468723529065,0.5279220834778132,11.343135037321872,0.25293247079667847,0.33295634471838953,0.41913594209454874,0.24790771318706176
v2vol,100,0.0,60,0.96,20,0.0,20,0.7,,,True,sym,5,0.9,,10,,,voltarget,0.35,1.0,0.0,1.0,1.0,0.1905475514468995,-0.4341968262161745,0.7622203824333542,0.43885063165346855,0.29871905598795334,-0.21717298856020562,0.9601721228954014,1.375488995976777,0.23370547547395892,-0.4341968262161745,0.8489384550041976,0.5382477746569329,10.65912689436779,0.2789472496843061,0.29495589233205155,0.45713639448088667,0.24790771318706176
v2vol,100,0.0,60,0.96,20,0.0,20,0.7,,,True,sym,5,0.9,,10,,,voltarget,0.4,1.0,0.0,1.0,1.0,0.2028210046860779,-0.43932089619983594,0.7727983281730396,0.46166937753359166,0.3169200578195135,-0.25224079877220273,0.9455224129305082,1.256418705309137,0.2481311572205176,-0.43932089619983594,0.8501929354073515,0.5648061800994985,9.462112644198145,0.299210187756318,0.28115810902510746,0.4709341777878308,0.24790771318706176
v2vol,100,0.0,60,0.96,20,0.0,20,0.7,,,True,sym,5,0.9,,10,,,voltarget,0.5,1.0,0.0,1.0,1.0,0.22917064647388097,-0.44024719475628327,0.8182374046678281,0.5205499301381072,0.34810701465870797,-0.31356649852445617,0.935038290687573,1.1101537195356916,0.276301376356209,-0.44024719475628327,0.872733410379246,0.627605081070799,9.291110608459624,0.32721680306978307,0.2766342456457815,0.47545804116715673,0.24790771318706176
v2vol,100,0.0,60,0.96,20,0.0,20,0.7,,,True,sym,5,0.9,,10,,,voltarget,0.6,1.0,0.0,1.0,1.0,0.24723729576311237,-0.43522930192379383,0.8518437591438911,0.5680621563628135,0.37565950351536914,-0.3656723747781403,0.9508335249276153,1.0273116850658686,0.2977949302228087,-0.43522930192379383,0.8977408265391613,0.6842253701818791,9.17710925130061,0.3423065894093011,0.2745985071250848,0.47749377968785345,0.24790771318706176
v2vol,100,0.0,60,0.96,20,0.0,20,0.7,,,True,sym,5,0.95,,10,,,voltarget,0.25,1.0,0.0,1.0,1.0,0.15828090367911796,-0.36111810811348155,0.7498745343830518,0.43830785585910886,0.22945952179021467,-0.21775577174524818,0.9190483075243372,1.0537471404370335,0.18787947133409677,-0.36111810811348155,0.8250437436976159,0.5202715319804886,13.908165573399684,0.22416984472798823,0.3836236145668401,0.34788509387016514,0.2684912915629948
v2vol,100,0.0,60,0.96,20,0.0,20,0.7,,,True,sym,5,0.95,,10,,,voltarget,0.3,1.0,0.0,1.0,1.0,0.1703168639685393,-0.40698758577068006,0.7333528499074404,0.4184817176819381,0.2628449542799933,-0.2250780729507298,0.9302867017582249,1.1677945827158864,0.20781730945952614,-0.40698758577068006,0.8192675570191031,0.510623214872756,11.685139108798914,0.2553023101848359,0.31124180049762495,0.4202669079393802,0.2684912915629948
v2vol,100,0.0,60,0.96,20,0.0,20,0.7,,,True,sym,5,0.95,,10,,,voltarget,0.35,1.0,0.0,1.0,1.0,0.1799304953555465,-0.4279027721987526,0.7257312752203815,0.4204938762863921,0.2909139522864135,-0.2284779439843435,0.9338452927561252,1.2732693021184942,0.22404369019661918,-0.4279027721987526,0.816340588875801,0.5235855076268475,10.887129608685818,0.2812268099192877,0.27278896177335443,0.4587197466636508,0.2684912915629948
v2vol,100,0.0,60,0.96,20,0.0,20,0.7,,,True,sym,5,0.95,,10,,,voltarget,0.4,1.0,0.0,1.0,1.0,0.19172173434295936,-0.4306518418622788,0.7371197495898557,0.4451896304771208,0.30926982150818705,-0.2522407987722025,0.9227883248964489,1.2260896057004924,0.23820738486287318,-0.4306518418622788,0.8196019223837088,0.553132163171036,9.690115358516172,0.30145002314924474,0.2589911784664103,0.4725175299705949,0.2684912915629948
v2vol,100,0.0,60,0.96,20,0.0,20,0.7,,,True,sym,5,0.95,,10,,,voltarget,0.5,1.0,0.0,1.0,1.0,0.2177899075622236,-0.42672366944470397,0.7840303181054309,0.5103769093606499,0.34028692945838235,-0.31356649852445617,0.9159083879231259,1.0852145591434799,0.2661326785682765,-0.42672366944470397,0.8448386650727682,0.6236651435684252,9.519113322777653,0.3293888308531775,0.25446731508708437,0.47704139334992085,0.2684912915629948
v2vol,100,0.0,60,0.96,20,0.0,20,0.7,,,True,sym,5,0.95,,10,,,voltarget,0.6,1.0,0.0,1.0,1.0,0.2358816594180606,-0.4205946428780766,0.8188750627352992,0.5608289677775063,0.3676911521925339,-0.36567237477813996,0.9331874483497314,1.0055207271690096,0.2875845471190379,-0.4205946428780766,0.8714296889621858,0.6837570377766412,9.405111965618637,0.3443915719316665,0.2524315765663877,0.4790771318706175,0.2684912915629948
v2vol,100,0.0,60,0.96,20,0.0,20,0.7,,,True,sym,5,,,10,,,voltarget,0.25,1.0,0.0,1.0,1.0,0.14612123813146094,-0.4098419633709155,0.695325499384054,0.3565306903412869,0.1874891598689994,-0.2538014128738173,0.7431714776533657,0.7387238618809957,0.16483028560735646,-0.4098419633709155,0.7254978242882838,0.4021801092588014,12.825152680389051,0.22961568028539595,0.36055191133227776,0.3481112870391314,0.2913368016285908
v2vol,100,0.0,60,0.96,20,0.0,20,0.7,,,True,sym,5,,,10,,,voltarget,0.3,1.0,0.0,1.0,1.0,0.1552575412998789,-0.4589141064790345,0.6752553593249948,0.33831503348431463,0.21409372334972532,-0.2885122191784838,0.758476300746534,0.7420611992079248,0.18055659453784711,-0.4589141064790345,0.7183482107635798,0.393443112749675,10.602126215788283,0.26168160346957803,0.28726532458719745,0.4207192942773128,0.2920153811354897
v2vol,100,0.0,60,0.96,20,0.0,20,0.7,,,True,sym,5,,,10,,,voltarget,0.35,1.0,0.0,1.0,1.0,0.1617442698784981,-0.4844377233657544,0.6625308916541787,0.33388041863201445,0.23539139507850115,-0.318112139777184,0.7644419546820855,0.739963571473182,0.1924346411528941,-0.4844377233657544,0.7123005189527449,0.39723298139522545,9.804116715675185,0.28847666795944815,0.24768152001809546,0.46030309884641485,0.2920153811354897
v2vol,100,0.0,60,0.96,20,0.0,20,0.7,,,True,sym,5,,,10,,,voltarget,0.4,1.0,0.0,1.0,1.0,0.17015124391476832,-0.49329946192665874,0.666963038142749,0.3449248520365618,0.24832994729993585,-0.33691191002827836,0.7571471513080855,0.7370767844897277,0.20250534768627682,-0.49329946192665874,0.7117294383098096,0.4105119979157494,8.550101786926035,0.30950724778022837,0.23320515720425244,0.47477946166025786,0.2920153811354897
v2vol,100,0.0,60,0.96,20,0.0,20,0.7,,,True,sym,5,,,10,,,voltarget,0.5,1.0,0.0,1.0,1.0,0.18955750845184438,-0.5025799328716685,0.6980852694518108,0.37716887614023986,0.2725817350287032,-0.3571949754029039,0.7602546108533892,0.7631174954833566,0.22372531021779163,-0.5025799328716685,0.7301789031779183,0.44515368717461085,8.322099072608006,0.3388263061658094,0.2257407826283646,0.4822438362361457,0.2920153811354897
v2vol,100,0.0,60,0.96,20,0.0,20,0.7,,,True,sym,5,,,10,,,voltarget,0.6,1.0,0.0,1.0,1.0,0.20362032062704838,-0.5092071688392008,0.7230673335969963,0.39987716805170964,0.29459495143053394,-0.36567237477813996,0.7796310520296454,0.8056253951621859,0.24069343566616253,-0.5092071688392008,0.7516038463273864,0.47268273189250704,8.208097715448993,0.35490109850533086,0.22370504410766795,0.48427957475684236,0.2920153811354897
v2vol,100,0.0,60,0.96,20,0.0,20,0.7,,,False,sym,3,0.9,,10,,,voltarget,0.25,1.0,0.0,1.0,1.0,0.17901627645685547,-0.342699673771364,0.8289660779778132,0.5223707232831748,0.23904045336742197,-0.2069047242944061,0.9673811262626371,1.1553165553981732,0.2046407943403581,-0.342699673771364,0.8920379045262287,0.5971432423273519,16.701198823795522,0.2226632191665636,0.4137073060393576,0.36326622935987335,0.22302646460076905
v2vol,100,0.0,60,0.96,20,0.0,20,0.7,,,False,sym,3,0.9,,10,,,voltarget,0.3,1.0,0.0,1.0,1.0,0.2014738131126652,-0.3663170265003991,0.8350252531696039,0.549998494575697,0.27563466294997796,-0.22357098706845602,0.9803139234747269,1.2328731315462698,0.23248570172740446,-0.3663170265003991,0.9007534118480431,0.6346571000219428,14.535173037774259,0.254399608535578,0.33340873105632207,0.44356480434290885,0.22302646460076905
v2vol,100,0.0,60,0.96,20,0.0,20,0.7,,,False,sym,3,0.9,,10,,,voltarget,0.35,1.0,0.0,1.0,1.0,0.22027083490156207,-0.36564564935286425,0.8450932661890548,0.6024161241666818,0.30543483687612283,-0.23947148474098334,0.9809249125110185,1.2754538904975956,0.2553194396430174,-0.36564564935286425,0.907327681315056,0.6982701424039722,13.680162859081655,0.2806647586205808,0.2926939606423886,0.48427957475684236,0.22302646460076905
v2vol,100,0.0,60,0.96,20,0.0,20,0.7,,,False,sym,3,0.9,,10,,,voltarget,0.4,1.0,0.0,1.0,1.0,0.24069831838655653,-0.3583007695126167,0.8721064746308882,0.6717772856418075,0.3249415353958307,-0.28007613681146715,0.9669475602742741,1.1601900079568888,0.27548952627748635,-0.3583007695126167,0.9184429490522237,0.7688778526828859,12.768152001809545,0.30125232891787707,0.2764080524768152,0.5005654829224158,0.22302646460076905
v2vol,100,0.0,60,0.96,20,0.0,20,0.7,,,False,sym,3,0.9,,10,,,voltarget,0.5,1.0,0.0,1.0,1.0,0.27619224353863325,-0.3569006553803937,0.9310688680796166,0.773863088719354,0.35120496281928393,-0.35555449537272465,0.9400718128801699,0.9877669032172378,0.30777758815219913,-0.3569006553803937,0.9409984944577355,0.8623620705435859,12.255145894593984,0.3306005175480836,0.26939606423886,0.507577471160371,0.22302646460076905
v2vol,100,0.0,60,0.96,20,0.0,20,0.7,,,False,sym,3,0.9,,10,,,voltarget,0.6,1.0,0.0,1.0,1.0,0.2923481872068534,-0.3533158211619415,0.955931687784873,0.8274415401082656,0.3663858076076596,-0.4156328714978682,0.9277077097996678,0.8815130677399725,0.32363656029311083,-0.41563287149786776,0.9475667960993568,0.7786596837896426,12.198145216014476,0.3469152497845848,0.267134132549197,0.5098394028500339,0.22302646460076905
v2vol,100,0.0,60,0.96,20,0.0,20,0.7,,,False,sym,3,0.95,,10,,,voltarget,0.25,1.0,0.0,1.0,1.0,0.17364910772953435,-0.324136321587433,0.8032884890181325,0.5357286307165486,0.23444189726241715,-0.2336151333607075,0.9427718934476697,1.0035389997634834,0.19953560903463097,-0.324136321587433,0.8667326444650613,0.615591637670905,16.92920153811355,0.22481267940388805,0.3919927618185931,0.36326622935987335,0.2447410088215336
v2vol,100,0.0,60,0.96,20,0.0,20,0.7,,,False,sym,3,0.95,,10,,,voltarget,0.3,1.0,0.0,1.0,1.0,0.19593122856453982,-0.3433385757533389,0.8126900808230383,0.5706647676703261,0.27057160883870446,-0.2513224740520532,0.9579089236029107,1.0765913787028232,0.22709681405940962,-0.3433385757533389,0.8784091095673683,0.6614369316384663,14.70617507351278,0.25648195886618985,0.3114679936665913,0.4437909975118751,0.2447410088215336
v2vol,100,0.0,60,0.96,20,0.0,20,0.7,,,False,sym,3,0.95,,10,,,voltarget,0.35,1.0,0.0,1.0,1.0,0.2146632765801746,-0.3426105401668098,0.8250004134088347,0.6265518757118785,0.29945586014441505,-0.26446772814663566,0.9595089608089614,1.1322964137929903,0.24955799002115198,-0.3426105401668098,0.8867289928169063,0.7284013793027134,13.794164216240668,0.2826078596297251,0.2705270300836915,0.48473196109477495,0.2447410088215336
v2vol,100,0.0,60,0.96,20,0.0,20,0.7,,,False,sym,3,0.95,,10,,,voltarget,0.4,1.0,0.0,1.0,1.0,0.2350520018343043,-0.3408359318135593,0.8533388643701633,0.6896338674846058,0.3185830517033408,-0.3014189190633344,0.9473095427399694,1.056944443611384,0.2695665256840316,-0.3408359318135593,0.8993163598807958,0.7908982021047218,12.882153358968559,0.30309762470028906,0.2542411219181181,0.5010178692603483,0.2447410088215336
v2vol,100,0.0,60,0.96,20,0.0,20,0.7,,,False,sym,3,0.95,,10,,,voltarget,0.5,1.0,0.0,1.0,1.0,0.27049762900367,-0.3400520784999923,0.9135923243868382,0.7954594196185045,0.34445089937082884,-0.3556182885732395,0.9232856061944176,0.968597258461552,0.3016797247677352,-0.3556182885732402,0.9238179221331375,0.8483245503995044,12.369147251752997,0.33228922347271506,0.24722913368016286,0.5080298574983035,0.2447410088215336
v2vol,100,0.0,60,0.96,20,0.0,20,0.7,,,False,sym,3,0.95,,10,,,voltarget,0.6,1.0,0.0,1.0,1.0,0.2866040233312268,-0.336373325114249,0.9389092809755126,0.8520414727710109,0.35950299726809143,-0.4156328714978681,0.9124306689480767,0.8649532361877577,0.31746004780634984,-0.415632871497868,0.9313573707170912,0.7637991833087684,12.31214657317349,0.34852600264653655,0.2449672019904999,0.5102917891879665,0.2447410088215336
v2vol,100,0.0,60,0.96,20,0.0,20,0.7,,,False,sym,3,,,10,,,voltarget,0.25,1.0,0.0,1.0,1.0,0.1802283628453163,-0.3279418145874945,0.8217503995805435,0.5495742074612189,0.20672379068566205,-0.2465864605736252,0.8191819920066233,0.8383420168518901,0.19356345949257014,-0.3279418145874945,0.832828635383111,0.5902372033162232,15.78918796652341,0.22915468222114097,0.3657543542185026,0.3634924225288396,0.27075322325265777
v2vol,100,0.0,60,0.96,20,0.0,20,0.7,,,False,sym,3,,,10,,,voltarget,0.3,1.0,0.0,1.0,1.0,0.2031262274827803,-0.3517716083305138,0.830094745810483,0.577437810989934,0.23854943341775559,-0.30395976423358484,0.8384185369151606,0.7848059562068774,0.22001414784261342,-0.3517716083305138,0.8443986770844067,0.6254460071032648,13.566161501922641,0.26149814207319916,0.2850033928975345,0.44401719068084144,0.27097941642162404
v2vol,100,0.0,60,0.96,20,0.0,20,0.7,,,False,sym,3,,,10,,,voltarget,0.35,1.0,0.0,1.0,1.0,0.2218000461630003,-0.3507665862184567,0.8400870189798716,0.6323294603234064,0.2632211525662247,-0.35376301925978115,0.8432776877292445,0.7440606797086717,0.2409580727672307,-0.3537630192597807,0.8512516125041427,0.6811284946386288,12.540149287491516,0.2881308322015638,0.2433838498077358,0.48563673377064015,0.27097941642162404
v2vol,100,0.0,60,0.96,20,0.0,20,0.7,,,False,sym,3,,,10,,,voltarget,0.4,1.0,0.0,1.0,1.0,0.2418436802676891,-0.3429274327081204,0.8656160866469548,0.7052328195438717,0.27944512399964383,-0.39155352835029544,0.8361584513173996,0.713683069533328,0.2596615959404356,-0.3915535283502952,0.8626309556094366,0.6631573390091756,11.628138430219407,0.3090233908875783,0.2270979416421624,0.5019226419362135,0.27097941642162404
v2vol,100,0.0,60,0.96,20,0.0,20,0.7,,,False,sym,3,,,10,,,voltarget,0.5,1.0,0.0,1.0,1.0,0.2769874814787421,-0.3408487863148262,0.9220128874487649,0.8126403631166274,0.30289137037329383,-0.4428782397444846,0.8250824781685919,0.6839156752159348,0.29059752682722073,-0.4428782397444836,0.8876332623126233,0.6561567057231792,11.058131644424337,0.3386215805098636,0.2196335670662746,0.5093870165121014,0.27097941642162404
v2vol,100,0.0,60,0.96,20,0.0,20,0.7,,,False,sym,3,,,10,,,voltarget,0.6,1.0,0.0,1.0,1.0,0.29545500836133276,-0.3370469036644689,0.9518069865078025,0.8765990879876441,0.31603317976934786,-0.4739007807624832,0.8199826838352228,0.6668762589098628,0.30714779359900657,-0.4739007807624832,0.8989693856940006,0.6481267937664521,11.001130965844832,0.3548291784840023,0.21737163537661164,0.5116489482017643,0.27097941642162404
v2vol,100,0.0,60,0.96,20,0.0,20,0.7,,,False,sym,5,0.9,,10,,,voltarget,0.25,1.0,0.0,1.0,1.0,0.17132168142123905,-0.3517149092452624,0.7981544085756305,0.4871038358563606,0.23776374509604303,-0.2082387535255984,0.9507647554072911,1.1417843272232955,0.19925010378806896,-0.3517149092452624,0.8669221795372305,0.566510257457199,13.281158109025107,0.22440694189548163,0.4256955439945714,0.36914725175299706,0.20515720425243159
v2vol,100,0.0,60,0.96,20,0.0,20,0.7,,,False,sym,5,0.9,,10,,,voltarget,0.3,1.0,0.0,1.0,1.0,0.18877786193834467,-0.38881946956782787,0.791189097730987,0.48551545566422105,0.2748584342655591,-0.23495318356866757,0.962063731305784,1.1698434134442313,0.22403676373908654,-0.38881946956782787,0.8671131137471103,0.5761973904961678,11.001130965844832,0.257177131148321,0.3472065143632662,0.44763628138430217,0.20515720425243159
v2vol,100,0.0,60,0.96,20,0.0,20,0.7,,,False,sym,5,0.9,,10,,,voltarget,0.35,1.0,0.0,1.0,1.0,0.20413963692424497,-0.3988299833263804,0.7941832528217404,0.5118462639685452,0.30699180416313454,-0.25790345129687753,0.9662845457375117,1.190336161146407,0.2454586791007365,-0.3988299833263804,0.8708633272001525,0.615446905605055,10.260122144311241,0.2847005470519232,0.30536077810450124,0.4894820176430672,0.20515720425243159
v2vol,100,0.0,60,0.96,20,0.0,20,0.7,,,False,sym,5,0.9,,10,,,voltarget,0.4,1.0,0.0,1.0,1.0,0.22193958576853134,-0.3912746355394038,0.8170698655563702,0.5672220113695069,0.32867014086817314,-0.2751226291623584,0.955120735013428,1.1946314335132886,0.2647090917466508,-0.3912746355394038,0.8806082195967465,0.6765301599009297,9.462112644198145,0.30635704644579587,0.28862248360099524,0.5062203121465731,0.20515720425243159
v2vol,100,0.0,60,0.96,20,0.0,20,0.7,,,False,sym,5,0.9,,10,,,voltarget,0.5,1.0,0.0,1.0,1.0,0.2568456126715948,-0.37454411178461045,0.878727178482219,0.6857553078268637,0.36432630418780376,-0.3135664985244564,0.9459398824743785,1.1618789185139573,0.3000183281615352,-0.37454411178461045,0.9118806467848467,0.8010226798974939,8.892105858403076,0.33700297077586167,0.28161049536304006,0.5132323003845284,0.20515720425243159
v2vol,100,0.0,60,0.96,20,0.0,20,0.7,,,False,sym,5,0.9,,10,,,voltarget,0.6,1.0,0.0,1.0,1.0,0.2763488232819209,-0.36869361151634616,0.9129840663649065,0.7495351550718933,0.39461694839592076,-0.3656723747781401,0.9605168754849163,1.079154389596266,0.32343387350635067,-0.36869361151634616,0.9355542450454345,0.87724295567842,8.778104501244062,0.35376068987352116,0.27957475684234334,0.5152680389052251,0.20515720425243159
v2vol,100,0.0,60,0.96,20,0.0,20,0.7,,,False,sym,5,0.95,,10,,,voltarget,0.25,1.0,0.0,1.0,1.0,0.16211430507211877,-0.35011184205503976,0.7575746072254198,0.46303576628702947,0.23122756317411208,-0.22498199836990251,0.9195127587938833,1.0277602868205524,0.19097912913679504,-0.35011184205503976,0.8297480224402133,0.5454803471251107,13.680162859081655,0.22674384972162653,0.40465957928070573,0.36959963809092966,0.2257407826283646
v2vol,100,0.0,60,0.96,20,0.0,20,0.7,,,False,sym,5,0.95,,10,,,voltarget,0.3,1.0,0.0,1.0,1.0,0.17860002879601322,-0.38466682379479955,0.7531099050275711,0.4642979787913485,0.2674938376285356,-0.25078689920220365,0.933234004247189,1.0666180668905738,0.21483044121828843,-0.38466682379479955,0.8325149786582469,0.5584844544142171,11.343135037321872,0.2595089422935199,0.3254919701425017,0.4487672472291337,0.2257407826283646
v2vol,100,0.0,60,0.96,20,0.0,20,0.7,,,False,sym,5,0.95,,10,,,voltarget,0.35,1.0,0.0,1.0,1.0,0.19340136943420783,-0.3921425048286983,0.7582014441093052,0.49319154912496005,0.29913698250519194,-0.2732621789883458,0.940693063225294,1.0946885647060205,0.23570484841059747,-0.3921425048286983,0.8388745322173551,0.6010693702116319,10.488124858629268,0.2869355151553902,0.2831938475458041,0.49106536982583127,0.2257407826283646
v2vol,100,0.0,60,0.96,20,0.0,20,0.7,,,False,sym,5,0.95,,10,,,voltarget,0.4,1.0,0.0,1.0,1.0,0.21066389491131732,-0.38186270414158463,0.781850307705846,0.551674443789642,0.3209516461143811,-0.29012498184525104,0.9331514990334319,1.1062530502305128,0.25465350980517676,-0.38186270414158463,0.8506432429245973,0.6668719072150024,9.690115358516172,0.3085464518662247,0.2664555530422981,0.5078036643293372,0.2257407826283646
v2vol,100,0.0,60,0.96,20,0.0,20,0.7,,,False,sym,5,0.95,,10,,,voltarget,0.5,1.0,0.0,1.0,1.0,0.24520863467255882,-0.35943321201542733,0.8449243793194507,0.6822091739870554,0.3564121343008566,-0.3248227784759081,0.9276545283154702,1.0972510486277103,0.28966066989778816,-0.35943321201542733,0.8846980639378162,0.8058817611026873,9.120108572721103,0.33911417640960123,0.2594435648043429,0.5148156525672924,0.2257407826283646
v2vol,100,0.0,60,0.96,20,0.0,20,0.7,,,False,sym,5,0.95,,10,,,voltarget,0.6,1.0,0.0,1.0,1.0,0.2647281371976766,-0.35703019816555814,0.8803768878259657,0.7414726781036034,0.38653878822823295,-0.3656723747781402,0.9438023024552749,1.0570631387256224,0.31302177638197026,-0.3656723747781404,0.9100347159731317,0.8560170195298068,9.00610721556209,0.35578044926043,0.2574078262836462,0.5168513910879892,0.2257407826283646
v2vol,100,0.0,60,0.96,20,0.0,20,0.7,,,False,sym,5,,,10,,,voltarget,0.25,1.0,0.0,1.0,1.0,0.14991439636867732,-0.3996750820581799,0.7037410786983264,0.37509067514710503,0.18919684518955404,-0.24248252526071112,0.745302490633446,0.7802494014203059,0.16786979876566277,-0.3996750820581799,0.7313812344763794,0.42001567348455887,12.597149966071024,0.23213030665817466,0.3815878760461434,0.36982583125989593,0.24858629269396065
v2vol,100,0.0,60,0.96,20,0.0,20,0.7,,,False,sym,5,,,10,,,voltarget,0.3,1.0,0.0,1.0,1.0,0.16343412058996987,-0.43854783901482863,0.6957781711791177,0.37267113425325454,0.21856313986433662,-0.27767008095338874,0.7645203512878563,0.7871324815186908,0.18741143829718587,-0.43854783901482863,0.7331453008083488,0.42734548348977025,10.260122144311241,0.2657894649064123,0.3015154942320742,0.4492196335670663,0.24926487220085952
v2vol,100,0.0,60,0.96,20,0.0,20,0.7,,,False,sym,5,,,10,,,voltarget,0.35,1.0,0.0,1.0,1.0,0.17500751786873114,-0.45221130456415903,0.6957539722556484,0.3870038543981188,0.24326075055007013,-0.3077210654202738,0.7754090665046727,0.7905235548883656,0.20379466785919442,-0.45221130456415903,0.7366394953115911,0.45066247969101875,9.405111965618637,0.29404827075924655,0.25808640579054515,0.49264872200859533,0.24926487220085952
v2vol,100,0.0,60,0.96,20,0.0,20,0.7,,,False,sym,5,,,10,,,voltarget,0.4,1.0,0.0,1.0,1.0,0.18875054617866271,-0.4498787851722591,0.7123999602887106,0.4195586731354534,0.25946804217958297,-0.3268073194496658,0.7724135323035112,0.7939480750202283,0.21847727083389024,-0.4498787851722591,0.7448094956964978,0.4856358602245159,8.550101786926035,0.3164281964730822,0.24066953178014025,0.5100655960190003,0.24926487220085952
v2vol,100,0.0,60,0.96,20,0.0,20,0.7,,,False,sym,5,,,10,,,voltarget,0.5,1.0,0.0,1.0,1.0,0.21634057875301216,-0.4441933886040107,0.7596422468672797,0.48704142002859785,0.2878923679276011,-0.35719497540290357,0.7781553235871906,0.8059810124788807,0.24646526391764056,-0.4441933886040107,0.7727232656127967,0.5548602708658487,7.923094322551458,0.34829586831914033,0.23071703234562316,0.5200180954535173,0.24926487220085952
v2vol,100,0.0,60,0.96,20,0.0,20,0.7,,,False,sym,5,,,10,,,voltarget,0.6,1.0,0.0,1.0,1.0,0.23171379265932246,-0.45138681806756253,0.7851305552853821,0.5133375264508502,0.31243527628684564,-0.36567237477813974,0.797540768029689,0.854413124525488,0.26520429473065676,-0.45138681806756253,0.7935143641679616,0.5875322098815956,7.809092965392445,0.3659716191112066,0.2286812938249265,0.522053833974214,0.24926487220085952
v2vol,100,0.0,60,0.96,20,0.0,20,,,,True,sym,3,0.9,,10,,,voltarget,0.25,1.0,0.0,1.0,1.0,0.1664213556884151,-0.3689615327422687,0.7807052627113672,0.4510534050840082,0.23874335270736813,-0.21232781857974625,0.9703025056726887,1.1244092003785209,0.19646023861980666,-0.3689615327422687,0.8623340959833198,0.5324680791507886,15.04817914498982,0.22235333392330417,0.4229812259669758,0.3668853200633341,0.2101334539696901
v2vol,100,0.0,60,0.96,20,0.0,20,,,,True,sym,3,0.9,,10,,,voltarget,0.3,1.0,0.0,1.0,1.0,0.18493385493677472,-0.4028125609546275,0.7798991664784278,0.45910647497808676,0.27017055879347707,-0.22738346304623802,0.9653751568315398,1.1881715370767238,0.219875698764759,-0.4028125609546275,0.8605205076223627,0.5458511478482063,13.509160823343134,0.25432044695895034,0.34517077584256955,0.4446957701877403,0.2101334539696901
v2vol,100,0.0,60,0.96,20,0.0,20,,,,True,sym,3,0.9,,10,,,voltarget,0.35,1.0,0.0,1.0,1.0,0.19849798327634915,-0.4178363108504647,0.7788646137696298,0.475061592594301,0.2968730082242448,-0.23612955012767622,0.9586531370888213,1.2572463211983604,0.23819857863799254,-0.4178363108504647,0.8578089070480391,0.5700763012988573,12.996154716127572,0.2809499417609171,0.29767021035964714,0.49219633567066273,0.2101334539696901
v2vol,100,0.0,60,0.96,20,0.0,20,,,,True,sym,3,0.9,,10,,,voltarget,0.4,1.0,0.0,1.0,1.0,0.21129112314950094,-0.4330568856265814,0.7883925726337208,0.4879061623596817,0.31330549007770614,-0.26847741235243416,0.9388014229016636,1.1669715054703578,0.25233923952215,-0.4330568856265814,0.8564841714953197,0.5826930546481102,11.970142501696449,0.3018811843853951,0.27866998416647815,0.5111965618638317,0.2101334539696901
v2vol,100,0.0,60,0.96,20,0.0,20,,,,True,sym,3,0.9,,10,,,voltarget,0.5,1.0,0.0,1.0,1.0,0.23137583096823078,-0.4538780176148993,0.8136643954784217,0.5097753625172163,0.33335995004647323,-0.34055089088080814,0.9017870892508822,0.978884386953926,0.27249044677494183,-0.4538780176148993,0.856416620795034,0.6003605290400759,11.40013571590138,0.3317649438513635,0.2698484505767926,0.5200180954535173,0.2101334539696901
v2vol,100,0.0,60,0.96,20,0.0,20,,,,True,sym,3,0.9,,10,,,voltarget,0.6,1.0,0.0,1.0,1.0,0.24403831346546911,-0.44788275931003874,0.8331153667035841,0.5448709698971422,0.34038596061830706,-0.39790275434019406,0.8740695256531676,0.8554501241961446,0.28318653530088866,-0.44788275931003874,0.8544364267821374,0.6322782679492647,11.40013571590138,0.3494572692615352,0.2675865188871296,0.5222800271431802,0.2101334539696901
v2vol,100,0.0,60,0.96,20,0.0,20,,,,True,sym,3,0.95,,10,,,voltarget,0.25,1.0,0.0,1.0,1.0,0.15803864129803902,-0.3498871648151365,0.7419245529978851,0.451684592035661,0.23375819258866004,-0.24069646354266372,0.9438278591190091,0.9711741882207843,0.18927491263240515,-0.3498871648151365,0.827870986606014,0.5409598626814701,15.561185252205382,0.22505902509617848,0.41121918118072837,0.36824247907713187,0.2205383397421398
v2vol,100,0.0,60,0.96,20,0.0,20,,,,True,sym,3,0.95,,10,,,voltarget,0.3,1.0,0.0,1.0,1.0,0.17486002402062573,-0.3924645403426147,0.7398250525523823,0.44554349768255747,0.2635863845664619,-0.26092539960584327,0.9371583621585426,1.0101982595969512,0.2110165475597927,-0.3924645403426147,0.8246773239487267,0.5376703520159527,13.794164216240668,0.25752727274212284,0.32933725401492875,0.4501244062429315,0.2205383397421398
v2vol,100,0.0,60,0.96,20,0.0,20,,,,True,sym,3,0.95,,10,,,voltarget,0.35,1.0,0.0,1.0,1.0,0.18688671622407416,-0.4178363108504647,0.7371094428418848,0.44727255954295747,0.2882545592573058,-0.27498822319970173,0.928318449350389,1.0482432880333563,0.22760994161353199,-0.4178363108504647,0.8201829628190956,0.5447347099878762,13.167156751866093,0.2846383779983907,0.27980095001130967,0.49966071024655057,0.2205383397421398
v2vol,100,0.0,60,0.96,20,0.0,20,,,,True,sym,3,0.95,,10,,,voltarget,0.4,1.0,0.0,1.0,1.0,0.19810382398733428,-0.43305688562658096,0.743797023817652,0.4574545066999731,0.30314618644363645,-0.2986676637216945,0.9076934822008312,1.0149950036978732,0.2401791671785345,-0.43305688562658096,0.8169514665998603,0.5546134356714459,12.141144537434968,0.3061318662884159,0.258764985297444,0.5206966749604162,0.2205383397421398
v2vol,100,0.0,60,0.96,20,0.0,20,,,,True,sym,3,0.95,,10,,,voltarget,0.5,1.0,0.0,1.0,1.0,0.2148213972688897,-0.465194028914654,0.7606783178698147,0.46178881051007975,0.3203761198808439,-0.35315329480050794,0.8692388860282488,0.9071871184490026,0.2571445306354885,-0.465194028914654,0.8118816226414274,0.5527683389131915,11.5711377516399,0.33733536998389285,0.24768152001809546,0.5317801402397647,0.2205383397421398
v2vol,100,0.0,60,0.96,20,0.0,20,,,,True,sym,3,0.95,,10,,,voltarget,0.6,1.0,0.0,1.0,1.0,0.22571849375117714,-0.49160738774602253,0.7747980147802763,0.4591438195957082,0.3247577841634932,-0.39790275434019395,0.8388713241879626,0.8161737525592392,0.2657600917458627,-0.49160738774602253,0.8064279605162658,0.5405941781394901,11.5711377516399,0.35636725302328304,0.24541958832843247,0.5340420719294278,0.2205383397421398
v2vol,100,0.0,60,0.96,20,0.0,20,,,,True,sym,3,,,10,,,voltarget,0.25,1.0,0.0,1.0,1.0,0.16431102562869349,-0.3594444027066438,0.7601146066482166,0.4571250084614447,0.20444483225425714,-0.24458723441681385,0.8134573436175215,0.8358769530295765,0.18262323712645157,-0.3594444027066438,0.7919901768999412,0.5080708887140394,15.219181180728341,0.2294257671843395,0.3888260574530649,0.3684686722460982,0.2427052703008369
v2vol,100,0.0,60,0.96,20,0.0,20,,,,True,sym,3,,,10,,,voltarget,0.3,1.0,0.0,1.0,1.0,0.18156931273361443,-0.3957439973612582,0.756691839066045,0.45880496973872575,0.2291651738263245,-0.3018071705476688,0.8100053373098693,0.7593099044349216,0.202856154589365,-0.3957439973612582,0.7880385746211388,0.5125943942093102,13.39515946618412,0.2625963036200199,0.3060393576114001,0.4510291789187966,0.2429314634698032
v2vol,100,0.0,60,0.96,20,0.0,20,,,,True,sym,3,,,10,,,voltarget,0.35,1.0,0.0,1.0,1.0,0.19332231155103896,-0.41783631085046535,0.7513578184052316,0.4626747521237446,0.24923383453748893,-0.3514718754340299,0.8045205192907637,0.7091145891252664,0.21768874579151332,-0.41783631085046535,0.7818954725741503,0.5209904934983486,12.48314860891201,0.2902801602446287,0.25537208776294956,0.5016964487672473,0.2429314634698032
v2vol,100,0.0,60,0.96,20,0.0,20,,,,True,sym,3,,,10,,,voltarget,0.4,1.0,0.0,1.0,1.0,0.2039920682743528,-0.43305688562658085,0.7551417426708485,0.47105143699355106,0.2608275072341819,-0.38915725445896165,0.7887647006257281,0.6702367853756336,0.22873088070305658,-0.43305688562658085,0.7773107944753249,0.528177448032285,11.40013571590138,0.3122712358728143,0.2341099298801176,0.5229586066500792,0.2429314634698032
v2vol,100,0.0,60,0.96,20,0.0,20,,,,True,sym,3,,,10,,,voltarget,0.5,1.0,0.0,1.0,1.0,0.21999072856495272,-0.4651940289146542,0.768167739717969,0.47290101525639494,0.2750605077875994,-0.4407470469354222,0.7630343171588387,0.6240779369938716,0.24413914313651985,-0.4651940289146542,0.7724782400898127,0.5248114291280173,10.545125537208776,0.34409754435529455,0.2205383397421398,0.536530196788057,0.2429314634698032
v2vol,100,0.0,60,0.96,20,0.0,20,,,,True,sym,3,,,10,,,voltarget,0.6,1.0,0.0,1.0,1.0,0.23268993775583513,-0.4916073877460223,0.7857910016359869,0.4733247374957047,0.27701145275085803,-0.47436051829474046,0.7383572144158461,0.5839681888928602,0.25294787985721556,-0.4916073877460223,0.7699176932212394,0.5145322998845886,10.488124858629268,0.3633497501206977,0.2178240217145442,0.5392445148156526,0.2429314634698032
v2vol,100,0.0,60,0.96,20,0.0,20,,,,True,sym,5,0.9,,10,,,voltarget,0.25,1.0,0.0,1.0,1.0,0.1782804675615166,-0.343404108270721,0.8230792630655149,0.5191564785269548,0.22915994769076553,-0.1993789907209882,0.9204143056776257,1.14936858122355,0.20057070751237527,-0.343404108270721,0.8712401282034934,0.5840661269965248,12.48314860891201,0.22462158087381265,0.4370052024428862,0.3727663424564578,0.19022845510065595
v2vol,100,0.0,60,0.96,20,0.0,20,,,,True,sym,5,0.9,,10,,,voltarget,0.3,1.0,0.0,1.0,1.0,0.19477678811340593,-0.3835742697918936,0.8091146276968597,0.5077941964644322,0.25808296450214674,-0.20712988882299055,0.9104631336775888,1.2459957660803833,0.22183413308525957,-0.3835742697918936,0.8586859623449605,0.5783342381271158,10.716127572947297,0.2577992967198805,0.3567066274598507,0.45306491743949334,0.19022845510065595
v2vol,100,0.0,60,0.96,20,0.0,20,,,,True,sym,5,0.9,,10,,,voltarget,0.35,1.0,0.0,1.0,1.0,0.20705426297555185,-0.40179334355303,0.8004060733087551,0.5153252693152797,0.2820553199610514,-0.21717298856020606,0.8990229571775481,1.2987587537059575,0.23839341166598604,-0.40179334355303,0.8485994777903066,0.5933234472176419,10.032119429993214,0.2858680118670959,0.3083012893010631,0.501470255598281,0.19022845510065595
v2vol,100,0.0,60,0.96,20,0.0,20,,,,True,sym,5,0.9,,10,,,voltarget,0.4,1.0,0.0,1.0,1.0,0.2202060516303701,-0.4078636174456405,0.808829844812938,0.5399011880723067,0.29548112807810756,-0.25224079877220207,0.8747888656866983,1.1714248032688626,0.2516904636699979,-0.4078636174456405,0.843722878007346,0.61709466817923,8.949106536982583,0.30815571232679095,0.28930106310789416,0.52047048179145,0.19022845510065595
v2vol,100,0.0,60,0.96,20,0.0,20,,,,True,sym,5,0.9,,10,,,voltarget,0.5,1.0,0.0,1.0,1.0,0.24389314832795228,-0.4265453271150128,0.8414074857706223,0.571787176705348,0.3162115022658334,-0.3135664985244565,0.8462521590830261,1.0084352242788162,0.2743910359971402,-0.4265453271150128,0.8486903743809825,0.6432869347157424,8.550101786926035,0.33976941103988567,0.28161049536304006,0.528161049536304,0.19022845510065595
v2vol,100,0.0,60,0.96,20,0.0,20,,,,True,sym,5,0.9,,10,,,voltarget,0.6,1.0,0.0,1.0,1.0,0.2632654647246251,-0.4174854604499395,0.8761310978686254,0.6305979241549973,0.33523357011893684,-0.3656723747781401,0.8464830068077237,0.9167593541139907,0.29370361017114366,-0.4174854604499395,0.865540947631356,0.7035062008018397,8.43610042976702,0.35787164414616723,0.27934856367337707,0.530422981225967,0.19022845510065595
v2vol,100,0.0,60,0.96,20,0.0,20,,,,True,sym,5,0.95,,10,,,voltarget,0.25,1.0,0.0,1.0,1.0,0.16821120506265608,-0.3263446666631721,0.7781687357673255,0.5154403373053152,0.2215012130509293,-0.2182049991048559,0.8849728249652946,1.0151060422978184,0.19134931686495915,-0.3263446666631721,0.8297179478293019,0.5863411797762126,13.05315539470708,0.22727991076328752,0.4256955439945714,0.3741235014702556,0.20018095453517304
v2vol,100,0.0,60,0.96,20,0.0,20,,,,True,sym,5,0.95,,10,,,voltarget,0.3,1.0,0.0,1.0,1.0,0.18306139366565977,-0.3653117297908445,0.7641729219202194,0.5011100896499264,0.24845921463599452,-0.22971643138038178,0.8740507890776612,1.0815909560451817,0.2108376931613538,-0.3653117297908445,0.8168569809543527,0.577144602726189,11.115132323003845,0.26090353143410405,0.3408731056322099,0.45894593983261706,0.20018095453517304
v2vol,100,0.0,60,0.96,20,0.0,20,,,,True,sym,5,0.95,,10,,,voltarget,0.35,1.0,0.0,1.0,1.0,0.19406601138641433,-0.39433374699379153,0.7552867220487528,0.49213645260107486,0.2708304281230163,-0.2507822930631779,0.8632210830561203,1.0799423867409481,0.2259956862517163,-0.39433374699379153,0.8069780244880663,0.5731076479621573,10.317122822890749,0.28937950085833736,0.29043202895272563,0.5093870165121014,0.20018095453517304
v2vol,100,0.0,60,0.96,20,0.0,20,,,,True,sym,5,0.95,,10,,,voltarget,0.4,1.0,0.0,1.0,1.0,0.20593405946748877,-0.4078636174456398,0.762106712977755,0.504909118291081,0.28324040264796135,-0.28537083338628366,0.8404387417271021,0.9925345182861119,0.23810135113295994,-0.4078636174456398,0.8018821217199406,0.5837768826357603,9.234109929880118,0.31214968389577435,0.2698484505767926,0.5299705948880343,0.20018095453517304
v2vol,100,0.0,60,0.96,20,0.0,20,,,,True,sym,5,0.95,,10,,,voltarget,0.5,1.0,0.0,1.0,1.0,0.2276472920077095,-0.42654532711501336,0.7904599596238683,0.5337001193927671,0.3013546695082996,-0.3257580197802471,0.8117792344389956,0.9250874919720787,0.2585911684372115,-0.42654532711501336,0.8049953099249896,0.6062454609131966,8.83510517982357,0.34485877140105126,0.2596697579733092,0.5401492874915178,0.20018095453517304
v2vol,100,0.0,60,0.96,20,0.0,20,,,,True,sym,5,0.95,,10,,,voltarget,0.6,1.0,0.0,1.0,1.0,0.2465193743879699,-0.43230137135572466,0.8232140362235665,0.5702488835852392,0.31760001308196073,-0.3656723747781401,0.8094877408858654,0.8685370703068678,0.27657813677135445,-0.43230137135572466,0.8202995276670965,0.6397808452561411,8.721103822664555,0.3640643858457418,0.2574078262836462,0.5424112191811807,0.20018095453517304
v2vol,100,0.0,60,0.96,20,0.0,20,,,,True,sym,5,,,10,,,voltarget,0.25,1.0,0.0,1.0,1.0,0.1537204373700627,-0.3945552759821883,0.7158379424186014,0.3896043133307441,0.17870884286012978,-0.2639985606142464,0.7078227838048362,0.6769311258528352,0.16641869461029257,-0.3945552759821883,0.7248489254541528,0.42178803513910007,12.654150644650532,0.2326931764045587,0.409409635828998,0.3750282741461208,0.21556209002488125
v2vol,100,0.0,60,0.96,20,0.0,20,,,,True,sym,5,,,10,,,voltarget,0.3,1.0,0.0,1.0,1.0,0.16524419410069036,-0.43950396556989,0.6984296873615731,0.37597884671284765,0.19732107286194878,-0.3106386515893752,0.6985625589623314,0.6352109496109394,0.18077822278921052,-0.43950396556989,0.7095052016141289,0.4113233029758935,10.716127572947297,0.26733854074353025,0.3227776521149061,0.46166025786021264,0.21556209002488125
v2vol,100,0.0,60,0.96,20,0.0,20,,,,True,sym,5,,,10,,,voltarget,0.35,1.0,0.0,1.0,1.0,0.1726986350711317,-0.464354731211985,0.6845206496809686,0.37191100566668317,0.21154518277254764,-0.35180424622007855,0.6883950070072279,0.6013150354081033,0.1907524379645804,-0.464354731211985,0.6957337208313774,0.4107903401063852,9.462112644198145,0.29689916812567485,0.2703008369147252,0.5141370730603936,0.21556209002488125
v2vol,100,0.0,60,0.96,20,0.0,20,,,,True,sym,5,,,10,,,voltarget,0.4,1.0,0.0,1.0,1.0,0.1807615764583559,-0.4761185459516801,0.6844575718107226,0.3796566590302509,0.21803081785117584,-0.38177297782741726,0.6695289341457311,0.5711007077869664,0.19826140804900327,-0.4761185459516801,0.6868622099362227,0.41641185737201725,8.322099072608006,0.32081944826710207,0.24903867903189322,0.5353992309432255,0.21556209002488125
v2vol,100,0.0,60,0.96,20,0.0,20,,,,True,sym,5,,,10,,,voltarget,0.5,1.0,0.0,1.0,1.0,0.19495830083611754,-0.4963124911514507,0.6969063232761088,0.39281360899019896,0.2252151246916072,-0.4163100864362068,0.643886646574605,0.5409792652864729,0.20991912955816172,-0.4963124911514507,0.6801374447125919,0.4229575787446875,7.752092286812938,0.35598299815790285,0.2343361230490839,0.5501017869260348,0.21556209002488125
v2vol,100,0.0,60,0.96,20,0.0,20,,,,True,sym,5,,,10,,,voltarget,0.6,1.0,0.0,1.0,1.0,0.20828267292209524,-0.5029139246943881,0.7175511025782132,0.41415173192642246,0.2307060014848401,-0.44375599178460445,0.635628339037684,0.5198938284912735,0.22038714362137224,-0.5029139246943881,0.6850936227081726,0.4382204047249191,7.581090251074417,0.3777159560362121,0.23094322551458946,0.5534946844605293,0.21556209002488125
v2vol,100,0.0,60,0.96,20,0.0,20,,,,False,sym,3,0.9,,10,,,voltarget,0.25,1.0,0.0,1.0,1.0,0.18010586365090453,-0.342115449470881,0.821697189743967,0.5264476185727887,0.24189544940131236,-0.22118683516683835,0.9754788611489728,1.0936249854963283,0.20637538524504428,-0.342115449470881,0.8896028025762385,0.6032331646063527,14.649174394933272,0.22565973603886405,0.4578149739877856,0.38679031893236826,0.15539470707984618
v2vol,100,0.0,60,0.96,20,0.0,20,,,,False,sym,3,0.9,,10,,,voltarget,0.3,1.0,0.0,1.0,1.0,0.20387810501550208,-0.3630499285046038,0.8284736471702252,0.5615704315251413,0.2770926908103404,-0.2432003576698838,0.9753842695698683,1.139359717498695,0.23455649690500646,-0.3630499285046038,0.8941842417195619,0.6460722850742334,12.939154037548066,0.259689609804579,0.3662067405564352,0.47839855236371864,0.15539470707984618
v2vol,100,0.0,60,0.96,20,0.0,20,,,,False,sym,3,0.9,,10,,,voltarget,0.35,1.0,0.0,1.0,1.0,0.22385684525079652,-0.36265963679524726,0.8382950541560663,0.617264295605036,0.3080518497929332,-0.2631496108822887,0.9734065922294303,1.1706338791841497,0.2585699393074674,-0.36265963679524726,0.8997640745603109,0.7129824029836894,12.426147930332503,0.28836847036127683,0.31395611852522054,0.5306491743949333,0.15539470707984618
v2vol,100,0.0,60,0.96,20,0.0,20,,,,False,sym,3,0.9,,10,,,voltarget,0.4,1.0,0.0,1.0,1.0,0.24319810203424486,-0.37400659748387877,0.8584436132984503,0.6502508342643012,0.3284845490394359,-0.2827481435742891,0.9576308484660996,1.1617566958600738,0.2783737507720745,-0.37400659748387877,0.9061439524485893,0.7443017119078322,11.799140465957928,0.3112713960899757,0.28862248360099524,0.5559828093191586,0.15539470707984618
v2vol,100,0.0,60,0.96,20,0.0,20,,,,False,sym,3,0.9,,10,,,voltarget,0.5,1.0,0.0,1.0,1.0,0.27572804928273675,-0.39992530699422335,0.902333708518584,0.689448865727118,0.3560770190918541,-0.3405508908808085,0.9273177838977626,1.045591213022196,0.3092404556008175,-0.39992530699422335,0.9187253652319114,0.7732455290839703,10.773128251526803,0.3453480186282272,0.27369373444921963,0.5709115584709342,0.15539470707984618
v2vol,100,0.0,60,0.96,20,0.0,20,,,,False,sym,3,0.9,,10,,,voltarget,0.6,1.0,0.0,1.0,1.0,0.29162911681811177,-0.4173681925062179,0.9224597383979659,0.6987334493961638,0.3694325921164012,-0.3979027543401942,0.905976005394901,0.9284494467222213,0.32427779054016037,-0.4173681925062179,0.9187223718560277,0.7769585616789169,10.887129608685818,0.3658002624117891,0.27097941642162404,0.5736258764985297,0.15539470707984618
v2vol,100,0.0,60,0.96,20,0.0,20,,,,False,sym,3,0.95,,10,,,voltarget,0.25,1.0,0.0,1.0,1.0,0.17162480287715387,-0.32222960633852626,0.7832624331409815,0.5326164930259363,0.23908151031696723,-0.23950004828601323,0.9574714185530039,0.9982524514210278,0.19992170098471584,-0.32222960633852626,0.8584228682948221,0.6204324402602632,15.276181859307849,0.22830072431018314,0.4469577018774033,0.38814747794616605,0.16489482017643067
v2vol,100,0.0,60,0.96,20,0.0,20,,,,False,sym,3,0.95,,10,,,voltarget,0.3,1.0,0.0,1.0,1.0,0.19364321770677018,-0.35908284079493635,0.7889343606921904,0.5392717103331462,0.27340683749142736,-0.2647593584292046,0.9567528953214778,1.0326616559034119,0.22664829833599365,-0.35908284079493635,0.8622244462138261,0.6311866583049205,13.338158787604614,0.2628026376084705,0.3512779914046596,0.48382718841890976,0.16489482017643067
v2vol,100,0.0,60,0.96,20,0.0,20,,,,False,sym,3,0.95,,10,,,voltarget,0.35,1.0,0.0,1.0,1.0,0.21199989691858945,-0.3954258967491793,0.7971684210883618,0.5361305333349528,0.30383225615128673,-0.2878682078696626,0.9555754677456235,1.055456100552973,0.24941150651201882,-0.3954258967491793,0.8672885518952567,0.63074145765982,12.711151323230037,0.29194110392699274,0.29699163085274827,0.5381135489708211,0.16489482017643067
v2vol,100,0.0,60,0.96,20,0.0,20,,,,False,sym,3,0.95,,10,,,voltarget,0.4,1.0,0.0,1.0,1.0,0.2296634323119604,-0.42156663177864506,0.8145638563344761,0.5447856044558844,0.32424051561542755,-0.31702159226440874,0.9414956060074711,1.0227710778292916,0.26812399665625986,-0.42156663177864506,0.8729133762326543,0.6360180726947231,12.084143858855462,0.31537877438562495,0.2696222574078263,0.565482922415743,0.16489482017643067
v2vol,100,0.0,60,0.96,20,0.0,20,,,,False,sym,3,0.95,,10,,,voltarget,0.5,1.0,0.0,1.0,1.0,0.2585773509507465,-0.4573295442445666,0.8503781733887483,0.5654070553825117,0.35120357083397913,-0.37929487144340734,0.9122719755138416,0.9259380953332517,0.29644605089232834,-0.4573295442445666,0.8820471475882412,0.6482110211838786,11.001130965844832,0.35071305717591816,0.2517529970594888,0.5833521827640805,0.16489482017643067
v2vol,100,0.0,60,0.96,20,0.0,20,,,,False,sym,3,0.95,,10,,,voltarget,0.6,1.0,0.0,1.0,1.0,0.2726084706678149,-0.4815252250490004,0.8654526265945969,0.5661353891482508,0.36384114995170647,-0.4184999652787349,0.8905911659876032,0.8693935009274759,0.3100284833392086,-0.4815252250490004,0.8799515311886746,0.6438468167636698,11.115132323003845,0.3724503105527474,0.24903867903189322,0.5860665007916761,0.16489482017643067
v2vol,100,0.0,60,0.96,20,0.0,20,,,,False,sym,3,,,10,,,voltarget,0.25,1.0,0.0,1.0,1.0,0.17797077510372383,-0.3321934349809834,0.8008591292930483,0.5357444078144165,0.2093047932725296,-0.2470534372493679,0.8266515301601799,0.847204538430542,0.19308621984067886,-0.3321934349809834,0.8222293773246317,0.5812463447741891,15.04817914498982,0.23260820704655624,0.4247907713187062,0.3883736711151323,0.1868355575661615
v2vol,100,0.0,60,0.96,20,0.0,20,,,,False,sym,3,,,10,,,voltarget,0.3,1.0,0.0,1.0,1.0,0.20045977185292974,-0.35908284079493646,0.8051051335275208,0.5582549458758668,0.23830404716943554,-0.30953652552498556,0.8299589829795871,0.7698737548509434,0.2182302804029348,-0.35908284079493646,0.8254303490474063,0.6077435499836675,13.05315539470708,0.2677740022092449,0.3282062881700973,0.48473196109477495,0.1870617507351278
v2vol,100,0.0,60,0.96,20,0.0,20,,,,False,sym,3,,,10,,,voltarget,0.35,1.0,0.0,1.0,1.0,0.21857166216481794,-0.39542589674917983,0.8106393176500598,0.5527499942763202,0.2638465164305215,-0.3635702938605827,0.8327221732680983,0.7257097757598919,0.23913334842632983,-0.39542589674917983,0.8289343867115361,0.6047488300393563,12.141144537434968,0.29744736779085873,0.27278896177335443,0.5401492874915178,0.1870617507351278
v2vol,100,0.0,60,0.96,20,0.0,20,,,,False,sym,3,,,10,,,voltarget,0.4,1.0,0.0,1.0,1.0,0.23570678058888128,-0.42156663177864573,0.8250655656492073,0.5591210566035623,0.28066552950177437,-0.40514306250253374,0.8239072793659291,0.6927565975537816,0.25620825380399803,-0.42156663177864573,0.8332731999773643,0.6077526884018816,11.457136394480885,0.3213453171734726,0.24519339515946617,0.567744854105406,0.1870617507351278
v2vol,100,0.0,60,0.96,20,0.0,20,,,,False,sym,3,,,10,,,voltarget,0.5,1.0,0.0,1.0,1.0,0.26393287341965554,-0.4573295442445662,0.8568605248490773,0.5771174785036677,0.30419702167869134,-0.46334862133904775,0.8081891529867754,0.6565186722679384,0.28280134822284553,-0.4633486213390482,0.8428693599722327,0.6103424833887873,10.08912010857272,0.3572267894829767,0.22483600995249944,0.5881022393123728,0.1870617507351278
v2vol,100,0.0,60,0.96,20,0.0,20,,,,False,sym,3,,,10,,,voltarget,0.6,1.0,0.0,1.0,1.0,0.279846607922285,-0.48152522504900064,0.8752688179865397,0.5811670777866464,0.3140484804290029,-0.5009647715592795,0.7927146817567734,0.6268873546766778,0.2965329550969069,-0.5009647715592793,0.8438059845264594,0.5919237677610193,10.146120787152228,0.3791414238410567,0.22166930558697126,0.591268943677901,0.1870617507351278
v2vol,100,0.0,60,0.96,20,0.0,20,,,,False,sym,5,0.9,,10,,,voltarget,0.25,1.0,0.0,1.0,1.0,0.1802903142392862,-0.332092676268928,0.8209423709988389,0.5428915695005796,0.22841734716750706,-0.20677497862928884,0.9108899232539696,1.104666283520789,0.2015809355427074,-0.332092676268928,0.8660734005854314,0.607002050775331,11.913141823116941,0.2277590494992694,0.47432707532232526,0.39515946618412123,0.1305134584935535
v2vol,100,0.0,60,0.96,20,0.0,20,,,,False,sym,5,0.9,,10,,,voltarget,0.3,1.0,0.0,1.0,1.0,0.19923514923415042,-0.36037223949769326,0.8113453062144279,0.5528593143352423,0.2611199066364154,-0.23343416441092513,0.9078082653703747,1.118601929136447,0.225791279793919,-0.36037223949769326,0.8587942504081054,0.6265501474493134,10.032119429993214,0.2631804498011574,0.3833974213978738,0.48608912010857275,0.1305134584935535
v2vol,100,0.0,60,0.96,20,0.0,20,,,,False,sym,5,0.9,,10,,,voltarget,0.35,1.0,0.0,1.0,1.0,0.21405294904809047,-0.3644010456401302,0.8068025203038633,0.5874103590237272,0.29030289714984625,-0.2594293806647192,0.9054769551637785,1.1190054742682645,0.2458677446602422,-0.3644010456401302,0.8547463873512744,0.6747174510115227,9.405111965618637,0.2934523865592258,0.32978964035286135,0.5396969011535852,0.1305134584935535
v2vol,100,0.0,60,0.96,20,0.0,20,,,,False,sym,5,0.9,,10,,,voltarget,0.4,1.0,0.0,1.0,1.0,0.2298352956183929,-0.39252430161017837,0.8189221463135431,0.5855313790141984,0.30883444679520133,-0.2847599163236203,0.8890912328973463,1.0845432558851476,0.26269807376952303,-0.39252430161017837,0.8551984975663258,0.6692530187096858,9.00610721556209,0.31785489318402305,0.30468219859760237,0.5648043429088442,0.1305134584935535
v2vol,100,0.0,60,0.96,20,0.0,20,,,,False,sym,5,0.9,,10,,,voltarget,0.5,1.0,0.0,1.0,1.0,0.2562437091626555,-0.43653018414010614,0.8506579782799494,0.5870011249449203,0.3373053528449532,-0.3334654918333565,0.8692021778366733,1.011515017612424,0.2899442134266923,-0.43653018414010614,0.8633265580197167,0.6642019818121753,7.8660936439719515,0.3537766564322889,0.28997964261479303,0.5795068988916535,0.1305134584935535
v2vol,100,0.0,60,0.96,20,0.0,20,,,,False,sym,5,0.9,,10,,,voltarget,0.6,1.0,0.0,1.0,1.0,0.2733612689513756,-0.46141493171905723,0.8750392988722347,0.5924413150934129,0.3618669805622958,-0.37962902220375594,0.8737263212200471,0.9532121081303241,0.3098040213668787,-0.46141493171905723,0.8762388448234832,0.6714217509447868,7.809092965392445,0.3748501499529034,0.2874915177561638,0.5819950237502828,0.1305134584935535
v2vol,100,0.0,60,0.96,20,0.0,20,,,,False,sym,5,0.95,,10,,,voltarget,0.25,1.0,0.0,1.0,1.0,0.16837936781542284,-0.3147393450465298,0.7692428464504114,0.5349803590349669,0.21405827846054049,-0.22542707585075283,0.8519905747900164,0.949567737826936,0.18873704743628417,-0.3147393450465298,0.8115752948918422,0.599661435428043,12.48314860891201,0.23059849635209295,0.46437457588780817,0.396516625197919,0.1391087989142728
v2vol,100,0.0,60,0.96,20,0.0,20,,,,False,sym,5,0.95,,10,,,voltarget,0.3,1.0,0.0,1.0,1.0,0.18453221147542376,-0.355924192495664,0.7569715076462091,0.5184593106232075,0.24358857197967976,-0.2552713753544318,0.848929716623731,0.9542337899871028,0.2100101982260476,-0.355924192495664,0.8025702243489252,0.5900419321134122,10.431124180049762,0.26658088391271445,0.3684686722460982,0.49242252883962906,0.1391087989142728
v2vol,100,0.0,60,0.96,20,0.0,20,,,,False,sym,5,0.95,,10,,,voltarget,0.35,1.0,0.0,1.0,1.0,0.19688889185075364,-0.4027378442454612,0.7498799392970638,0.4888760633350203,0.2710021375270941,-0.28427277757458247,0.8503816134354079,0.9533172322699572,0.22787158496761672,-0.4027378442454612,0.7983845661776796,0.5658062390301053,9.690115358516172,0.29739188643531017,0.3128251526803891,0.5480660484053381,0.1391087989142728
v2vol,100,0.0,60,0.96,20,0.0,20,,,,False,sym,5,0.95,,10,,,voltarget,0.4,1.0,0.0,1.0,1.0,0.21014509922009195,-0.438677447845474,0.7580091262998219,0.47904240405382414,0.2884095061982088,-0.31243282914508885,0.8376896932159625,0.9231088390659358,0.24267290963163157,-0.438677447845474,0.798038528006233,0.5531921251559623,9.291110608459624,0.3224142712517551,0.286134358742366,0.5747568423433612,0.1391087989142728
v2vol,100,0.0,60,0.96,20,0.0,20,,,,False,sym,5,0.95,,10,,,voltarget,0.5,1.0,0.0,1.0,1.0,0.23200668899614652,-0.49043273222292805,0.7807059978168713,0.47306526206877847,0.314104298989454,-0.366276939982461,0.8207527442676048,0.8575595804761685,0.26599409143784647,-0.49043273222292805,0.8028741548362349,0.5423661064223948,8.151097036869487,0.3597290391214719,0.2687174847319611,0.5921737163537661,0.1391087989142728
v2vol,100,0.0,60,0.96,20,0.0,20,,,,False,sym,5,0.95,,10,,,voltarget,0.6,1.0,0.0,1.0,1.0,0.2467162723789882,-0.5207217174254415,0.7996308040311952,0.4737967788222963,0.3357564272125797,-0.41690348040309666,0.8245949181905511,0.8053576978727611,0.2832541471477166,-0.5207217174254415,0.8132460599474616,0.5439645355069597,8.09409635828998,0.382112635830855,0.26622935987333185,0.5946618412123954,0.1391087989142728
v2vol,100,0.0,60,0.96,20,0.0,20,,,,False,sym,5,,,10,,,voltarget,0.25,1.0,0.0,1.0,1.0,0.15304075296077668,-0.3841250449788596,0.7049910753301605,0.39841388881373074,0.1715266536614728,-0.26463989353070727,0.6778001870430984,0.6481511588182749,0.1633269064531253,-0.3841250449788596,0.7067461092949168,0.425192026888312,12.084143858855462,0.23600366758618535,0.44854105406016737,0.3974213978737842,0.1540375480660484
v2vol,100,0.0,60,0.96,20,0.0,20,,,,False,sym,5,,,10,,,voltarget,0.3,1.0,0.0,1.0,1.0,0.16425457105856278,-0.41840710777611123,0.6848135746828717,0.3925711777020171,0.19264993661462992,-0.31642832410254396,0.6777010990184575,0.6088264606559002,0.17842667214029118,-0.41840710777611123,0.6929785199067912,0.4264427368087803,10.032119429993214,0.2731170056793928,0.350825605066727,0.4951368468672246,0.1540375480660484
v2vol,100,0.0,60,0.96,20,0.0,20,,,,False,sym,5,,,10,,,voltarget,0.35,1.0,0.0,1.0,1.0,0.1714028570224133,-0.46075458244165635,0.6690898313705026,0.3720046713677936,0.21170888179701608,-0.36215022850805667,0.6806216023675528,0.5845885633406587,0.18998859971855686,-0.46075458244165635,0.6831275087313987,0.4123422901444814,8.83510517982357,0.30511101651734673,0.2926939606423886,0.553268491291563,0.1540375480660484
v2vol,100,0.0,60,0.96,20,0.0,20,,,,False,sym,5,,,10,,,voltarget,0.4,1.0,0.0,1.0,1.0,0.17914257502471953,-0.500887956828651,0.6671147216610275,0.3576499945396022,0.22293724646102397,-0.39629536483335537,0.6723937157745487,0.5625532525589101,0.1990333665072399,-0.500887956828651,0.6774926104222925,0.3973610540916386,8.379099751187514,0.331379260305813,0.26532458719746665,0.5806378647364849,0.1540375480660484
v2vol,100,0.0,60,0.96,20,0.0,20,,,,False,sym,5,,,10,,,voltarget,0.5,1.0,0.0,1.0,1.0,0.1900142042496824,-0.5607887205082539,0.668297015259236,0.33883385542681527,0.23721879996979012,-0.4387522156854595,0.6595561151206438,0.5406668991954487,0.21118956636906616,-0.5607887205082539,0.6702333875621775,0.3765938198215914,7.068084143858855,0.3713345291453093,0.2433838498077358,0.6025786021262158,0.1540375480660484
v2vol,100,0.0,60,0.96,20,0.0,20,,,,False,sym,5,,,10,,,voltarget,0.6,1.0,0.0,1.0,1.0,0.195738330607943,-0.5998622827801714,0.6691077792258454,0.3263054474783077,0.24766502365707566,-0.4560910632131413,0.6586456245988015,0.543016611446597,0.21865901346460048,-0.5998622827801714,0.6679459969247414,0.3645153558433201,6.954082786699842,0.3964933694113256,0.23976475910427505,0.6061976928296765,0.1540375480660484
v2vol,100,0.0,60,0.96,60,0.0,20,0.7,,,True,sym,3,0.9,,10,,,voltarget,0.25,1.0,0.0,1.0,1.0,0.18520679859188904,-0.3576230561689353,0.8497034526539932,0.517882713088835,0.22765666363580772,-0.2133771773660018,0.920359476837928,1.0669213382896736,0.20443326721354182,-0.3576230561689353,0.8878856960526114,0.5716445393749191,16.302194073738974,0.22373624359131186,0.4069215109703687,0.37729020583578377,0.21578828319384755
v2vol,100,0.0,60,0.96,60,0.0,20,0.7,,,True,sym,3,0.9,,10,,,voltarget,0.3,1.0,0.0,1.0,1.0,0.20712821009074678,-0.39687534314003536,0.8493127561028971,0.5218974009621522,0.25786009567819845,-0.22657774954102283,0.9216007665041462,1.1380645107498157,0.22964585317022923,-0.39687534314003536,0.8876795464784031,0.5786347202960399,13.851164894820176,0.2559365934962141,0.3300158335218276,0.4541958832843248,0.21578828319384755
v2vol,100,0.0,60,0.96,60,0.0,20,0.7,,,True,sym,3,0.9,,10,,,voltarget,0.35,1.0,0.0,1.0,1.0,0.2233386069752299,-0.4144157928283744,0.847987415120422,0.5389239764511654,0.28167992049589974,-0.23028615437777722,0.9145720150117093,1.2231734958490499,0.2486908406506827,-0.4144157928283744,0.8836524549958304,0.6000998150996509,12.825152680389051,0.282824082218143,0.28794390409409637,0.4962678127120561,0.21578828319384755
v2vol,100,0.0,60,0.96,60,0.0,20,0.7,,,True,sym,3,0.9,,10,,,voltarget,0.4,1.0,0.0,1.0,1.0,0.24170830201319182,-0.4171046150662415,0.8677036328497699,0.5794908358297725,0.2946245655740267,-0.25320979339614313,0.8921731040131553,1.16355912471794,0.26514240999740935,-0.4171046150662415,0.8865564692613654,0.6356736425831715,11.685139108798914,0.30365600940421417,0.27369373444921963,0.5105179823569328,0.21578828319384755
v2vol,100,0.0,60,0.96,60,0.0,20,0.7,,,True,sym,3,0.9,,10,,,voltarget,0.5,1.0,0.0,1.0,1.0,0.2692027980259011,-0.4249723798840984,0.9068764747675786,0.633459515885056,0.3106133094717045,-0.31168120591657533,0.858300994566964,0.996573754128901,0.28850971049365537,-0.4249723798840984,0.8939983696970996,0.6788904977126745,11.40013571590138,0.3316808187089424,0.2689436779009274,0.5152680389052251,0.21578828319384755
v2vol,100,0.0,60,0.96,60,0.0,20,0.7,,,True,sym,3,0.9,,10,,,voltarget,0.6,1.0,0.0,1.0,1.0,0.28520583937240485,-0.42248146552277366,0.9322134949411909,0.6750730212969094,0.3244107907351219,-0.3461562826810619,0.8534225782960873,0.9371801321139803,0.3037528644984382,-0.42248146552277366,0.9041552383852505,0.7189732314589894,11.343135037321872,0.346562318540474,0.2666817462112644,0.517529970594888,0.21578828319384755
v2vol,100,0.0,60,0.96,60,0.0,20,0.7,,,True,sym,3,0.95,,10,,,voltarget,0.25,1.0,0.0,1.0,1.0,0.17981144910279845,-0.34445594645121214,0.8239616171591673,0.5220158076970998,0.22310035715681376,-0.23986960269882218,0.8964627255129173,0.9300901600147155,0.19932896139358558,-0.34445594645121214,0.862781622909862,0.5786776609525538,16.530196788057,0.22587549580347988,0.38520696674960414,0.37729020583578377,0.23750282741461207
v2vol,100,0.0,60,0.96,60,0.0,20,0.7,,,True,sym,3,0.95,,10,,,voltarget,0.3,1.0,0.0,1.0,1.0,0.20155954093471995,-0.37841635508055704,0.8270618349941862,0.5326396130310279,0.25286758966232803,-0.25422176742154645,0.8999083269616261,0.994673242291747,0.22426938238045713,-0.37841635508055704,0.8656181658901928,0.5926524564000802,14.022166930558697,0.2580064239824651,0.3080750961320968,0.45442207645329113,0.23750282741461207
v2vol,100,0.0,60,0.96,60,0.0,20,0.7,,,True,sym,3,0.95,,10,,,voltarget,0.35,1.0,0.0,1.0,1.0,0.2177169512007795,-0.3955797816834298,0.8281393403333588,0.5503743145675014,0.2758097428312076,-0.2597286473227971,0.8937796793757615,1.06191498579063,0.24295981383432208,-0.3955797816834298,0.8634191381832116,0.614186632088177,12.939154037548066,0.2847521820610528,0.26577697353539925,0.4967201990499887,0.23750282741461207
v2vol,100,0.0,60,0.96,60,0.0,20,0.7,,,True,sym,3,0.95,,10,,,voltarget,0.4,1.0,0.0,1.0,1.0,0.2360573891080766,-0.40124021503311935,0.8492443957785433,0.5883193664637825,0.2884115750622309,-0.299628115714239,0.8730981260306746,0.962565126355814,0.25926745838797616,-0.40124021503311935,0.867817264061869,0.6461651865244255,11.799140465957928,0.30548638895838165,0.2515268038905225,0.5109703686948655,0.23750282741461207
v2vol,100,0.0,60,0.96,60,0.0,20,0.7,,,True,sym,3,0.95,,10,,,voltarget,0.5,1.0,0.0,1.0,1.0,0.2635393717372305,-0.41554437634982144,0.8897506599711039,0.6342027151280055,0.30406214536844933,-0.35446511411305137,0.8418264002767978,0.8578055590301991,0.28250168875102366,-0.41554437634982144,0.8771294985012892,0.6798351868759325,11.514137073060393,0.3333633389745385,0.24677674734223026,0.5157204252431576,0.23750282741461207
v2vol,100,0.0,60,0.96,60,0.0,20,0.7,,,True,sym,3,0.95,,10,,,voltarget,0.6,1.0,0.0,1.0,1.0,0.27949342144328404,-0.41301262160348085,0.9155152423612125,0.6767188381754009,0.31773941854027443,-0.386797319678848,0.8382320883707819,0.8214623069365855,0.2976691357100447,-0.41301262160348085,0.8881292776938912,0.7207264866491818,11.457136394480885,0.34817398272735706,0.2445148156525673,0.5179823569328206,0.23750282741461207
v2vol,100,0.0,60,0.96,60,0.0,20,0.7,,,True,sym,3,,,10,,,voltarget,0.25,1.0,0.0,1.0,1.0,0.18642524913983416,-0.34709097403118017,0.8421741271794398,0.5371077414507675,0.19563691304581776,-0.24833845129726673,0.7753816440269986,0.7877834142230192,0.19335784069185835,-0.34709097403118017,0.8291843327658229,0.5570811549668487,15.390183216466863,0.23019745546495304,0.3589685591495137,0.37751639900475004,0.26351504184573626
v2vol,100,0.0,60,0.96,60,0.0,20,0.7,,,True,sym,3,,,10,,,voltarget,0.3,1.0,0.0,1.0,1.0,0.20878840108214036,-0.38303135378026254,0.8442613335609841,0.5450948049592779,0.2212916080676679,-0.30435207927998464,0.7830475528881263,0.72709083700425,0.21720303578457667,-0.38303135378026254,0.8321448936123254,0.5670633321291544,12.882153358968559,0.26299340045721215,0.28161049536304006,0.4546482696222574,0.26374123501470254
v2vol,100,0.0,60,0.96,60,0.0,20,0.7,,,True,sym,3,,,10,,,voltarget,0.35,1.0,0.0,1.0,1.0,0.22487166268780845,-0.40068065507747863,0.8431304190481765,0.5612241565401394,0.24023439596890062,-0.35309453112234335,0.7801146881207248,0.6803684985017853,0.2344053076535053,-0.40068065507747863,0.8287687422873463,0.5850177808264263,11.685139108798914,0.29023400919480324,0.23863379325944356,0.4976249717258539,0.26374123501470254
v2vol,100,0.0,60,0.96,60,0.0,20,0.7,,,True,sym,3,,,10,,,voltarget,0.4,1.0,0.0,1.0,1.0,0.24285459626985095,-0.40314005558318433,0.8615361304155421,0.6024075080272943,0.2501691913062336,-0.38999378387838024,0.7644506644912418,0.6414696891277862,0.249442880115476,-0.40314005558318433,0.8321395754706575,0.6187499273785403,10.545125537208776,0.3113661263665006,0.22438362361456685,0.5118751413707306,0.26374123501470254
v2vol,100,0.0,60,0.96,60,0.0,20,0.7,,,True,sym,3,,,10,,,voltarget,0.5,1.0,0.0,1.0,1.0,0.2699936806094554,-0.415544376349823,0.898516435122046,0.6497348922902115,0.2637511094128857,-0.44188122419648057,0.7450676617885459,0.5968823633375514,0.27158276814148574,-0.44188122419648046,0.841985775377037,0.6146058109514237,10.203121465731735,0.3396745850000277,0.219181180728342,0.5170775842569555,0.26374123501470254
v2vol,100,0.0,60,0.96,60,0.0,20,0.7,,,True,sym,3,,,10,,,voltarget,0.6,1.0,0.0,1.0,1.0,0.28829549023364254,-0.41301262160348007,0.9287275119708844,0.6980307020990405,0.2756049825368576,-0.47375800278118696,0.7460516816679021,0.5817421150015916,0.28751179239876445,-0.4737580027811862,0.8564682031890278,0.6068747983378279,10.146120787152228,0.35448245238416004,0.21691924903867904,0.5193395159466184,0.26374123501470254
v2vol,100,0.0,60,0.96,60,0.0,20,0.7,,,True,sym,5,0.9,,10,,,voltarget,0.25,1.0,0.0,1.0,1.0,0.19778254329355627,-0.3252888632886446,0.8888466511480555,0.6080212562274356,0.2384524649756734,-0.19910008979106975,0.9559341865947771,1.1976512176659437,0.21639440431925494,-0.3252888632886446,0.9254384940309709,0.6652376663975664,12.939154037548066,0.2258655347153785,0.42954082786699843,0.3793259443564804,0.19113322777652114
v2vol,100,0.0,60,0.96,60,0.0,20,0.7,,,True,sym,5,0.9,,10,,,voltarget,0.3,1.0,0.0,1.0,1.0,0.21883714516123587,-0.36756734202819297,0.8777055741698631,0.595366127887528,0.2758678252604241,-0.2030210373764193,0.9709341445908402,1.3588139870891325,0.24369258746596723,-0.36756734202819297,0.9235871236217051,0.6629875932973274,10.602126215788283,0.2592132562823233,0.3449445826736033,0.4639221895498756,0.19113322777652114
v2vol,100,0.0,60,0.96,60,0.0,20,0.7,,,True,sym,5,0.9,,10,,,voltarget,0.35,1.0,0.0,1.0,1.0,0.23486342640826607,-0.3851723805981314,0.8711654258884868,0.6097618579077461,0.3080726897429702,-0.21403578536533363,0.97697649027512,1.4393513178982045,0.26565232396655203,-0.3851723805981314,0.9214727883183391,0.689697229988356,9.74711603709568,0.28724445469781223,0.29767021035964714,0.5111965618638317,0.19113322777652114
v2vol,100,0.0,60,0.96,60,0.0,20,0.7,,,True,sym,5,0.9,,10,,,voltarget,0.4,1.0,0.0,1.0,1.0,0.25387833601566934,-0.38212950324675676,0.8890532448307417,0.6643777406837117,0.32991364653603283,-0.24240636179713138,0.9672104966082015,1.3609941756072221,0.28575564447816015,-0.38212950324675676,0.92856609563727,0.7477979115724963,8.43610042976702,0.30916628389851714,0.2829676543768378,0.525899117846641,0.19113322777652114
v2vol,100,0.0,60,0.96,60,0.0,20,0.7,,,True,sym,5,0.9,,10,,,voltarget,0.5,1.0,0.0,1.0,1.0,0.2858081727668804,-0.37416608887038794,0.9324902239210708,0.763853757110215,0.3683482272774654,-0.2834696933077213,0.964608715982159,1.299427190890576,0.32014694233145713,-0.37416608887038794,0.9521819239322149,0.8556278932117678,8.208097715448993,0.3397627986069337,0.2764080524768152,0.5324587197466637,0.19113322777652114
v2vol,100,0.0,60,0.96,60,0.0,20,0.7,,,True,sym,5,0.9,,10,,,voltarget,0.6,1.0,0.0,1.0,1.0,0.30576394902433646,-0.36487871362152646,0.9612269104180162,0.8379879055961941,0.404287102574838,-0.2971571682311588,0.9891288265823905,1.360516069598371,0.345921618820495,-0.36487871362152646,0.9773933828350414,0.9480454899304023,8.09409635828998,0.35688378975744706,0.27437231395611855,0.5344944582673603,0.19113322777652114
v2vol,100,0.0,60,0.96,60,0.0,20,0.7,,,True,sym,5,0.95,,10,,,voltarget,0.25,1.0,0.0,1.0,1.0,0.18836716677023535,-0.32362045026856123,0.8479389754813792,0.5820620007601993,0.23128907705199175,-0.218635920476272,0.9221156316494635,1.0578731827238468,0.20777652670086577,-0.32362045026856123,0.8870937913901107,0.6420376911546823,13.452160144763628,0.22820060686137286,0.40873105632209905,0.379778330694413,0.2114906129834879
v2vol,100,0.0,60,0.96,60,0.0,20,0.7,,,True,sym,5,0.95,,10,,,voltarget,0.3,1.0,0.0,1.0,1.0,0.20840195664679007,-0.3632702993818998,0.8396718826368051,0.5736828939811033,0.267219547624177,-0.22465856602462353,0.9376618493407939,1.1894474016846017,0.233873362761587,-0.3632702993818998,0.8873144083852097,0.6437998458985493,11.058131644424337,0.26155250994382423,0.32345623162180503,0.4650531553947071,0.2114906129834879
v2vol,100,0.0,60,0.96,60,0.0,20,0.7,,,True,sym,5,0.95,,10,,,voltarget,0.35,1.0,0.0,1.0,1.0,0.22385117053708892,-0.37833297349116923,0.8355205074669373,0.5916776655004243,0.2982479978940342,-0.22739112673300588,0.9455447678028946,1.3116078985976696,0.25503101900990965,-0.37833297349116923,0.887404160715631,0.6740914402901295,10.08912010857272,0.2894977695228689,0.2757294729699163,0.5127799140465958,0.2114906129834879
v2vol,100,0.0,60,0.96,60,0.0,20,0.7,,,True,sym,5,0.95,,10,,,voltarget,0.4,1.0,0.0,1.0,1.0,0.24230792398046375,-0.37257617252045794,0.8543568527966873,0.6503580793727725,0.3195247809362187,-0.25175775988122495,0.9382509682009254,1.2691755006358696,0.2745715096642669,-0.37257617252045794,0.896073246827435,0.7369540242114929,8.721103822664555,0.31138713760045283,0.2608007238181407,0.5277086631983714,0.2114906129834879
v2vol,100,0.0,60,0.96,60,0.0,20,0.7,,,True,sym,5,0.95,,10,,,voltarget,0.5,1.0,0.0,1.0,1.0,0.27390303400790206,-0.35904605613679286,0.8995034846775992,0.7628632297343709,0.35629276386194886,-0.28346969330772065,0.9372932964505423,1.2568989640637707,0.30814528499233695,-0.35904605613679286,0.9215620296812345,0.8582333094196049,8.493101108346528,0.3419379335795109,0.2542411219181181,0.534268265098394,0.2114906129834879
v2vol,100,0.0,60,0.96,60,0.0,20,0.7,,,True,sym,5,0.95,,10,,,voltarget,0.6,1.0,0.0,1.0,1.0,0.2938754490508595,-0.34842109018162926,0.9296291105005154,0.843449083112806,0.3905042939820824,-0.29715716823115856,0.9612696661677108,1.3141338514785856,0.33331003116024305,-0.34842109018162926,0.9474902590360659,0.9566298957003179,8.379099751187514,0.35900305909879826,0.2522053833974214,0.5363040036190907,0.2114906129834879
v2vol,100,0.0,60,0.96,60,0.0,20,0.7,,,True,sym,5,,,10,,,voltarget,0.25,1.0,0.0,1.0,1.0,0.17716288782198442,-0.3677445886382039,0.7985580985945003,0.48175525431397054,0.18925625915306377,-0.2608867857270176,0.7471389863477391,0.7254344394088805,0.18514274542624043,-0.3677445886382039,0.7912973004709577,0.503454710542018,12.369147251752997,0.23344121734402398,0.38520696674960414,0.38000452386337935,0.2347885093870165
v2vol,100,0.0,60,0.96,60,0.0,20,0.7,,,True,sym,5,,,10,,,voltarget,0.3,1.0,0.0,1.0,1.0,0.19548095756439632,-0.4048078494531443,0.7911111257727422,0.482898140015002,0.2182994386304351,-0.29991537504058463,0.7672911018678714,0.7278701153646917,0.20768768743395571,-0.4048078494531443,0.7931151153601079,0.5130525203859594,9.975118751413707,0.26757528659185864,0.2992535625424112,0.46527934856367337,0.2354670888939154
v2vol,100,0.0,60,0.96,60,0.0,20,0.7,,,True,sym,5,,,10,,,voltarget,0.35,1.0,0.0,1.0,1.0,0.20900870135135485,-0.4188878984714006,0.7856761874561723,0.4989609442384615,0.2424100014067705,-0.33156706475627273,0.7779966591504691,0.7311039821912363,0.2251743917262361,-0.4188878984714006,0.7925968838305099,0.5375528692710844,9.00610721556209,0.2962396526178443,0.2506220312146573,0.5139108798914273,0.2354670888939154
v2vol,100,0.0,60,0.96,60,0.0,20,0.7,,,True,sym,5,,,10,,,voltarget,0.4,1.0,0.0,1.0,1.0,0.22528795247081246,-0.4135066468245835,0.8011756537535739,0.5448230498852983,0.25810759034345376,-0.3526942453743742,0.7747948496944528,0.7318168462586635,0.24129092436186483,-0.4135066468245835,0.7996189073096795,0.5835236899208165,7.581090251074417,0.3187826837086959,0.2350147025559828,0.5295182085501018,0.2354670888939154
v2vol,100,0.0,60,0.96,60,0.0,20,0.7,,,True,sym,5,,,10,,,voltarget,0.5,1.0,0.0,1.0,1.0,0.2528352005601233,-0.40085917795399906,0.8381397689251824,0.630733221204025,0.28777902753987017,-0.3701350748896688,0.7844367356480715,0.7774973166908118,0.2697091993400571,-0.40085917795399906,0.8226437679674249,0.6728278013158222,7.296086858176883,0.35038773753452285,0.2255145894593983,0.5390183216466863,0.2354670888939154
v2vol,100,0.0,60,0.96,60,0.0,20,0.7,,,True,sym,5,,,10,,,voltarget,0.6,1.0,0.0,1.0,1.0,0.27145322685481577,-0.39092733979692706,0.8655373837939784,0.6943828154762113,0.31618884573896255,-0.3696482340321533,0.8112931783643355,0.8553776716040238,0.29198873777163903,-0.39092733979692706,0.847510548791695,0.7469130655413276,7.182085501017869,0.368184602607483,0.22347885093870165,0.541054060167383,0.2354670888939154
v2vol,100,0.0,60,0.96,60,0.0,20,0.7,,,False,sym,3,0.9,,10,,,voltarget,0.25,1.0,0.0,1.0,1.0,0.1918898108370546,-0.35175935455354124,0.8672923809922752,0.5455144500154212,0.22350490957696634,-0.2153520751581366,0.900615961885533,1.0378581651133056,0.20715096892388019,-0.35175935455354124,0.8915528177651199,0.5888996731495587,16.302194073738974,0.2258977749087634,0.4252431576566388,0.39448088667722236,0.18027595566613888
v2vol,100,0.0,60,0.96,60,0.0,20,0.7,,,False,sym,3,0.9,,10,,,voltarget,0.3,1.0,0.0,1.0,1.0,0.21695110823066277,-0.3892884811968669,0.8727096274530216,0.5573016380131436,0.2569990942465772,-0.23810616608945778,0.9101736289509018,1.0793466564407292,0.2355848510468388,-0.3892884811968669,0.8979274135478417,0.6051677931043156,13.794164216240668,0.2593897614596083,0.34109929880117623,0.4786247455326849,0.18027595566613888
v2vol,100,0.0,60,0.96,60,0.0,20,0.7,,,False,sym,3,0.9,,10,,,voltarget,0.35,1.0,0.0,1.0,1.0,0.23708684450307427,-0.40296694660388443,0.8793357643591855,0.5883530808201252,0.2835927596315482,-0.2555331304599816,0.9079039195477087,1.109808184641486,0.2581600323085307,-0.40296694660388443,0.9003738810177494,0.6406481585754015,12.597149966071024,0.2874601144834912,0.29540827866998415,0.5243157656638769,0.18027595566613888
v2vol,100,0.0,60,0.96,60,0.0,20,0.7,,,False,sym,3,0.9,,10,,,voltarget,0.4,1.0,0.0,1.0,1.0,0.25970349927258995,-0.4036240339651719,0.90733967661607,0.6434292247696017,0.29916894871146704,-0.2689831087717105,0.8895423109938142,1.1122220650865318,0.2782646145659744,-0.4036240339651719,0.9093714739975741,0.6894153745809534,11.685139108798914,0.3093463681809674,0.27866998416647815,0.541054060167383,0.18027595566613888
v2vol,100,0.0,60,0.96,60,0.0,20,0.7,,,False,sym,3,0.9,,10,,,voltarget,0.5,1.0,0.0,1.0,1.0,0.2941465367060161,-0.41217902673487394,0.9591024481842715,0.7136378069406721,0.3199710915332692,-0.31969172617556185,0.8619490558677645,1.00087385857948,0.3077811471955203,-0.41217902673487394,0.9251564583357208,0.7467171477249726,11.286134358742366,0.3394625815487933,0.27188418909748924,0.5478398552363719,0.18027595566613888
v2vol,100,0.0,60,0.96,60,0.0,20,0.7,,,False,sym,3,0.9,,10,,,voltarget,0.6,1.0,0.0,1.0,1.0,0.3111271234996902,-0.4096326939102045,0.9847037955070693,0.7595270790760961,0.33765049972207883,-0.35285028950434194,0.8612734443941781,0.9569228360174661,0.3250739743639892,-0.4096326939102045,0.9357877729632004,0.7935742903256853,11.229133680162859,0.35574483078568353,0.2696222574078263,0.5501017869260348,0.18027595566613888
v2vol,100,0.0,60,0.96,60,0.0,20,0.7,,,False,sym,3,0.95,,10,,,voltarget,0.25,1.0,0.0,1.0,1.0,0.1864640386514811,-0.33847205371865285,0.8417655078813019,0.5508993625998886,0.21896401185554915,-0.2417779885225857,0.8771301732218552,0.9056408037537074,0.20203514566992853,-0.33847205371865285,0.8667280732481446,0.5969034768166285,16.530196788057,0.22801692839717888,0.40352861343587426,0.39448088667722236,0.2019904998869034
v2vol,100,0.0,60,0.96,60,0.0,20,0.7,,,False,sym,3,0.95,,10,,,voltarget,0.3,1.0,0.0,1.0,1.0,0.21133712452607512,-0.37059729272504494,0.8506635512408148,0.5702608429006286,0.25201000558597686,-0.265338129942559,0.8889845697749483,0.9497692835949834,0.23018241274087314,-0.37059729272504494,0.8761661922767824,0.6211119650883447,13.96516625197919,0.26143258800279934,0.3191585614114454,0.4788509387016512,0.2019904998869034
v2vol,100,0.0,60,0.96,60,0.0,20,0.7,,,False,sym,3,0.95,,10,,,voltarget,0.35,1.0,0.0,1.0,1.0,0.2314020109146917,-0.3837626697297073,0.859651355341668,0.6029820750352642,0.2777138210388024,-0.28400989579153846,0.8876880734861569,0.9778314951484741,0.2523855454221877,-0.3837626697297073,0.8804452064045937,0.657660490010528,12.711151323230037,0.28935781909041847,0.27324134811128703,0.5247681520018096,0.2019904998869034
v2vol,100,0.0,60,0.96,60,0.0,20,0.7,,,False,sym,3,0.95,,10,,,voltarget,0.4,1.0,0.0,1.0,1.0,0.25397069169683584,-0.38739273905383653,0.8890016793715648,0.6555897054682307,0.2929341493988298,-0.3066683608703018,0.8710770668240642,0.9552147752298432,0.2723287272735382,-0.38739273905383653,0.8909342387741465,0.7029783984559718,11.799140465957928,0.3111439069715556,0.25650305360778103,0.5415064465053155,0.2019904998869034
v2vol,100,0.0,60,0.96,60,0.0,20,0.7,,,False,sym,3,0.95,,10,,,voltarget,0.5,1.0,0.0,1.0,1.0,0.28837180667171936,-0.4025412667045851,0.9420510051917705,0.7163782462167988,0.31337315210316197,-0.36197772356920555,0.846125868377908,0.865724965097884,0.301683267216063,-0.4025412667045851,0.9086182079626901,0.7494468074933066,11.40013571590138,0.34110755960227795,0.24971725853879212,0.5482922415743045,0.2019904998869034
v2vol,100,0.0,60,0.96,60,0.0,20,0.7,,,False,sym,3,0.95,,10,,,voltarget,0.6,1.0,0.0,1.0,1.0,0.3052994919575758,-0.39995318486816256,0.968069666149393,0.7633380693248194,0.3309124359636917,-0.3930752463720275,0.8467691074097582,0.8418551893509427,0.31889075444240556,-0.39995318486816256,0.920134830095,0.7973202027320327,11.343135037321872,0.3573159743101922,0.24745532684912916,0.5505541732639674,0.2019904998869034
v2vol,100,0.0,60,0.96,60,0.0,20,0.7,,,False,sym,3,,,10,,,voltarget,0.25,1.0,0.0,1.0,1.0,0.1931151318483999,-0.3411311341785156,0.8596941230646802,0.5661023357291739,0.1915934450684278,-0.2500903385464859,0.7575813568020718,0.7660969479347364,0.19605055163980167,-0.3411311341785156,0.8335083234447253,0.5747072958084426,15.390183216466863,0.23229923727933338,0.37729020583578377,0.39470707984618864,0.2280027143180276
v2vol,100,0.0,60,0.96,60,0.0,20,0.7,,,False,sym,3,,,10,,,voltarget,0.3,1.0,0.0,1.0,1.0,0.21862480887816815,-0.3752703446938441,0.8675159337570936,0.5825794976059947,0.22045563765523024,-0.30776397892377294,0.7742848656184901,0.7163139702903073,0.22308193679195987,-0.3752703446938441,0.843126711320408,0.594456609604887,12.825152680389051,0.26635580594411523,0.2926939606423886,0.4790771318706175,0.2282289074869939
v2vol,100,0.0,60,0.96,60,0.0,20,0.7,,,False,sym,3,,,10,,,voltarget,0.35,1.0,0.0,1.0,1.0,0.23863712914471535,-0.3889632710781368,0.8742370768989122,0.6135209848561172,0.24208537986281176,-0.35793238642529357,0.7767286138712356,0.6763438823755028,0.24376616789297367,-0.3889632710781368,0.8462624004720845,0.6267074194879567,11.457136394480885,0.29475464030572857,0.24609816783533137,0.5256729246776747,0.2282289074869939
v2vol,100,0.0,60,0.96,60,0.0,20,0.7,,,False,sym,3,,,10,,,voltarget,0.4,1.0,0.0,1.0,1.0,0.2608664059584582,-0.3893365170844105,0.9008293427397115,0.6700280978316268,0.25455752746406013,-0.3961256595355508,0.7655000141993782,0.6426181221446841,0.2624022473298322,-0.39612565953554957,0.8557441654067331,0.662421736671879,10.545125537208776,0.3169196077958168,0.2293598733318254,0.5424112191811807,0.2282289074869939
v2vol,100,0.0,60,0.96,60,0.0,20,0.7,,,False,sym,3,,,10,,,voltarget,0.5,1.0,0.0,1.0,1.0,0.29495296256486214,-0.40254126670458545,0.9502048060265232,0.7327272678885876,0.27277429525762087,-0.44837650196446344,0.7528687801629367,0.6083599253362298,0.2906010391159686,-0.4483765019644631,0.8740354045556378,0.6481183510794254,10.08912010857272,0.3472793757813086,0.22212169192490386,0.5496494005881022,0.2282289074869939
v2vol,100,0.0,60,0.96,60,0.0,20,0.7,,,False,sym,3,,,10,,,voltarget,0.6,1.0,0.0,1.0,1.0,0.31427908945114535,-0.39995318486816034,0.980587410240199,0.7857896907477899,0.2883567955462689,-0.479145632006292,0.7584334174046183,0.601814513760364,0.3085673015573098,-0.47914563200629223,0.8890983439716317,0.6439948127363032,10.032119429993214,0.3634670045618576,0.2198597602352409,0.5519113322777652,0.2282289074869939
v2vol,100,0.0,60,0.96,60,0.0,20,0.7,,,False,sym,5,0.9,,10,,,voltarget,0.25,1.0,0.0,1.0,1.0,0.19314533330554529,-0.35542247692394247,0.8658090273227884,0.5434246448821998,0.23722549358845058,-0.19829430459401254,0.9449508721511667,1.1963303437995645,0.21299414575990694,-0.35542247692394247,0.906744875758637,0.5992703320377961,12.882153358968559,0.227961378435728,0.44673150870843703,0.398778556887582,0.154489934403981
v2vol,100,0.0,60,0.96,60,0.0,20,0.7,,,False,sym,5,0.9,,10,,,voltarget,0.3,1.0,0.0,1.0,1.0,0.2155196888359754,-0.39595716582226415,0.8602918964881309,0.5443005138912351,0.2776468604532645,-0.21988532875404931,0.9646573694714579,1.2626893391501521,0.24221909616897275,-0.39595716582226415,0.9103308512019547,0.6117305533945033,10.488124858629268,0.2626946946853027,0.356932820628817,0.488577244967202,0.154489934403981
v2vol,100,0.0,60,0.96,60,0.0,20,0.7,,,False,sym,5,0.9,,10,,,voltarget,0.35,1.0,0.0,1.0,1.0,0.23362246011034582,-0.410580749651711,0.8604675524036658,0.5690049041717713,0.3136198349759296,-0.23843597586765797,0.9762013341767383,1.3153209528666172,0.26685871189376353,-0.410580749651711,0.9146106619432618,0.6499542711637978,9.519113322777653,0.29195777477706786,0.3069441302872653,0.5385659353087536,0.154489934403981
v2vol,100,0.0,60,0.96,60,0.0,20,0.7,,,False,sym,5,0.9,,10,,,voltarget,0.4,1.0,0.0,1.0,1.0,0.25497086427982896,-0.40661127877852765,0.8845860578368058,0.6270629409144011,0.33916652983933737,-0.25673165769106676,0.9711204294803774,1.3210935218883955,0.2897962738977593,-0.40661127877852765,0.9272743249341578,0.7127108592961708,8.607102465505541,0.31497426499835574,0.28997964261479303,0.555530422981226,0.154489934403981
v2vol,100,0.0,60,0.96,60,0.0,20,0.7,,,False,sym,5,0.9,,10,,,voltarget,0.5,1.0,0.0,1.0,1.0,0.2898573399108144,-0.4014646807496647,0.9345851962359121,0.7219996024794929,0.3826026307574759,-0.2925535553745977,0.9715424132787408,1.3078037293635882,0.32788367663330087,-0.4014646807496647,0.9554524348403166,0.816718611512813,7.980095001130966,0.34762406503307797,0.28093191585614113,0.5645781497398779,0.154489934403981
v2vol,100,0.0,60,0.96,60,0.0,20,0.7,,,False,sym,5,0.9,,10,,,voltarget,0.6,1.0,0.0,1.0,1.0,0.31004653604654364,-0.39258241660462745,0.9636341542229353,0.7897616473200166,0.42190162905744844,-0.3273433480214458,0.9961521244474014,1.2888657478685275,0.35498430579233053,-0.39258241660462745,0.9803363494370226,0.9042287447882256,7.8660936439719515,0.3662212121448987,0.2788961773354445,0.5666138882605746,0.154489934403981
v2vol,100,0.0,60,0.96,60,0.0,20,0.7,,,False,sym,5,0.95,,10,,,voltarget,0.25,1.0,0.0,1.0,1.0,0.18376640837212133,-0.35382857773740484,0.8255858951951507,0.5193656474760618,0.23006920264448016,-0.21784979027352558,0.9116365691800056,1.0560909990118066,0.2044003581998335,-0.35382857773740484,0.8690201701628754,0.5776818806069699,13.39515946618412,0.23027493530578735,0.42592173716353765,0.3992309432255146,0.17484731961094774
v2vol,100,0.0,60,0.96,60,0.0,20,0.7,,,False,sym,5,0.95,,10,,,voltarget,0.3,1.0,0.0,1.0,1.0,0.2051129030349521,-0.39185301688888363,0.8229093826714877,0.523443470369185,0.26898652389526334,-0.24106500141743203,0.9321383795728,1.1158256997641973,0.23241150500031593,-0.39185301688888363,0.8747531251596249,0.5931088826252933,10.944130287265324,0.26500318889019875,0.3354444695770188,0.4897082108120335,0.17484731961094774
v2vol,100,0.0,60,0.96,60,0.0,20,0.7,,,False,sym,5,0.95,,10,,,voltarget,0.35,1.0,0.0,1.0,1.0,0.22262127091918238,-0.40402398791460226,0.8254107026820687,0.5510100330137759,0.30375347954592247,-0.2615539637770532,0.9456387578010869,1.1613415264654137,0.2562272829766721,-0.40402398791460226,0.8812475003542762,0.634188292381368,9.861117394254693,0.29417523392551453,0.2850033928975345,0.5401492874915178,0.17484731961094774
v2vol,100,0.0,60,0.96,60,0.0,20,0.7,,,False,sym,5,0.95,,10,,,voltarget,0.4,1.0,0.0,1.0,1.0,0.24339037072250758,-0.39743647801870186,0.8504239228443611,0.6124006833390229,0.328705383635967,-0.28167790458658515,0.9430897308964022,1.1669548029278458,0.2785769917023593,-0.39743647801870186,0.8954984962290152,0.700934632601214,8.892105858403076,0.3171549530327889,0.2678127120560959,0.5573399683329563,0.17484731961094774
v2vol,100,0.0,60,0.96,60,0.0,20,0.7,,,False,sym,5,0.95,,10,,,voltarget,0.5,1.0,0.0,1.0,1.0,0.27791471041431626,-0.3870041769988467,0.9020647253458602,0.7181181158547145,0.37042158276031745,-0.32083604328155657,0.9453243597227585,1.1545510254134572,0.3158116834618303,-0.3870041769988467,0.9256271193100135,0.8160420538891792,8.2650983940285,0.34975113397355234,0.258764985297444,0.5663876950916082,0.17484731961094774
v2vol,100,0.0,60,0.96,60,0.0,20,0.7,,,False,sym,5,0.95,,10,,,voltarget,0.6,1.0,0.0,1.0,1.0,0.2981190446950779,-0.3768426672485715,0.932457133838443,0.791096843867825,0.4079459372654397,-0.3585516131271994,0.9695843310792114,1.1377607081653742,0.34228779872103376,-0.3768426672485715,0.9513101864791799,0.9083042565752121,8.151097036869487,0.3682877055719753,0.25672924677674736,0.568423433612305,0.17484731961094774
v2vol,100,0.0,60,0.96,60,0.0,20,0.7,,,False,sym,5,,,10,,,voltarget,0.25,1.0,0.0,1.0,1.0,0.17260550674184727,-0.395982065757177,0.7770716346551905,0.43589223267422406,0.18807802789807138,-0.26088678572701673,0.7387507050501974,0.720918184391562,0.1818298464603494,-0.395982065757177,0.7746229943172759,0.45918707483043075,12.31214657317349,0.23546869034115073,0.40239764759104274,0.3994571363944809,0.19814521601447635
v2vol,100,0.0,60,0.96,60,0.0,20,0.7,,,False,sym,5,,,10,,,voltarget,0.3,1.0,0.0,1.0,1.0,0.19222707259695393,-0.4315259514749915,0.7752389035073114,0.44545889288907387,0.21999820203980192,-0.29991537504058385,0.7650431931330951,0.7335342578220015,0.2062568537095648,-0.4315259514749915,0.7822526830864863,0.4779709146218478,9.861117394254693,0.27094919453573935,0.31124180049762495,0.4899344039809998,0.19882379552137525
v2vol,100,0.0,60,0.96,60,0.0,20,0.7,,,False,sym,5,,,10,,,voltarget,0.35,1.0,0.0,1.0,1.0,0.20779371755623788,-0.4429029398768326,0.7764403907438993,0.46916310290020535,0.24767869080815053,-0.33156706475627296,0.7821961615697101,0.7469942498366453,0.22634219710763515,-0.4429029398768326,0.7883230307340394,0.5110424355516333,8.778104501244062,0.3008129834581595,0.2598959511422755,0.5412802533363492,0.19882379552137525
v2vol,100,0.0,60,0.96,60,0.0,20,0.7,,,False,sym,5,,,10,,,voltarget,0.4,1.0,0.0,1.0,1.0,0.2263555693849566,-0.43674517123830114,0.7980962409318362,0.518278356102191,0.2668608825190548,-0.35269424537437377,0.7843651739045169,0.7566352046254411,0.24519181847716465,-0.43674517123830114,0.8010904746684082,0.5614070506652052,7.752092286812938,0.32442051043040926,0.24202669079393802,0.5591495136846867,0.19882379552137525
v2vol,100,0.0,60,0.96,60,0.0,20,0.7,,,False,sym,5,,,10,,,voltarget,0.5,1.0,0.0,1.0,1.0,0.2567805317831744,-0.42699342937180396,0.8415778259459217,0.6013688130071507,0.30119412282462155,-0.3701350748896689,0.7981772016328663,0.8137410995550813,0.27715034274682937,-0.42699342937180396,0.829189451039706,0.6490740224142912,7.068084143858855,0.35801914644149585,0.23003845283872426,0.5711377516399004,0.19882379552137525
v2vol,100,0.0,60,0.96,60,0.0,20,0.7,,,False,sym,5,,,10,,,voltarget,0.6,1.0,0.0,1.0,1.0,0.2756232830833869,-0.41749481349885165,0.8692390315896145,0.6601837296456499,0.33269832107123154,-0.36964823403215397,0.8261653839777104,0.9000403368416787,0.3006882707443117,-0.41749481349885165,0.8541989060312771,0.7202203740553504,6.954082786699842,0.3772463570921444,0.2280027143180276,0.5731734901605972,0.19882379552137525
v2vol,100,0.0,60,0.96,60,0.0,20,,,,True,sym,3,0.9,,10,,,voltarget,0.25,1.0,0.0,1.0,1.0,0.18535359620507763,-0.3731561328915549,0.837223763927767,0.4967186115066326,0.23590314503250043,-0.2123278185797457,0.9471392265849156,1.1110326786685294,0.20754557259358863,-0.3731561328915549,0.8891776515498165,0.5561896329703488,13.509160823343134,0.22720817167112284,0.44446957701877404,0.4051119656186383,0.15041845736258766
v2vol,100,0.0,60,0.96,60,0.0,20,,,,True,sym,3,0.9,,10,,,voltarget,0.3,1.0,0.0,1.0,1.0,0.2072779890920795,-0.42074502192494956,0.8342328707200425,0.49264513729422743,0.26788604212160827,-0.22738346304623713,0.9426397406519506,1.1781245589840241,0.23339714692531377,-0.42074502192494956,0.8855372664198522,0.5547234899120114,11.799140465957928,0.2617071084163743,0.3571590137977833,0.49242252883962906,0.15041845736258766
v2vol,100,0.0,60,0.96,60,0.0,20,,,,True,sym,3,0.9,,10,,,voltarget,0.35,1.0,0.0,1.0,1.0,0.22215987237859025,-0.44667360730773864,0.8269082583253328,0.4973651201771852,0.2953698449335358,-0.23612955012767833,0.9369610022162913,1.2508804796935642,0.252904701419975,-0.44667360730773864,0.8786453101421667,0.5661957574442823,10.944130287265324,0.2909685668385183,0.3033250395838046,0.5462565030536077,0.15041845736258766
v2vol,100,0.0,60,0.96,60,0.0,20,,,,True,sym,3,0.9,,10,,,voltarget,0.4,1.0,0.0,1.0,1.0,0.2371234508454001,-0.4583151199269393,0.8351837997538591,0.5173808162453822,0.31179663003662195,-0.24431372730810585,0.9165644434444441,1.2762141262877664,0.2684496761237598,-0.4583151199269393,0.8758427449242644,0.5857316602746027,10.08912010857272,0.3140907820550202,0.2825152680389052,0.5670662745985071,0.15041845736258766
v2vol,100,0.0,60,0.96,60,0.0,20,,,,True,sym,3,0.9,,10,,,voltarget,0.5,1.0,0.0,1.0,1.0,0.25507888740767304,-0.49000383610606846,0.848011727024895,0.5205650825812259,0.33418525917738795,-0.2917069479161003,0.8864082035140115,1.1456198131883548,0.28806977274398937,-0.49000383610606846,0.8703185263113644,0.5878928929071332,9.405111965618637,0.34599485989015366,0.2705270300836915,0.5790545125537209,0.15041845736258766
v2vol,100,0.0,60,0.96,60,0.0,20,,,,True,sym,3,0.9,,10,,,voltarget,0.6,1.0,0.0,1.0,1.0,0.26482660260209645,-0.4955634537512762,0.8580189784029058,0.5343949409453692,0.35131065532597505,-0.3203780603021912,0.8790511817191664,1.0965502912234601,0.30051125224488784,-0.4955634537512762,0.8711311549354743,0.606403175960822,9.405111965618637,0.3642014112436666,0.2682650983940285,0.5813164442433838,0.15041845736258766
v2vol,100,0.0,60,0.96,60,0.0,20,,,,True,sym,3,0.95,,10,,,voltarget,0.25,1.0,0.0,1.0,1.0,0.17585743127377484,-0.3642840406807998,0.7947547347386161,0.48274810761712217,0.23023461090472663,-0.2406964635426636,0.9190041255030643,0.9565350795605578,0.19941619892331497,-0.3642840406807998,0.851756352458616,0.5474195316122877,13.794164216240668,0.2300025372166616,0.43496946392218955,0.4080524768152002,0.15697805926261027
v2vol,100,0.0,60,0.96,60,0.0,20,,,,True,sym,3,0.95,,10,,,voltarget,0.3,1.0,0.0,1.0,1.0,0.19576147894340945,-0.4077583184094269,0.7903116823655573,0.4800919321696018,0.26060175551326803,-0.2609253996058416,0.9133624237696428,0.9987596297904977,0.22337904861808422,-0.4077583184094269,0.8468521487794185,0.5478221743934873,11.970142501696449,0.26507061953290395,0.3415516851391088,0.501470255598281,0.15697805926261027
v2vol,100,0.0,60,0.96,60,0.0,20,,,,True,sym,3,0.95,,10,,,voltarget,0.35,1.0,0.0,1.0,1.0,0.20878165846445373,-0.4384781557507508,0.781224542398462,0.4761506490716357,0.2860350666527218,-0.27498822319970395,0.9060090410426568,1.0401720601867206,0.2409399542677162,-0.4384781557507508,0.8383152803649319,0.5494913511830142,11.001130965844832,0.29487970161689675,0.2856819724044334,0.5573399683329563,0.15697805926261027
v2vol,100,0.0,60,0.96,60,0.0,20,,,,True,sym,3,0.95,,10,,,voltarget,0.4,1.0,0.0,1.0,1.0,0.22181676144670615,-0.4577450474472854,0.7863641320013957,0.48458582497771513,0.30091427638985624,-0.2884349290825694,0.885183275500843,1.0432657284156954,0.2546865194527679,-0.4577450474472854,0.8336058526537151,0.5563938285582389,10.146120787152228,0.31863599970996814,0.26283646233883734,0.5801854783985524,0.15697805926261027
v2vol,100,0.0,60,0.96,60,0.0,20,,,,True,sym,3,0.95,,10,,,voltarget,0.5,1.0,0.0,1.0,1.0,0.23731408023062528,-0.49000383610606846,0.7940447514711837,0.4843106578848399,0.32044763842678625,-0.33439190520311635,0.8538579167472443,0.9582996281926739,0.2716936204964986,-0.49000383610606846,0.8251982160879916,0.554472435676374,9.462112644198145,0.3518991353642582,0.24858629269396065,0.5944356480434291,0.15697805926261027
v2vol,100,0.0,60,0.96,60,0.0,20,,,,True,sym,3,0.95,,10,,,voltarget,0.6,1.0,0.0,1.0,1.0,0.24902984401053296,-0.4955634537512761,0.8083878890723728,0.5025185818797715,0.3348012423035056,-0.3626213971488349,0.8438369992007755,0.9232804377676843,0.2844010373689587,-0.4955634537512761,0.8280550693314604,0.5738942918734681,9.462112644198145,0.37118524992044954,0.24632436100429767,0.596697579733092,0.15697805926261027
v2vol,100,0.0,60,0.96,60,0.0,20,,,,True,sym,3,,,10,,,voltarget,0.25,1.0,0.0,1.0,1.0,0.1839261589727652,-0.3704049550590771,0.8175563190669286,0.4965542616551396,0.20067982448607058,-0.2402708595201285,0.7908360295299183,0.8352233179124195,0.19366036842434253,-0.3704049550590771,0.8194631837085353,0.5228341731914872,14.022166930558697,0.23446005822763863,0.4198145216014476,0.41031440850486317,0.16987106989368922
v2vol,100,0.0,60,0.96,60,0.0,20,,,,True,sym,3,,,10,,,voltarget,0.3,1.0,0.0,1.0,1.0,0.20574023093274807,-0.41469785389619895,0.8150994221333923,0.49612079975761325,0.22592986670508397,-0.29538462391192866,0.7892394513356001,0.7648667141606085,0.21700402497441962,-0.41469785389619895,0.8163084914307844,0.523282247389534,11.74213978737842,0.2703116192706554,0.3214204931011084,0.5084822438362362,0.17009726306265552
v2vol,100,0.0,60,0.96,60,0.0,20,,,,True,sym,3,,,10,,,voltarget,0.35,1.0,0.0,1.0,1.0,0.21939298969977572,-0.4424463166932,0.8046840250121772,0.49586352382701976,0.24674395103166247,-0.34216069536700433,0.7858111496961134,0.7211347018306791,0.2333572186452182,-0.4424463166932,0.8072949921605997,0.5274249323382483,10.260122144311241,0.3008197579949832,0.26374123501470254,0.5661615019226419,0.17009726306265552
v2vol,100,0.0,60,0.96,60,0.0,20,,,,True,sym,3,,,10,,,voltarget,0.4,1.0,0.0,1.0,1.0,0.2329075120427433,-0.4577450474472853,0.8084811260277172,0.5088149251239367,0.25832732151909843,-0.3773194762320261,0.7702580260781517,0.6846381853881417,0.24619962517716654,-0.4577450474472853,0.8024168492244347,0.5378531707773841,9.348111287039131,0.3252253173265882,0.24066953178014025,0.5892332051572042,0.17009726306265552
v2vol,100,0.0,60,0.96,60,0.0,20,,,,True,sym,3,,,10,,,voltarget,0.5,1.0,0.0,1.0,1.0,0.24945819141161096,-0.4900038361060687,0.8149288627534995,0.509094364227818,0.2747843599927089,-0.42452626007572813,0.7512354588612135,0.6472729388841391,0.2627676890839945,-0.4900038361060687,0.7957592177998384,0.5362563917297873,8.43610042976702,0.3595023255412684,0.22189549875593756,0.6080072381814069,0.17009726306265552
v2vol,100,0.0,60,0.96,60,0.0,20,,,,True,sym,3,,,10,,,voltarget,0.6,1.0,0.0,1.0,1.0,0.2615460531827971,-0.4955634537512774,0.8280920057335631,0.5277751036783812,0.2863445867161807,-0.45301056288066566,0.7461401416609307,0.6320925165526682,0.2746980900556626,-0.4955634537512774,0.7985183315386487,0.5543146654102002,8.379099751187514,0.37923912772346086,0.219181180728342,0.6107215562090025,0.17009726306265552
v2vol,100,0.0,60,0.96,60,0.0,20,,,,True,sym,5,0.9,,10,,,voltarget,0.25,1.0,0.0,1.0,1.0,0.21456152853825672,-0.26401733880535494,0.9385391703923479,0.812679688042916,0.23184340670339654,-0.19937899072098797,0.9277365687722007,1.1628276673736373,0.224582818971089,-0.26401733880535494,0.946337649795699,0.8506366285915079,10.602126215788283,0.228648647742388,0.46754128025333636,0.4069215109703687,0.12553720877629496
v2vol,100,0.0,60,0.96,60,0.0,20,,,,True,sym,5,0.9,,10,,,voltarget,0.3,1.0,0.0,1.0,1.0,0.23877394795215934,-0.30756691202318187,0.925884860157738,0.7763317139073871,0.2647189983607414,-0.20712988882299088,0.9266829828784064,1.2780337973674338,0.2522748011544991,-0.30756691202318187,0.9371605810002431,0.8202273758741794,9.063107894141597,0.26422212126586114,0.3732187287943904,0.5012440624293146,0.12553720877629496
v2vol,100,0.0,60,0.96,60,0.0,20,,,,True,sym,5,0.9,,10,,,voltarget,0.35,1.0,0.0,1.0,1.0,0.25586082046463887,-0.3272395020866453,0.9140794129608052,0.7818763286007352,0.29329294090070523,-0.21403578536533419,0.9235004456790582,1.370298618056267,0.2736612552499369,-0.3272395020866453,0.9276115652894193,0.8362720683320128,8.151097036869487,0.294444517575738,0.3171228228907487,0.5573399683329563,0.12553720877629496
v2vol,100,0.0,60,0.96,60,0.0,20,,,,True,sym,5,0.9,,10,,,voltarget,0.4,1.0,0.0,1.0,1.0,0.27366206167218965,-0.33059918009230116,0.9223834336650362,0.8277759841866061,0.3113065348573829,-0.24240636179713082,0.9062849424235304,1.2842341783006275,0.2915976211907303,-0.33059918009230116,0.9250715821214192,0.8820276599274025,7.2390861795973755,0.3184502842479188,0.2947296991630853,0.5797330920606197,0.12553720877629496
v2vol,100,0.0,60,0.96,60,0.0,20,,,,True,sym,5,0.9,,10,,,voltarget,0.5,1.0,0.0,1.0,1.0,0.29937357598172376,-0.35500023046661733,0.9433905807883269,0.8433053003605742,0.341221654504714,-0.2834696933077212,0.889433780099304,1.2037324008895018,0.3189384093748755,-0.35500023046661733,0.9276253875112214,0.8984174713229294,6.498077358063786,0.3527394414360932,0.2834200407147704,0.5910427505089346,0.12553720877629496
v2vol,100,0.0,60,0.96,60,0.0,20,,,,True,sym,5,0.9,,10,,,voltarget,0.6,1.0,0.0,1.0,1.0,0.3168270232611501,-0.3658653389673502,0.9632977506837954,0.8659662163007569,0.36952805203819716,-0.2971571682311591,0.9003767623173552,1.2435441293165796,0.34042951428764057,-0.3658653389673502,0.9405565481076545,0.9304776321487521,6.384076000904773,0.37292340144967023,0.28115810902510746,0.5933046821985976,0.12553720877629496
v2vol,100,0.0,60,0.96,60,0.0,20,,,,True,sym,5,0.95,,10,,,voltarget,0.25,1.0,0.0,1.0,1.0,0.2055645828847843,-0.2554342888984682,0.8973461151218229,0.8047650288896552,0.22416795178193016,-0.21820499910485547,0.8923751446107792,1.0273272963568048,0.21605021263730828,-0.2554342888984682,0.9071769089106976,0.8458152332210396,11.001130965844832,0.23153200910028085,0.4591721330015833,0.41054060167382944,0.1302872653245872
v2vol,100,0.0,60,0.96,60,0.0,20,,,,True,sym,5,0.95,,10,,,voltarget,0.3,1.0,0.0,1.0,1.0,0.22805660729902755,-0.2920427930112448,0.8841827220401736,0.7809013362307026,0.25504448592029116,-0.22971643138038245,0.8903686524457138,1.1102579140190827,0.24190968389735468,-0.2920427930112448,0.897353666989267,0.8283364276961979,9.348111287039131,0.26770129576395263,0.3587423659805474,0.5109703686948655,0.1302872653245872
v2vol,100,0.0,60,0.96,60,0.0,20,,,,True,sym,5,0.95,,10,,,voltarget,0.35,1.0,0.0,1.0,1.0,0.2433696257844704,-0.3203812032248615,0.8706692012141315,0.7596251694381082,0.2819696593304941,-0.2451854606968702,0.8878057934967498,1.1500260191981828,0.2615599425564341,-0.3203812032248615,0.887030966548744,0.8164022730536306,8.322099072608006,0.2984961007135224,0.300610721556209,0.5691020131192038,0.1302872653245872
v2vol,100,0.0,60,0.96,60,0.0,20,,,,True,sym,5,0.95,,10,,,voltarget,0.4,1.0,0.0,1.0,1.0,0.2592801197096166,-0.3443726101421919,0.875717462679675,0.7529057540393805,0.2989162785270887,-0.27614837536654124,0.8720379757854432,1.0824480793353457,0.27790267408542624,-0.3443726101421919,0.8832449658094857,0.8069825122581028,7.410088215335897,0.32316440659193135,0.2761818593078489,0.5935308753675639,0.1302872653245872
v2vol,100,0.0,60,0.96,60,0.0,20,,,,True,sym,5,0.95,,10,,,voltarget,0.5,1.0,0.0,1.0,1.0,0.28212441169778035,-0.3746663347487399,0.8903916230005524,0.7530017659232171,0.326082517840542,-0.31028665024395274,0.8550844651896866,1.0509073386952685,0.30240899230290674,-0.3746663347487399,0.8827167530714276,0.8071421535796894,6.669079393802307,0.35885480093143135,0.26215788283193847,0.6075548518434744,0.1302872653245872
v2vol,100,0.0,60,0.96,60,0.0,20,,,,True,sym,5,0.95,,10,,,voltarget,0.6,1.0,0.0,1.0,1.0,0.30087280125805327,-0.38520016505852483,0.9127926888794143,0.7810817038781398,0.3514415901937704,-0.32055461338222124,0.8635449104843833,1.0963548035876194,0.32364250766501224,-0.38520016505852483,0.8966909688067094,0.8401930658981936,6.555078036643293,0.3801232758292163,0.2598959511422755,0.6098167835331373,0.1302872653245872
v2vol,100,0.0,60,0.96,60,0.0,20,,,,True,sym,5,,,10,,,voltarget,0.25,1.0,0.0,1.0,1.0,0.20217900722596327,-0.30166687087436794,0.8761463546363836,0.6702062001039638,0.1812821587850295,-0.26407621836049144,0.7156410461017549,0.6864766540149426,0.1978326333036482,-0.30166687087436794,0.828548691676555,0.6557983405013589,11.001130965844832,0.2367578631262557,0.4483148608912011,0.413254919701425,0.1384302194073739
v2vol,100,0.0,60,0.96,60,0.0,20,,,,True,sym,5,,,10,,,voltarget,0.3,1.0,0.0,1.0,1.0,0.22494403534131102,-0.33408312994306855,0.8659088634982262,0.6733175523698068,0.2036366048286864,-0.3094186048215889,0.7154376463442427,0.6581265691702782,0.22069900513379515,-0.33408312994306855,0.820252697635464,0.6606110436387634,8.892105858403076,0.2739122275075795,0.34290884415290657,0.5186609364397196,0.1384302194073739
v2vol,100,0.0,60,0.96,60,0.0,20,,,,True,sym,5,,,10,,,voltarget,0.35,1.0,0.0,1.0,1.0,0.24049048724056798,-0.3625810134844347,0.8539744981427315,0.6632738017069171,0.22216476002735353,-0.346962071587967,0.7136209509251051,0.6403142539775475,0.2374278986187186,-0.3625810134844347,0.8099671532821126,0.6548271690704819,7.410088215335897,0.30577197727344185,0.2829676543768378,0.5786021262157883,0.1384302194073739
v2vol,100,0.0,60,0.96,60,0.0,20,,,,True,sym,5,,,10,,,voltarget,0.4,1.0,0.0,1.0,1.0,0.25657175507897745,-0.3850827134887471,0.8592873971900372,0.6662769999580233,0.23291010304059823,-0.3737946122288307,0.7017925751501054,0.62309646907916,0.25153690191807887,-0.3850827134887471,0.8063013946281659,0.6532022682587367,6.441076679484279,0.33158616207054925,0.2578602126215788,0.6037095679710472,0.1384302194073739
v2vol,100,0.0,60,0.96,60,0.0,20,,,,True,sym,5,,,10,,,voltarget,0.5,1.0,0.0,1.0,1.0,0.2796899300834559,-0.41349539914152056,0.8728092575304577,0.6764039712754598,0.24849619824336244,-0.40291655323554576,0.6879316678441136,0.6167435818852821,0.27186411918896436,-0.41349539914152056,0.8034325553003793,0.6574779786024118,5.472065143632662,0.3697026081286323,0.2365980547387469,0.6249717258538792,0.1384302194073739
v2vol,100,0.0,60,0.96,60,0.0,20,,,,True,sym,5,,,10,,,voltarget,0.6,1.0,0.0,1.0,1.0,0.2974263202986873,-0.42337514860114533,0.891445684181866,0.7025124674450075,0.26231577048734334,-0.44375599178460445,0.6905285278208859,0.591126148927966,0.28816367785853103,-0.4437559917846049,0.8107211147501271,0.6493741677710192,5.301063107894142,0.39327346553618536,0.23320515720425244,0.6283646233883736,0.1384302194073739
v2vol,100,0.0,60,0.96,60,0.0,20,,,,False,sym,3,0.9,,10,,,voltarget,0.25,1.0,0.0,1.0,1.0,0.19299817022098975,-0.3653502811979926,0.8555937348268003,0.5282551571827014,0.23214147506712002,-0.21442028454091622,0.9287123861345812,1.082646987266833,0.21103454167846536,-0.3653502811979926,0.8937773605071787,0.5776224969267243,13.509160823343134,0.2299886518442229,0.47455326849129154,0.4234336123049084,0.10201311920380005
v2vol,100,0.0,60,0.96,60,0.0,20,,,,False,sym,3,0.9,,10,,,voltarget,0.3,1.0,0.0,1.0,1.0,0.21709508093140228,-0.41010357561653166,0.853765175164804,0.5293664670078311,0.26847621837686697,-0.2390344743243924,0.9350791042731538,1.1231694471506204,0.23988284468126242,-0.41010357561653166,0.8947376627400193,0.584932341349702,11.628138430219407,0.2662331568758248,0.37683781949785117,0.5211490612983488,0.10201311920380005
v2vol,100,0.0,60,0.96,60,0.0,20,,,,False,sym,3,0.9,,10,,,voltarget,0.35,1.0,0.0,1.0,1.0,0.23513159831275177,-0.43126959975630685,0.8511657762119714,0.5452079127432474,0.3011024476256414,-0.26133844004233586,0.9391265263015711,1.1521552190212199,0.2632982063883358,-0.43126959975630685,0.8943151526970867,0.610518818245281,10.65912689436779,0.297187314639266,0.3187061750735128,0.5792807057226872,0.10201311920380005
v2vol,100,0.0,60,0.96,60,0.0,20,,,,False,sym,3,0.9,,10,,,voltarget,0.4,1.0,0.0,1.0,1.0,0.25345607401368686,-0.43995629807140124,0.8643773430054515,0.5760937509583124,0.3224950925583947,-0.285000830039553,0.9266037079683573,1.131558432702242,0.28279871823431657,-0.43995629807140124,0.8973911134358241,0.6427882029965183,10.08912010857272,0.32190355785444863,0.2931463469803212,0.6048405338158788,0.10201311920380005
v2vol,100,0.0,60,0.96,60,0.0,20,,,,False,sym,3,0.9,,10,,,voltarget,0.5,1.0,0.0,1.0,1.0,0.2779811122195539,-0.470965970593483,0.8864253708116201,0.5902360883298189,0.3530614955725522,-0.33744385178592673,0.9062080213586786,1.046282199850342,0.30959716626744016,-0.470965970593483,0.9007265681969404,0.6573663185841313,9.17710925130061,0.35717676121228553,0.2759556661388826,0.6220312146573174,0.10201311920380005
v2vol,100,0.0,60,0.96,60,0.0,20,,,,False,sym,3,0.9,,10,,,voltarget,0.6,1.0,0.0,1.0,1.0,0.2884063657851801,-0.4767331255899978,0.8945789108394266,0.6049639731416874,0.3774736940667809,-0.38713149877985065,0.9067041384624812,0.97505290904122,0.32510559510111836,-0.4767331255899978,0.9032204006886617,0.681944630339611,9.234109929880118,0.37767232092985087,0.27324134811128703,0.624745532684913,0.10201311920380005
v2vol,100,0.0,60,0.96,60,0.0,20,,,,False,sym,3,0.95,,10,,,voltarget,0.25,1.0,0.0,1.0,1.0,0.18344076269008136,-0.3563677081487965,0.8136735134187426,0.5147513607307208,0.2262445750008666,-0.2427135676650517,0.9001436365524849,0.9321463862831411,0.20279160555672582,-0.3563677081487965,0.8565531610195201,0.569051574875165,13.908165573399684,0.2327474316849246,0.46573173490160596,0.42637412350147025,0.10789414159692377
v2vol,100,0.0,60,0.96,60,0.0,20,,,,False,sym,3,0.95,,10,,,voltarget,0.3,1.0,0.0,1.0,1.0,0.20548492322283285,-0.39687829442206735,0.8105961900846146,0.5177529890417898,0.26112099878844863,-0.2720706004819996,0.9062109344930748,0.95975455755178,0.22978744117455707,-0.39687829442206735,0.8566892777334386,0.5789871716445785,11.913141823116941,0.26954090720307683,0.36190907034607556,0.5301967880570007,0.10789414159692377
v2vol,100,0.0,60,0.96,60,0.0,20,,,,False,sym,3,0.95,,10,,,voltarget,0.35,1.0,0.0,1.0,1.0,0.2216113910896349,-0.42284599570318326,0.8063446429128828,0.5240948083736733,0.2926038456915543,-0.2989147176350413,0.9111238989965146,0.9788873830187503,0.2515519430776558,-0.42284599570318326,0.8556629570452281,0.5949020343903947,10.83012893010631,0.3010305799039653,0.3017416874010405,0.5903641710020358,0.10789414159692377
v2vol,100,0.0,60,0.96,60,0.0,20,,,,False,sym,3,0.95,,10,,,voltarget,0.4,1.0,0.0,1.0,1.0,0.2379473042246063,-0.43936690465537953,0.816534910547612,0.5415685653684861,0.31337476375377227,-0.32674649062171945,0.9002080634183284,0.9590761423557939,0.26954907361054814,-0.43936690465537953,0.8577254397266492,0.6134942590224697,10.260122144311241,0.3263649863844517,0.2741461207871522,0.617959737615924,0.10789414159692377
v2vol,100,0.0,60,0.96,60,0.0,20,,,,False,sym,3,0.95,,10,,,voltarget,0.5,1.0,0.0,1.0,1.0,0.2598921392774778,-0.47096597059348355,0.8337198316854363,0.5518278506406249,0.34297527285684914,-0.3836193399291814,0.8819986659282435,0.8940510478959809,0.2943344047602392,-0.47096597059348355,0.8598172258792147,0.6249589633606358,9.291110608459624,0.3629498875544363,0.25401492874915177,0.6380909296539244,0.10789414159692377
v2vol,100,0.0,60,0.96,60,0.0,20,,,,False,sym,3,0.95,,10,,,voltarget,0.6,1.0,0.0,1.0,1.0,0.27231511320852464,-0.4892635384230267,0.8462809930437373,0.5565816616669189,0.36653417393425225,-0.4363549189152285,0.8828153820479104,0.8399909295063076,0.31080585074028244,-0.4892635384230267,0.8657226300079209,0.6352524280514721,9.348111287039131,0.38449133638139116,0.2513006107215562,0.64080524768152,0.10789414159692377
v2vol,100,0.0,60,0.96,60,0.0,20,,,,False,sym,3,,,10,,,voltarget,0.25,1.0,0.0,1.0,1.0,0.19156152717059127,-0.36256484397929345,0.836072158597877,0.5283510807835842,0.19678564400514786,-0.24204154979471126,0.7735556730598137,0.8130242273363916,0.19701957695365557,-0.36256484397929345,0.8247212481728522,0.5434050769823332,14.13616828771771,0.23715358309013732,0.4505767925808641,0.42863605519113324,0.12078715222800271
v2vol,100,0.0,60,0.96,60,0.0,20,,,,False,sym,3,,,10,,,voltarget,0.3,1.0,0.0,1.0,1.0,0.21554481835037786,-0.40394531555347546,0.8348790055136283,0.5335990047441048,0.22643482859042585,-0.2988405056576745,0.7842761159517827,0.7577113018601627,0.2233790234212656,-0.40394531555347546,0.8267096218438307,0.5529932266084022,11.685139108798914,0.2746969849044185,0.3417778783080751,0.5372087762949559,0.12101334539696901
v2vol,100,0.0,60,0.96,60,0.0,20,,,,False,sym,3,,,10,,,voltarget,0.35,1.0,0.0,1.0,1.0,0.2323353485727111,-0.4269246259489763,0.8292251144333863,0.5442069500120111,0.2531120398534106,-0.34708031890014535,0.7935115428415989,0.7292607101880376,0.24390436313670594,-0.4269246259489763,0.8252462389922838,0.5713054443616379,10.08912010857272,0.3068521734024412,0.27980095001130967,0.5991857045917214,0.12101334539696901
v2vol,100,0.0,60,0.96,60,0.0,20,,,,False,sym,3,,,10,,,voltarget,0.4,1.0,0.0,1.0,1.0,0.2491844759801607,-0.4393669046553792,0.8380024247490306,0.5671443919418793,0.2703799002124232,-0.3835787559655389,0.7881227268952811,0.7048875778634477,0.26096164671277644,-0.4393669046553792,0.8271604663580276,0.59394925732393,9.462112644198145,0.3328021013522268,0.2519791902284551,0.6270074643745759,0.12101334539696901
v2vol,100,0.0,60,0.96,60,0.0,20,,,,False,sym,3,,,10,,,voltarget,0.5,1.0,0.0,1.0,1.0,0.272257851799381,-0.47096597059348366,0.8537570352145136,0.5780839143352494,0.29653295130625157,-0.4328674513790671,0.7825972745352812,0.6850433091273803,0.2852495592160551,-0.47096597059348366,0.8310516296983999,0.6056691502713039,8.2650983940285,0.37032726336186444,0.2273241348111287,0.6516625197919023,0.12101334539696901
v2vol,100,0.0,60,0.96,60,0.0,20,,,,False,sym,3,,,10,,,voltarget,0.6,1.0,0.0,1.0,1.0,0.28506465811837245,-0.48926353842302694,0.8651765310094546,0.5826403067704177,0.31692553280025937,-0.4611402517139822,0.7886044815990659,0.6872649516547287,0.300903429504509,-0.48926353842302694,0.8369935966806576,0.6150129855872112,8.2650983940285,0.3922732851216323,0.22415743044560055,0.6548292241574305,0.12101334539696901
v2vol,100,0.0,60,0.96,60,0.0,20,,,,False,sym,5,0.9,,10,,,voltarget,0.25,1.0,0.0,1.0,1.0,0.2062915407594359,-0.30618405750900046,0.9001276932651355,0.673750104553931,0.2325253827205489,-0.19857348612608738,0.9236737245906566,1.1709790025688687,0.21960792908443638,-0.30618405750900046,0.9203097841591505,0.7172415535644957,10.317122822890749,0.2313793224459534,0.4964940058810224,0.4275050893463017,0.07600090477267586
v2vol,100,0.0,60,0.96,60,0.0,20,,,,False,sym,5,0.9,,10,,,voltarget,0.3,1.0,0.0,1.0,1.0,0.22895635780816703,-0.3491391243144638,0.8852605927034902,0.6557739934122933,0.27038457247377745,-0.22390723578769223,0.9322440767796134,1.20757407201505,0.2481359063975883,-0.3491391243144638,0.9135147905805424,0.7107078213729391,8.721103822664555,0.26878324724993585,0.39312372766342457,0.5308753675638995,0.07600090477267586
v2vol,100,0.0,60,0.96,60,0.0,20,,,,False,sym,5,0.9,,10,,,voltarget,0.35,1.0,0.0,1.0,1.0,0.24458448794856658,-0.36697088342942297,0.871611659285629,0.6664956240202797,0.3055022665373113,-0.24867356131608653,0.9401319212628889,1.2285273308527975,0.2709462520473098,-0.36697088342942297,0.9073822276187998,0.7383317431488242,7.695091608233431,0.3007579468932703,0.33340873105632207,0.5905903641710021,0.07600090477267586
v2vol,100,0.0,60,0.96,60,0.0,20,,,,False,sym,5,0.9,,10,,,voltarget,0.4,1.0,0.0,1.0,1.0,0.2609744104585001,-0.39308567378766723,0.8775687878831143,0.6639122915465763,0.33002250625428275,-0.2728680872841026,0.9322851299383368,1.209458055498709,0.2903461483196206,-0.39308567378766723,0.9075434247774816,0.7386332488842028,7.410088215335897,0.3264074919363441,0.3078489029631305,0.6161501922641937,0.07600090477267586
v2vol,100,0.0,60,0.96,60,0.0,20,,,,False,sym,5,0.9,,10,,,voltarget,0.5,1.0,0.0,1.0,1.0,0.28244464686802284,-0.45179164526300253,0.8885876292121748,0.625165714836543,0.37065437722567673,-0.3195663382079518,0.926628927326213,1.1598667722771239,0.3188138189428771,-0.45179164526300253,0.9099341586298779,0.7056655922826666,6.042071929427731,0.3640429730837712,0.28997964261479303,0.6340194526125311,0.07600090477267586
v2vol,100,0.0,60,0.96,60,0.0,20,,,,False,sym,5,0.9,,10,,,voltarget,0.6,1.0,0.0,1.0,1.0,0.2956622971144809,-0.48119766002904607,0.8992334182421571,0.6144300391997628,0.4076883170115586,-0.36405281847745863,0.9446229540105859,1.1198603508045681,0.34060499450289283,-0.48119766002904607,0.9214559609238195,0.7078276201142234,5.9850712508482244,0.38655511278471333,0.2874915177561638,0.6365075774711604,0.07600090477267586
v2vol,100,0.0,60,0.96,60,0.0,20,,,,False,sym,5,0.95,,10,,,voltarget,0.25,1.0,0.0,1.0,1.0,0.19548901360806847,-0.29636406988198716,0.852529144494459,0.6596245411460054,0.21811829485715117,-0.2174184353522265,0.8648492855996818,1.003218951989011,0.20743838112705282,-0.29636406988198716,0.8685084194298269,0.6999444339175638,10.716127572947297,0.23444309886990555,0.4894820176430672,0.4311241800497625,0.07939380230717033
v2vol,100,0.0,60,0.96,60,0.0,20,,,,False,sym,5,0.95,,10,,,voltarget,0.3,1.0,0.0,1.0,1.0,0.21530365402133,-0.34225827218106475,0.8346652548747047,0.6290677874614758,0.2527244459738369,-0.24601584096810847,0.873441788315629,1.027268996091183,0.23296592311844488,-0.34225827218106475,0.8597212991294915,0.6806728779230178,9.00610721556209,0.27255554186312925,0.37955213752544675,0.541054060167383,0.07939380230717033
v2vol,100,0.0,60,0.96,60,0.0,20,,,,False,sym,5,0.95,,10,,,voltarget,0.35,1.0,0.0,1.0,1.0,0.22799837360893616,-0.3948179464579431,0.8171720244347531,0.5774772288200001,0.28597414993069714,-0.27387777606315766,0.8851052506994062,1.0441670516002364,0.2532330383725747,-0.3948179464579431,0.8525306016741475,0.6413919140313185,7.8660936439719515,0.3052302774183376,0.3178014023976476,0.602804795295182,0.07939380230717033
v2vol,100,0.0,60,0.96,60,0.0,20,,,,False,sym,5,0.95,,10,,,voltarget,0.4,1.0,0.0,1.0,1.0,0.24129359526224903,-0.4391961696053932,0.8177681660909587,0.5493982233020049,0.3092669166154074,-0.3010010995264615,0.880933212425443,1.027461086029087,0.27020796286044524,-0.4391961696053932,0.8509350628249167,0.6152329677720558,7.581090251074417,0.3316751658956393,0.2902058357837593,0.6304003619090703,0.07939380230717033
v2vol,100,0.0,60,0.96,60,0.0,20,,,,False,sym,5,0.95,,10,,,voltarget,0.5,1.0,0.0,1.0,1.0,0.2574287875460324,-0.5042342541994198,0.8182952935034061,0.5105341126710161,0.346874747572929,-0.3530619990315832,0.8782087739979021,0.9824754533888517,0.2941515525701113,-0.5042342541994198,0.8489304579771548,0.5833628915931942,6.213073965166251,0.37100104546936485,0.26939606423886,0.6512101334539697,0.07939380230717033
v2vol,100,0.0,60,0.96,60,0.0,20,,,,False,sym,5,0.95,,10,,,voltarget,0.6,1.0,0.0,1.0,1.0,0.27001691984108,-0.5383260525759008,0.82816761709799,0.5015862014276361,0.380699248750334,-0.4022631595202608,0.8954858978083378,0.9463935230965621,0.31438108856076163,-0.5383260525759008,0.8604051494833311,0.5839975365421047,6.156073286586745,0.394808382579216,0.2669079393802307,0.653698258312599,0.07939380230717033
v2vol,100,0.0,60,0.96,60,0.0,20,,,,False,sym,5,,,10,,,voltarget,0.25,1.0,0.0,1.0,1.0,0.19125793934420754,-0.336192496112496,0.8291427755330342,0.5688941352224864,0.17544443710508362,-0.2640762183604921,0.6907750926544339,0.6643704540845223,0.1888039323884141,-0.336192496112496,0.7898238318379052,0.5615947249614902,10.716127572947297,0.23967162315698018,0.4790771318706175,0.4338384980773581,0.08708437005202443
v2vol,100,0.0,60,0.96,60,0.0,20,,,,False,sym,5,,,10,,,voltarget,0.3,1.0,0.0,1.0,1.0,0.209689960095385,-0.3971143393790745,0.8094618419901302,0.5280342191200018,0.20141159604569503,-0.30941860482159,0.7022490038060275,0.6509356351142118,0.2103215914127876,-0.3971143393790745,0.7800052265068551,0.529624771902332,8.550101786926035,0.2788873128907136,0.36417100203573854,0.5487446279122371,0.08708437005202443
v2vol,100,0.0,60,0.96,60,0.0,20,,,,False,sym,5,,,10,,,voltarget,0.35,1.0,0.0,1.0,1.0,0.22091473561988573,-0.453604006185818,0.7897402381617622,0.487021129900225,0.2259824379714508,-0.34696207158796677,0.7153046173500811,0.6513174103935349,0.22659492188524633,-0.453604006185818,0.7708276023461033,0.49954347579642444,6.954082786699842,0.31273527779063476,0.3001583352182764,0.6127572947296992,0.08708437005202443
v2vol,100,0.0,60,0.96,60,0.0,20,,,,False,sym,5,,,10,,,voltarget,0.4,1.0,0.0,1.0,1.0,0.23262134536169032,-0.5013491894594027,0.7871710870643643,0.46399066808609474,0.24273475955077295,-0.3737946122288308,0.7154971719137817,0.6493800381536126,0.24022298142580611,-0.5013491894594027,0.767597034900155,0.47915302642622193,6.6120787152227996,0.34043330287721957,0.27188418909748924,0.6410314408504864,0.08708437005202443
v2vol,100,0.0,60,0.96,60,0.0,20,,,,False,sym,5,,,10,,,voltarget,0.5,1.0,0.0,1.0,1.0,0.2454259808564494,-0.5726846653806021,0.7802626700362172,0.42855343558630304,0.2680719180229747,-0.402916553235546,0.7167143929685471,0.6653286291423703,0.2577294961889067,-0.5726846653806021,0.7603885654792384,0.4500373622150709,5.016059714996607,0.38240174060505533,0.2438362361456684,0.6690793938023072,0.08708437005202443
v2vol,100,0.0,60,0.96,60,0.0,20,,,,False,sym,5,,,10,,,voltarget,0.6,1.0,0.0,1.0,1.0,0.253303885299647,-0.614559711677717,0.7797465805195067,0.41217131628778625,0.2896439244167983,-0.44375599178460445,0.7289912522470594,0.6527098896219279,0.27069392098821154,-0.614559711677717,0.762321078440712,0.4404680551694982,4.902058357837593,0.4087941323602192,0.24021714544220765,0.672698484505768,0.08708437005202443
v2vol,150,0.0,60,0.96,20,0.0,20,0.7,,,True,sym,3,0.9,,10,,,voltarget,0.25,1.0,0.0,1.0,1.0,0.16819610617070446,-0.3942454365294201,0.7813963250758248,0.42662790887663965,0.2339442368400375,-0.20648203616308358,0.9386515030476376,1.1330004352304224,0.19586282038853242,-0.3942454365294201,0.8514016351034173,0.4968042803811031,17.10020357385207,0.22541321364022818,0.3818140692151097,0.3643971952047048,0.2537887355801855
v2vol,150,0.0,60,0.96,20,0.0,20,0.7,,,True,sym,3,0.9,,10,,,voltarget,0.3,1.0,0.0,1.0,1.0,0.18338203659905972,-0.42855930972920986,0.7709243088040074,0.42790351868667087,0.2702993711528423,-0.23182635707196975,0.955105254110832,1.1659561689481612,0.2189214212924644,-0.42855930972920986,0.8513084574883554,0.5108310946057675,14.592173716353766,0.2569272120784525,0.2992535625424112,0.4460529292015381,0.2546935082560507
v2vol,150,0.0,60,0.96,20,0.0,20,0.7,,,True,sym,3,0.9,,10,,,voltarget,0.35,1.0,0.0,1.0,1.0,0.1950065152042122,-0.44017555541311404,0.7665909715785076,0.44301986515628855,0.30147953871745936,-0.25302196596360693,0.9627248565586672,1.191515280380132,0.23757853840342769,-0.44017555541311404,0.8520480365701052,0.5397358746567724,13.737163537661162,0.28290862333193595,0.25808640579054515,0.4867676996154716,0.25514589459398324
v2vol,150,0.0,60,0.96,20,0.0,20,0.7,,,True,sym,3,0.9,,10,,,voltarget,0.4,1.0,0.0,1.0,1.0,0.20896009656990144,-0.440297601380076,0.7813381343069463,0.4745883146193245,0.3225957547762188,-0.29541708426109714,0.9545129821380922,1.092001011326415,0.25413083850938145,-0.440297601380076,0.8585190686349049,0.5771797023486606,12.768152001809545,0.30335360891433844,0.24180049762497172,0.503053607781045,0.25514589459398324
v2vol,150,0.0,60,0.96,20,0.0,20,0.7,,,True,sym,3,0.9,,10,,,voltarget,0.5,1.0,0.0,1.0,1.0,0.23453322513032981,-0.44287081875956735,0.8213940235858761,0.5295747996836452,0.3520315218397492,-0.3552799762069103,0.9358400600908439,0.990856635372917,0.28117653192712266,-0.44287081875956735,0.8748186221437387,0.6348951432715014,12.369147251752997,0.3330730748801097,0.23343135037321872,0.511422755032798,0.25514589459398324
v2vol,150,0.0,60,0.96,20,0.0,20,0.7,,,True,sym,3,0.9,,10,,,voltarget,0.6,1.0,0.0,1.0,1.0,0.24228169982891523,-0.4397652087636643,0.8288185967928807,0.5509342144415081,0.36920744345630707,-0.4152956990892982,0.927248773685296,0.8890230365157693,0.2922905075963427,-0.4397652087636643,0.8743906067415305,0.6646512770259265,12.369147251752997,0.34967349833473504,0.23116941868355576,0.513684686722461,0.25514589459398324
v2vol,150,0.0,60,0.96,20,0.0,20,0.7,,,True,sym,3,0.95,,10,,,voltarget,0.25,1.0,0.0,1.0,1.0,0.16821775448259135,-0.37660204000199005,0.7764553042006763,0.4466724462822943,0.22392578408928254,-0.25435878629229414,0.8938329699351291,0.8803540359402416,0.1922371162498393,-0.37660204000199005,0.8317920642470074,0.5104516062866348,17.214204931011082,0.227691935007777,0.35648043429088444,0.3643971952047048,0.27912237050441074
v2vol,150,0.0,60,0.96,20,0.0,20,0.7,,,True,sym,3,0.95,,10,,,voltarget,0.3,1.0,0.0,1.0,1.0,0.18372417603569136,-0.4076190732745222,0.7681185097069159,0.450725169849835,0.25871548468210115,-0.28308725579756144,0.9121925359276266,0.9139072119414348,0.2149733725384917,-0.4076190732745222,0.8335181453962307,0.527387913454462,14.70617507351278,0.2592256256344096,0.27391992761818595,0.4460529292015381,0.28002714318027594
v2vol,150,0.0,60,0.96,20,0.0,20,0.7,,,True,sym,3,0.95,,10,,,voltarget,0.35,1.0,0.0,1.0,1.0,0.19532820245825122,-0.41879304683762486,0.7643801548603323,0.46640746290609786,0.2887376262888286,-0.30126205671264106,0.9228212892828628,0.9584267910785762,0.23324213548881878,-0.41879304683762486,0.8354211270210029,0.5569388920137727,13.794164216240668,0.28506611937284343,0.23207419135942095,0.4869938927844379,0.28093191585614113
v2vol,150,0.0,60,0.96,20,0.0,20,0.7,,,True,sym,3,0.95,,10,,,voltarget,0.4,1.0,0.0,1.0,1.0,0.20928554002879474,-0.4193879766008046,0.7794002141620668,0.49902608492756967,0.30931281490541207,-0.3392119232846633,0.9179612054625974,0.911857142019857,0.24961715441449805,-0.4193879766008046,0.8429817726602591,0.5951938737912287,12.825152680389051,0.3054027345468124,0.21578828319384755,0.5032798009500113,0.28093191585614113
v2vol,150,0.0,60,0.96,20,0.0,20,0.7,,,True,sym,3,0.95,,10,,,voltarget,0.5,1.0,0.0,1.0,1.0,0.23486555269353504,-0.4220573254423251,0.8196022927772973,0.5564778491817217,0.3380892400203348,-0.39078010858837053,0.904174313696363,0.865164916509254,0.27643579346038116,-0.4220573254423251,0.8607051017115643,0.6549721490337137,12.426147930332503,0.3349515725969163,0.20741913594209455,0.5116489482017643,0.28093191585614113
v2vol,150,0.0,60,0.96,20,0.0,20,0.7,,,True,sym,3,0.95,,10,,,voltarget,0.6,1.0,0.0,1.0,1.0,0.24261611322639598,-0.41883569461126935,0.8271334573466601,0.5792632202744166,0.35493725447959923,-0.42070115445962175,0.89802387596772,0.8436802483594458,0.2874550748888878,-0.420701154459621,0.8610342611362013,0.6832761732211453,12.426147930332503,0.35147059576687756,0.20515720425243159,0.5139108798914273,0.28093191585614113
v2vol,150,0.0,60,0.96,20,0.0,20,0.7,,,True,sym,3,,,10,,,voltarget,0.25,1.0,0.0,1.0,1.0,0.17182741670045076,-0.40236379695834623,0.7827954459752681,0.4270449230258129,0.19629105665296098,-0.2803095498608916,0.7701206394314076,0.7002653200733752,0.1843856161943711,-0.40236379695834623,0.7899601262936523,0.45825598025524944,15.846188645102917,0.2329067727706796,0.32752770866319836,0.36462338837367114,0.3078489029631305
v2vol,150,0.0,60,0.96,20,0.0,20,0.7,,,True,sym,3,,,10,,,voltarget,0.3,1.0,0.0,1.0,1.0,0.18753465892253152,-0.4362177934900149,0.7739687455068726,0.4299106128205754,0.22632330497636244,-0.3339023674610151,0.7906719783865105,0.6778128190504277,0.20561091715579605,-0.4362177934900149,0.7913591259929957,0.47134922101819887,13.338158787604614,0.2652662522835912,0.244288622483601,0.44627912237050443,0.3094322551458946
v2vol,150,0.0,60,0.96,20,0.0,20,0.7,,,True,sym,3,,,10,,,voltarget,0.35,1.0,0.0,1.0,1.0,0.1991609028790522,-0.4476783575249811,0.7696276970528545,0.4448749856484602,0.2515635083119936,-0.38057310222104934,0.8026465923753904,0.6610123175911609,0.2222667070534825,-0.4476783575249811,0.7922714103396236,0.49648749669807235,12.31214657317349,0.29174933815033244,0.20153811354897083,0.4878986654603031,0.3105632209907261
v2vol,150,0.0,60,0.96,20,0.0,20,0.7,,,True,sym,3,,,10,,,voltarget,0.4,1.0,0.0,1.0,1.0,0.2128628217112749,-0.44779876782428385,0.7830425089214134,0.4753537459370639,0.26829629744049566,-0.41677524199916516,0.8005024301679807,0.6437433666969908,0.23712017614843006,-0.44779876782428385,0.798491640706263,0.5295239584970809,11.343135037321872,0.31265277737546465,0.18525220538339743,0.5041845736258765,0.3105632209907261
v2vol,150,0.0,60,0.96,20,0.0,20,0.7,,,True,sym,3,,,10,,,voltarget,0.5,1.0,0.0,1.0,1.0,0.23834849338219666,-0.4503374987840133,0.8211110804914884,0.5292663702795737,0.29248577339738246,-0.46623611331770687,0.7952771520131392,0.6273340160548099,0.26221748260069977,-0.4662361133177062,0.8158609510821963,0.5624134963179429,10.944130287265324,0.34300960860826113,0.17665686496267813,0.5127799140465958,0.3105632209907261
v2vol,150,0.0,60,0.96,20,0.0,20,0.7,,,True,sym,3,,,10,,,voltarget,0.6,1.0,0.0,1.0,1.0,0.24862776921902108,-0.4472735103669123,0.8342845816360532,0.5558741205466516,0.3063644614175738,-0.49620677898183596,0.7930534383649064,0.6174128899371375,0.2738442262368075,-0.49620677898183563,0.8196432756799257,0.5518752218555079,10.944130287265324,0.3599594470988035,0.17439493327301517,0.5150418457362588,0.3105632209907261
v2vol,150,0.0,60,0.96,20,0.0,20,0.7,,,True,sym,5,0.9,,10,,,voltarget,0.25,1.0,0.0,1.0,1.0,0.17789386796175854,-0.3213803201080011,0.816504555480539,0.5535306825943064,0.2420226984289997,-0.22987252407779946,0.9630943687650837,1.0528561401583083,0.20500528466716728,-0.3213803201080011,0.8826778273197959,0.6378899759583115,12.882153358968559,0.2262869381915858,0.37729020583578377,0.36892105858403074,0.2537887355801855
v2vol,150,0.0,60,0.96,20,0.0,20,0.7,,,True,sym,5,0.9,,10,,,voltarget,0.3,1.0,0.0,1.0,1.0,0.19482645411990118,-0.3447571448350787,0.8066808541963334,0.5651121580470804,0.2803370464840733,-0.25725826459042933,0.9808314437942028,1.089710555773152,0.22990281551179237,-0.3447571448350787,0.8833655266491087,0.6668543899844943,10.944130287265324,0.2581062577682874,0.30355123275277085,0.44175525899117846,0.2546935082560507
v2vol,150,0.0,60,0.96,20,0.0,20,0.7,,,True,sym,5,0.9,,10,,,voltarget,0.35,1.0,0.0,1.0,1.0,0.20968275328129016,-0.33971815867168564,0.8077498649623842,0.6172256263873553,0.3128277434832796,-0.28085661946549834,0.9876995395932319,1.1138343261363248,0.2511276373069977,-0.33971815867168564,0.8869841483615012,0.7392234736256633,10.146120787152228,0.28457667498806305,0.26283646233883734,0.48201764306717937,0.25514589459398324
v2vol,150,0.0,60,0.96,20,0.0,20,0.7,,,True,sym,5,0.9,,10,,,voltarget,0.4,1.0,0.0,1.0,1.0,0.2257161979568414,-0.3380964891051986,0.825385624814106,0.667608819465173,0.3340696804677896,-0.2987892426780482,0.976585304948855,1.1180780053308574,0.2690779478672285,-0.3380964891051986,0.893868098273486,0.7958614080239826,9.17710925130061,0.3052556009746215,0.24768152001809546,0.4971725853879213,0.25514589459398324
v2vol,150,0.0,60,0.96,20,0.0,20,0.7,,,True,sym,5,0.9,,10,,,voltarget,0.5,1.0,0.0,1.0,1.0,0.25480702380435827,-0.34735031963854734,0.8709766875042307,0.7335735981746336,0.3664200315716737,-0.3353194964866153,0.9622674514439293,1.0927489615453954,0.29944254251981595,-0.34735031963854734,0.9146748020864399,0.8620764847184128,8.778104501244062,0.3345450646604187,0.24112191811807285,0.5037321872879439,0.25514589459398324
v2vol,150,0.0,60,0.96,20,0.0,20,0.7,,,True,sym,5,0.9,,10,,,voltarget,0.6,1.0,0.0,1.0,1.0,0.26922328205139956,-0.3473503196385481,0.8917119323474081,0.7750771104271694,0.39044471373306777,-0.3755341246115612,0.9672356320324058,1.0397050178513858,0.3173265650739818,-0.3755341246115609,0.9274763377075513,0.8450006118677313,8.721103822664555,0.35064555220981003,0.23908617959737616,0.5057679258086406,0.25514589459398324
v2vol,150,0.0,60,0.96,20,0.0,20,0.7,,,True,sym,5,0.95,,10,,,voltarget,0.25,1.0,0.0,1.0,1.0,0.1728733688552626,-0.32321409927502975,0.7913536943178824,0.5348571403383025,0.23546402651744658,-0.24615828313472254,0.9318827068592952,0.9565553655920528,0.19941025769296172,-0.32321409927502975,0.8551815520234879,0.6169602691845423,13.110156073286586,0.2287744958802527,0.35308753675638993,0.36937344492196333,0.2775390183216467
v2vol,150,0.0,60,0.96,20,0.0,20,0.7,,,True,sym,5,0.95,,10,,,voltarget,0.3,1.0,0.0,1.0,1.0,0.18924526084883997,-0.3464493702143939,0.7833204002783891,0.5462421846278115,0.27294080102390583,-0.2726303453246418,0.9517009812111583,1.0011387422735145,0.2236491518765269,-0.3464493702143939,0.8577679776563061,0.6455464235311661,11.17213300158335,0.2606181072453826,0.27934856367337707,0.44220764532911105,0.2784437909975119
v2vol,150,0.0,60,0.96,20,0.0,20,0.7,,,True,sym,5,0.95,,10,,,voltarget,0.35,1.0,0.0,1.0,1.0,0.20318208586934294,-0.34621898404010265,0.7841042663994935,0.586860037246855,0.3049378487189709,-0.29574029918622224,0.9616351052969229,1.0311000886861115,0.24410668115265088,-0.34621898404010265,0.8623388766911225,0.7050644026047281,10.260122144311241,0.2869707742366696,0.23818140692151096,0.48292241574304456,0.2788961773354445
v2vol,150,0.0,60,0.96,20,0.0,20,0.7,,,True,sym,5,0.95,,10,,,voltarget,0.4,1.0,0.0,1.0,1.0,0.21828658518906718,-0.35827799006817906,0.8006353752852361,0.6092659645308606,0.3263198187728802,-0.31330178163925915,0.9540758247334064,1.0415511110901061,0.2615051883611881,-0.35827799006817906,0.8699450649687873,0.7298946505517253,9.291110608459624,0.3075853146342094,0.22302646460076905,0.49807735806378645,0.2788961773354445
v2vol,150,0.0,60,0.96,20,0.0,20,0.7,,,True,sym,5,0.95,,10,,,voltarget,0.5,1.0,0.0,1.0,1.0,0.24619847522263583,-0.36724967042896284,0.8448346785380925,0.6703844687867678,0.3584937164126154,-0.3490759906693872,0.9434103866309127,1.026979013151746,0.29104244958050063,-0.36724967042896284,0.8915969934637407,0.7924920647050574,8.892105858403076,0.33675978358401715,0.21646686270074644,0.5046369599638091,0.2788961773354445
v2vol,150,0.0,60,0.96,20,0.0,20,0.7,,,True,sym,5,0.95,,10,,,voltarget,0.6,1.0,0.0,1.0,1.0,0.26051583136191736,-0.3672496704289623,0.8662751368368875,0.7093698166090237,0.3823907207604669,-0.38845832072791053,0.9499600756448324,0.9843803063451597,0.3088149992067384,-0.38845832072791153,0.9056370883265418,0.794975889892296,8.83510517982357,0.3527604255777408,0.21443112418004975,0.5066726984845058,0.2788961773354445
v2vol,150,0.0,60,0.96,20,0.0,20,0.7,,,True,sym,5,,,10,,,voltarget,0.25,1.0,0.0,1.0,1.0,0.17781247704255843,-0.31699665080518613,0.8010668660245333,0.5609285668820365,0.20347252721039388,-0.2370288321578765,0.7905878946100149,0.8584294381321005,0.19083133670580943,-0.31699665080518613,0.8089407326361051,0.6019979587200338,12.027143180275955,0.23466480631678663,0.3252657769735354,0.36959963809092966,0.30513458493553497
v2vol,150,0.0,60,0.96,20,0.0,20,0.7,,,True,sym,5,,,10,,,voltarget,0.3,1.0,0.0,1.0,1.0,0.19279988837717377,-0.3404453778753527,0.7869022881243419,0.5663166572576104,0.23577996366621345,-0.26877509485627715,0.8137460490640317,0.87723888179555,0.2124322640645082,-0.3404453778753527,0.80805986603264,0.6239833990117677,10.08912010857272,0.26750802310420463,0.25084822438362364,0.4424338384980774,0.30671793711829903
v2vol,150,0.0,60,0.96,20,0.0,20,0.7,,,True,sym,5,,,10,,,voltarget,0.35,1.0,0.0,1.0,1.0,0.2048119016727441,-0.3462189840401031,0.7812833220087362,0.5915675081786399,0.26256945376799745,-0.2956552429374588,0.825850446495697,0.8880933453412151,0.2298893858856208,-0.3462189840401031,0.8083133823835895,0.6639999436281413,9.17710925130061,0.29473243504036095,0.20855010178692604,0.48405338158787603,0.3073965166251979
v2vol,150,0.0,60,0.96,20,0.0,20,0.7,,,True,sym,5,,,10,,,voltarget,0.4,1.0,0.0,1.0,1.0,0.21763976640212013,-0.3582779900681783,0.7908511692969455,0.6074606100159948,0.2791980516548185,-0.3145731360778593,0.8205464877666956,0.8875457552920691,0.24414367178610408,-0.3582779900681783,0.8110498372747763,0.6814364224261862,8.09409635828998,0.31614040087267264,0.19271657995928523,0.49988690341551684,0.3073965166251979
v2vol,150,0.0,60,0.96,20,0.0,20,0.7,,,True,sym,5,,,10,,,voltarget,0.5,1.0,0.0,1.0,1.0,0.2412436520141341,-0.3672496704289624,0.8224096074692393,0.6568927665267931,0.30577132898094095,-0.3348635070948339,0.8180056714749564,0.9131222796825872,0.26890693550162403,-0.3672496704289624,0.8260598324548378,0.7322183167313123,7.6380909296539246,0.3466845498844508,0.18457362587649853,0.507577471160371,0.3078489029631305
v2vol,150,0.0,60,0.96,20,0.0,20,0.7,,,True,sym,5,,,10,,,voltarget,0.6,1.0,0.0,1.0,1.0,0.25379664583854855,-0.36724967042896317,0.8386250498016431,0.6910738559468367,0.32551918013981185,-0.372100536982481,0.8262910753308409,0.8748151313609572,0.2841130929020561,-0.37210053698248124,0.836724909270961,0.7635385189337481,7.581090251074417,0.3638217999028347,0.18208550101786927,0.5100655960190003,0.3078489029631305
v2vol,150,0.0,60,0.96,20,0.0,20,0.7,,,False,sym,3,0.9,,10,,,voltarget,0.25,1.0,0.0,1.0,1.0,0.16819610617070446,-0.3942454365294201,0.7813963250758248,0.42662790887663965,0.2339442368400375,-0.20648203616308358,0.9386515030476376,1.1330004352304224,0.19586282038853242,-0.3942454365294201,0.8514016351034173,0.4968042803811031,17.10020357385207,0.22541321364022818,0.3818140692151097,0.3643971952047048,0.2537887355801855
v2vol,150,0.0,60,0.96,20,0.0,20,0.7,,,False,sym,3,0.9,,10,,,voltarget,0.3,1.0,0.0,1.0,1.0,0.18338203659905972,-0.42855930972920986,0.7709243088040074,0.42790351868667087,0.2702993711528423,-0.23182635707196975,0.955105254110832,1.1659561689481612,0.2189214212924644,-0.42855930972920986,0.8513084574883554,0.5108310946057675,14.592173716353766,0.2569272120784525,0.2992535625424112,0.4460529292015381,0.2546935082560507
v2vol,150,0.0,60,0.96,20,0.0,20,0.7,,,False,sym,3,0.9,,10,,,voltarget,0.35,1.0,0.0,1.0,1.0,0.1950065152042122,-0.44017555541311404,0.7665909715785076,0.44301986515628855,0.30147953871745936,-0.25302196596360693,0.9627248565586672,1.191515280380132,0.23757853840342769,-0.44017555541311404,0.8520480365701052,0.5397358746567724,13.737163537661162,0.28290862333193595,0.25808640579054515,0.4867676996154716,0.25514589459398324
v2vol,150,0.0,60,0.96,20,0.0,20,0.7,,,False,sym,3,0.9,,10,,,voltarget,0.4,1.0,0.0,1.0,1.0,0.20896009656990144,-0.440297601380076,0.7813381343069463,0.4745883146193245,0.3225957547762188,-0.29541708426109714,0.9545129821380922,1.092001011326415,0.25413083850938145,-0.440297601380076,0.8585190686349049,0.5771797023486606,12.768152001809545,0.30335360891433844,0.24180049762497172,0.503053607781045,0.25514589459398324
v2vol,150,0.0,60,0.96,20,0.0,20,0.7,,,False,sym,3,0.9,,10,,,voltarget,0.5,1.0,0.0,1.0,1.0,0.23453322513032981,-0.44287081875956735,0.8213940235858761,0.5295747996836452,0.3520315218397492,-0.3552799762069103,0.9358400600908439,0.990856635372917,0.28117653192712266,-0.44287081875956735,0.8748186221437387,0.6348951432715014,12.369147251752997,0.3330730748801097,0.23343135037321872,0.511422755032798,0.25514589459398324
v2vol,150,0.0,60,0.96,20,0.0,20,0.7,,,False,sym,3,0.9,,10,,,voltarget,0.6,1.0,0.0,1.0,1.0,0.24228169982891523,-0.4397652087636643,0.8288185967928807,0.5509342144415081,0.36920744345630707,-0.4152956990892982,0.927248773685296,0.8890230365157693,0.2922905075963427,-0.4397652087636643,0.8743906067415305,0.6646512770259265,12.369147251752997,0.34967349833473504,0.23116941868355576,0.513684686722461,0.25514589459398324
v2vol,150,0.0,60,0.96,20,0.0,20,0.7,,,False,sym,3,0.95,,10,,,voltarget,0.25,1.0,0.0,1.0,1.0,0.16821775448259135,-0.37660204000199005,0.7764553042006763,0.4466724462822943,0.22392578408928254,-0.25435878629229414,0.8938329699351291,0.8803540359402416,0.1922371162498393,-0.37660204000199005,0.8317920642470074,0.5104516062866348,17.214204931011082,0.227691935007777,0.35648043429088444,0.3643971952047048,0.27912237050441074
v2vol,150,0.0,60,0.96,20,0.0,20,0.7,,,False,sym,3,0.95,,10,,,voltarget,0.3,1.0,0.0,1.0,1.0,0.18372417603569136,-0.4076190732745222,0.7681185097069159,0.450725169849835,0.25871548468210115,-0.28308725579756144,0.9121925359276266,0.9139072119414348,0.2149733725384917,-0.4076190732745222,0.8335181453962307,0.527387913454462,14.70617507351278,0.2592256256344096,0.27391992761818595,0.4460529292015381,0.28002714318027594
v2vol,150,0.0,60,0.96,20,0.0,20,0.7,,,False,sym,3,0.95,,10,,,voltarget,0.35,1.0,0.0,1.0,1.0,0.19532820245825122,-0.41879304683762486,0.7643801548603323,0.46640746290609786,0.2887376262888286,-0.30126205671264106,0.9228212892828628,0.9584267910785762,0.23324213548881878,-0.41879304683762486,0.8354211270210029,0.5569388920137727,13.794164216240668,0.28506611937284343,0.23207419135942095,0.4869938927844379,0.28093191585614113
v2vol,150,0.0,60,0.96,20,0.0,20,0.7,,,False,sym,3,0.95,,10,,,voltarget,0.4,1.0,0.0,1.0,1.0,0.20928554002879474,-0.4193879766008046,0.7794002141620668,0.49902608492756967,0.30931281490541207,-0.3392119232846633,0.9179612054625974,0.911857142019857,0.24961715441449805,-0.4193879766008046,0.8429817726602591,0.5951938737912287,12.825152680389051,0.3054027345468124,0.21578828319384755,0.5032798009500113,0.28093191585614113
v2vol,150,0.0,60,0.96,20,0.0,20,0.7,,,False,sym,3,0.95,,10,,,voltarget,0.5,1.0,0.0,1.0,1.0,0.23486555269353504,-0.4220573254423251,0.8196022927772973,0.5564778491817217,0.3380892400203348,-0.39078010858837053,0.904174313696363,0.865164916509254,0.27643579346038116,-0.4220573254423251,0.8607051017115643,0.6549721490337137,12.426147930332503,0.3349515725969163,0.20741913594209455,0.5116489482017643,0.28093191585614113
v2vol,150,0.0,60,0.96,20,0.0,20,0.7,,,False,sym,3,0.95,,10,,,voltarget,0.6,1.0,0.0,1.0,1.0,0.24261611322639598,-0.41883569461126935,0.8271334573466601,0.5792632202744166,0.35493725447959923,-0.42070115445962175,0.89802387596772,0.8436802483594458,0.2874550748888878,-0.420701154459621,0.8610342611362013,0.6832761732211453,12.426147930332503,0.35147059576687756,0.20515720425243159,0.5139108798914273,0.28093191585614113
v2vol,150,0.0,60,0.96,20,0.0,20,0.7,,,False,sym,3,,,10,,,voltarget,0.25,1.0,0.0,1.0,1.0,0.17182741670045076,-0.40236379695834623,0.7827954459752681,0.4270449230258129,0.19629105665296098,-0.2803095498608916,0.7701206394314076,0.7002653200733752,0.1843856161943711,-0.40236379695834623,0.7899601262936523,0.45825598025524944,15.846188645102917,0.2329067727706796,0.32752770866319836,0.36462338837367114,0.3078489029631305
v2vol,150,0.0,60,0.96,20,0.0,20,0.7,,,False,sym,3,,,10,,,voltarget,0.3,1.0,0.0,1.0,1.0,0.18753465892253152,-0.4362177934900149,0.7739687455068726,0.4299106128205754,0.22632330497636244,-0.3339023674610151,0.7906719783865105,0.6778128190504277,0.20561091715579605,-0.4362177934900149,0.7913591259929957,0.47134922101819887,13.338158787604614,0.2652662522835912,0.244288622483601,0.44627912237050443,0.3094322551458946
v2vol,150,0.0,60,0.96,20,0.0,20,0.7,,,False,sym,3,,,10,,,voltarget,0.35,1.0,0.0,1.0,1.0,0.1991609028790522,-0.4476783575249811,0.7696276970528545,0.4448749856484602,0.2515635083119936,-0.38057310222104934,0.8026465923753904,0.6610123175911609,0.2222667070534825,-0.4476783575249811,0.7922714103396236,0.49648749669807235,12.31214657317349,0.29174933815033244,0.20153811354897083,0.4878986654603031,0.3105632209907261
v2vol,150,0.0,60,0.96,20,0.0,20,0.7,,,False,sym,3,,,10,,,voltarget,0.4,1.0,0.0,1.0,1.0,0.2128628217112749,-0.44779876782428385,0.7830425089214134,0.4753537459370639,0.26829629744049566,-0.41677524199916516,0.8005024301679807,0.6437433666969908,0.23712017614843006,-0.44779876782428385,0.798491640706263,0.5295239584970809,11.343135037321872,0.31265277737546465,0.18525220538339743,0.5041845736258765,0.3105632209907261
v2vol,150,0.0,60,0.96,20,0.0,20,0.7,,,False,sym,3,,,10,,,voltarget,0.5,1.0,0.0,1.0,1.0,0.23834849338219666,-0.4503374987840133,0.8211110804914884,0.5292663702795737,0.29248577339738246,-0.46623611331770687,0.7952771520131392,0.6273340160548099,0.26221748260069977,-0.4662361133177062,0.8158609510821963,0.5624134963179429,10.944130287265324,0.34300960860826113,0.17665686496267813,0.5127799140465958,0.3105632209907261
v2vol,150,0.0,60,0.96,20,0.0,20,0.7,,,False,sym,3,,,10,,,voltarget,0.6,1.0,0.0,1.0,1.0,0.24862776921902108,-0.4472735103669123,0.8342845816360532,0.5558741205466516,0.3063644614175738,-0.49620677898183596,0.7930534383649064,0.6174128899371375,0.2738442262368075,-0.49620677898183563,0.8196432756799257,0.5518752218555079,10.944130287265324,0.3599594470988035,0.17439493327301517,0.5150418457362588,0.3105632209907261
v2vol,150,0.0,60,0.96,20,0.0,20,0.7,,,False,sym,5,0.9,,10,,,voltarget,0.25,1.0,0.0,1.0,1.0,0.17789386796175854,-0.3213803201080011,0.816504555480539,0.5535306825943064,0.2420226984289997,-0.22987252407779946,0.9630943687650837,1.0528561401583083,0.20500528466716728,-0.3213803201080011,0.8826778273197959,0.6378899759583115,12.882153358968559,0.2262869381915858,0.37729020583578377,0.36892105858403074,0.2537887355801855
v2vol,150,0.0,60,0.96,20,0.0,20,0.7,,,False,sym,5,0.9,,10,,,voltarget,0.3,1.0,0.0,1.0,1.0,0.19482645411990118,-0.3447571448350787,0.8066808541963334,0.5651121580470804,0.2803370464840733,-0.25725826459042933,0.9808314437942028,1.089710555773152,0.22990281551179237,-0.3447571448350787,0.8833655266491087,0.6668543899844943,10.944130287265324,0.2581062577682874,0.30355123275277085,0.44175525899117846,0.2546935082560507
v2vol,150,0.0,60,0.96,20,0.0,20,0.7,,,False,sym,5,0.9,,10,,,voltarget,0.35,1.0,0.0,1.0,1.0,0.20968275328129016,-0.33971815867168564,0.8077498649623842,0.6172256263873553,0.3128277434832796,-0.28085661946549834,0.9876995395932319,1.1138343261363248,0.2511276373069977,-0.33971815867168564,0.8869841483615012,0.7392234736256633,10.146120787152228,0.28457667498806305,0.26283646233883734,0.48201764306717937,0.25514589459398324
v2vol,150,0.0,60,0.96,20,0.0,20,0.7,,,False,sym,5,0.9,,10,,,voltarget,0.4,1.0,0.0,1.0,1.0,0.2257161979568414,-0.3380964891051986,0.825385624814106,0.667608819465173,0.3340696804677896,-0.2987892426780482,0.976585304948855,1.1180780053308574,0.2690779478672285,-0.3380964891051986,0.893868098273486,0.7958614080239826,9.17710925130061,0.3052556009746215,0.24768152001809546,0.4971725853879213,0.25514589459398324
v2vol,150,0.0,60,0.96,20,0.0,20,0.7,,,False,sym,5,0.9,,10,,,voltarget,0.5,1.0,0.0,1.0,1.0,0.25480702380435827,-0.34735031963854734,0.8709766875042307,0.7335735981746336,0.3664200315716737,-0.3353194964866153,0.9622674514439293,1.0927489615453954,0.29944254251981595,-0.34735031963854734,0.9146748020864399,0.8620764847184128,8.778104501244062,0.3345450646604187,0.24112191811807285,0.5037321872879439,0.25514589459398324
v2vol,150,0.0,60,0.96,20,0.0,20,0.7,,,False,sym,5,0.9,,10,,,voltarget,0.6,1.0,0.0,1.0,1.0,0.26922328205139956,-0.3473503196385481,0.8917119323474081,0.7750771104271694,0.39044471373306777,-0.3755341246115612,0.9672356320324058,1.0397050178513858,0.3173265650739818,-0.3755341246115609,0.9274763377075513,0.8450006118677313,8.721103822664555,0.35064555220981003,0.23908617959737616,0.5057679258086406,0.25514589459398324
v2vol,150,0.0,60,0.96,20,0.0,20,0.7,,,False,sym,5,0.95,,10,,,voltarget,0.25,1.0,0.0,1.0,1.0,0.1728733688552626,-0.32321409927502975,0.7913536943178824,0.5348571403383025,0.23546402651744658,-0.24615828313472254,0.9318827068592952,0.9565553655920528,0.19941025769296172,-0.32321409927502975,0.8551815520234879,0.6169602691845423,13.110156073286586,0.2287744958802527,0.35308753675638993,0.36937344492196333,0.2775390183216467
v2vol,150,0.0,60,0.96,20,0.0,20,0.7,,,False,sym,5,0.95,,10,,,voltarget,0.3,1.0,0.0,1.0,1.0,0.18924526084883997,-0.3464493702143939,0.7833204002783891,0.5462421846278115,0.27294080102390583,-0.2726303453246418,0.9517009812111583,1.0011387422735145,0.2236491518765269,-0.3464493702143939,0.8577679776563061,0.6455464235311661,11.17213300158335,0.2606181072453826,0.27934856367337707,0.44220764532911105,0.2784437909975119
v2vol,150,0.0,60,0.96,20,0.0,20,0.7,,,False,sym,5,0.95,,10,,,voltarget,0.35,1.0,0.0,1.0,1.0,0.20318208586934294,-0.34621898404010265,0.7841042663994935,0.586860037246855,0.3049378487189709,-0.29574029918622224,0.9616351052969229,1.0311000886861115,0.24410668115265088,-0.34621898404010265,0.8623388766911225,0.7050644026047281,10.260122144311241,0.2869707742366696,0.23818140692151096,0.48292241574304456,0.2788961773354445
v2vol,150,0.0,60,0.96,20,0.0,20,0.7,,,False,sym,5,0.95,,10,,,voltarget,0.4,1.0,0.0,1.0,1.0,0.21828658518906718,-0.35827799006817906,0.8006353752852361,0.6092659645308606,0.3263198187728802,-0.31330178163925915,0.9540758247334064,1.0415511110901061,0.2615051883611881,-0.35827799006817906,0.8699450649687873,0.7298946505517253,9.291110608459624,0.3075853146342094,0.22302646460076905,0.49807735806378645,0.2788961773354445
v2vol,150,0.0,60,0.96,20,0.0,20,0.7,,,False,sym,5,0.95,,10,,,voltarget,0.5,1.0,0.0,1.0,1.0,0.24619847522263583,-0.36724967042896284,0.8448346785380925,0.6703844687867678,0.3584937164126154,-0.3490759906693872,0.9434103866309127,1.026979013151746,0.29104244958050063,-0.36724967042896284,0.8915969934637407,0.7924920647050574,8.892105858403076,0.33675978358401715,0.21646686270074644,0.5046369599638091,0.2788961773354445
v2vol,150,0.0,60,0.96,20,0.0,20,0.7,,,False,sym,5,0.95,,10,,,voltarget,0.6,1.0,0.0,1.0,1.0,0.26051583136191736,-0.3672496704289623,0.8662751368368875,0.7093698166090237,0.3823907207604669,-0.38845832072791053,0.9499600756448324,0.9843803063451597,0.3088149992067384,-0.38845832072791153,0.9056370883265418,0.794975889892296,8.83510517982357,0.3527604255777408,0.21443112418004975,0.5066726984845058,0.2788961773354445
v2vol,150,0.0,60,0.96,20,0.0,20,0.7,,,False,sym,5,,,10,,,voltarget,0.25,1.0,0.0,1.0,1.0,0.17781247704255843,-0.31699665080518613,0.8010668660245333,0.5609285668820365,0.20347252721039388,-0.2370288321578765,0.7905878946100149,0.8584294381321005,0.19083133670580943,-0.31699665080518613,0.8089407326361051,0.6019979587200338,12.027143180275955,0.23466480631678663,0.3252657769735354,0.36959963809092966,0.30513458493553497
v2vol,150,0.0,60,0.96,20,0.0,20,0.7,,,False,sym,5,,,10,,,voltarget,0.3,1.0,0.0,1.0,1.0,0.19279988837717377,-0.3404453778753527,0.7869022881243419,0.5663166572576104,0.23577996366621345,-0.26877509485627715,0.8137460490640317,0.87723888179555,0.2124322640645082,-0.3404453778753527,0.80805986603264,0.6239833990117677,10.08912010857272,0.26750802310420463,0.25084822438362364,0.4424338384980774,0.30671793711829903
v2vol,150,0.0,60,0.96,20,0.0,20,0.7,,,False,sym,5,,,10,,,voltarget,0.35,1.0,0.0,1.0,1.0,0.2048119016727441,-0.3462189840401031,0.7812833220087362,0.5915675081786399,0.26256945376799745,-0.2956552429374588,0.825850446495697,0.8880933453412151,0.2298893858856208,-0.3462189840401031,0.8083133823835895,0.6639999436281413,9.17710925130061,0.29473243504036095,0.20855010178692604,0.48405338158787603,0.3073965166251979
v2vol,150,0.0,60,0.96,20,0.0,20,0.7,,,False,sym,5,,,10,,,voltarget,0.4,1.0,0.0,1.0,1.0,0.21763976640212013,-0.3582779900681783,0.7908511692969455,0.6074606100159948,0.2791980516548185,-0.3145731360778593,0.8205464877666956,0.8875457552920691,0.24414367178610408,-0.3582779900681783,0.8110498372747763,0.6814364224261862,8.09409635828998,0.31614040087267264,0.19271657995928523,0.49988690341551684,0.3073965166251979
v2vol,150,0.0,60,0.96,20,0.0,20,0.7,,,False,sym,5,,,10,,,voltarget,0.5,1.0,0.0,1.0,1.0,0.2412436520141341,-0.3672496704289624,0.8224096074692393,0.6568927665267931,0.30577132898094095,-0.3348635070948339,0.8180056714749564,0.9131222796825872,0.26890693550162403,-0.3672496704289624,0.8260598324548378,0.7322183167313123,7.6380909296539246,0.3466845498844508,0.18457362587649853,0.507577471160371,0.3078489029631305
v2vol,150,0.0,60,0.96,20,0.0,20,0.7,,,False,sym,5,,,10,,,voltarget,0.6,1.0,0.0,1.0,1.0,0.25379664583854855,-0.36724967042896317,0.8386250498016431,0.6910738559468367,0.32551918013981185,-0.372100536982481,0.8262910753308409,0.8748151313609572,0.2841130929020561,-0.37210053698248124,0.836724909270961,0.7635385189337481,7.581090251074417,0.3638217999028347,0.18208550101786927,0.5100655960190003,0.3078489029631305
v2vol,150,0.0,60,0.96,20,0.0,20,,,,True,sym,3,0.9,,10,,,voltarget,0.25,1.0,0.0,1.0,1.0,0.16795983347712573,-0.3937070273396073,0.7706684017178835,0.426611215481926,0.2360692733836085,-0.22077175883064404,0.9442296679363925,1.0692910843034924,0.19648089254145606,-0.3937070273396073,0.8458460179467775,0.4990535573345859,15.105179823569328,0.22829292851588204,0.42705270300836917,0.3883736711151323,0.18457362587649853
v2vol,150,0.0,60,0.96,20,0.0,20,,,,True,sym,3,0.9,,10,,,voltarget,0.3,1.0,0.0,1.0,1.0,0.1838899272204202,-0.42561311610878005,0.7603490251333249,0.43205888225827327,0.27053459287062487,-0.2512470186806224,0.9471327727803244,1.0767673753554874,0.21933334605733878,-0.42561311610878005,0.8410057207230915,0.515335025533566,13.05315539470708,0.26209617940989777,0.3309206061976928,0.48360099524994343,0.18547839855236373
v2vol,150,0.0,60,0.96,20,0.0,20,,,,True,sym,3,0.9,,10,,,voltarget,0.35,1.0,0.0,1.0,1.0,0.19610612483636336,-0.43495768352599007,0.7554309684129751,0.4508625373544997,0.3023521043660964,-0.2766292670459115,0.951493673464901,1.092986680675099,0.23860175605811418,-0.43495768352599007,0.8402440192724914,0.5485631478535704,12.426147930332503,0.2904901050869263,0.2784437909975119,0.5356254241121918,0.18593078489029632
v2vol,150,0.0,60,0.96,20,0.0,20,,,,True,sym,3,0.9,,10,,,voltarget,0.4,1.0,0.0,1.0,1.0,0.20841972450642743,-0.4328077496260706,0.7630567484193415,0.481552663247121,0.32387097869031045,-0.3188229919908634,0.9408026829307617,1.0158331953035298,0.25423169763430753,-0.4328077496260706,0.8415446458459075,0.5874009831246183,11.799140465957928,0.3132474863111594,0.2531101560732866,0.5609590590364171,0.18593078489029632
v2vol,150,0.0,60,0.96,20,0.0,20,,,,True,sym,3,0.9,,10,,,voltarget,0.5,1.0,0.0,1.0,1.0,0.22924896046553056,-0.42695244924691567,0.7862050304526359,0.5369426053648214,0.35358280949623855,-0.3842569909964433,0.9174341589586577,0.9201727431928788,0.2782882392906356,-0.42695244924691567,0.8463190911763617,0.65180148229972,10.887129608685818,0.34753581982192255,0.2368242479077132,0.5772449672019905,0.18593078489029632
v2vol,150,0.0,60,0.96,20,0.0,20,,,,True,sym,3,0.9,,10,,,voltarget,0.6,1.0,0.0,1.0,1.0,0.23476974990080368,-0.4182660635748191,0.786596572627693,0.5612928476536759,0.3678840541784538,-0.42623214600235626,0.8987225928948209,0.8631072471394969,0.2869269912482144,-0.42623214600235604,0.8377645446702261,0.6731706980323074,11.001130965844832,0.3680013581174529,0.2341099298801176,0.5799592852295861,0.18593078489029632
v2vol,150,0.0,60,0.96,20,0.0,20,,,,True,sym,3,0.95,,10,,,voltarget,0.25,1.0,0.0,1.0,1.0,0.16609924063249304,-0.37859873995140914,0.7582747227021014,0.4387210603337213,0.22781245347068335,-0.26008441488764256,0.9059871189534092,0.8759173577128764,0.1922955568144742,-0.37859873995140914,0.8240040477592554,0.5079138848670076,15.846188645102917,0.23077638309630275,0.41121918118072837,0.3897308301289301,0.19904998869034154
v2vol,150,0.0,60,0.96,20,0.0,20,,,,True,sym,3,0.95,,10,,,voltarget,0.3,1.0,0.0,1.0,1.0,0.1821589059890667,-0.41284257921442535,0.7499073597517286,0.4412309077607414,0.26031733328178364,-0.29595404198852715,0.9083143941531865,0.8795870180812567,0.21454463696814252,-0.41284257921442535,0.820005685752913,0.5196766219617833,13.623162180502149,0.2649041544463234,0.3119203800045239,0.4881248586292694,0.19995476136620674
v2vol,150,0.0,60,0.96,20,0.0,20,,,,True,sym,3,0.95,,10,,,voltarget,0.35,1.0,0.0,1.0,1.0,0.19418843403822783,-0.42635989009765507,0.7453469774630685,0.45545661904019674,0.291356068430094,-0.3234919488591873,0.9156829079534781,0.9006594119500584,0.2334414728007148,-0.42635989009765507,0.8203425686197963,0.5475221244363453,12.825152680389051,0.29351607979251976,0.2569554399457136,0.5421850260122144,0.20085953404207194
v2vol,150,0.0,60,0.96,20,0.0,20,,,,True,sym,3,0.95,,10,,,voltarget,0.4,1.0,0.0,1.0,1.0,0.20631501599153346,-0.4281455759392363,0.7527765233519668,0.4818805275260261,0.31268809067021763,-0.3611629873922977,0.9083686070603872,0.8657811059984774,0.2488960338950419,-0.4281455759392363,0.822565088544381,0.5813350595741434,12.198145216014476,0.31654335651587856,0.23026464600769056,0.5688758199502375,0.20085953404207194
v2vol,150,0.0,60,0.96,20,0.0,20,,,,True,sym,3,0.95,,10,,,voltarget,0.5,1.0,0.0,1.0,1.0,0.22665243936069435,-0.43022505226565666,0.7744132069064508,0.5268229689719238,0.3415158409861603,-0.4225297980101038,0.8882966069857315,0.8082645119812206,0.2723298988713505,-0.43022505226565666,0.8273789255774019,0.6329940514556354,11.229133680162859,0.35150624101333,0.2110382266455553,0.5881022393123728,0.20085953404207194
v2vol,150,0.0,60,0.96,20,0.0,20,,,,True,sym,3,0.95,,10,,,voltarget,0.6,1.0,0.0,1.0,1.0,0.23337972341981805,-0.4238318091215769,0.7770940460131769,0.5506423029067001,0.3549258315235948,-0.4618958986160163,0.8703808921781075,0.7684108748033116,0.2814510795576308,-0.4618958986160162,0.8202888855284947,0.6093387717902363,11.343135037321872,0.3727761831941641,0.20832390861795974,0.5908165573399683,0.20085953404207194
v2vol,150,0.0,60,0.96,20,0.0,20,,,,True,sym,3,,,10,,,voltarget,0.25,1.0,0.0,1.0,1.0,0.16948202118034317,-0.4097119743011448,0.7640725873499276,0.4136613811920742,0.1981535592693191,-0.28349094519852536,0.7752057843483435,0.6989766785339634,0.18358911945383438,-0.4097119743011448,0.7799849111160456,0.4480931263163265,15.390183216466863,0.2359531148081846,0.38633793259443566,0.3899570232978964,0.22370504410766795
v2vol,150,0.0,60,0.96,20,0.0,20,,,,True,sym,3,,,10,,,voltarget,0.3,1.0,0.0,1.0,1.0,0.18560418348217267,-0.44459957454711296,0.7548876128710346,0.4174637001648879,0.2249073272701798,-0.34337489507904206,0.7797874654408438,0.6549905962647852,0.20386332361246162,-0.44459957454711296,0.7752042502373317,0.4585324307161675,13.110156073286586,0.2708907400632587,0.2856819724044334,0.4890296313051346,0.22528839629043204
v2vol,150,0.0,60,0.96,20,0.0,20,,,,True,sym,3,,,10,,,voltarget,0.35,1.0,0.0,1.0,1.0,0.1974776338850115,-0.45738578817527475,0.7493249999115908,0.43175288561728575,0.25051570008290036,-0.39528218028450146,0.7893030362812945,0.6337642134603526,0.22080985298545475,-0.45738578817527475,0.774470511655214,0.4827650064650418,12.027143180275955,0.3001661497547024,0.2293598733318254,0.5442207645329111,0.2264193621352635
v2vol,150,0.0,60,0.96,20,0.0,20,,,,True,sym,3,,,10,,,voltarget,0.4,1.0,0.0,1.0,1.0,0.2091802405465384,-0.45907489341525,0.7549656612654259,0.45565602377067316,0.2673411194184323,-0.43614968972781365,0.7850656251512578,0.6129572614972417,0.23441927267787976,-0.45907489341525,0.7753230341655838,0.5106340513068289,11.343135037321872,0.32380894163352686,0.202442886224836,0.5711377516399004,0.2264193621352635
v2vol,150,0.0,60,0.96,20,0.0,20,,,,True,sym,3,,,10,,,voltarget,0.5,1.0,0.0,1.0,1.0,0.22906838503732896,-0.4610418991883666,0.7742247760328161,0.49684938709602866,0.2906118744707369,-0.49405338892805006,0.7745770559652274,0.5882195750165358,0.25560553146608256,-0.49405338892804984,0.7799195464260845,0.5173641901752181,10.146120787152228,0.3596975184962503,0.18095453517303778,0.5926261026916987,0.2264193621352635
v2vol,150,0.0,60,0.96,20,0.0,20,,,,True,sym,3,,,10,,,voltarget,0.6,1.0,0.0,1.0,1.0,0.2378798559713322,-0.4549944409828728,0.7813776877211939,0.5228192578737169,0.30023431928332633,-0.5320322134831089,0.7615981521297984,0.5643160539429597,0.26474174163831776,-0.5320322134831084,0.7757375991784758,0.4976047219116801,10.203121465731735,0.38157116490966775,0.17778783080750962,0.5957928070572269,0.2264193621352635
v2vol,150,0.0,60,0.96,20,0.0,20,,,,True,sym,5,0.9,,10,,,voltarget,0.25,1.0,0.0,1.0,1.0,0.17972236079762727,-0.30808482488031863,0.8129859680893425,0.5833534996975064,0.2378591519100277,-0.22844874478671529,0.9414091866614452,1.0411926409667875,0.2046627210643681,-0.30808482488031863,0.8720216526407295,0.6643064004982174,11.628138430219407,0.2296097008951552,0.4275050893463017,0.39515946618412123,0.17733544446957702
v2vol,150,0.0,60,0.96,20,0.0,20,,,,True,sym,5,0.9,,10,,,voltarget,0.3,1.0,0.0,1.0,1.0,0.1972174125973014,-0.334318635129076,0.8009362244634828,0.5899085240078178,0.2711018016073121,-0.25578353271636556,0.9387620003150446,1.0598876273553262,0.2281144751998203,-0.334318635129076,0.8636445154756069,0.6823265329249395,10.032119429993214,0.2641752648581833,0.3395159466184121,0.4822438362361457,0.17824021714544222
v2vol,150,0.0,60,0.96,20,0.0,20,,,,True,sym,5,0.9,,10,,,voltarget,0.35,1.0,0.0,1.0,1.0,0.21076336309187682,-0.3774507289163088,0.7946989086774098,0.5583864248904625,0.29990871738647273,-0.2823353515873006,0.9344345470809453,1.0622428813833407,0.24720706259003333,-0.3774507289163088,0.8582154660845038,0.6549386281483269,9.348111287039131,0.29350516838584056,0.28681293824926485,0.5344944582673603,0.1786926034833748
v2vol,150,0.0,60,0.96,20,0.0,20,,,,True,sym,5,0.9,,10,,,voltarget,0.4,1.0,0.0,1.0,1.0,0.22395543607562174,-0.40874504721322313,0.8012431726677332,0.5479098464985062,0.3172057984755454,-0.3081118808245076,0.914456065031766,1.0295149853575998,0.26191955838783354,-0.40874504721322313,0.8545105315184682,0.6407895586101191,8.778104501244062,0.3170507476765286,0.26283646233883734,0.5584709341777878,0.1786926034833748
v2vol,150,0.0,60,0.96,20,0.0,20,,,,True,sym,5,0.9,,10,,,voltarget,0.5,1.0,0.0,1.0,1.0,0.24316198091621355,-0.451575889774559,0.8167575884537354,0.538474233063257,0.3407143793687559,-0.3574082469286072,0.8838984680693084,0.9532918792352716,0.28273801442864555,-0.451575889774559,0.8502705971161933,0.6261140615142171,7.809092965392445,0.35172671532732985,0.24858629269396065,0.5727211038226645,0.1786926034833748
v2vol,150,0.0,60,0.96,20,0.0,20,,,,True,sym,5,0.9,,10,,,voltarget,0.6,1.0,0.0,1.0,1.0,0.2537107034205546,-0.47579616771144306,0.8265875630211297,0.5332340204438615,0.3573456906541719,-0.40380854071601424,0.8746797782002335,0.8849384166579126,0.29550007331255523,-0.47579616771144306,0.8502761800788778,0.6210644249908455,7.752092286812938,0.3721878278504449,0.24655055417326396,0.5747568423433612,0.1786926034833748
v2vol,150,0.0,60,0.96,20,0.0,20,,,,True,sym,5,0.95,,10,,,voltarget,0.25,1.0,0.0,1.0,1.0,0.17119246123595344,-0.31847624974822375,0.7738277901898505,0.5375360372124837,0.22408065542847444,-0.24659119949485364,0.8850161054073712,0.9087131085274234,0.19419347245594443,-0.31847624974822375,0.8263245426866245,0.6097580984750575,12.31214657317349,0.2325580486259907,0.4134811128703913,0.396516625197919,0.19000226193168968
v2vol,150,0.0,60,0.96,20,0.0,20,,,,True,sym,5,0.95,,10,,,voltarget,0.3,1.0,0.0,1.0,1.0,0.18562334822068038,-0.37197347943841286,0.7566674902327549,0.4990230714859708,0.25413960977574335,-0.2769840757476322,0.8815561072969984,0.9175242623236469,0.21453847969088424,-0.37197347943841286,0.8143180225198937,0.5767574613512335,10.488124858629268,0.26765335431763565,0.32119429993214205,0.4878986654603031,0.19090703460755484
v2vol,150,0.0,60,0.96,20,0.0,20,,,,True,sym,5,0.95,,10,,,voltarget,0.35,1.0,0.0,1.0,1.0,0.195649235069276,-0.41868586901830407,0.744067201171992,0.46729361926643537,0.28118744329965883,-0.30641033814927976,0.8804639169876544,0.9176826245420852,0.2307426448034089,-0.41868586901830407,0.8060902846897667,0.5511116134500381,9.690115358516172,0.2974322770852727,0.2664555530422981,0.5421850260122144,0.19135942094548744
v2vol,150,0.0,60,0.96,20,0.0,20,,,,True,sym,5,0.95,,10,,,voltarget,0.4,1.0,0.0,1.0,1.0,0.20523078401891937,-0.45366581749365,0.7434993567970071,0.45238317745152135,0.2973825330675981,-0.33488129719409765,0.8638254561038387,0.8880237133554664,0.24273158579232557,-0.45366581749365,0.7994291776730381,0.5350449084600101,9.063107894141597,0.32151021031361,0.24112191811807285,0.5675186609364398,0.19135942094548744
v2vol,150,0.0,60,0.96,20,0.0,20,,,,True,sym,5,0.95,,10,,,voltarget,0.5,1.0,0.0,1.0,1.0,0.21775908902275032,-0.5040391382736692,0.7450915144560554,0.4320281352923779,0.31819824531179064,-0.3890410667280466,0.8358063596549538,0.8179040017238653,0.2582701671197156,-0.5040391382736692,0.7885596055531001,0.5124010171199984,8.09409635828998,0.3573959660837771,0.22460981678353314,0.5840307622709794,0.19135942094548744
v2vol,150,0.0,60,0.96,20,0.0,20,,,,True,sym,5,0.95,,10,,,voltarget,0.6,1.0,0.0,1.0,1.0,0.2245085315136528,-0.5335193505082338,0.7469909256767674,0.4208067266909524,0.3320737177043327,-0.439630193280785,0.8257423080276152,0.7553478418445257,0.26758510831063353,-0.5335193505082338,0.7843387058356072,0.5015471473635029,8.037095679710472,0.3790024123398313,0.22257407826283646,0.5860665007916761,0.19135942094548744
v2vol,150,0.0,60,0.96,20,0.0,20,,,,True,sym,5,,,10,,,voltarget,0.25,1.0,0.0,1.0,1.0,0.17611761513066848,-0.3184762497482231,0.7837274510586234,0.5530007819104291,0.19109303735058192,-0.2605728080209391,0.7425636449369281,0.7333575548497988,0.18516743150299697,-0.3184762497482231,0.7800646950167763,0.5814167670254353,12.027143180275955,0.23837907440042413,0.3895046369599638,0.3969690115358516,0.21352635150418459
v2vol,150,0.0,60,0.96,20,0.0,20,,,,True,sym,5,,,10,,,voltarget,0.3,1.0,0.0,1.0,1.0,0.18967843489462433,-0.37197347943841275,0.7622950075937619,0.5099246193061707,0.21431438913667833,-0.31204645132256237,0.7400996938806786,0.6868028405012739,0.20254024058845244,-0.37197347943841275,0.7645932995406498,0.5445018308677213,10.032119429993214,0.2745102137710559,0.2956344718389505,0.4892558244741009,0.21510970368694865
v2vol,150,0.0,60,0.96,20,0.0,20,,,,True,sym,5,,,10,,,voltarget,0.35,1.0,0.0,1.0,1.0,0.19862358984751816,-0.4186858690183042,0.7459250386858554,0.47439764402183515,0.23396361764475104,-0.35754932526626715,0.7378064526592842,0.6543534027662288,0.21547057236016598,-0.4186858690183042,0.7522272889010555,0.514635406409539,9.00610721556209,0.3052923047121408,0.23931237276634246,0.54489934403981,0.21578828319384755
v2vol,150,0.0,60,0.96,20,0.0,20,,,,True,sym,5,,,10,,,voltarget,0.4,1.0,0.0,1.0,1.0,0.20679531438280008,-0.4536658174936492,0.741039686121386,0.45583181806659917,0.2434984343110349,-0.3941034397351797,0.7210340163865803,0.6178541209248395,0.22417031988514324,-0.4536658174936492,0.7412621430546726,0.494130946703476,8.322099072608006,0.3303548746273178,0.2133001583352183,0.5709115584709342,0.21578828319384755
v2vol,150,0.0,60,0.96,20,0.0,20,,,,True,sym,5,,,10,,,voltarget,0.5,1.0,0.0,1.0,1.0,0.216743891859005,-0.50403913827367,0.7353832869096288,0.43001401161296937,0.25532745194561657,-0.4416195711262356,0.6979219558587904,0.5781615413793153,0.2348426950277993,-0.50403913827367,0.7253123775210111,0.4659215469499723,7.068084143858855,0.3680385297450155,0.19362135263515043,0.5901379778330694,0.21624066953178014
v2vol,150,0.0,60,0.96,20,0.0,20,,,,True,sym,5,,,10,,,voltarget,0.6,1.0,0.0,1.0,1.0,0.22269001956386036,-0.5335193505082343,0.7350213616178387,0.4173982056165803,0.2614425521503463,-0.46369683534283235,0.6867140779865502,0.5638221618593748,0.2408700678129807,-0.5335193505082343,0.7175946973728154,0.4514739110840613,6.954082786699842,0.3912300374308477,0.19022845510065595,0.5935308753675639,0.21624066953178014
v2vol,150,0.0,60,0.96,20,0.0,20,,,,False,sym,3,0.9,,10,,,voltarget,0.25,1.0,0.0,1.0,1.0,0.16795983347712573,-0.3937070273396073,0.7706684017178835,0.426611215481926,0.2360692733836085,-0.22077175883064404,0.9442296679363925,1.0692910843034924,0.19648089254145606,-0.3937070273396073,0.8458460179467775,0.4990535573345859,15.105179823569328,0.22829292851588204,0.42705270300836917,0.3883736711151323,0.18457362587649853
v2vol,150,0.0,60,0.96,20,0.0,20,,,,False,sym,3,0.9,,10,,,voltarget,0.3,1.0,0.0,1.0,1.0,0.1838899272204202,-0.42561311610878005,0.7603490251333249,0.43205888225827327,0.27053459287062487,-0.2512470186806224,0.9471327727803244,1.0767673753554874,0.21933334605733878,-0.42561311610878005,0.8410057207230915,0.515335025533566,13.05315539470708,0.26209617940989777,0.3309206061976928,0.48360099524994343,0.18547839855236373
v2vol,150,0.0,60,0.96,20,0.0,20,,,,False,sym,3,0.9,,10,,,voltarget,0.35,1.0,0.0,1.0,1.0,0.19610612483636336,-0.43495768352599007,0.7554309684129751,0.4508625373544997,0.3023521043660964,-0.2766292670459115,0.951493673464901,1.092986680675099,0.23860175605811418,-0.43495768352599007,0.8402440192724914,0.5485631478535704,12.426147930332503,0.2904901050869263,0.2784437909975119,0.5356254241121918,0.18593078489029632
v2vol,150,0.0,60,0.96,20,0.0,20,,,,False,sym,3,0.9,,10,,,voltarget,0.4,1.0,0.0,1.0,1.0,0.20841972450642743,-0.4328077496260706,0.7630567484193415,0.481552663247121,0.32387097869031045,-0.3188229919908634,0.9408026829307617,1.0158331953035298,0.25423169763430753,-0.4328077496260706,0.8415446458459075,0.5874009831246183,11.799140465957928,0.3132474863111594,0.2531101560732866,0.5609590590364171,0.18593078489029632
v2vol,150,0.0,60,0.96,20,0.0,20,,,,False,sym,3,0.9,,10,,,voltarget,0.5,1.0,0.0,1.0,1.0,0.22924896046553056,-0.42695244924691567,0.7862050304526359,0.5369426053648214,0.35358280949623855,-0.3842569909964433,0.9174341589586577,0.9201727431928788,0.2782882392906356,-0.42695244924691567,0.8463190911763617,0.65180148229972,10.887129608685818,0.34753581982192255,0.2368242479077132,0.5772449672019905,0.18593078489029632
v2vol,150,0.0,60,0.96,20,0.0,20,,,,False,sym,3,0.9,,10,,,voltarget,0.6,1.0,0.0,1.0,1.0,0.23476974990080368,-0.4182660635748191,0.786596572627693,0.5612928476536759,0.3678840541784538,-0.42623214600235626,0.8987225928948209,0.8631072471394969,0.2869269912482144,-0.42623214600235604,0.8377645446702261,0.6731706980323074,11.001130965844832,0.3680013581174529,0.2341099298801176,0.5799592852295861,0.18593078489029632
v2vol,150,0.0,60,0.96,20,0.0,20,,,,False,sym,3,0.95,,10,,,voltarget,0.25,1.0,0.0,1.0,1.0,0.16609924063249304,-0.37859873995140914,0.7582747227021014,0.4387210603337213,0.22781245347068335,-0.26008441488764256,0.9059871189534092,0.8759173577128764,0.1922955568144742,-0.37859873995140914,0.8240040477592554,0.5079138848670076,15.846188645102917,0.23077638309630275,0.41121918118072837,0.3897308301289301,0.19904998869034154
v2vol,150,0.0,60,0.96,20,0.0,20,,,,False,sym,3,0.95,,10,,,voltarget,0.3,1.0,0.0,1.0,1.0,0.1821589059890667,-0.41284257921442535,0.7499073597517286,0.4412309077607414,0.26031733328178364,-0.29595404198852715,0.9083143941531865,0.8795870180812567,0.21454463696814252,-0.41284257921442535,0.820005685752913,0.5196766219617833,13.623162180502149,0.2649041544463234,0.3119203800045239,0.4881248586292694,0.19995476136620674
v2vol,150,0.0,60,0.96,20,0.0,20,,,,False,sym,3,0.95,,10,,,voltarget,0.35,1.0,0.0,1.0,1.0,0.19418843403822783,-0.42635989009765507,0.7453469774630685,0.45545661904019674,0.291356068430094,-0.3234919488591873,0.9156829079534781,0.9006594119500584,0.2334414728007148,-0.42635989009765507,0.8203425686197963,0.5475221244363453,12.825152680389051,0.29351607979251976,0.2569554399457136,0.5421850260122144,0.20085953404207194
v2vol,150,0.0,60,0.96,20,0.0,20,,,,False,sym,3,0.95,,10,,,voltarget,0.4,1.0,0.0,1.0,1.0,0.20631501599153346,-0.4281455759392363,0.7527765233519668,0.4818805275260261,0.31268809067021763,-0.3611629873922977,0.9083686070603872,0.8657811059984774,0.2488960338950419,-0.4281455759392363,0.822565088544381,0.5813350595741434,12.198145216014476,0.31654335651587856,0.23026464600769056,0.5688758199502375,0.20085953404207194
v2vol,150,0.0,60,0.96,20,0.0,20,,,,False,sym,3,0.95,,10,,,voltarget,0.5,1.0,0.0,1.0,1.0,0.22665243936069435,-0.43022505226565666,0.7744132069064508,0.5268229689719238,0.3415158409861603,-0.4225297980101038,0.8882966069857315,0.8082645119812206,0.2723298988713505,-0.43022505226565666,0.8273789255774019,0.6329940514556354,11.229133680162859,0.35150624101333,0.2110382266455553,0.5881022393123728,0.20085953404207194
v2vol,150,0.0,60,0.96,20,0.0,20,,,,False,sym,3,0.95,,10,,,voltarget,0.6,1.0,0.0,1.0,1.0,0.23337972341981805,-0.4238318091215769,0.7770940460131769,0.5506423029067001,0.3549258315235948,-0.4618958986160163,0.8703808921781075,0.7684108748033116,0.2814510795576308,-0.4618958986160162,0.8202888855284947,0.6093387717902363,11.343135037321872,0.3727761831941641,0.20832390861795974,0.5908165573399683,0.20085953404207194
v2vol,150,0.0,60,0.96,20,0.0,20,,,,False,sym,3,,,10,,,voltarget,0.25,1.0,0.0,1.0,1.0,0.16948202118034317,-0.4097119743011448,0.7640725873499276,0.4136613811920742,0.1981535592693191,-0.28349094519852536,0.7752057843483435,0.6989766785339634,0.18358911945383438,-0.4097119743011448,0.7799849111160456,0.4480931263163265,15.390183216466863,0.2359531148081846,0.38633793259443566,0.3899570232978964,0.22370504410766795
v2vol,150,0.0,60,0.96,20,0.0,20,,,,False,sym,3,,,10,,,voltarget,0.3,1.0,0.0,1.0,1.0,0.18560418348217267,-0.44459957454711296,0.7548876128710346,0.4174637001648879,0.2249073272701798,-0.34337489507904206,0.7797874654408438,0.6549905962647852,0.20386332361246162,-0.44459957454711296,0.7752042502373317,0.4585324307161675,13.110156073286586,0.2708907400632587,0.2856819724044334,0.4890296313051346,0.22528839629043204
v2vol,150,0.0,60,0.96,20,0.0,20,,,,False,sym,3,,,10,,,voltarget,0.35,1.0,0.0,1.0,1.0,0.1974776338850115,-0.45738578817527475,0.7493249999115908,0.43175288561728575,0.25051570008290036,-0.39528218028450146,0.7893030362812945,0.6337642134603526,0.22080985298545475,-0.45738578817527475,0.774470511655214,0.4827650064650418,12.027143180275955,0.3001661497547024,0.2293598733318254,0.5442207645329111,0.2264193621352635
v2vol,150,0.0,60,0.96,20,0.0,20,,,,False,sym,3,,,10,,,voltarget,0.4,1.0,0.0,1.0,1.0,0.2091802405465384,-0.45907489341525,0.7549656612654259,0.45565602377067316,0.2673411194184323,-0.43614968972781365,0.7850656251512578,0.6129572614972417,0.23441927267787976,-0.45907489341525,0.7753230341655838,0.5106340513068289,11.343135037321872,0.32380894163352686,0.202442886224836,0.5711377516399004,0.2264193621352635
v2vol,150,0.0,60,0.96,20,0.0,20,,,,False,sym,3,,,10,,,voltarget,0.5,1.0,0.0,1.0,1.0,0.22906838503732896,-0.4610418991883666,0.7742247760328161,0.49684938709602866,0.2906118744707369,-0.49405338892805006,0.7745770559652274,0.5882195750165358,0.25560553146608256,-0.49405338892804984,0.7799195464260845,0.5173641901752181,10.146120787152228,0.3596975184962503,0.18095453517303778,0.5926261026916987,0.2264193621352635
v2vol,150,0.0,60,0.96,20,0.0,20,,,,False,sym,3,,,10,,,voltarget,0.6,1.0,0.0,1.0,1.0,0.2378798559713322,-0.4549944409828728,0.7813776877211939,0.5228192578737169,0.30023431928332633,-0.5320322134831089,0.7615981521297984,0.5643160539429597,0.26474174163831776,-0.5320322134831084,0.7757375991784758,0.4976047219116801,10.203121465731735,0.38157116490966775,0.17778783080750962,0.5957928070572269,0.2264193621352635
v2vol,150,0.0,60,0.96,20,0.0,20,,,,False,sym,5,0.9,,10,,,voltarget,0.25,1.0,0.0,1.0,1.0,0.17972236079762727,-0.30808482488031863,0.8129859680893425,0.5833534996975064,0.2378591519100277,-0.22844874478671529,0.9414091866614452,1.0411926409667875,0.2046627210643681,-0.30808482488031863,0.8720216526407295,0.6643064004982174,11.628138430219407,0.2296097008951552,0.4275050893463017,0.39515946618412123,0.17733544446957702
v2vol,150,0.0,60,0.96,20,0.0,20,,,,False,sym,5,0.9,,10,,,voltarget,0.3,1.0,0.0,1.0,1.0,0.1972174125973014,-0.334318635129076,0.8009362244634828,0.5899085240078178,0.2711018016073121,-0.25578353271636556,0.9387620003150446,1.0598876273553262,0.2281144751998203,-0.334318635129076,0.8636445154756069,0.6823265329249395,10.032119429993214,0.2641752648581833,0.3395159466184121,0.4822438362361457,0.17824021714544222
v2vol,150,0.0,60,0.96,20,0.0,20,,,,False,sym,5,0.9,,10,,,voltarget,0.35,1.0,0.0,1.0,1.0,0.21076336309187682,-0.3774507289163088,0.7946989086774098,0.5583864248904625,0.29990871738647273,-0.2823353515873006,0.9344345470809453,1.0622428813833407,0.24720706259003333,-0.3774507289163088,0.8582154660845038,0.6549386281483269,9.348111287039131,0.29350516838584056,0.28681293824926485,0.5344944582673603,0.1786926034833748
v2vol,150,0.0,60,0.96,20,0.0,20,,,,False,sym,5,0.9,,10,,,voltarget,0.4,1.0,0.0,1.0,1.0,0.22395543607562174,-0.40874504721322313,0.8012431726677332,0.5479098464985062,0.3172057984755454,-0.3081118808245076,0.914456065031766,1.0295149853575998,0.26191955838783354,-0.40874504721322313,0.8545105315184682,0.6407895586101191,8.778104501244062,0.3170507476765286,0.26283646233883734,0.5584709341777878,0.1786926034833748
v2vol,150,0.0,60,0.96,20,0.0,20,,,,False,sym,5,0.9,,10,,,voltarget,0.5,1.0,0.0,1.0,1.0,0.24316198091621355,-0.451575889774559,0.8167575884537354,0.538474233063257,0.3407143793687559,-0.3574082469286072,0.8838984680693084,0.9532918792352716,0.28273801442864555,-0.451575889774559,0.8502705971161933,0.6261140615142171,7.809092965392445,0.35172671532732985,0.24858629269396065,0.5727211038226645,0.1786926034833748
v2vol,150,0.0,60,0.96,20,0.0,20,,,,False,sym,5,0.9,,10,,,voltarget,0.6,1.0,0.0,1.0,1.0,0.2537107034205546,-0.47579616771144306,0.8265875630211297,0.5332340204438615,0.3573456906541719,-0.40380854071601424,0.8746797782002335,0.8849384166579126,0.29550007331255523,-0.47579616771144306,0.8502761800788778,0.6210644249908455,7.752092286812938,0.3721878278504449,0.24655055417326396,0.5747568423433612,0.1786926034833748
v2vol,150,0.0,60,0.96,20,0.0,20,,,,False,sym,5,0.95,,10,,,voltarget,0.25,1.0,0.0,1.0,1.0,0.17119246123595344,-0.31847624974822375,0.7738277901898505,0.5375360372124837,0.22408065542847444,-0.24659119949485364,0.8850161054073712,0.9087131085274234,0.19419347245594443,-0.31847624974822375,0.8263245426866245,0.6097580984750575,12.31214657317349,0.2325580486259907,0.4134811128703913,0.396516625197919,0.19000226193168968
v2vol,150,0.0,60,0.96,20,0.0,20,,,,False,sym,5,0.95,,10,,,voltarget,0.3,1.0,0.0,1.0,1.0,0.18562334822068038,-0.37197347943841286,0.7566674902327549,0.4990230714859708,0.25413960977574335,-0.2769840757476322,0.8815561072969984,0.9175242623236469,0.21453847969088424,-0.37197347943841286,0.8143180225198937,0.5767574613512335,10.488124858629268,0.26765335431763565,0.32119429993214205,0.4878986654603031,0.19090703460755484
v2vol,150,0.0,60,0.96,20,0.0,20,,,,False,sym,5,0.95,,10,,,voltarget,0.35,1.0,0.0,1.0,1.0,0.195649235069276,-0.41868586901830407,0.744067201171992,0.46729361926643537,0.28118744329965883,-0.30641033814927976,0.8804639169876544,0.9176826245420852,0.2307426448034089,-0.41868586901830407,0.8060902846897667,0.5511116134500381,9.690115358516172,0.2974322770852727,0.2664555530422981,0.5421850260122144,0.19135942094548744
v2vol,150,0.0,60,0.96,20,0.0,20,,,,False,sym,5,0.95,,10,,,voltarget,0.4,1.0,0.0,1.0,1.0,0.20523078401891937,-0.45366581749365,0.7434993567970071,0.45238317745152135,0.2973825330675981,-0.33488129719409765,0.8638254561038387,0.8880237133554664,0.24273158579232557,-0.45366581749365,0.7994291776730381,0.5350449084600101,9.063107894141597,0.32151021031361,0.24112191811807285,0.5675186609364398,0.19135942094548744
v2vol,150,0.0,60,0.96,20,0.0,20,,,,False,sym,5,0.95,,10,,,voltarget,0.5,1.0,0.0,1.0,1.0,0.21775908902275032,-0.5040391382736692,0.7450915144560554,0.4320281352923779,0.31819824531179064,-0.3890410667280466,0.8358063596549538,0.8179040017238653,0.2582701671197156,-0.5040391382736692,0.7885596055531001,0.5124010171199984,8.09409635828998,0.3573959660837771,0.22460981678353314,0.5840307622709794,0.19135942094548744
v2vol,150,0.0,60,0.96,20,0.0,20,,,,False,sym,5,0.95,,10,,,voltarget,0.6,1.0,0.0,1.0,1.0,0.2245085315136528,-0.5335193505082338,0.7469909256767674,0.4208067266909524,0.3320737177043327,-0.439630193280785,0.8257423080276152,0.7553478418445257,0.26758510831063353,-0.5335193505082338,0.7843387058356072,0.5015471473635029,8.037095679710472,0.3790024123398313,0.22257407826283646,0.5860665007916761,0.19135942094548744
v2vol,150,0.0,60,0.96,20,0.0,20,,,,False,sym,5,,,10,,,voltarget,0.25,1.0,0.0,1.0,1.0,0.17611761513066848,-0.3184762497482231,0.7837274510586234,0.5530007819104291,0.19109303735058192,-0.2605728080209391,0.7425636449369281,0.7333575548497988,0.18516743150299697,-0.3184762497482231,0.7800646950167763,0.5814167670254353,12.027143180275955,0.23837907440042413,0.3895046369599638,0.3969690115358516,0.21352635150418459
v2vol,150,0.0,60,0.96,20,0.0,20,,,,False,sym,5,,,10,,,voltarget,0.3,1.0,0.0,1.0,1.0,0.18967843489462433,-0.37197347943841275,0.7622950075937619,0.5099246193061707,0.21431438913667833,-0.31204645132256237,0.7400996938806786,0.6868028405012739,0.20254024058845244,-0.37197347943841275,0.7645932995406498,0.5445018308677213,10.032119429993214,0.2745102137710559,0.2956344718389505,0.4892558244741009,0.21510970368694865
v2vol,150,0.0,60,0.96,20,0.0,20,,,,False,sym,5,,,10,,,voltarget,0.35,1.0,0.0,1.0,1.0,0.19862358984751816,-0.4186858690183042,0.7459250386858554,0.47439764402183515,0.23396361764475104,-0.35754932526626715,0.7378064526592842,0.6543534027662288,0.21547057236016598,-0.4186858690183042,0.7522272889010555,0.514635406409539,9.00610721556209,0.3052923047121408,0.23931237276634246,0.54489934403981,0.21578828319384755
v2vol,150,0.0,60,0.96,20,0.0,20,,,,False,sym,5,,,10,,,voltarget,0.4,1.0,0.0,1.0,1.0,0.20679531438280008,-0.4536658174936492,0.741039686121386,0.45583181806659917,0.2434984343110349,-0.3941034397351797,0.7210340163865803,0.6178541209248395,0.22417031988514324,-0.4536658174936492,0.7412621430546726,0.494130946703476,8.322099072608006,0.3303548746273178,0.2133001583352183,0.5709115584709342,0.21578828319384755
v2vol,150,0.0,60,0.96,20,0.0,20,,,,False,sym,5,,,10,,,voltarget,0.5,1.0,0.0,1.0,1.0,0.216743891859005,-0.50403913827367,0.7353832869096288,0.43001401161296937,0.25532745194561657,-0.4416195711262356,0.6979219558587904,0.5781615413793153,0.2348426950277993,-0.50403913827367,0.7253123775210111,0.4659215469499723,7.068084143858855,0.3680385297450155,0.19362135263515043,0.5901379778330694,0.21624066953178014
v2vol,150,0.0,60,0.96,20,0.0,20,,,,False,sym,5,,,10,,,voltarget,0.6,1.0,0.0,1.0,1.0,0.22269001956386036,-0.5335193505082343,0.7350213616178387,0.4173982056165803,0.2614425521503463,-0.46369683534283235,0.6867140779865502,0.5638221618593748,0.2408700678129807,-0.5335193505082343,0.7175946973728154,0.4514739110840613,6.954082786699842,0.3912300374308477,0.19022845510065595,0.5935308753675639,0.21624066953178014
v2vol,150,0.0,60,0.96,60,0.0,20,0.7,,,True,sym,3,0.9,,10,,,voltarget,0.25,1.0,0.0,1.0,1.0,0.1813049110802607,-0.37111559863886057,0.8248676221187444,0.4885402600840065,0.225631637367121,-0.20702652992426596,0.8983951966773795,1.089868228239449,0.20120744453063422,-0.37111559863886057,0.8640350257723606,0.5421691927491112,16.587197466636507,0.22790127446608968,0.38565935308753674,0.3919927618185931,0.22234788509387016
v2vol,150,0.0,60,0.96,60,0.0,20,0.7,,,True,sym,3,0.9,,10,,,voltarget,0.3,1.0,0.0,1.0,1.0,0.19860854378892312,-0.41341474570567127,0.81338126925683,0.48040991728515064,0.25559491197194895,-0.233439345748091,0.8987656559266228,1.0949093056821984,0.2233802206234139,-0.41341474570567127,0.8566757332110853,0.5403295913940341,13.794164216240668,0.2606869112977895,0.3012893010631079,0.47545804116715673,0.22325265776973535
v2vol,150,0.0,60,0.96,60,0.0,20,0.7,,,True,sym,3,0.9,,10,,,voltarget,0.35,1.0,0.0,1.0,1.0,0.21148102961521853,-0.43216994632655414,0.8066441670114846,0.48934691413136877,0.2798384577000581,-0.2700411802677022,0.8930182287643161,1.0362806792010149,0.2404321137133092,-0.43216994632655414,0.8498989267555092,0.5563369590064808,12.711151323230037,0.2880375529050872,0.2578602126215788,0.5184347432707532,0.22370504410766795
v2vol,150,0.0,60,0.96,60,0.0,20,0.7,,,True,sym,3,0.9,,10,,,voltarget,0.4,1.0,0.0,1.0,1.0,0.2271762769937713,-0.43457418264321435,0.8226911604695849,0.5227560358326283,0.293192117053404,-0.31636271555829887,0.8719062828688077,0.9267593892535512,0.25533203780215685,-0.43457418264321435,0.8509846035800778,0.5875453443855053,11.799140465957928,0.3092930438176367,0.24089572494910655,0.5353992309432255,0.22370504410766795
v2vol,150,0.0,60,0.96,60,0.0,20,0.7,,,True,sym,3,0.9,,10,,,voltarget,0.5,1.0,0.0,1.0,1.0,0.2529554608342286,-0.44197057162279163,0.8607633648566013,0.5723355288236665,0.30939306100956276,-0.3787199228535377,0.8387163026688189,0.816944243858051,0.2777125266423215,-0.44197057162279163,0.8576060970125412,0.6283507194215199,11.457136394480885,0.3388800603443131,0.23297896403528615,0.5433159918570459,0.22370504410766795
v2vol,150,0.0,60,0.96,60,0.0,20,0.7,,,True,sym,3,0.9,,10,,,voltarget,0.6,1.0,0.0,1.0,1.0,0.26403063618324674,-0.43955329031566837,0.8765033062668992,0.6006794670872131,0.32188654588835064,-0.41626791297581534,0.8311353093781747,0.7732677342033131,0.28934192258517033,-0.43955329031566837,0.8606681130306615,0.6582635802302318,11.457136394480885,0.35463548501990855,0.23071703234562316,0.5455779235467089,0.22370504410766795
v2vol,150,0.0,60,0.96,60,0.0,20,0.7,,,True,sym,3,0.95,,10,,,voltarget,0.25,1.0,0.0,1.0,1.0,0.18132680231668408,-0.35767299309029665,0.819647677250731,0.5069625211286418,0.2156806750122593,-0.2548704281295897,0.8548195197706503,0.8462365626136734,0.1975655361705695,-0.35767299309029665,0.8446032268354566,0.5523635834609769,16.701198823795522,0.23015558101459926,0.3603257181633115,0.3919927618185931,0.24768152001809546
v2vol,150,0.0,60,0.96,60,0.0,20,0.7,,,True,sym,3,0.95,,10,,,voltarget,0.3,1.0,0.0,1.0,1.0,0.1989550855135993,-0.3952385835224086,0.8103706847928469,0.5033797149572045,0.24414511577129194,-0.2845926083292587,0.8573487770160698,0.8578758148519053,0.21941772995642306,-0.3952385835224086,0.8391984522942361,0.5551526068152273,13.908165573399684,0.2629526486534204,0.2759556661388826,0.47545804116715673,0.24858629269396065
v2vol,150,0.0,60,0.96,60,0.0,20,0.7,,,True,sym,3,0.95,,10,,,voltarget,0.35,1.0,0.0,1.0,1.0,0.21180715169135667,-0.4139758527730226,0.8043013541117835,0.511641319831975,0.2673084185671497,-0.31507312762659,0.8546731930579679,0.8484011968292998,0.23608571203748463,-0.4139758527730226,0.8336922840524581,0.5702886061012048,12.768152001809545,0.29015706384445955,0.23184799819045465,0.5186609364397196,0.24949106536982582
v2vol,150,0.0,60,0.96,60,0.0,20,0.7,,,True,sym,3,0.95,,10,,,voltarget,0.4,1.0,0.0,1.0,1.0,0.22750662411886613,-0.41534247551951853,0.8206335132916275,0.5477567008630562,0.2802044803774293,-0.3588556346368629,0.8369266866976481,0.7808278687360639,0.2508140305266475,-0.41534247551951853,0.8358991455207777,0.6038728165543974,11.856141144537434,0.3113031818157677,0.21488351051798235,0.5356254241121918,0.24949106536982582
v2vol,150,0.0,60,0.96,60,0.0,20,0.7,,,True,sym,3,0.95,,10,,,voltarget,0.5,1.0,0.0,1.0,1.0,0.25329274753225195,-0.4229904362919995,0.8588607200662598,0.5988143603261007,0.2958904711852226,-0.4173368980304679,0.8083777808414501,0.7089966705115562,0.27298460603689234,-0.4229904362919995,0.8439082899058032,0.6453682698595226,11.514137073060393,0.34072651778976065,0.20696674960416195,0.5435421850260123,0.24949106536982582
v2vol,150,0.0,60,0.96,60,0.0,20,0.7,,,True,sym,3,0.95,,10,,,voltarget,0.6,1.0,0.0,1.0,1.0,0.2643709042396971,-0.42049093651393565,0.8746554672239885,0.6287196257580584,0.3081095459854173,-0.4525510135351085,0.8029679164244949,0.6808283193945701,0.2845175227564054,-0.4525510135351082,0.8476271947133521,0.628697128604117,11.514137073060393,0.35640754574271316,0.204704817914499,0.5458041167156752,0.24949106536982582
v2vol,150,0.0,60,0.96,60,0.0,20,0.7,,,True,sym,3,,,10,,,voltarget,0.25,1.0,0.0,1.0,1.0,0.18497697002634683,-0.37954394659736135,0.8254776892421316,0.48736640825042427,0.18823211192102196,-0.286763908740741,0.734635884609308,0.656400984167083,0.1896789457050363,-0.37954394659736135,0.8031127244359093,0.499754896384257,15.333182537887355,0.235316284368529,0.3313729925356254,0.3922189549875594,0.2764080524768152
v2vol,150,0.0,60,0.96,60,0.0,20,0.7,,,True,sym,3,,,10,,,voltarget,0.3,1.0,0.0,1.0,1.0,0.20281459766003596,-0.42127619785779524,0.815745272249103,0.48142904510474493,0.2121278945163565,-0.34444850668309723,0.7403363400665054,0.6158479145665753,0.210021026828904,-0.42127619785779524,0.7977459240120339,0.4985352315105115,12.540149287491516,0.2689099847958609,0.24632436100429767,0.47568423433612306,0.2779914046595793
v2vol,150,0.0,60,0.96,60,0.0,20,0.7,,,True,sym,3,,,10,,,voltarget,0.35,1.0,0.0,1.0,1.0,0.2156926902159777,-0.4397800401105547,0.8091325723754365,0.49045584279303694,0.23075243408757995,-0.394686180034136,0.7397769946486344,0.5846478690174113,0.2250849767544405,-0.4397800401105547,0.7916293478488122,0.5118126250064855,11.286134358742366,0.2967259926150318,0.20131192038000453,0.5195657091155848,0.27912237050441074
v2vol,150,0.0,60,0.96,60,0.0,20,0.7,,,True,sym,3,,,10,,,voltarget,0.4,1.0,0.0,1.0,1.0,0.23113780700845887,-0.4421520547021932,0.8238659813054791,0.5227563788302177,0.24009983248099842,-0.4341131740886408,0.7253541035806712,0.5530811935967022,0.2383050827267854,-0.4421520547021932,0.7927308462116318,0.538966358275307,10.374123501470255,0.31841917644810275,0.18434743270753223,0.536530196788057,0.27912237050441074
v2vol,150,0.0,60,0.96,60,0.0,20,0.7,,,True,sym,3,,,10,,,voltarget,0.5,1.0,0.0,1.0,1.0,0.25682766215972985,-0.4494493168154948,0.8599530443976514,0.5714274169542484,0.2517251822925324,-0.48950366473920215,0.7052170145332947,0.514245756314504,0.25880473820417227,-0.4895036647392027,0.8005038744183615,0.5287084793166115,10.032119429993214,0.3486510373137691,0.17620447862474553,0.5446731508708437,0.27912237050441074
v2vol,150,0.0,60,0.96,60,0.0,20,0.7,,,True,sym,3,,,10,,,voltarget,0.6,1.0,0.0,1.0,1.0,0.27048780779701365,-0.4470644320631697,0.8811543121184937,0.6050309270829982,0.26121546725996825,-0.5239053377069911,0.7030406146156203,0.49859287252778556,0.27093772961706675,-0.5239053377069902,0.8073646136424507,0.517150160757852,10.032119429993214,0.3647814843973479,0.17394254693508257,0.5469350825605067,0.27912237050441074
v2vol,150,0.0,60,0.96,60,0.0,20,0.7,,,True,sym,5,0.9,,10,,,voltarget,0.25,1.0,0.0,1.0,1.0,0.1866955707118525,-0.35959317310986116,0.8371424647277084,0.5191855259577305,0.23200524348793872,-0.22817997047269545,0.9223782601999053,1.0167642804375812,0.20697494245293657,-0.35959317310986116,0.8801892340221192,0.575580845050422,12.825152680389051,0.22959907369428703,0.3917665686496268,0.3969690115358516,0.2112644198145216
v2vol,150,0.0,60,0.96,60,0.0,20,0.7,,,True,sym,5,0.9,,10,,,voltarget,0.3,1.0,0.0,1.0,1.0,0.20504071144657465,-0.4006472592006094,0.8241934329004156,0.5117736531024365,0.2674607157039388,-0.2519268166350629,0.9355858376736403,1.0616603634196595,0.2318110407454521,-0.4006472592006094,0.8766480075289734,0.5785913554181616,10.317122822890749,0.26337942006044157,0.3073965166251979,0.4804342908844153,0.2121691924903868
v2vol,150,0.0,60,0.96,60,0.0,20,0.7,,,True,sym,5,0.9,,10,,,voltarget,0.35,1.0,0.0,1.0,1.0,0.22026042940938417,-0.4159200452739725,0.8205379382733132,0.5295739695938325,0.29695509009428944,-0.2725564422036395,0.9386539039332283,1.0895177809534973,0.25225769468733805,-0.4159200452739725,0.8753567037475573,0.6065052587719648,9.576114001357158,0.291697707172052,0.26306265550780367,0.5243157656638769,0.2126215788283194
v2vol,150,0.0,60,0.96,60,0.0,20,0.7,,,True,sym,5,0.9,,10,,,voltarget,0.4,1.0,0.0,1.0,1.0,0.23879290629885652,-0.4127112246878246,0.8405874478127727,0.5785956184726495,0.31515759839534563,-0.2927575775322313,0.9240313805782685,1.0765138892456103,0.2707363085391139,-0.4127112246878246,0.882068786360813,0.6559945364798334,8.493101108346528,0.3137825017785888,0.24722913368016286,0.5401492874915178,0.2126215788283194
v2vol,150,0.0,60,0.96,60,0.0,20,0.7,,,True,sym,5,0.9,,10,,,voltarget,0.5,1.0,0.0,1.0,1.0,0.26852204768902777,-0.41185887373133057,0.8821557544073358,0.6519758704147619,0.341783935367586,-0.3318977637604067,0.9036094969983705,1.029786797883688,0.29944697446702473,-0.41185887373133057,0.8975411705420501,0.7270620922990337,8.09409635828998,0.34479745356256475,0.24066953178014025,0.5467088893915404,0.2126215788283194
v2vol,150,0.0,60,0.96,60,0.0,20,0.7,,,True,sym,5,0.9,,10,,,voltarget,0.6,1.0,0.0,1.0,1.0,0.2852544975542217,-0.4154906710974211,0.9054435492626929,0.6865485013196299,0.3669389326012864,-0.3693939330306494,0.9138728558915425,0.993353977394211,0.3192826015616881,-0.4154906710974211,0.9136363423262477,0.7684471006734712,8.037095679710472,0.361981050633593,0.23863379325944356,0.5487446279122371,0.2126215788283194
v2vol,150,0.0,60,0.96,60,0.0,20,0.7,,,True,sym,5,0.95,,10,,,voltarget,0.25,1.0,0.0,1.0,1.0,0.18163755639113033,-0.3613236927696538,0.812409548524334,0.5027003764929565,0.2248791472244962,-0.247006474539052,0.8895186619247066,0.9104180270746003,0.20114336352748396,-0.3613236927696538,0.8523982948882687,0.5566846779010258,13.167156751866093,0.23206257662847932,0.36779009273919927,0.3974213978737842,0.2347885093870165
v2vol,150,0.0,60,0.96,60,0.0,20,0.7,,,True,sym,5,0.95,,10,,,voltarget,0.3,1.0,0.0,1.0,1.0,0.1994118060211134,-0.40219514318156036,0.8014820862760272,0.4958085879497909,0.2588694243919192,-0.2722365810016507,0.903256214908928,0.9508987493137431,0.22508592126978821,-0.40219514318156036,0.8503132342153502,0.5596435588188571,10.65912689436779,0.2658650862138356,0.2834200407147704,0.4808866772223479,0.2356932820628817
v2vol,150,0.0,60,0.96,60,0.0,20,0.7,,,True,sym,5,0.95,,10,,,voltarget,0.35,1.0,0.0,1.0,1.0,0.21370291903235916,-0.4173585976004277,0.7977708814485922,0.5120367000009781,0.2872139004784513,-0.2946386714594945,0.908075737579173,0.9748004192923333,0.2445270063245022,-0.4173585976004277,0.8495823293582934,0.5858918630894202,9.804116715675185,0.29406973519126234,0.23863379325944356,0.5252205383397421,0.2361456684008143
v2vol,150,0.0,60,0.96,60,0.0,20,0.7,,,True,sym,5,0.95,,10,,,voltarget,0.4,1.0,0.0,1.0,1.0,0.2312840297672354,-0.414087391053919,0.8168543842655662,0.5585391749760367,0.30488400238564006,-0.31649468979919515,0.8958707329788158,0.9633147481212981,0.2622017682396163,-0.414087391053919,0.8565802065246344,0.6332039417386524,8.664103144085049,0.31609839961445346,0.22257407826283646,0.5412802533363492,0.2361456684008143
v2vol,150,0.0,60,0.96,60,0.0,20,0.7,,,True,sym,5,0.95,,10,,,voltarget,0.5,1.0,0.0,1.0,1.0,0.25981940778714896,-0.42979135257573753,0.8572199488641847,0.6045245122547312,0.329962509489367,-0.35860733811845513,0.87711883831604,0.920122023215191,0.2895842757528988,-0.42979135257573753,0.8720336075168322,0.6737787394218651,8.2650983940285,0.3470252355800713,0.21601447636281385,0.5478398552363719,0.2361456684008143
v2vol,150,0.0,60,0.96,60,0.0,20,0.7,,,True,sym,5,0.95,,10,,,voltarget,0.6,1.0,0.0,1.0,1.0,0.2764370654135184,-0.4333124160949223,0.8812211966877235,0.6379624842159186,0.3535226891340595,-0.3986512387562189,0.8868739946488285,0.8867969161140468,0.3087730501932606,-0.4333124160949223,0.888390061056998,0.7125875897486864,8.208097715448993,0.364144184080615,0.21397873784211716,0.5498755937570685,0.2361456684008143
v2vol,150,0.0,60,0.96,60,0.0,20,0.7,,,True,sym,5,,,10,,,voltarget,0.25,1.0,0.0,1.0,1.0,0.186613571606552,-0.35545634679678495,0.8218600755879694,0.5249971572831117,0.19316173615578736,-0.2514912375107706,0.751061554145449,0.7680654724501677,0.1925520462998278,-0.35545634679678495,0.8071447882007041,0.5417037789169373,12.084143858855462,0.2378716907913519,0.3399683329563447,0.3976475910427505,0.2623840760009048
v2vol,150,0.0,60,0.96,60,0.0,20,0.7,,,True,sym,5,,,10,,,voltarget,0.3,1.0,0.0,1.0,1.0,0.20299682112594386,-0.3967032721359196,0.8050112240737202,0.5117094699848922,0.22211937136763815,-0.28650934685077656,0.7688784207096114,0.77526047163594,0.21385586294964476,-0.3967032721359196,0.8021428718599937,0.5390826796013239,9.576114001357158,0.27262270089301743,0.25491970142501696,0.4811128703913142,0.26396742818366886
v2vol,150,0.0,60,0.96,60,0.0,20,0.7,,,True,sym,5,,,10,,,voltarget,0.35,1.0,0.0,1.0,1.0,0.21534698622825976,-0.4120060290969533,0.7952132889161354,0.5226792110306335,0.24542096223591914,-0.31648674092355567,0.7764210348383982,0.7754541675892773,0.2303049077016448,-0.4120060290969533,0.7976417173131288,0.5589843143956746,8.721103822664555,0.30164907881013614,0.20900248812485864,0.5263515041845737,0.26464600769056773
v2vol,150,0.0,60,0.96,60,0.0,20,0.7,,,True,sym,5,,,10,,,voltarget,0.4,1.0,0.0,1.0,1.0,0.23063031031222048,-0.40870477086332246,0.8076180433858402,0.5642956156960228,0.2585238114225066,-0.3385564496470872,0.7669003230136587,0.7636062219224977,0.24483066495556138,-0.40870477086332246,0.8001380862930692,0.599040389076928,7.467088893915403,0.3244295130115351,0.19226419362135264,0.5430897986880796,0.26464600769056773
v2vol,150,0.0,60,0.96,60,0.0,20,0.7,,,True,sym,5,,,10,,,voltarget,0.5,1.0,0.0,1.0,1.0,0.25481042842765333,-0.429791352575737,0.8360358356796433,0.5928700680006147,0.27834740236905997,-0.3577075286288901,0.7568971554898289,0.7781424210890353,0.2674737627321211,-0.429791352575737,0.8095766493314679,0.6223339793347457,7.011083465279349,0.3566648303357234,0.18412123953856593,0.5507803664329337,0.26509839402850033
v2vol,150,0.0,60,0.96,60,0.0,20,0.7,,,True,sym,5,,,10,,,voltarget,0.6,1.0,0.0,1.0,1.0,0.26963301167771414,-0.43331241609492277,0.8550951434182206,0.6222600637842038,0.29783877904985334,-0.3811498307567718,0.768638643323773,0.7814217796148444,0.28407193561284827,-0.43331241609492277,0.822816688585981,0.6555822659616996,6.954082786699842,0.3748704497908926,0.18163311467993667,0.553268491291563,0.26509839402850033
v2vol,150,0.0,60,0.96,60,0.0,20,0.7,,,False,sym,3,0.9,,10,,,voltarget,0.25,1.0,0.0,1.0,1.0,0.1813049110802607,-0.37111559863886057,0.8248676221187444,0.4885402600840065,0.225631637367121,-0.20702652992426596,0.8983951966773795,1.089868228239449,0.20120744453063422,-0.37111559863886057,0.8640350257723606,0.5421691927491112,16.587197466636507,0.22790127446608968,0.38565935308753674,0.3919927618185931,0.22234788509387016
v2vol,150,0.0,60,0.96,60,0.0,20,0.7,,,False,sym,3,0.9,,10,,,voltarget,0.3,1.0,0.0,1.0,1.0,0.19860854378892312,-0.41341474570567127,0.81338126925683,0.48040991728515064,0.25559491197194895,-0.233439345748091,0.8987656559266228,1.0949093056821984,0.2233802206234139,-0.41341474570567127,0.8566757332110853,0.5403295913940341,13.794164216240668,0.2606869112977895,0.3012893010631079,0.47545804116715673,0.22325265776973535
v2vol,150,0.0,60,0.96,60,0.0,20,0.7,,,False,sym,3,0.9,,10,,,voltarget,0.35,1.0,0.0,1.0,1.0,0.21148102961521853,-0.43216994632655414,0.8066441670114846,0.48934691413136877,0.2798384577000581,-0.2700411802677022,0.8930182287643161,1.0362806792010149,0.2404321137133092,-0.43216994632655414,0.8498989267555092,0.5563369590064808,12.711151323230037,0.2880375529050872,0.2578602126215788,0.5184347432707532,0.22370504410766795
v2vol,150,0.0,60,0.96,60,0.0,20,0.7,,,False,sym,3,0.9,,10,,,voltarget,0.4,1.0,0.0,1.0,1.0,0.2271762769937713,-0.43457418264321435,0.8226911604695849,0.5227560358326283,0.293192117053404,-0.31636271555829887,0.8719062828688077,0.9267593892535512,0.25533203780215685,-0.43457418264321435,0.8509846035800778,0.5875453443855053,11.799140465957928,0.3092930438176367,0.24089572494910655,0.5353992309432255,0.22370504410766795
v2vol,150,0.0,60,0.96,60,0.0,20,0.7,,,False,sym,3,0.9,,10,,,voltarget,0.5,1.0,0.0,1.0,1.0,0.2529554608342286,-0.44197057162279163,0.8607633648566013,0.5723355288236665,0.30939306100956276,-0.3787199228535377,0.8387163026688189,0.816944243858051,0.2777125266423215,-0.44197057162279163,0.8576060970125412,0.6283507194215199,11.457136394480885,0.3388800603443131,0.23297896403528615,0.5433159918570459,0.22370504410766795
v2vol,150,0.0,60,0.96,60,0.0,20,0.7,,,False,sym,3,0.9,,10,,,voltarget,0.6,1.0,0.0,1.0,1.0,0.26403063618324674,-0.43955329031566837,0.8765033062668992,0.6006794670872131,0.32188654588835064,-0.41626791297581534,0.8311353093781747,0.7732677342033131,0.28934192258517033,-0.43955329031566837,0.8606681130306615,0.6582635802302318,11.457136394480885,0.35463548501990855,0.23071703234562316,0.5455779235467089,0.22370504410766795
v2vol,150,0.0,60,0.96,60,0.0,20,0.7,,,False,sym,3,0.95,,10,,,voltarget,0.25,1.0,0.0,1.0,1.0,0.18132680231668408,-0.35767299309029665,0.819647677250731,0.5069625211286418,0.2156806750122593,-0.2548704281295897,0.8548195197706503,0.8462365626136734,0.1975655361705695,-0.35767299309029665,0.8446032268354566,0.5523635834609769,16.701198823795522,0.23015558101459926,0.3603257181633115,0.3919927618185931,0.24768152001809546
v2vol,150,0.0,60,0.96,60,0.0,20,0.7,,,False,sym,3,0.95,,10,,,voltarget,0.3,1.0,0.0,1.0,1.0,0.1989550855135993,-0.3952385835224086,0.8103706847928469,0.5033797149572045,0.24414511577129194,-0.2845926083292587,0.8573487770160698,0.8578758148519053,0.21941772995642306,-0.3952385835224086,0.8391984522942361,0.5551526068152273,13.908165573399684,0.2629526486534204,0.2759556661388826,0.47545804116715673,0.24858629269396065
v2vol,150,0.0,60,0.96,60,0.0,20,0.7,,,False,sym,3,0.95,,10,,,voltarget,0.35,1.0,0.0,1.0,1.0,0.21180715169135667,-0.4139758527730226,0.8043013541117835,0.511641319831975,0.2673084185671497,-0.31507312762659,0.8546731930579679,0.8484011968292998,0.23608571203748463,-0.4139758527730226,0.8336922840524581,0.5702886061012048,12.768152001809545,0.29015706384445955,0.23184799819045465,0.5186609364397196,0.24949106536982582
v2vol,150,0.0,60,0.96,60,0.0,20,0.7,,,False,sym,3,0.95,,10,,,voltarget,0.4,1.0,0.0,1.0,1.0,0.22750662411886613,-0.41534247551951853,0.8206335132916275,0.5477567008630562,0.2802044803774293,-0.3588556346368629,0.8369266866976481,0.7808278687360639,0.2508140305266475,-0.41534247551951853,0.8358991455207777,0.6038728165543974,11.856141144537434,0.3113031818157677,0.21488351051798235,0.5356254241121918,0.24949106536982582
v2vol,150,0.0,60,0.96,60,0.0,20,0.7,,,False,sym,3,0.95,,10,,,voltarget,0.5,1.0,0.0,1.0,1.0,0.25329274753225195,-0.4229904362919995,0.8588607200662598,0.5988143603261007,0.2958904711852226,-0.4173368980304679,0.8083777808414501,0.7089966705115562,0.27298460603689234,-0.4229904362919995,0.8439082899058032,0.6453682698595226,11.514137073060393,0.34072651778976065,0.20696674960416195,0.5435421850260123,0.24949106536982582
v2vol,150,0.0,60,0.96,60,0.0,20,0.7,,,False,sym,3,0.95,,10,,,voltarget,0.6,1.0,0.0,1.0,1.0,0.2643709042396971,-0.42049093651393565,0.8746554672239885,0.6287196257580584,0.3081095459854173,-0.4525510135351085,0.8029679164244949,0.6808283193945701,0.2845175227564054,-0.4525510135351082,0.8476271947133521,0.628697128604117,11.514137073060393,0.35640754574271316,0.204704817914499,0.5458041167156752,0.24949106536982582
v2vol,150,0.0,60,0.96,60,0.0,20,0.7,,,False,sym,3,,,10,,,voltarget,0.25,1.0,0.0,1.0,1.0,0.18497697002634683,-0.37954394659736135,0.8254776892421316,0.48736640825042427,0.18823211192102196,-0.286763908740741,0.734635884609308,0.656400984167083,0.1896789457050363,-0.37954394659736135,0.8031127244359093,0.499754896384257,15.333182537887355,0.235316284368529,0.3313729925356254,0.3922189549875594,0.2764080524768152
v2vol,150,0.0,60,0.96,60,0.0,20,0.7,,,False,sym,3,,,10,,,voltarget,0.3,1.0,0.0,1.0,1.0,0.20281459766003596,-0.42127619785779524,0.815745272249103,0.48142904510474493,0.2121278945163565,-0.34444850668309723,0.7403363400665054,0.6158479145665753,0.210021026828904,-0.42127619785779524,0.7977459240120339,0.4985352315105115,12.540149287491516,0.2689099847958609,0.24632436100429767,0.47568423433612306,0.2779914046595793
v2vol,150,0.0,60,0.96,60,0.0,20,0.7,,,False,sym,3,,,10,,,voltarget,0.35,1.0,0.0,1.0,1.0,0.2156926902159777,-0.4397800401105547,0.8091325723754365,0.49045584279303694,0.23075243408757995,-0.394686180034136,0.7397769946486344,0.5846478690174113,0.2250849767544405,-0.4397800401105547,0.7916293478488122,0.5118126250064855,11.286134358742366,0.2967259926150318,0.20131192038000453,0.5195657091155848,0.27912237050441074
v2vol,150,0.0,60,0.96,60,0.0,20,0.7,,,False,sym,3,,,10,,,voltarget,0.4,1.0,0.0,1.0,1.0,0.23113780700845887,-0.4421520547021932,0.8238659813054791,0.5227563788302177,0.24009983248099842,-0.4341131740886408,0.7253541035806712,0.5530811935967022,0.2383050827267854,-0.4421520547021932,0.7927308462116318,0.538966358275307,10.374123501470255,0.31841917644810275,0.18434743270753223,0.536530196788057,0.27912237050441074
v2vol,150,0.0,60,0.96,60,0.0,20,0.7,,,False,sym,3,,,10,,,voltarget,0.5,1.0,0.0,1.0,1.0,0.25682766215972985,-0.4494493168154948,0.8599530443976514,0.5714274169542484,0.2517251822925324,-0.48950366473920215,0.7052170145332947,0.514245756314504,0.25880473820417227,-0.4895036647392027,0.8005038744183615,0.5287084793166115,10.032119429993214,0.3486510373137691,0.17620447862474553,0.5446731508708437,0.27912237050441074
v2vol,150,0.0,60,0.96,60,0.0,20,0.7,,,False,sym,3,,,10,,,voltarget,0.6,1.0,0.0,1.0,1.0,0.27048780779701365,-0.4470644320631697,0.8811543121184937,0.6050309270829982,0.26121546725996825,-0.5239053377069911,0.7030406146156203,0.49859287252778556,0.27093772961706675,-0.5239053377069902,0.8073646136424507,0.517150160757852,10.032119429993214,0.3647814843973479,0.17394254693508257,0.5469350825605067,0.27912237050441074
v2vol,150,0.0,60,0.96,60,0.0,20,0.7,,,False,sym,5,0.9,,10,,,voltarget,0.25,1.0,0.0,1.0,1.0,0.1866955707118525,-0.35959317310986116,0.8371424647277084,0.5191855259577305,0.23200524348793872,-0.22817997047269545,0.9223782601999053,1.0167642804375812,0.20697494245293657,-0.35959317310986116,0.8801892340221192,0.575580845050422,12.825152680389051,0.22959907369428703,0.3917665686496268,0.3969690115358516,0.2112644198145216
v2vol,150,0.0,60,0.96,60,0.0,20,0.7,,,False,sym,5,0.9,,10,,,voltarget,0.3,1.0,0.0,1.0,1.0,0.20504071144657465,-0.4006472592006094,0.8241934329004156,0.5117736531024365,0.2674607157039388,-0.2519268166350629,0.9355858376736403,1.0616603634196595,0.2318110407454521,-0.4006472592006094,0.8766480075289734,0.5785913554181616,10.317122822890749,0.26337942006044157,0.3073965166251979,0.4804342908844153,0.2121691924903868
v2vol,150,0.0,60,0.96,60,0.0,20,0.7,,,False,sym,5,0.9,,10,,,voltarget,0.35,1.0,0.0,1.0,1.0,0.22026042940938417,-0.4159200452739725,0.8205379382733132,0.5295739695938325,0.29695509009428944,-0.2725564422036395,0.9386539039332283,1.0895177809534973,0.25225769468733805,-0.4159200452739725,0.8753567037475573,0.6065052587719648,9.576114001357158,0.291697707172052,0.26306265550780367,0.5243157656638769,0.2126215788283194
v2vol,150,0.0,60,0.96,60,0.0,20,0.7,,,False,sym,5,0.9,,10,,,voltarget,0.4,1.0,0.0,1.0,1.0,0.23879290629885652,-0.4127112246878246,0.8405874478127727,0.5785956184726495,0.31515759839534563,-0.2927575775322313,0.9240313805782685,1.0765138892456103,0.2707363085391139,-0.4127112246878246,0.882068786360813,0.6559945364798334,8.493101108346528,0.3137825017785888,0.24722913368016286,0.5401492874915178,0.2126215788283194
v2vol,150,0.0,60,0.96,60,0.0,20,0.7,,,False,sym,5,0.9,,10,,,voltarget,0.5,1.0,0.0,1.0,1.0,0.26852204768902777,-0.41185887373133057,0.8821557544073358,0.6519758704147619,0.341783935367586,-0.3318977637604067,0.9036094969983705,1.029786797883688,0.29944697446702473,-0.41185887373133057,0.8975411705420501,0.7270620922990337,8.09409635828998,0.34479745356256475,0.24066953178014025,0.5467088893915404,0.2126215788283194
v2vol,150,0.0,60,0.96,60,0.0,20,0.7,,,False,sym,5,0.9,,10,,,voltarget,0.6,1.0,0.0,1.0,1.0,0.2852544975542217,-0.4154906710974211,0.9054435492626929,0.6865485013196299,0.3669389326012864,-0.3693939330306494,0.9138728558915425,0.993353977394211,0.3192826015616881,-0.4154906710974211,0.9136363423262477,0.7684471006734712,8.037095679710472,0.361981050633593,0.23863379325944356,0.5487446279122371,0.2126215788283194
v2vol,150,0.0,60,0.96,60,0.0,20,0.7,,,False,sym,5,0.95,,10,,,voltarget,0.25,1.0,0.0,1.0,1.0,0.18163755639113033,-0.3613236927696538,0.812409548524334,0.5027003764929565,0.2248791472244962,-0.247006474539052,0.8895186619247066,0.9104180270746003,0.20114336352748396,-0.3613236927696538,0.8523982948882687,0.5566846779010258,13.167156751866093,0.23206257662847932,0.36779009273919927,0.3974213978737842,0.2347885093870165
v2vol,150,0.0,60,0.96,60,0.0,20,0.7,,,False,sym,5,0.95,,10,,,voltarget,0.3,1.0,0.0,1.0,1.0,0.1994118060211134,-0.40219514318156036,0.8014820862760272,0.4958085879497909,0.2588694243919192,-0.2722365810016507,0.903256214908928,0.9508987493137431,0.22508592126978821,-0.40219514318156036,0.8503132342153502,0.5596435588188571,10.65912689436779,0.2658650862138356,0.2834200407147704,0.4808866772223479,0.2356932820628817
v2vol,150,0.0,60,0.96,60,0.0,20,0.7,,,False,sym,5,0.95,,10,,,voltarget,0.35,1.0,0.0,1.0,1.0,0.21370291903235916,-0.4173585976004277,0.7977708814485922,0.5120367000009781,0.2872139004784513,-0.2946386714594945,0.908075737579173,0.9748004192923333,0.2445270063245022,-0.4173585976004277,0.8495823293582934,0.5858918630894202,9.804116715675185,0.29406973519126234,0.23863379325944356,0.5252205383397421,0.2361456684008143
v2vol,150,0.0,60,0.96,60,0.0,20,0.7,,,False,sym,5,0.95,,10,,,voltarget,0.4,1.0,0.0,1.0,1.0,0.2312840297672354,-0.414087391053919,0.8168543842655662,0.5585391749760367,0.30488400238564006,-0.31649468979919515,0.8958707329788158,0.9633147481212981,0.2622017682396163,-0.414087391053919,0.8565802065246344,0.6332039417386524,8.664103144085049,0.31609839961445346,0.22257407826283646,0.5412802533363492,0.2361456684008143
v2vol,150,0.0,60,0.96,60,0.0,20,0.7,,,False,sym,5,0.95,,10,,,voltarget,0.5,1.0,0.0,1.0,1.0,0.25981940778714896,-0.42979135257573753,0.8572199488641847,0.6045245122547312,0.329962509489367,-0.35860733811845513,0.87711883831604,0.920122023215191,0.2895842757528988,-0.42979135257573753,0.8720336075168322,0.6737787394218651,8.2650983940285,0.3470252355800713,0.21601447636281385,0.5478398552363719,0.2361456684008143
v2vol,150,0.0,60,0.96,60,0.0,20,0.7,,,False,sym,5,0.95,,10,,,voltarget,0.6,1.0,0.0,1.0,1.0,0.2764370654135184,-0.4333124160949223,0.8812211966877235,0.6379624842159186,0.3535226891340595,-0.3986512387562189,0.8868739946488285,0.8867969161140468,0.3087730501932606,-0.4333124160949223,0.888390061056998,0.7125875897486864,8.208097715448993,0.364144184080615,0.21397873784211716,0.5498755937570685,0.2361456684008143
v2vol,150,0.0,60,0.96,60,0.0,20,0.7,,,False,sym,5,,,10,,,voltarget,0.25,1.0,0.0,1.0,1.0,0.186613571606552,-0.35545634679678495,0.8218600755879694,0.5249971572831117,0.19316173615578736,-0.2514912375107706,0.751061554145449,0.7680654724501677,0.1925520462998278,-0.35545634679678495,0.8071447882007041,0.5417037789169373,12.084143858855462,0.2378716907913519,0.3399683329563447,0.3976475910427505,0.2623840760009048
v2vol,150,0.0,60,0.96,60,0.0,20,0.7,,,False,sym,5,,,10,,,voltarget,0.3,1.0,0.0,1.0,1.0,0.20299682112594386,-0.3967032721359196,0.8050112240737202,0.5117094699848922,0.22211937136763815,-0.28650934685077656,0.7688784207096114,0.77526047163594,0.21385586294964476,-0.3967032721359196,0.8021428718599937,0.5390826796013239,9.576114001357158,0.27262270089301743,0.25491970142501696,0.4811128703913142,0.26396742818366886
v2vol,150,0.0,60,0.96,60,0.0,20,0.7,,,False,sym,5,,,10,,,voltarget,0.35,1.0,0.0,1.0,1.0,0.21534698622825976,-0.4120060290969533,0.7952132889161354,0.5226792110306335,0.24542096223591914,-0.31648674092355567,0.7764210348383982,0.7754541675892773,0.2303049077016448,-0.4120060290969533,0.7976417173131288,0.5589843143956746,8.721103822664555,0.30164907881013614,0.20900248812485864,0.5263515041845737,0.26464600769056773
v2vol,150,0.0,60,0.96,60,0.0,20,0.7,,,False,sym,5,,,10,,,voltarget,0.4,1.0,0.0,1.0,1.0,0.23063031031222048,-0.40870477086332246,0.8076180433858402,0.5642956156960228,0.2585238114225066,-0.3385564496470872,0.7669003230136587,0.7636062219224977,0.24483066495556138,-0.40870477086332246,0.8001380862930692,0.599040389076928,7.467088893915403,0.3244295130115351,0.19226419362135264,0.5430897986880796,0.26464600769056773
v2vol,150,0.0,60,0.96,60,0.0,20,0.7,,,False,sym,5,,,10,,,voltarget,0.5,1.0,0.0,1.0,1.0,0.25481042842765333,-0.429791352575737,0.8360358356796433,0.5928700680006147,0.27834740236905997,-0.3577075286288901,0.7568971554898289,0.7781424210890353,0.2674737627321211,-0.429791352575737,0.8095766493314679,0.6223339793347457,7.011083465279349,0.3566648303357234,0.18412123953856593,0.5507803664329337,0.26509839402850033
v2vol,150,0.0,60,0.96,60,0.0,20,0.7,,,False,sym,5,,,10,,,voltarget,0.6,1.0,0.0,1.0,1.0,0.26963301167771414,-0.43331241609492277,0.8550951434182206,0.6222600637842038,0.29783877904985334,-0.3811498307567718,0.768638643323773,0.7814217796148444,0.28407193561284827,-0.43331241609492277,0.822816688585981,0.6555822659616996,6.954082786699842,0.3748704497908926,0.18163311467993667,0.553268491291563,0.26509839402850033
v2vol,150,0.0,60,0.96,60,0.0,20,,,,True,sym,3,0.9,,10,,,voltarget,0.25,1.0,0.0,1.0,1.0,0.18110378310851383,-0.38576326431967856,0.8095554879045175,0.4694687127036408,0.2329994846794925,-0.20608485249706976,0.9217361204065248,1.1305997595471284,0.20377396101594836,-0.38576326431967856,0.86216353054766,0.5282357856840477,14.250169644876724,0.23197657572460015,0.4324813390635603,0.4202669079393802,0.14725175299705948
v2vol,150,0.0,60,0.96,60,0.0,20,,,,True,sym,3,0.9,,10,,,voltarget,0.3,1.0,0.0,1.0,1.0,0.1961993330599694,-0.43677466865368186,0.7881045028012127,0.4492003477782628,0.2642481503919649,-0.23437334013976074,0.9157627081598922,1.127466759804632,0.22498172929411053,-0.43677466865368186,0.8464623806750363,0.5150979336498525,11.856141144537434,0.26754976780308537,0.33431350373218727,0.517529970594888,0.14815652567292467
v2vol,150,0.0,60,0.96,60,0.0,20,,,,True,sym,3,0.9,,10,,,voltarget,0.35,1.0,0.0,1.0,1.0,0.20579496997958469,-0.46420872205964625,0.7701077524368515,0.44332422076537814,0.29249223505969235,-0.2777868127576174,0.9128156402124977,1.0529377984364798,0.24134175164856053,-0.46420872205964625,0.8341872275878947,0.5198992181313441,11.115132323003845,0.2978263908995323,0.2784437909975119,0.5729472969916308,0.14860891201085727
v2vol,150,0.0,60,0.96,60,0.0,20,,,,True,sym,3,0.9,,10,,,voltarget,0.4,1.0,0.0,1.0,1.0,0.2160671634620468,-0.47589552916791233,0.7694643891046151,0.4540222595489248,0.3095921885283881,-0.3276668930229796,0.8946169671612545,0.9448381729144547,0.25410020710138825,-0.47589552916791233,0.8270557283587829,0.5339411520542631,10.602126215788283,0.32196197684378536,0.2515268038905225,0.5998642840986202,0.14860891201085727
v2vol,150,0.0,60,0.96,60,0.0,20,,,,True,sym,3,0.9,,10,,,voltarget,0.5,1.0,0.0,1.0,1.0,0.22930545886308873,-0.4971017261192566,0.7728628279363142,0.4612847769675164,0.33133835006279244,-0.39647763368527833,0.8638239285835062,0.835705023214013,0.2704295315558414,-0.4971017261192566,0.8164027761903385,0.544012457303285,9.633114679936666,0.35670876293401277,0.2341099298801176,0.6172811581090251,0.14860891201085727
v2vol,150,0.0,60,0.96,60,0.0,20,,,,True,sym,3,0.9,,10,,,voltarget,0.6,1.0,0.0,1.0,1.0,0.23257538386739096,-0.50178392917183,0.76897578166133,0.4634970758255358,0.34635767130753536,-0.44006531499981727,0.8532838310804043,0.7870596920543015,0.2778931226822523,-0.50178392917183,0.808554326257574,0.5538103285629362,9.690115358516172,0.3765803878290108,0.23139561185252205,0.6199954761366206,0.14860891201085727
v2vol,150,0.0,60,0.96,60,0.0,20,,,,True,sym,3,0.95,,10,,,voltarget,0.25,1.0,0.0,1.0,1.0,0.1757683680126585,-0.38395765765447887,0.7833450407799581,0.457780602909166,0.2223596599014015,-0.2557898523553749,0.8757300720199569,0.8693060254496413,0.19648301928540857,-0.38395765765447887,0.8286287918300006,0.5117309561832529,14.991178466410314,0.23482991762394595,0.41777878308075095,0.4232074191359421,0.15901379778330693
v2vol,150,0.0,60,0.96,60,0.0,20,,,,True,sym,3,0.95,,10,,,voltarget,0.3,1.0,0.0,1.0,1.0,0.1891819677013038,-0.4347669010834039,0.7597343362348931,0.43513424602902767,0.251124764325233,-0.2911486300644619,0.8692410182307797,0.862531155546336,0.2157250773594488,-0.4347669010834039,0.8112330278515957,0.49618560387619065,12.48314860891201,0.27093495532239764,0.315087084370052,0.5249943451707758,0.15991857045917213
v2vol,150,0.0,60,0.96,60,0.0,20,,,,True,sym,3,0.95,,10,,,voltarget,0.35,1.0,0.0,1.0,1.0,0.19674439850789582,-0.4666177099432387,0.7384586127414868,0.42163937269296664,0.27805025456471655,-0.3223409236891366,0.8691652612667283,0.8625968163845877,0.23032002088514703,-0.4666177099432387,0.7978373317676526,0.4935946835647625,11.5711377516399,0.3016442832135107,0.25672924677674736,0.5824474100882153,0.16082334313503732
v2vol,150,0.0,60,0.96,60,0.0,20,,,,True,sym,3,0.95,,10,,,voltarget,0.4,1.0,0.0,1.0,1.0,0.20492551895662459,-0.48218232481369283,0.7338026120296496,0.42499591629743866,0.294438443561718,-0.36945717707974546,0.8541200427009514,0.7969487719497325,0.2414795020350191,-0.48218232481369283,0.7893756167282838,0.5008053792272928,11.058131644424337,0.3262857916534439,0.2284551006559602,0.6107215562090025,0.16082334313503732
v2vol,150,0.0,60,0.96,60,0.0,20,,,,True,sym,3,0.95,,10,,,voltarget,0.5,1.0,0.0,1.0,1.0,0.21532672822765475,-0.5113304625781752,0.7315015331231802,0.4211106984355237,0.3150997016292234,-0.4339908408457973,0.8274855788456222,0.7260515014905177,0.2555907110450051,-0.5113304625781752,0.7771309935974802,0.49985426206819994,10.032119429993214,0.3621050909762914,0.20809771544899344,0.6310789414159692,0.16082334313503732
v2vol,150,0.0,60,0.96,60,0.0,20,,,,True,sym,3,0.95,,10,,,voltarget,0.6,1.0,0.0,1.0,1.0,0.22112012077058174,-0.5112333154136517,0.7338925079737746,0.4325229090198629,0.3291865767802351,-0.47486923778238543,0.8182867829899606,0.6932152066061791,0.2643616968883542,-0.5112333154136517,0.7737356255006071,0.5171057693578763,10.08912010857272,0.38280949692728933,0.20538339742139788,0.6337932594435648,0.16082334313503732
v2vol,150,0.0,60,0.96,60,0.0,20,,,,True,sym,3,,,10,,,voltarget,0.25,1.0,0.0,1.0,1.0,0.1801707265752961,-0.4051300787374639,0.791722012623403,0.44472315444159355,0.1931647718775007,-0.28610114846089896,0.7497205396484993,0.6751625182794407,0.18849498111583474,-0.4051300787374639,0.7877481148227388,0.4652702699914439,15.105179823569328,0.24010448984557148,0.3985523637186157,0.42546935082560505,0.17597828545577923
v2vol,150,0.0,60,0.96,60,0.0,20,,,,True,sym,3,,,10,,,voltarget,0.3,1.0,0.0,1.0,1.0,0.19462529720184918,-0.45786141792346247,0.7698369291738397,0.4250746832623127,0.2163796284370061,-0.34756535690832313,0.7461745025238351,0.6225581006166856,0.20643482177497186,-0.45786141792346247,0.7716152188335489,0.45086747582099207,12.255145894593984,0.2770978248529236,0.29043202895272563,0.532006333408731,0.17756163763854332
v2vol,150,0.0,60,0.96,60,0.0,20,,,,True,sym,3,,,10,,,voltarget,0.35,1.0,0.0,1.0,1.0,0.2032263293179597,-0.491876172265161,0.7503585564353668,0.4131656314679221,0.23811363813799113,-0.4011091976945581,0.7488011941099268,0.5936379407567538,0.21992125891221637,-0.491876172265161,0.7593043328659695,0.44710695763010255,10.773128251526803,0.3085648350274069,0.23003845283872426,0.591268943677901,0.1786926034833748
v2vol,150,0.0,60,0.96,60,0.0,20,,,,True,sym,3,,,10,,,voltarget,0.4,1.0,0.0,1.0,1.0,0.21230382882057408,-0.5100711587729783,0.7467276564898083,0.41622394281474356,0.2502793897912776,-0.44347030725063663,0.7372960922282075,0.5643656084731439,0.2301647317256783,-0.5100711587729783,0.7514736820637286,0.45124043531369257,10.203121465731735,0.33394222822827313,0.20153811354897083,0.6197692829676543,0.1786926034833748
v2vol,150,0.0,60,0.96,60,0.0,20,,,,True,sym,3,,,10,,,voltarget,0.5,1.0,0.0,1.0,1.0,0.22466564651405552,-0.5440127310692248,0.7468173453363978,0.41297865598198136,0.26581210396208155,-0.5040949040782476,0.7197040128071781,0.5273056756011585,0.2437320294850145,-0.5440127310692248,0.7417790768085497,0.4480263338800429,8.949106536982583,0.37100835066919957,0.17778783080750962,0.6435195657091156,0.1786926034833748
v2vol,150,0.0,60,0.96,60,0.0,20,,,,True,sym,3,,,10,,,voltarget,0.6,1.0,0.0,1.0,1.0,0.23205099809146268,-0.5483988618938201,0.7516740384785937,0.4231427419271193,0.2761530498420264,-0.5433146118105032,0.7143958179894577,0.5082746604619991,0.2522263537009761,-0.5483988618938201,0.7397308015407573,0.45993230698901716,8.949106536982583,0.3924638155697056,0.17462112644198144,0.6466862700746437,0.1786926034833748
v2vol,150,0.0,60,0.96,60,0.0,20,,,,True,sym,5,0.9,,10,,,voltarget,0.25,1.0,0.0,1.0,1.0,0.18846571243614618,-0.38313332734982763,0.8292893677777232,0.4919063390798779,0.23232142626716135,-0.22844874478671506,0.9173755206191919,1.01695208036298,0.20821777520839269,-0.38313332734982763,0.872769747197651,0.5434603579089721,11.058131644424337,0.233890981166338,0.43677900927391994,0.42637412350147025,0.13684686722460981
v2vol,150,0.0,60,0.96,60,0.0,20,,,,True,sym,5,0.9,,10,,,voltarget,0.3,1.0,0.0,1.0,1.0,0.20561664943223534,-0.4264727388879942,0.8092822169615091,0.48213316041810833,0.26434937565807615,-0.2557835327163651,0.9124262840019113,1.0334886411597481,0.23104780525070456,-0.4264727388879942,0.8581724812766426,0.5417645354147369,9.291110608459624,0.2706183598013071,0.33793259443564805,0.5243157656638769,0.137751639900475
v2vol,150,0.0,60,0.96,60,0.0,20,,,,True,sym,5,0.9,,10,,,voltarget,0.35,1.0,0.0,1.0,1.0,0.21715780163499532,-0.44717662348170184,0.7931609902430011,0.4856197534303384,0.29264134412860443,-0.2823353515873007,0.9082461284343082,1.0365026642372732,0.24870679142480667,-0.44717662348170184,0.8464153763659832,0.5561712718531308,8.379099751187514,0.3019880518179346,0.2825152680389052,0.5792807057226872,0.1382040262384076
v2vol,150,0.0,60,0.96,60,0.0,20,,,,True,sym,5,0.9,,10,,,voltarget,0.4,1.0,0.0,1.0,1.0,0.22950483756889373,-0.4694926868239301,0.7950675314283894,0.4888358093956062,0.309373417113991,-0.30811188082450836,0.8883488785759183,1.0040944097517654,0.26267999200284353,-0.4694926868239301,0.8400233770741203,0.5594975158821892,7.923094322551458,0.32708858507953636,0.25763401945261255,0.6041619543089799,0.1382040262384076
v2vol,150,0.0,60,0.96,60,0.0,20,,,,True,sym,5,0.9,,10,,,voltarget,0.5,1.0,0.0,1.0,1.0,0.24396272109152095,-0.5267723997127639,0.7972514341879033,0.4631273795372496,0.33211952539577516,-0.3574082469286044,0.8584039752525742,0.9292441577659486,0.28017319615250913,-0.5267723997127639,0.8285263844688194,0.5318676458851692,6.726080072381814,0.3637920832844244,0.23999095227324135,0.621805021488351,0.1382040262384076
v2vol,150,0.0,60,0.96,60,0.0,20,,,,True,sym,5,0.9,,10,,,voltarget,0.6,1.0,0.0,1.0,1.0,0.2528451799368425,-0.5570775475135734,0.8026346141864761,0.4538778865983319,0.3535342024550978,-0.40380854071601446,0.8584535517589119,0.8754995667704983,0.2935792501351113,-0.5570775475135734,0.8301711216305596,0.5269988917080851,6.669079393802307,0.3855954741856789,0.23795521375254466,0.6238407600090478,0.1382040262384076
v2vol,150,0.0,60,0.96,60,0.0,20,,,,True,sym,5,0.95,,10,,,voltarget,0.25,1.0,0.0,1.0,1.0,0.17976086057683638,-0.3757417902678004,0.7895514810387444,0.4784159367759343,0.21860456970091535,-0.24659119949485386,0.8616063486025459,0.8865059667527893,0.19764661467485145,-0.3757417902678004,0.8269852930938062,0.5260171207838868,11.457136394480885,0.2371250798957348,0.42501696448767246,0.42999321420493103,0.14498982130739652
v2vol,150,0.0,60,0.96,60,0.0,20,,,,True,sym,5,0.95,,10,,,voltarget,0.3,1.0,0.0,1.0,1.0,0.1941844752704316,-0.4160776754007667,0.7658429839436354,0.4667024614656213,0.24747729143561803,-0.2769840757476316,0.8561127667306293,0.8934711887953513,0.21759466187855026,-0.4160776754007667,0.8097103988031492,0.5229664429098791,9.576114001357158,0.2745668449842003,0.32028952725627685,0.5338158787604614,0.1458945939832617
v2vol,150,0.0,60,0.96,60,0.0,20,,,,True,sym,5,0.95,,10,,,voltarget,0.35,1.0,0.0,1.0,1.0,0.20258447680114222,-0.4675667822545515,0.7447869863012535,0.4332738861907682,0.2740247346884932,-0.30641033814928165,0.8552979798037404,0.8943064269423888,0.23262089490603732,-0.4675667822545515,0.7960054892067371,0.4975137322295801,8.550101786926035,0.3065756202643703,0.26283646233883734,0.5908165573399683,0.1463469803211943
v2vol,150,0.0,60,0.96,60,0.0,20,,,,True,sym,5,0.95,,10,,,voltarget,0.4,1.0,0.0,1.0,1.0,0.2116732135092887,-0.5097981371798999,0.7406937535914452,0.41520986067195553,0.2896680249910579,-0.33488129719409854,0.8388285184599795,0.8649871683433106,0.24410922386320744,-0.5097981371798999,0.7872873415966766,0.47883506443073776,8.037095679710472,0.33241532169233606,0.2361456684008143,0.6175073512779914,0.1463469803211943
v2vol,150,0.0,60,0.96,60,0.0,20,,,,True,sym,5,0.95,,10,,,voltarget,0.5,1.0,0.0,1.0,1.0,0.22047100602534297,-0.5720422132158597,0.7316772096604606,0.3854103786955114,0.309747734449642,-0.3890410667280467,0.8116128827674938,0.7961826165415243,0.2569975953089614,-0.5720422132158597,0.7707030137446517,0.44926333996261136,6.840081429540827,0.37070381418946463,0.21601447636281385,0.6376385433159919,0.1463469803211943
v2vol,150,0.0,60,0.96,60,0.0,20,,,,True,sym,5,0.95,,10,,,voltarget,0.6,1.0,0.0,1.0,1.0,0.2284005579196451,-0.6058503570866318,0.7359165342650629,0.3769917030633781,0.32833319435034536,-0.439630193280785,0.810963636455008,0.7468395014003145,0.2687714588501189,-0.6058503570866318,0.7720091105435866,0.44362680603601046,6.783080750961321,0.393698632232147,0.21397873784211716,0.6396742818366885,0.1463469803211943
v2vol,150,0.0,60,0.96,60,0.0,20,,,,True,sym,5,,,10,,,voltarget,0.25,1.0,0.0,1.0,1.0,0.18485057982925812,-0.38423535946792453,0.7990140128399976,0.48108685282175134,0.18576452606898752,-0.2600060153099478,0.7210959084681849,0.7144624167542487,0.18867521026656298,-0.38423535946792453,0.7817824142239449,0.491040727037287,11.5711377516399,0.24303156829103173,0.409409635828998,0.43270753223252656,0.15788283193847547
v2vol,150,0.0,60,0.96,60,0.0,20,,,,True,sym,5,,,10,,,voltarget,0.3,1.0,0.0,1.0,1.0,0.19969752461477475,-0.42708309804905875,0.7748492815180296,0.46758470547536307,0.20786363280750852,-0.3049917979122446,0.7172640303001975,0.6815384355592317,0.2064659797037125,-0.42708309804905875,0.7638738995357776,0.4834328041705736,9.291110608459624,0.28158089454606233,0.29902736937344493,0.5415064465053155,0.15946618412123953
v2vol,150,0.0,60,0.96,60,0.0,20,,,,True,sym,5,,,10,,,voltarget,0.35,1.0,0.0,1.0,1.0,0.20763612543777543,-0.4675667822545516,0.7512889335793244,0.4440780083576054,0.22706492231629416,-0.3422516139596541,0.7157244732825297,0.6634444164902066,0.21862746758652696,-0.4675667822545516,0.7471860116607989,0.46758554260918883,7.809092965392445,0.31473266050174376,0.23953856593530876,0.6003166704365528,0.16014476362813843
v2vol,150,0.0,60,0.96,60,0.0,20,,,,True,sym,5,,,10,,,voltarget,0.4,1.0,0.0,1.0,1.0,0.21610403203754225,-0.5097981371798994,0.7444481619408163,0.4239011802455502,0.23610433236334338,-0.3715209916102158,0.6994970794930366,0.6355073809962645,0.22733405428233588,-0.5097981371798994,0.7353600367850113,0.4459295507431668,7.2390861795973755,0.34172780945769676,0.2121691924903868,0.6276860438814748,0.16014476362813843
v2vol,150,0.0,60,0.96,60,0.0,20,,,,True,sym,5,,,10,,,voltarget,0.5,1.0,0.0,1.0,1.0,0.22350610865454712,-0.57204221321586,0.7304010989258783,0.39071611061368844,0.24727998389143924,-0.4059669892773883,0.677716683064496,0.6091135250469301,0.2361589655169698,-0.57204221321586,0.7152432570995991,0.4128348573951399,5.757068536530197,0.38219993212798464,0.18570459172133003,0.653698258312599,0.16059714996607102
v2vol,150,0.0,60,0.96,60,0.0,20,,,,True,sym,5,,,10,,,voltarget,0.6,1.0,0.0,1.0,1.0,0.22837724251605906,-0.6058503570866317,0.7268985905695518,0.3769532192970268,0.25790036430944996,-0.425613259614091,0.6761076066938772,0.6059500226644525,0.24317290642500877,-0.6058503570866317,0.7099648470426365,0.4013745367657463,5.643067179371183,0.4070050768440933,0.18231169418683557,0.6570911558470934,0.16059714996607102
v2vol,150,0.0,60,0.96,60,0.0,20,,,,False,sym,3,0.9,,10,,,voltarget,0.25,1.0,0.0,1.0,1.0,0.18110378310851383,-0.38576326431967856,0.8095554879045175,0.4694687127036408,0.2329994846794925,-0.20608485249706976,0.9217361204065248,1.1305997595471284,0.20377396101594836,-0.38576326431967856,0.86216353054766,0.5282357856840477,14.250169644876724,0.23197657572460015,0.4324813390635603,0.4202669079393802,0.14725175299705948
v2vol,150,0.0,60,0.96,60,0.0,20,,,,False,sym,3,0.9,,10,,,voltarget,0.3,1.0,0.0,1.0,1.0,0.1961993330599694,-0.43677466865368186,0.7881045028012127,0.4492003477782628,0.2642481503919649,-0.23437334013976074,0.9157627081598922,1.127466759804632,0.22498172929411053,-0.43677466865368186,0.8464623806750363,0.5150979336498525,11.856141144537434,0.26754976780308537,0.33431350373218727,0.517529970594888,0.14815652567292467
v2vol,150,0.0,60,0.96,60,0.0,20,,,,False,sym,3,0.9,,10,,,voltarget,0.35,1.0,0.0,1.0,1.0,0.20579496997958469,-0.46420872205964625,0.7701077524368515,0.44332422076537814,0.29249223505969235,-0.2777868127576174,0.9128156402124977,1.0529377984364798,0.24134175164856053,-0.46420872205964625,0.8341872275878947,0.5198992181313441,11.115132323003845,0.2978263908995323,0.2784437909975119,0.5729472969916308,0.14860891201085727
v2vol,150,0.0,60,0.96,60,0.0,20,,,,False,sym,3,0.9,,10,,,voltarget,0.4,1.0,0.0,1.0,1.0,0.2160671634620468,-0.47589552916791233,0.7694643891046151,0.4540222595489248,0.3095921885283881,-0.3276668930229796,0.8946169671612545,0.9448381729144547,0.25410020710138825,-0.47589552916791233,0.8270557283587829,0.5339411520542631,10.602126215788283,0.32196197684378536,0.2515268038905225,0.5998642840986202,0.14860891201085727
v2vol,150,0.0,60,0.96,60,0.0,20,,,,False,sym,3,0.9,,10,,,voltarget,0.5,1.0,0.0,1.0,1.0,0.22930545886308873,-0.4971017261192566,0.7728628279363142,0.4612847769675164,0.33133835006279244,-0.39647763368527833,0.8638239285835062,0.835705023214013,0.2704295315558414,-0.4971017261192566,0.8164027761903385,0.544012457303285,9.633114679936666,0.35670876293401277,0.2341099298801176,0.6172811581090251,0.14860891201085727
v2vol,150,0.0,60,0.96,60,0.0,20,,,,False,sym,3,0.9,,10,,,voltarget,0.6,1.0,0.0,1.0,1.0,0.23257538386739096,-0.50178392917183,0.76897578166133,0.4634970758255358,0.34635767130753536,-0.44006531499981727,0.8532838310804043,0.7870596920543015,0.2778931226822523,-0.50178392917183,0.808554326257574,0.5538103285629362,9.690115358516172,0.3765803878290108,0.23139561185252205,0.6199954761366206,0.14860891201085727
v2vol,150,0.0,60,0.96,60,0.0,20,,,,False,sym,3,0.95,,10,,,voltarget,0.25,1.0,0.0,1.0,1.0,0.1757683680126585,-0.38395765765447887,0.7833450407799581,0.457780602909166,0.2223596599014015,-0.2557898523553749,0.8757300720199569,0.8693060254496413,0.19648301928540857,-0.38395765765447887,0.8286287918300006,0.5117309561832529,14.991178466410314,0.23482991762394595,0.41777878308075095,0.4232074191359421,0.15901379778330693
v2vol,150,0.0,60,0.96,60,0.0,20,,,,False,sym,3,0.95,,10,,,voltarget,0.3,1.0,0.0,1.0,1.0,0.1891819677013038,-0.4347669010834039,0.7597343362348931,0.43513424602902767,0.251124764325233,-0.2911486300644619,0.8692410182307797,0.862531155546336,0.2157250773594488,-0.4347669010834039,0.8112330278515957,0.49618560387619065,12.48314860891201,0.27093495532239764,0.315087084370052,0.5249943451707758,0.15991857045917213
v2vol,150,0.0,60,0.96,60,0.0,20,,,,False,sym,3,0.95,,10,,,voltarget,0.35,1.0,0.0,1.0,1.0,0.19674439850789582,-0.4666177099432387,0.7384586127414868,0.42163937269296664,0.27805025456471655,-0.3223409236891366,0.8691652612667283,0.8625968163845877,0.23032002088514703,-0.4666177099432387,0.7978373317676526,0.4935946835647625,11.5711377516399,0.3016442832135107,0.25672924677674736,0.5824474100882153,0.16082334313503732
v2vol,150,0.0,60,0.96,60,0.0,20,,,,False,sym,3,0.95,,10,,,voltarget,0.4,1.0,0.0,1.0,1.0,0.20492551895662459,-0.48218232481369283,0.7338026120296496,0.42499591629743866,0.294438443561718,-0.36945717707974546,0.8541200427009514,0.7969487719497325,0.2414795020350191,-0.48218232481369283,0.7893756167282838,0.5008053792272928,11.058131644424337,0.3262857916534439,0.2284551006559602,0.6107215562090025,0.16082334313503732
v2vol,150,0.0,60,0.96,60,0.0,20,,,,False,sym,3,0.95,,10,,,voltarget,0.5,1.0,0.0,1.0,1.0,0.21532672822765475,-0.5113304625781752,0.7315015331231802,0.4211106984355237,0.3150997016292234,-0.4339908408457973,0.8274855788456222,0.7260515014905177,0.2555907110450051,-0.5113304625781752,0.7771309935974802,0.49985426206819994,10.032119429993214,0.3621050909762914,0.20809771544899344,0.6310789414159692,0.16082334313503732
v2vol,150,0.0,60,0.96,60,0.0,20,,,,False,sym,3,0.95,,10,,,voltarget,0.6,1.0,0.0,1.0,1.0,0.22112012077058174,-0.5112333154136517,0.7338925079737746,0.4325229090198629,0.3291865767802351,-0.47486923778238543,0.8182867829899606,0.6932152066061791,0.2643616968883542,-0.5112333154136517,0.7737356255006071,0.5171057693578763,10.08912010857272,0.38280949692728933,0.20538339742139788,0.6337932594435648,0.16082334313503732
v2vol,150,0.0,60,0.96,60,0.0,20,,,,False,sym,3,,,10,,,voltarget,0.25,1.0,0.0,1.0,1.0,0.1801707265752961,-0.4051300787374639,0.791722012623403,0.44472315444159355,0.1931647718775007,-0.28610114846089896,0.7497205396484993,0.6751625182794407,0.18849498111583474,-0.4051300787374639,0.7877481148227388,0.4652702699914439,15.105179823569328,0.24010448984557148,0.3985523637186157,0.42546935082560505,0.17597828545577923
v2vol,150,0.0,60,0.96,60,0.0,20,,,,False,sym,3,,,10,,,voltarget,0.3,1.0,0.0,1.0,1.0,0.19462529720184918,-0.45786141792346247,0.7698369291738397,0.4250746832623127,0.2163796284370061,-0.34756535690832313,0.7461745025238351,0.6225581006166856,0.20643482177497186,-0.45786141792346247,0.7716152188335489,0.45086747582099207,12.255145894593984,0.2770978248529236,0.29043202895272563,0.532006333408731,0.17756163763854332
v2vol,150,0.0,60,0.96,60,0.0,20,,,,False,sym,3,,,10,,,voltarget,0.35,1.0,0.0,1.0,1.0,0.2032263293179597,-0.491876172265161,0.7503585564353668,0.4131656314679221,0.23811363813799113,-0.4011091976945581,0.7488011941099268,0.5936379407567538,0.21992125891221637,-0.491876172265161,0.7593043328659695,0.44710695763010255,10.773128251526803,0.3085648350274069,0.23003845283872426,0.591268943677901,0.1786926034833748
v2vol,150,0.0,60,0.96,60,0.0,20,,,,False,sym,3,,,10,,,voltarget,0.4,1.0,0.0,1.0,1.0,0.21230382882057408,-0.5100711587729783,0.7467276564898083,0.41622394281474356,0.2502793897912776,-0.44347030725063663,0.7372960922282075,0.5643656084731439,0.2301647317256783,-0.5100711587729783,0.7514736820637286,0.45124043531369257,10.203121465731735,0.33394222822827313,0.20153811354897083,0.6197692829676543,0.1786926034833748
v2vol,150,0.0,60,0.96,60,0.0,20,,,,False,sym,3,,,10,,,voltarget,0.5,1.0,0.0,1.0,1.0,0.22466564651405552,-0.5440127310692248,0.7468173453363978,0.41297865598198136,0.26581210396208155,-0.5040949040782476,0.7197040128071781,0.5273056756011585,0.2437320294850145,-0.5440127310692248,0.7417790768085497,0.4480263338800429,8.949106536982583,0.37100835066919957,0.17778783080750962,0.6435195657091156,0.1786926034833748
v2vol,150,0.0,60,0.96,60,0.0,20,,,,False,sym,3,,,10,,,voltarget,0.6,1.0,0.0,1.0,1.0,0.23205099809146268,-0.5483988618938201,0.7516740384785937,0.4231427419271193,0.2761530498420264,-0.5433146118105032,0.7143958179894577,0.5082746604619991,0.2522263537009761,-0.5483988618938201,0.7397308015407573,0.45993230698901716,8.949106536982583,0.3924638155697056,0.17462112644198144,0.6466862700746437,0.1786926034833748
v2vol,150,0.0,60,0.96,60,0.0,20,,,,False,sym,5,0.9,,10,,,voltarget,0.25,1.0,0.0,1.0,1.0,0.18846571243614618,-0.38313332734982763,0.8292893677777232,0.4919063390798779,0.23232142626716135,-0.22844874478671506,0.9173755206191919,1.01695208036298,0.20821777520839269,-0.38313332734982763,0.872769747197651,0.5434603579089721,11.058131644424337,0.233890981166338,0.43677900927391994,0.42637412350147025,0.13684686722460981
v2vol,150,0.0,60,0.96,60,0.0,20,,,,False,sym,5,0.9,,10,,,voltarget,0.3,1.0,0.0,1.0,1.0,0.20561664943223534,-0.4264727388879942,0.8092822169615091,0.48213316041810833,0.26434937565807615,-0.2557835327163651,0.9124262840019113,1.0334886411597481,0.23104780525070456,-0.4264727388879942,0.8581724812766426,0.5417645354147369,9.291110608459624,0.2706183598013071,0.33793259443564805,0.5243157656638769,0.137751639900475
v2vol,150,0.0,60,0.96,60,0.0,20,,,,False,sym,5,0.9,,10,,,voltarget,0.35,1.0,0.0,1.0,1.0,0.21715780163499532,-0.44717662348170184,0.7931609902430011,0.4856197534303384,0.29264134412860443,-0.2823353515873007,0.9082461284343082,1.0365026642372732,0.24870679142480667,-0.44717662348170184,0.8464153763659832,0.5561712718531308,8.379099751187514,0.3019880518179346,0.2825152680389052,0.5792807057226872,0.1382040262384076
v2vol,150,0.0,60,0.96,60,0.0,20,,,,False,sym,5,0.9,,10,,,voltarget,0.4,1.0,0.0,1.0,1.0,0.22950483756889373,-0.4694926868239301,0.7950675314283894,0.4888358093956062,0.309373417113991,-0.30811188082450836,0.8883488785759183,1.0040944097517654,0.26267999200284353,-0.4694926868239301,0.8400233770741203,0.5594975158821892,7.923094322551458,0.32708858507953636,0.25763401945261255,0.6041619543089799,0.1382040262384076
v2vol,150,0.0,60,0.96,60,0.0,20,,,,False,sym,5,0.9,,10,,,voltarget,0.5,1.0,0.0,1.0,1.0,0.24396272109152095,-0.5267723997127639,0.7972514341879033,0.4631273795372496,0.33211952539577516,-0.3574082469286044,0.8584039752525742,0.9292441577659486,0.28017319615250913,-0.5267723997127639,0.8285263844688194,0.5318676458851692,6.726080072381814,0.3637920832844244,0.23999095227324135,0.621805021488351,0.1382040262384076
v2vol,150,0.0,60,0.96,60,0.0,20,,,,False,sym,5,0.9,,10,,,voltarget,0.6,1.0,0.0,1.0,1.0,0.2528451799368425,-0.5570775475135734,0.8026346141864761,0.4538778865983319,0.3535342024550978,-0.40380854071601446,0.8584535517589119,0.8754995667704983,0.2935792501351113,-0.5570775475135734,0.8301711216305596,0.5269988917080851,6.669079393802307,0.3855954741856789,0.23795521375254466,0.6238407600090478,0.1382040262384076
v2vol,150,0.0,60,0.96,60,0.0,20,,,,False,sym,5,0.95,,10,,,voltarget,0.25,1.0,0.0,1.0,1.0,0.17976086057683638,-0.3757417902678004,0.7895514810387444,0.4784159367759343,0.21860456970091535,-0.24659119949485386,0.8616063486025459,0.8865059667527893,0.19764661467485145,-0.3757417902678004,0.8269852930938062,0.5260171207838868,11.457136394480885,0.2371250798957348,0.42501696448767246,0.42999321420493103,0.14498982130739652
v2vol,150,0.0,60,0.96,60,0.0,20,,,,False,sym,5,0.95,,10,,,voltarget,0.3,1.0,0.0,1.0,1.0,0.1941844752704316,-0.4160776754007667,0.7658429839436354,0.4667024614656213,0.24747729143561803,-0.2769840757476316,0.8561127667306293,0.8934711887953513,0.21759466187855026,-0.4160776754007667,0.8097103988031492,0.5229664429098791,9.576114001357158,0.2745668449842003,0.32028952725627685,0.5338158787604614,0.1458945939832617
v2vol,150,0.0,60,0.96,60,0.0,20,,,,False,sym,5,0.95,,10,,,voltarget,0.35,1.0,0.0,1.0,1.0,0.20258447680114222,-0.4675667822545515,0.7447869863012535,0.4332738861907682,0.2740247346884932,-0.30641033814928165,0.8552979798037404,0.8943064269423888,0.23262089490603732,-0.4675667822545515,0.7960054892067371,0.4975137322295801,8.550101786926035,0.3065756202643703,0.26283646233883734,0.5908165573399683,0.1463469803211943
v2vol,150,0.0,60,0.96,60,0.0,20,,,,False,sym,5,0.95,,10,,,voltarget,0.4,1.0,0.0,1.0,1.0,0.2116732135092887,-0.5097981371798999,0.7406937535914452,0.41520986067195553,0.2896680249910579,-0.33488129719409854,0.8388285184599795,0.8649871683433106,0.24410922386320744,-0.5097981371798999,0.7872873415966766,0.47883506443073776,8.037095679710472,0.33241532169233606,0.2361456684008143,0.6175073512779914,0.1463469803211943
v2vol,150,0.0,60,0.96,60,0.0,20,,,,False,sym,5,0.95,,10,,,voltarget,0.5,1.0,0.0,1.0,1.0,0.22047100602534297,-0.5720422132158597,0.7316772096604606,0.3854103786955114,0.309747734449642,-0.3890410667280467,0.8116128827674938,0.7961826165415243,0.2569975953089614,-0.5720422132158597,0.7707030137446517,0.44926333996261136,6.840081429540827,0.37070381418946463,0.21601447636281385,0.6376385433159919,0.1463469803211943
v2vol,150,0.0,60,0.96,60,0.0,20,,,,False,sym,5,0.95,,10,,,voltarget,0.6,1.0,0.0,1.0,1.0,0.2284005579196451,-0.6058503570866318,0.7359165342650629,0.3769917030633781,0.32833319435034536,-0.439630193280785,0.810963636455008,0.7468395014003145,0.2687714588501189,-0.6058503570866318,0.7720091105435866,0.44362680603601046,6.783080750961321,0.393698632232147,0.21397873784211716,0.6396742818366885,0.1463469803211943
v2vol,150,0.0,60,0.96,60,0.0,20,,,,False,sym,5,,,10,,,voltarget,0.25,1.0,0.0,1.0,1.0,0.18485057982925812,-0.38423535946792453,0.7990140128399976,0.48108685282175134,0.18576452606898752,-0.2600060153099478,0.7210959084681849,0.7144624167542487,0.18867521026656298,-0.38423535946792453,0.7817824142239449,0.491040727037287,11.5711377516399,0.24303156829103173,0.409409635828998,0.43270753223252656,0.15788283193847547
v2vol,150,0.0,60,0.96,60,0.0,20,,,,False,sym,5,,,10,,,voltarget,0.3,1.0,0.0,1.0,1.0,0.19969752461477475,-0.42708309804905875,0.7748492815180296,0.46758470547536307,0.20786363280750852,-0.3049917979122446,0.7172640303001975,0.6815384355592317,0.2064659797037125,-0.42708309804905875,0.7638738995357776,0.4834328041705736,9.291110608459624,0.28158089454606233,0.29902736937344493,0.5415064465053155,0.15946618412123953
v2vol,150,0.0,60,0.96,60,0.0,20,,,,False,sym,5,,,10,,,voltarget,0.35,1.0,0.0,1.0,1.0,0.20763612543777543,-0.4675667822545516,0.7512889335793244,0.4440780083576054,0.22706492231629416,-0.3422516139596541,0.7157244732825297,0.6634444164902066,0.21862746758652696,-0.4675667822545516,0.7471860116607989,0.46758554260918883,7.809092965392445,0.31473266050174376,0.23953856593530876,0.6003166704365528,0.16014476362813843
v2vol,150,0.0,60,0.96,60,0.0,20,,,,False,sym,5,,,10,,,voltarget,0.4,1.0,0.0,1.0,1.0,0.21610403203754225,-0.5097981371798994,0.7444481619408163,0.4239011802455502,0.23610433236334338,-0.3715209916102158,0.6994970794930366,0.6355073809962645,0.22733405428233588,-0.5097981371798994,0.7353600367850113,0.4459295507431668,7.2390861795973755,0.34172780945769676,0.2121691924903868,0.6276860438814748,0.16014476362813843
v2vol,150,0.0,60,0.96,60,0.0,20,,,,False,sym,5,,,10,,,voltarget,0.5,1.0,0.0,1.0,1.0,0.22350610865454712,-0.57204221321586,0.7304010989258783,0.39071611061368844,0.24727998389143924,-0.4059669892773883,0.677716683064496,0.6091135250469301,0.2361589655169698,-0.57204221321586,0.7152432570995991,0.4128348573951399,5.757068536530197,0.38219993212798464,0.18570459172133003,0.653698258312599,0.16059714996607102
v2vol,150,0.0,60,0.96,60,0.0,20,,,,False,sym,5,,,10,,,voltarget,0.6,1.0,0.0,1.0,1.0,0.22837724251605906,-0.6058503570866317,0.7268985905695518,0.3769532192970268,0.25790036430944996,-0.425613259614091,0.6761076066938772,0.6059500226644525,0.24317290642500877,-0.6058503570866317,0.7099648470426365,0.4013745367657463,5.643067179371183,0.4070050768440933,0.18231169418683557,0.6570911558470934,0.16059714996607102
