kind,trend_n,trend_buffer,prox_n,prox_thr,mom_n,mom_thr,vol_n,vol_max,abs_vol_max,vix_max,require_slope,confirm_style,confirm_up,cb_vol_pct,cb_drop,cb_drop_n,cb_vix,crash_mom_thr,er_n,er_min,er_cash,rsi_n,rsi_max,macd_pos,sizing,target_vol,max_leverage,min_weight,tecl_w,xlk_w,IS_CAGR,IS_maxDD,IS_Sharpe,IS_Calmar,OOS_CAGR,OOS_maxDD,OOS_Sharpe,OOS_Calmar,ALL_CAGR,ALL_maxDD,ALL_Sharpe,ALL_Calmar,trades_per_yr,vol,pct_BIL,pct_TECL,pct_XLK
v2vol,100,0.0,60,0.96,60,0.0,20,0.7,,,True,sym,5,0.9,,10,,,10,,,14,,False,fixed,,1.0,0.0,0.85,1.0,0.2853875464712572,-0.3101313941521374,0.9970125828459794,0.9202149535730589,0.3721435481338986,-0.27580103521891386,0.9926453683681263,1.349318895190201,0.3206488071943583,-0.3101313941521374,0.9981993795300241,1.0339127648491513,8.09409635828998,0.3166407099688601,0.27437231395611855,0.5344944582673603,0.19113322777652114
v2vol,100,0.0,60,0.96,60,0.0,20,0.7,,,True,sym,5,0.9,,10,,,10,,,14,,False,fixed,,1.0,0.0,1.0,1.0,0.3264286683765949,-0.3648787136215276,0.9926601983119125,0.8946223942106549,0.4145471913534948,-0.3219772104790779,0.9833903115309884,1.2875047607769499,0.36292322923005216,-0.3648787136215276,0.9921926471994715,0.9946407276761456,8.09409635828998,0.36838664881976957,0.27437231395611855,0.5344944582673603,0.19113322777652114
v2vol,100,0.0,60,0.96,60,0.0,20,0.7,,,True,sym,5,0.9,,10,,,10,,,14,,True,fixed,,1.0,0.0,0.85,1.0,0.18259668223637693,-0.2913824046958503,0.8643587271014578,0.6266565149222868,0.30296299101912383,-0.27580103521891386,0.9906987894096374,1.0984838790711953,0.229485775091834,-0.2913824046958503,0.9223082952167859,0.7875759530894633,12.255145894593984,0.24258968225956276,0.27437231395611855,0.2834200407147704,0.44220764532911105
v2vol,100,0.0,60,0.96,60,0.0,20,0.7,,,True,sym,5,0.9,,10,,,10,,,14,,True,fixed,,1.0,0.0,1.0,1.0,0.19717446606785183,-0.3406506406204617,0.8388871857452125,0.5788172472205481,0.3287382411566895,-0.31639288334518023,0.9736396967948223,1.0390190755271844,0.24862342161555762,-0.3406506406204617,0.9011510169560112,0.7298486835742168,12.255145894593984,0.2748355276887599,0.27437231395611855,0.2834200407147704,0.44220764532911105
v2vol,100,0.0,60,0.96,60,0.0,20,0.7,,,True,sym,5,0.9,,10,,,10,,,14,75.0,False,fixed,,1.0,0.0,0.85,1.0,0.28610280099615615,-0.3110780502124736,1.0133743536766753,0.9197138814543206,0.40354086367505126,-0.27351063400154874,1.0852752826986496,1.4754119712682405,0.3323316368676552,-0.3110780502124736,1.0474061710697897,1.0683223603872563,8.892105858403076,0.30732448427269543,0.27437231395611855,0.5084822438362362,0.21714544220764534
v2vol,100,0.0,60,0.96,60,0.0,20,0.7,,,True,sym,5,0.9,,10,,,10,,,14,75.0,False,fixed,,1.0,0.0,1.0,1.0,0.32805213691309887,-0.3660230995238736,1.0105435344877096,0.8962607478594447,0.45767367982648666,-0.3219772104790781,1.0849982012548922,1.4214474345730939,0.3793697247178791,-0.3660230995238736,1.04596964277106,1.0364638876927903,8.892105858403076,0.3567486059915418,0.27437231395611855,0.5084822438362362,0.21714544220764534
v2vol,100,0.0,60,0.96,60,0.0,20,0.7,,,True,sym,5,0.9,,10,,,10,,,14,75.0,True,fixed,,1.0,0.0,0.85,1.0,0.180920362138822,-0.2913824046958504,0.8802284982538732,0.6209035247947438,0.32956571138726076,-0.2274885458232676,1.1349129257222978,1.4487134294809523,0.2377124771187722,-0.2913824046958504,0.9935860912536364,0.8158093051874572,11.457136394480885,0.22845561881033996,0.27437231395611855,0.24836009952499435,0.4772675865188871
v2vol,100,0.0,60,0.96,60,0.0,20,0.7,,,True,sym,5,0.9,,10,,,10,,,14,75.0,True,fixed,,1.0,0.0,1.0,1.0,0.1948966349880199,-0.34065064062046224,0.854277206642363,0.5721305400542752,0.36472300391187473,-0.2390820697331545,1.137503232509519,1.5255138301209759,0.2596582356150632,-0.34065064062046224,0.9798818590430136,0.7622420293768443,11.457136394480885,0.2566333575894791,0.27437231395611855,0.24836009952499435,0.4772675865188871
v2vol,100,0.0,60,0.96,60,0.0,20,0.7,,,True,sym,5,0.9,,10,,,10,,,14,85.0,False,fixed,,1.0,0.0,0.85,1.0,0.2853875464712572,-0.3101313941521374,0.9970125828459794,0.9202149535730589,0.3721435481338986,-0.27580103521891386,0.9926453683681263,1.349318895190201,0.3206488071943583,-0.3101313941521374,0.9981993795300241,1.0339127648491513,8.09409635828998,0.3166407099688601,0.27437231395611855,0.5344944582673603,0.19113322777652114
v2vol,100,0.0,60,0.96,60,0.0,20,0.7,,,True,sym,5,0.9,,10,,,10,,,14,85.0,False,fixed,,1.0,0.0,1.0,1.0,0.3264286683765949,-0.3648787136215276,0.9926601983119125,0.8946223942106549,0.4145471913534948,-0.3219772104790779,0.9833903115309884,1.2875047607769499,0.36292322923005216,-0.3648787136215276,0.9921926471994715,0.9946407276761456,8.09409635828998,0.36838664881976957,0.27437231395611855,0.5344944582673603,0.19113322777652114
v2vol,100,0.0,60,0.96,60,0.0,20,0.7,,,True,sym,5,0.9,,10,,,10,,,14,85.0,True,fixed,,1.0,0.0,0.85,1.0,0.18259668223637693,-0.2913824046958503,0.8643587271014578,0.6266565149222868,0.30296299101912383,-0.27580103521891386,0.9906987894096374,1.0984838790711953,0.229485775091834,-0.2913824046958503,0.9223082952167859,0.7875759530894633,12.255145894593984,0.24258968225956276,0.27437231395611855,0.2834200407147704,0.44220764532911105
v2vol,100,0.0,60,0.96,60,0.0,20,0.7,,,True,sym,5,0.9,,10,,,10,,,14,85.0,True,fixed,,1.0,0.0,1.0,1.0,0.19717446606785183,-0.3406506406204617,0.8388871857452125,0.5788172472205481,0.3287382411566895,-0.31639288334518023,0.9736396967948223,1.0390190755271844,0.24862342161555762,-0.3406506406204617,0.9011510169560112,0.7298486835742168,12.255145894593984,0.2748355276887599,0.27437231395611855,0.2834200407147704,0.44220764532911105
v2vol,100,0.0,60,0.96,60,0.0,20,0.7,,,True,sym,5,0.9,,10,,,10,,0.15,14,,False,fixed,,1.0,0.0,0.85,1.0,0.1969573791381296,-0.312430963588886,0.7803544563730895,0.630402879649589,0.46131084748907636,-0.27306537400193953,1.255104566787732,1.6893787766946964,0.2930924616344859,-0.312430963588886,0.9818312215640289,0.9381031197028,9.063107894141597,0.2930269023464559,0.3892784437909975,0.4582673603257182,0.15245419588328432
v2vol,100,0.0,60,0.96,60,0.0,20,0.7,,,True,sym,5,0.9,,10,,,10,,0.15,14,,False,fixed,,1.0,0.0,1.0,1.0,0.21967797291669577,-0.36140950540962336,0.7704024614239026,0.6078367326496066,0.5267248689828905,-0.3166477716339211,1.2461146855256773,1.6634409465917264,0.3306052073470176,-0.36140950540962336,0.9720685635055941,0.9147662205848958,9.063107894141597,0.3412996469172685,0.3892784437909975,0.4582673603257182,0.15245419588328432
v2vol,100,0.0,60,0.96,60,0.0,20,0.7,,,True,sym,5,0.9,,10,,,10,,0.15,14,,True,fixed,,1.0,0.0,0.85,1.0,0.16070666087317975,-0.32263806418942653,0.7135129721768873,0.4981019870576276,0.38255952063856524,-0.2730653740019394,1.1859412373437868,1.4009814391034732,0.242429376094508,-0.32263806418942653,0.9138280969760861,0.7513973179313814,11.058131644424337,0.2615446373006995,0.38769509160823346,0.35376611626328885,0.25853879212847775
v2vol,100,0.0,60,0.96,60,0.0,20,0.7,,,True,sym,5,0.9,,10,,,10,,0.15,14,,True,fixed,,1.0,0.0,1.0,1.0,0.17440358840023773,-0.374569459339435,0.6940249590791037,0.46561080742622196,0.4268823048505692,-0.3166477716339211,1.1686884371626802,1.348129824656057,0.26701388874198884,-0.374569459339435,0.8948459135173492,0.7128554720208001,11.058131644424337,0.30183954599663215,0.38769509160823346,0.35376611626328885,0.25853879212847775
v2vol,100,0.0,60,0.96,60,0.0,20,0.7,,,True,sym,5,0.9,,10,,,10,,0.15,14,75.0,False,fixed,,1.0,0.0,0.85,1.0,0.20492976686643405,-0.312430963588886,0.8323174776731618,0.6559201575682877,0.47378593601964725,-0.2274641430541089,1.3403532639618676,2.082903835559452,0.3026118279784573,-0.312430963588886,1.0469381911968798,0.9685718230432844,9.348111287039131,0.277485660866017,0.3892784437909975,0.4184573625876499,0.19226419362135264
v2vol,100,0.0,60,0.96,60,0.0,20,0.7,,,True,sym,5,0.9,,10,,,10,,0.15,14,75.0,False,fixed,,1.0,0.0,1.0,1.0,0.23095902158568204,-0.36140950540962336,0.8260734361794329,0.6390507668687683,0.5448734312000645,-0.26459962592984254,1.337690618044412,2.0592373450464945,0.34422362689495034,-0.36140950540962336,1.0418097255349916,0.9524476300223635,9.348111287039131,0.32189148671453677,0.3892784437909975,0.4184573625876499,0.19226419362135264
v2vol,100,0.0,60,0.96,60,0.0,20,0.7,,,True,sym,5,0.9,,10,,,10,,0.15,14,75.0,True,fixed,,1.0,0.0,0.85,1.0,0.1584126500718177,-0.3226380641894282,0.7241377629147169,0.4909918191760846,0.37310451355005037,-0.1804785625869726,1.2437306633451695,2.067306544345129,0.2377116206957175,-0.3226380641894282,0.9393847451041314,0.7367748789744522,10.716127572947297,0.2461035674977667,0.38746889843926713,0.3123727663424565,0.3001583352182764
v2vol,100,0.0,60,0.96,60,0.0,20,0.7,,,True,sym,5,0.9,,10,,,10,,0.15,14,75.0,True,fixed,,1.0,0.0,1.0,1.0,0.17154200564434352,-0.3745694593394351,0.7031479724632095,0.4579711489208522,0.41804207768459967,-0.21546462430606428,1.236178283179611,1.9401889244276924,0.26214384905975563,-0.3745694593394351,0.922378578763158,0.6998537721736697,10.716127572947297,0.2822876403383542,0.38746889843926713,0.3123727663424565,0.3001583352182764
v2vol,100,0.0,60,0.96,60,0.0,20,0.7,,,True,sym,5,0.9,,10,,,10,,0.15,14,85.0,False,fixed,,1.0,0.0,0.85,1.0,0.1969573791381296,-0.312430963588886,0.7803544563730895,0.630402879649589,0.46131084748907636,-0.27306537400193953,1.255104566787732,1.6893787766946964,0.2930924616344859,-0.312430963588886,0.9818312215640289,0.9381031197028,9.063107894141597,0.2930269023464559,0.3892784437909975,0.4582673603257182,0.15245419588328432
v2vol,100,0.0,60,0.96,60,0.0,20,0.7,,,True,sym,5,0.9,,10,,,10,,0.15,14,85.0,False,fixed,,1.0,0.0,1.0,1.0,0.21967797291669577,-0.36140950540962336,0.7704024614239026,0.6078367326496066,0.5267248689828905,-0.3166477716339211,1.2461146855256773,1.6634409465917264,0.3306052073470176,-0.36140950540962336,0.9720685635055941,0.9147662205848958,9.063107894141597,0.3412996469172685,0.3892784437909975,0.4582673603257182,0.15245419588328432
v2vol,100,0.0,60,0.96,60,0.0,20,0.7,,,True,sym,5,0.9,,10,,,10,,0.15,14,85.0,True,fixed,,1.0,0.0,0.85,1.0,0.16070666087317975,-0.32263806418942653,0.7135129721768873,0.4981019870576276,0.38255952063856524,-0.2730653740019394,1.1859412373437868,1.4009814391034732,0.242429376094508,-0.32263806418942653,0.9138280969760861,0.7513973179313814,11.058131644424337,0.2615446373006995,0.38769509160823346,0.35376611626328885,0.25853879212847775
v2vol,100,0.0,60,0.96,60,0.0,20,0.7,,,True,sym,5,0.9,,10,,,10,,0.15,14,85.0,True,fixed,,1.0,0.0,1.0,1.0,0.17440358840023773,-0.374569459339435,0.6940249590791037,0.46561080742622196,0.4268823048505692,-0.3166477716339211,1.1686884371626802,1.348129824656057,0.26701388874198884,-0.374569459339435,0.8948459135173492,0.7128554720208001,11.058131644424337,0.30183954599663215,0.38769509160823346,0.35376611626328885,0.25853879212847775
v2vol,100,0.0,60,0.96,60,0.0,20,0.7,,,True,sym,5,0.9,,10,,,10,,0.25,14,,False,fixed,,1.0,0.0,0.85,1.0,0.10484288983100076,-0.2711677170000465,0.5620634707524347,0.38663485089924177,0.18765723787433308,-0.3122702116254962,0.6480555540576205,0.6009450497935721,0.13811165385832336,-0.3122702116254964,0.6039356427073459,0.44228251276160707,10.887129608685818,0.24240518778259418,0.5582447410088215,0.3191585614114454,0.12259669757973309
v2vol,100,0.0,60,0.96,60,0.0,20,0.7,,,True,sym,5,0.9,,10,,,10,,0.25,14,,False,fixed,,1.0,0.0,1.0,1.0,0.11241353954245259,-0.31076605665569124,0.5438300899815189,0.3617304307690191,0.20588086910714853,-0.3647813116940102,0.6469729435618462,0.5643953308656551,0.15003259626310794,-0.36478131169400885,0.5936550799837756,0.41129463449311915,10.887129608685818,0.28171138874225937,0.5582447410088215,0.3191585614114454,0.12259669757973309
v2vol,100,0.0,60,0.96,60,0.0,20,0.7,,,True,sym,5,0.9,,10,,,10,,0.25,14,,True,fixed,,1.0,0.0,0.85,1.0,0.09433529043220057,-0.2573908030954226,0.5308074403129133,0.3665060650874445,0.18130885959468435,-0.3122702116254962,0.6381448157768075,0.5806152903631007,0.12905776906533317,-0.3122702116254966,0.5825279202405585,0.4132887616578401,11.40013571590138,0.23427660702236525,0.5553042298122597,0.28997964261479303,0.1547161275729473
v2vol,100,0.0,60,0.96,60,0.0,20,0.7,,,True,sym,5,0.9,,10,,,10,,0.25,14,,True,fixed,,1.0,0.0,1.0,1.0,0.0985337098410679,-0.29957395501204087,0.5051333404555617,0.32891280497701314,0.1991119127273675,-0.3647813116940102,0.6383169348283761,0.5458391270175286,0.1386284380289593,-0.36478131169400774,0.5689362168331588,0.38003163425555647,11.40013571590138,0.2714436749049889,0.5553042298122597,0.28997964261479303,0.1547161275729473
v2vol,100,0.0,60,0.96,60,0.0,20,0.7,,,True,sym,5,0.9,,10,,,10,,0.25,14,75.0,False,fixed,,1.0,0.0,0.85,1.0,0.11230036462802029,-0.2711677170000457,0.6425295056846722,0.4141361880035349,0.18977308706106566,-0.24777559178277653,0.6972727387942128,0.7659071085074379,0.14367622762456156,-0.2711677170000457,0.6703138460655511,0.5298426715910926,10.944130287265324,0.21675884842948953,0.5636733770640127,0.26441981452160146,0.17190680841438588
v2vol,100,0.0,60,0.96,60,0.0,20,0.7,,,True,sym,5,0.9,,10,,,10,,0.25,14,75.0,False,fixed,,1.0,0.0,1.0,1.0,0.12242726423540251,-0.31076605665569046,0.6274117239659754,0.39395314132085,0.21087135464839157,-0.29675039994703534,0.7006547454245906,0.7106017538174451,0.15829058735887247,-0.31076605665569046,0.6637710447481666,0.5093561023437274,10.944130287265324,0.24966849975188216,0.5636733770640127,0.26441981452160146,0.17190680841438588
v2vol,100,0.0,60,0.96,60,0.0,20,0.7,,,True,sym,5,0.9,,10,,,10,,0.25,14,75.0,True,fixed,,1.0,0.0,0.85,1.0,0.1114716004188705,-0.2339266349931569,0.6451201668620455,0.47652376319665946,0.16924211730657923,-0.2300114628264608,0.6434886218069511,0.7357986216289975,0.13572679195782378,-0.2339266349931569,0.6490576789581298,0.5802109364835442,11.229133680162859,0.21128238960070306,0.5614114453743497,0.23908617959737616,0.19950237502827414
v2vol,100,0.0,60,0.96,60,0.0,20,0.7,,,True,sym,5,0.9,,10,,,10,,0.25,14,75.0,True,fixed,,1.0,0.0,1.0,1.0,0.12081060921878284,-0.2678289681287471,0.6274980078229193,0.45107372090052783,0.1873153838463022,-0.2694414359361421,0.6485451600750128,0.6951988776169383,0.1487765049890144,-0.2694414359361418,0.6418851181375531,0.5521663899693392,11.229133680162859,0.24257833272820023,0.5614114453743497,0.23908617959737616,0.19950237502827414
v2vol,100,0.0,60,0.96,60,0.0,20,0.7,,,True,sym,5,0.9,,10,,,10,,0.25,14,85.0,False,fixed,,1.0,0.0,0.85,1.0,0.10484288983100076,-0.2711677170000465,0.5620634707524347,0.38663485089924177,0.18765723787433308,-0.3122702116254962,0.6480555540576205,0.6009450497935721,0.13811165385832336,-0.3122702116254964,0.6039356427073459,0.44228251276160707,10.887129608685818,0.24240518778259418,0.5582447410088215,0.3191585614114454,0.12259669757973309
v2vol,100,0.0,60,0.96,60,0.0,20,0.7,,,True,sym,5,0.9,,10,,,10,,0.25,14,85.0,False,fixed,,1.0,0.0,1.0,1.0,0.11241353954245259,-0.31076605665569124,0.5438300899815189,0.3617304307690191,0.20588086910714853,-0.3647813116940102,0.6469729435618462,0.5643953308656551,0.15003259626310794,-0.36478131169400885,0.5936550799837756,0.41129463449311915,10.887129608685818,0.28171138874225937,0.5582447410088215,0.3191585614114454,0.12259669757973309
v2vol,100,0.0,60,0.96,60,0.0,20,0.7,,,True,sym,5,0.9,,10,,,10,,0.25,14,85.0,True,fixed,,1.0,0.0,0.85,1.0,0.09433529043220057,-0.2573908030954226,0.5308074403129133,0.3665060650874445,0.18130885959468435,-0.3122702116254962,0.6381448157768075,0.5806152903631007,0.12905776906533317,-0.3122702116254966,0.5825279202405585,0.4132887616578401,11.40013571590138,0.23427660702236525,0.5553042298122597,0.28997964261479303,0.1547161275729473
v2vol,100,0.0,60,0.96,60,0.0,20,0.7,,,True,sym,5,0.9,,10,,,10,,0.25,14,85.0,True,fixed,,1.0,0.0,1.0,1.0,0.0985337098410679,-0.29957395501204087,0.5051333404555617,0.32891280497701314,0.1991119127273675,-0.3647813116940102,0.6383169348283761,0.5458391270175286,0.1386284380289593,-0.36478131169400774,0.5689362168331588,0.38003163425555647,11.40013571590138,0.2714436749049889,0.5553042298122597,0.28997964261479303,0.1547161275729473
v2vol,100,0.0,60,0.96,60,0.0,20,0.7,,,True,sym,5,0.9,,10,,,10,0.2,,14,,False,fixed,,1.0,0.0,0.85,1.0,0.184364097468249,-0.31792163978128474,0.7911706068303395,0.5799042103427842,0.3280730017676947,-0.27641257234473793,1.009934187357523,1.1868960915371338,0.2394503766826006,-0.31792163978128474,0.8883800809681659,0.7531741999296786,10.08912010857272,0.2683616711318559,0.27437231395611855,0.35308753675638993,0.3725401492874915
v2vol,100,0.0,60,0.96,60,0.0,20,0.7,,,True,sym,5,0.9,,10,,,10,0.2,,14,,False,fixed,,1.0,0.0,1.0,1.0,0.19743364704553223,-0.34975248223014943,0.7607339139627888,0.5644953419247328,0.360584781204788,-0.3443101911052251,0.9970080315450511,1.0472672332100363,0.2599006827664738,-0.34975248223014943,0.8653893259966456,0.7430988941357964,10.08912010857272,0.3076725808063866,0.27437231395611855,0.35308753675638993,0.3725401492874915
v2vol,100,0.0,60,0.96,60,0.0,20,0.7,,,True,sym,5,0.9,,10,,,10,0.2,,14,,True,fixed,,1.0,0.0,0.85,1.0,0.16841246678660426,-0.2730718361994371,0.8762464056803839,0.616733197866677,0.2858741888518377,-0.27580103521891386,0.9663959328920999,1.036523262593733,0.21422355986923458,-0.27580103521891397,0.9159441779896217,0.7767322544645165,11.40013571590138,0.2264785363463709,0.27437231395611855,0.23094322551458946,0.494684460529292
v2vol,100,0.0,60,0.96,60,0.0,20,0.7,,,True,sym,5,0.9,,10,,,10,0.2,,14,,True,fixed,,1.0,0.0,1.0,1.0,0.17939300434165495,-0.2948060257663969,0.8485738529789664,0.6085119999677524,0.3067202517114471,-0.31639288334518023,0.9447922651883328,0.969428415925587,0.22927541788291728,-0.31639288334518034,0.8915771286510753,0.7246541561201327,11.40013571590138,0.2540498491622232,0.27437231395611855,0.23094322551458946,0.494684460529292
v2vol,100,0.0,60,0.96,60,0.0,20,0.7,,,True,sym,5,0.9,,10,,,10,0.2,,14,75.0,False,fixed,,1.0,0.0,0.85,1.0,0.17811650970217685,-0.3179216397812845,0.8060826153084161,0.5602528655322514,0.3422368359479855,-0.21643266343618683,1.0948880587446588,1.5812624144363072,0.24026249985405368,-0.3179216397812845,0.9329803876223921,0.7557286758439697,10.203121465731735,0.2514217976897949,0.27437231395611855,0.3101108346527935,0.415516851391088
v2vol,100,0.0,60,0.96,60,0.0,20,0.7,,,True,sym,5,0.9,,10,,,10,0.2,,14,75.0,False,fixed,,1.0,0.0,1.0,1.0,0.18971527051867332,-0.34975248223014854,0.7728689149873191,0.5424272311349444,0.3804528684401147,-0.2461660569007208,1.091978970719248,1.5455131110685663,0.2616299757481233,-0.34975248223014854,0.9123822121481742,0.7480432278275075,10.203121465731735,0.28616026309855447,0.27437231395611855,0.3101108346527935,0.415516851391088
v2vol,100,0.0,60,0.96,60,0.0,20,0.7,,,True,sym,5,0.9,,10,,,10,0.2,,14,75.0,True,fixed,,1.0,0.0,0.85,1.0,0.16556089582126599,-0.27307183619943753,0.8934973847858282,0.6062906307933891,0.3121280055069635,-0.20346551845260408,1.1177159109983121,1.5340584875548415,0.2215639139447816,-0.27307183619943753,0.9944584194180711,0.8113759259411973,10.602126215788283,0.21120541161344714,0.27437231395611855,0.1945261253110156,0.5311015607328659
v2vol,100,0.0,60,0.96,60,0.0,20,0.7,,,True,sym,5,0.9,,10,,,10,0.2,,14,75.0,True,fixed,,1.0,0.0,1.0,1.0,0.17557865601044575,-0.29480602576639725,0.8658444647348361,0.5955734980450276,0.3421087253692079,-0.2035923580994613,1.1180856757398565,1.6803613287001518,0.23910317184864782,-0.29480602576639725,0.9799198125785785,0.8110525259009187,10.602126215788283,0.23415438126308008,0.27437231395611855,0.1945261253110156,0.5311015607328659
v2vol,100,0.0,60,0.96,60,0.0,20,0.7,,,True,sym,5,0.9,,10,,,10,0.2,,14,85.0,False,fixed,,1.0,0.0,0.85,1.0,0.184364097468249,-0.31792163978128474,0.7911706068303395,0.5799042103427842,0.3280730017676947,-0.27641257234473793,1.009934187357523,1.1868960915371338,0.2394503766826006,-0.31792163978128474,0.8883800809681659,0.7531741999296786,10.08912010857272,0.2683616711318559,0.27437231395611855,0.35308753675638993,0.3725401492874915
v2vol,100,0.0,60,0.96,60,0.0,20,0.7,,,True,sym,5,0.9,,10,,,10,0.2,,14,85.0,False,fixed,,1.0,0.0,1.0,1.0,0.19743364704553223,-0.34975248223014943,0.7607339139627888,0.5644953419247328,0.360584781204788,-0.3443101911052251,0.9970080315450511,1.0472672332100363,0.2599006827664738,-0.34975248223014943,0.8653893259966456,0.7430988941357964,10.08912010857272,0.3076725808063866,0.27437231395611855,0.35308753675638993,0.3725401492874915
v2vol,100,0.0,60,0.96,60,0.0,20,0.7,,,True,sym,5,0.9,,10,,,10,0.2,,14,85.0,True,fixed,,1.0,0.0,0.85,1.0,0.16841246678660426,-0.2730718361994371,0.8762464056803839,0.616733197866677,0.2858741888518377,-0.27580103521891386,0.9663959328920999,1.036523262593733,0.21422355986923458,-0.27580103521891397,0.9159441779896217,0.7767322544645165,11.40013571590138,0.2264785363463709,0.27437231395611855,0.23094322551458946,0.494684460529292
v2vol,100,0.0,60,0.96,60,0.0,20,0.7,,,True,sym,5,0.9,,10,,,10,0.2,,14,85.0,True,fixed,,1.0,0.0,1.0,1.0,0.17939300434165495,-0.2948060257663969,0.8485738529789664,0.6085119999677524,0.3067202517114471,-0.31639288334518023,0.9447922651883328,0.969428415925587,0.22927541788291728,-0.31639288334518034,0.8915771286510753,0.7246541561201327,11.40013571590138,0.2540498491622232,0.27437231395611855,0.23094322551458946,0.494684460529292
v2vol,100,0.0,60,0.96,60,0.0,20,0.7,,,True,sym,5,0.9,,10,,,10,0.2,0.15,14,,False,fixed,,1.0,0.0,0.85,1.0,0.15899309087090652,-0.312430963588886,0.6787856380251646,0.5088903130616671,0.4496468147661681,-0.27306537400193953,1.2390545722401047,1.6466636109013746,0.26346781043361833,-0.312430963588886,0.91893871269941,0.8432832885933287,9.063107894141597,0.28549070106659313,0.404885772449672,0.42456457814973986,0.17054964940058812
v2vol,100,0.0,60,0.96,60,0.0,20,0.7,,,True,sym,5,0.9,,10,,,10,0.2,0.15,14,,False,fixed,,1.0,0.0,1.0,1.0,0.17211199939652788,-0.36140950540962324,0.6602416243962281,0.47622432952186833,0.5114134766156,-0.3166477716339211,1.228035308709279,1.615086295970682,0.29299216751922885,-0.36140950540962324,0.9034417335630738,0.810693031405331,9.063107894141597,0.3320488597523431,0.404885772449672,0.42456457814973986,0.17054964940058812
v2vol,100,0.0,60,0.96,60,0.0,20,0.7,,,True,sym,5,0.9,,10,,,10,0.2,0.15,14,,True,fixed,,1.0,0.0,0.85,1.0,0.15008366803566386,-0.28911262014796557,0.7012813704732203,0.5191183558810135,0.3807050964772676,-0.2730653740019394,1.1828008080106254,1.394190302848737,0.2346779998496955,-0.28911262014796557,0.909831072162439,0.8117182837940078,10.944130287265324,0.2535238121293548,0.40239764759104274,0.3250395838045691,0.27256276860438816
v2vol,100,0.0,60,0.96,60,0.0,20,0.7,,,True,sym,5,0.9,,10,,,10,0.2,0.15,14,,True,fixed,,1.0,0.0,1.0,1.0,0.16205884730529085,-0.33305877391510286,0.6803951396023497,0.486577325077765,0.4244654492182285,-0.3166477716339211,1.1651313075438623,1.340497193547145,0.2578613118278179,-0.33305877391510286,0.890328462696561,0.7742216450167655,10.944130287265324,0.2918673901949095,0.40239764759104274,0.3250395838045691,0.27256276860438816
v2vol,100,0.0,60,0.96,60,0.0,20,0.7,,,True,sym,5,0.9,,10,,,10,0.2,0.15,14,75.0,False,fixed,,1.0,0.0,0.85,1.0,0.16335692281104586,-0.312430963588886,0.7228185554644567,0.5228576608879265,0.4620223284245675,-0.2274641430541089,1.325035346414891,2.031187519145214,0.27047586058207096,-0.312430963588886,0.9812379707105264,0.8657140043839512,9.291110608459624,0.2679691079753604,0.404885772449672,0.37729020583578377,0.2178240217145442
v2vol,100,0.0,60,0.96,60,0.0,20,0.7,,,True,sym,5,0.9,,10,,,10,0.2,0.15,14,75.0,False,fixed,,1.0,0.0,1.0,1.0,0.17819702303331142,-0.36140950540962324,0.7048848456416769,0.4930612514779933,0.5293800284636148,-0.26459962592984254,1.3204109821766932,2.00068320808578,0.3029350495147085,-0.36140950540962324,0.9687678935083246,0.8382044328672553,9.291110608459624,0.3101418518739907,0.404885772449672,0.37729020583578377,0.2178240217145442
v2vol,100,0.0,60,0.96,60,0.0,20,0.7,,,True,sym,5,0.9,,10,,,10,0.2,0.15,14,75.0,True,fixed,,1.0,0.0,0.85,1.0,0.14781065242725933,-0.28911262014796557,0.713871976934147,0.5112563137216597,0.3712627713697654,-0.1804785625869726,1.2406317888278364,2.0571017745714477,0.22998967799282766,-0.28911262014796557,0.9380463598606057,0.7955020361100832,10.602126215788283,0.237560885237068,0.40217145442207647,0.2836462338837367,0.3141823116941868
v2vol,100,0.0,60,0.96,60,0.0,20,0.7,,,True,sym,5,0.9,,10,,,10,0.2,0.15,14,75.0,True,fixed,,1.0,0.0,1.0,1.0,0.15922734407111605,-0.33305877391510286,0.6915810027053267,0.4780758128644986,0.41564019564380583,-0.21546462430606428,1.232671386030448,1.9290414701830363,0.2530264520383738,-0.33305877391510286,0.9209754567151932,0.75970510869313,10.602126215788283,0.27159709769549023,0.40217145442207647,0.2836462338837367,0.3141823116941868
v2vol,100,0.0,60,0.96,60,0.0,20,0.7,,,True,sym,5,0.9,,10,,,10,0.2,0.15,14,85.0,False,fixed,,1.0,0.0,0.85,1.0,0.15899309087090652,-0.312430963588886,0.6787856380251646,0.5088903130616671,0.4496468147661681,-0.27306537400193953,1.2390545722401047,1.6466636109013746,0.26346781043361833,-0.312430963588886,0.91893871269941,0.8432832885933287,9.063107894141597,0.28549070106659313,0.404885772449672,0.42456457814973986,0.17054964940058812
v2vol,100,0.0,60,0.96,60,0.0,20,0.7,,,True,sym,5,0.9,,10,,,10,0.2,0.15,14,85.0,False,fixed,,1.0,0.0,1.0,1.0,0.17211199939652788,-0.36140950540962324,0.6602416243962281,0.47622432952186833,0.5114134766156,-0.3166477716339211,1.228035308709279,1.615086295970682,0.29299216751922885,-0.36140950540962324,0.9034417335630738,0.810693031405331,9.063107894141597,0.3320488597523431,0.404885772449672,0.42456457814973986,0.17054964940058812
v2vol,100,0.0,60,0.96,60,0.0,20,0.7,,,True,sym,5,0.9,,10,,,10,0.2,0.15,14,85.0,True,fixed,,1.0,0.0,0.85,1.0,0.15008366803566386,-0.28911262014796557,0.7012813704732203,0.5191183558810135,0.3807050964772676,-0.2730653740019394,1.1828008080106254,1.394190302848737,0.2346779998496955,-0.28911262014796557,0.909831072162439,0.8117182837940078,10.944130287265324,0.2535238121293548,0.40239764759104274,0.3250395838045691,0.27256276860438816
v2vol,100,0.0,60,0.96,60,0.0,20,0.7,,,True,sym,5,0.9,,10,,,10,0.2,0.15,14,85.0,True,fixed,,1.0,0.0,1.0,1.0,0.16205884730529085,-0.33305877391510286,0.6803951396023497,0.486577325077765,0.4244654492182285,-0.3166477716339211,1.1651313075438623,1.340497193547145,0.2578613118278179,-0.33305877391510286,0.890328462696561,0.7742216450167655,10.944130287265324,0.2918673901949095,0.40239764759104274,0.3250395838045691,0.27256276860438816
v2vol,100,0.0,60,0.96,60,0.0,20,0.7,,,True,sym,5,0.9,,10,,,10,0.2,0.25,14,,False,fixed,,1.0,0.0,0.85,1.0,0.10484288983100076,-0.2711677170000465,0.5620634707524347,0.38663485089924177,0.18765723787433308,-0.3122702116254962,0.6480555540576205,0.6009450497935721,0.13811165385832336,-0.3122702116254964,0.6039356427073459,0.44228251276160707,10.887129608685818,0.24240518778259418,0.5582447410088215,0.3191585614114454,0.12259669757973309
v2vol,100,0.0,60,0.96,60,0.0,20,0.7,,,True,sym,5,0.9,,10,,,10,0.2,0.25,14,,False,fixed,,1.0,0.0,1.0,1.0,0.11241353954245259,-0.31076605665569124,0.5438300899815189,0.3617304307690191,0.20588086910714853,-0.3647813116940102,0.6469729435618462,0.5643953308656551,0.15003259626310794,-0.36478131169400885,0.5936550799837756,0.41129463449311915,10.887129608685818,0.28171138874225937,0.5582447410088215,0.3191585614114454,0.12259669757973309
v2vol,100,0.0,60,0.96,60,0.0,20,0.7,,,True,sym,5,0.9,,10,,,10,0.2,0.25,14,,True,fixed,,1.0,0.0,0.85,1.0,0.09433529043220057,-0.2573908030954226,0.5308074403129133,0.3665060650874445,0.18130885959468435,-0.3122702116254962,0.6381448157768075,0.5806152903631007,0.12905776906533317,-0.3122702116254966,0.5825279202405585,0.4132887616578401,11.40013571590138,0.23427660702236525,0.5553042298122597,0.28997964261479303,0.1547161275729473
v2vol,100,0.0,60,0.96,60,0.0,20,0.7,,,True,sym,5,0.9,,10,,,10,0.2,0.25,14,,True,fixed,,1.0,0.0,1.0,1.0,0.0985337098410679,-0.29957395501204087,0.5051333404555617,0.32891280497701314,0.1991119127273675,-0.3647813116940102,0.6383169348283761,0.5458391270175286,0.1386284380289593,-0.36478131169400774,0.5689362168331588,0.38003163425555647,11.40013571590138,0.2714436749049889,0.5553042298122597,0.28997964261479303,0.1547161275729473
v2vol,100,0.0,60,0.96,60,0.0,20,0.7,,,True,sym,5,0.9,,10,,,10,0.2,0.25,14,75.0,False,fixed,,1.0,0.0,0.85,1.0,0.11230036462802029,-0.2711677170000457,0.6425295056846722,0.4141361880035349,0.18977308706106566,-0.24777559178277653,0.6972727387942128,0.7659071085074379,0.14367622762456156,-0.2711677170000457,0.6703138460655511,0.5298426715910926,10.944130287265324,0.21675884842948953,0.5636733770640127,0.26441981452160146,0.17190680841438588
v2vol,100,0.0,60,0.96,60,0.0,20,0.7,,,True,sym,5,0.9,,10,,,10,0.2,0.25,14,75.0,False,fixed,,1.0,0.0,1.0,1.0,0.12242726423540251,-0.31076605665569046,0.6274117239659754,0.39395314132085,0.21087135464839157,-0.29675039994703534,0.7006547454245906,0.7106017538174451,0.15829058735887247,-0.31076605665569046,0.6637710447481666,0.5093561023437274,10.944130287265324,0.24966849975188216,0.5636733770640127,0.26441981452160146,0.17190680841438588
v2vol,100,0.0,60,0.96,60,0.0,20,0.7,,,True,sym,5,0.9,,10,,,10,0.2,0.25,14,75.0,True,fixed,,1.0,0.0,0.85,1.0,0.1114716004188705,-0.2339266349931569,0.6451201668620455,0.47652376319665946,0.16924211730657923,-0.2300114628264608,0.6434886218069511,0.7357986216289975,0.13572679195782378,-0.2339266349931569,0.6490576789581298,0.5802109364835442,11.229133680162859,0.21128238960070306,0.5614114453743497,0.23908617959737616,0.19950237502827414
v2vol,100,0.0,60,0.96,60,0.0,20,0.7,,,True,sym,5,0.9,,10,,,10,0.2,0.25,14,75.0,True,fixed,,1.0,0.0,1.0,1.0,0.12081060921878284,-0.2678289681287471,0.6274980078229193,0.45107372090052783,0.1873153838463022,-0.2694414359361421,0.6485451600750128,0.6951988776169383,0.1487765049890144,-0.2694414359361418,0.6418851181375531,0.5521663899693392,11.229133680162859,0.24257833272820023,0.5614114453743497,0.23908617959737616,0.19950237502827414
v2vol,100,0.0,60,0.96,60,0.0,20,0.7,,,True,sym,5,0.9,,10,,,10,0.2,0.25,14,85.0,False,fixed,,1.0,0.0,0.85,1.0,0.10484288983100076,-0.2711677170000465,0.5620634707524347,0.38663485089924177,0.18765723787433308,-0.3122702116254962,0.6480555540576205,0.6009450497935721,0.13811165385832336,-0.3122702116254964,0.6039356427073459,0.44228251276160707,10.887129608685818,0.24240518778259418,0.5582447410088215,0.3191585614114454,0.12259669757973309
v2vol,100,0.0,60,0.96,60,0.0,20,0.7,,,True,sym,5,0.9,,10,,,10,0.2,0.25,14,85.0,False,fixed,,1.0,0.0,1.0,1.0,0.11241353954245259,-0.31076605665569124,0.5438300899815189,0.3617304307690191,0.20588086910714853,-0.3647813116940102,0.6469729435618462,0.5643953308656551,0.15003259626310794,-0.36478131169400885,0.5936550799837756,0.41129463449311915,10.887129608685818,0.28171138874225937,0.5582447410088215,0.3191585614114454,0.12259669757973309
v2vol,100,0.0,60,0.96,60,0.0,20,0.7,,,True,sym,5,0.9,,10,,,10,0.2,0.25,14,85.0,True,fixed,,1.0,0.0,0.85,1.0,0.09433529043220057,-0.2573908030954226,0.5308074403129133,0.3665060650874445,0.18130885959468435,-0.3122702116254962,0.6381448157768075,0.5806152903631007,0.12905776906533317,-0.3122702116254966,0.5825279202405585,0.4132887616578401,11.40013571590138,0.23427660702236525,0.5553042298122597,0.28997964261479303,0.1547161275729473
v2vol,100,0.0,60,0.96,60,0.0,20,0.7,,,True,sym,5,0.9,,10,,,10,0.2,0.25,14,85.0,True,fixed,,1.0,0.0,1.0,1.0,0.0985337098410679,-0.29957395501204087,0.5051333404555617,0.32891280497701314,0.1991119127273675,-0.3647813116940102,0.6383169348283761,0.5458391270175286,0.1386284380289593,-0.36478131169400774,0.5689362168331588,0.38003163425555647,11.40013571590138,0.2714436749049889,0.5553042298122597,0.28997964261479303,0.1547161275729473
v2vol,100,0.0,60,0.96,60,0.0,20,0.7,,,True,sym,5,0.9,,10,,,10,0.3,,14,,False,fixed,,1.0,0.0,0.85,1.0,0.16692656431708897,-0.2538294471977094,0.8373841662369539,0.6576327772839878,0.26556163358738005,-0.27580103521891386,0.9023634513502573,0.9628739550473173,0.2060548776663942,-0.27580103521891386,0.8681899265112577,0.7471142285700288,11.229133680162859,0.23283049389500848,0.27437231395611855,0.2447410088215336,0.4808866772223479
v2vol,100,0.0,60,0.96,60,0.0,20,0.7,,,True,sym,5,0.9,,10,,,10,0.3,,14,,False,fixed,,1.0,0.0,1.0,1.0,0.17679395912680107,-0.2909828905454479,0.8043211812153549,0.6075751010494139,0.2800443764031033,-0.31639288334518023,0.8716415595322947,0.8851159148784608,0.21814811174292026,-0.3163928833451801,0.836981481384994,0.6894848880179261,11.229133680162859,0.26229244855726963,0.27437231395611855,0.2447410088215336,0.4808866772223479
v2vol,100,0.0,60,0.96,60,0.0,20,0.7,,,True,sym,5,0.9,,10,,,10,0.3,,14,,True,fixed,,1.0,0.0,0.85,1.0,0.1755382274166446,-0.22309571390044725,0.9672359349111377,0.7868292238683511,0.25206311637741896,-0.27580103521891397,0.8858805076520667,0.9139310016633792,0.20677162617946854,-0.2758010352189141,0.9244895494950788,0.7497130169049069,10.944130287265324,0.21493602716810425,0.27437231395611855,0.19135942094548744,0.534268265098394
v2vol,100,0.0,60,0.96,60,0.0,20,0.7,,,True,sym,5,0.9,,10,,,10,0.3,,14,,True,fixed,,1.0,0.0,1.0,1.0,0.188646561139737,-0.23275634620536545,0.9510496377874537,0.8104894419217703,0.26273490047840986,-0.31639288334518045,0.8506845230273211,0.830407111881115,0.21959122893695415,-0.3163928833451801,0.8988203080477579,0.6940460436886099,10.944130287265324,0.2390250035352623,0.27437231395611855,0.19135942094548744,0.534268265098394
v2vol,100,0.0,60,0.96,60,0.0,20,0.7,,,True,sym,5,0.9,,10,,,10,0.3,,14,75.0,False,fixed,,1.0,0.0,0.85,1.0,0.18757723262241321,-0.2400497524696017,0.9841268214004201,0.7814098148098143,0.26776095827116597,-0.2164326634361875,0.9770168318490642,1.2371559542818822,0.22016587950512223,-0.2400497524696017,0.9840232636576107,0.9171677006124077,10.602126215788283,0.2125576547332975,0.27437231395611855,0.20063334087310564,0.5249943451707758
v2vol,100,0.0,60,0.96,60,0.0,20,0.7,,,True,sym,5,0.9,,10,,,10,0.3,,14,75.0,False,fixed,,1.0,0.0,1.0,1.0,0.20366833449816246,-0.2536157079542507,0.9686965898800536,0.803058833149648,0.2839268356616984,-0.22504360613078722,0.9543169124844088,1.261652532783759,0.23689171787000873,-0.2536157079542507,0.9665397722591533,0.9340577513153926,10.602126215788283,0.23597659678919153,0.27437231395611855,0.20063334087310564,0.5249943451707758
v2vol,100,0.0,60,0.96,60,0.0,20,0.7,,,True,sym,5,0.9,,10,,,10,0.3,,14,75.0,True,fixed,,1.0,0.0,0.85,1.0,0.1805275542668101,-0.22309571390044702,1.0290074550148725,0.8091932879865532,0.2731167324387338,-0.2034655184526042,1.0242360115411844,1.3423244120961673,0.2175435147332958,-0.22309571390044702,1.025951832462508,0.9751129276753887,10.032119429993214,0.19904731673166448,0.27437231395611855,0.15629947975571137,0.56932820628817
v2vol,100,0.0,60,0.96,60,0.0,20,0.7,,,True,sym,5,0.9,,10,,,10,0.3,,14,75.0,True,fixed,,1.0,0.0,1.0,1.0,0.19485734606779093,-0.23275634620536434,1.021686162700132,0.8371730749539497,0.290938007850728,-0.2035923580994624,1.0082705786379633,1.4290222411422435,0.233724632397305,-0.23275634620536434,1.015150275294812,1.0041600850319516,10.032119429993214,0.2181226327168286,0.27437231395611855,0.15629947975571137,0.56932820628817
v2vol,100,0.0,60,0.96,60,0.0,20,0.7,,,True,sym,5,0.9,,10,,,10,0.3,,14,85.0,False,fixed,,1.0,0.0,0.85,1.0,0.16692656431708897,-0.2538294471977094,0.8373841662369539,0.6576327772839878,0.26556163358738005,-0.27580103521891386,0.9023634513502573,0.9628739550473173,0.2060548776663942,-0.27580103521891386,0.8681899265112577,0.7471142285700288,11.229133680162859,0.23283049389500848,0.27437231395611855,0.2447410088215336,0.4808866772223479
v2vol,100,0.0,60,0.96,60,0.0,20,0.7,,,True,sym,5,0.9,,10,,,10,0.3,,14,85.0,False,fixed,,1.0,0.0,1.0,1.0,0.17679395912680107,-0.2909828905454479,0.8043211812153549,0.6075751010494139,0.2800443764031033,-0.31639288334518023,0.8716415595322947,0.8851159148784608,0.21814811174292026,-0.3163928833451801,0.836981481384994,0.6894848880179261,11.229133680162859,0.26229244855726963,0.27437231395611855,0.2447410088215336,0.4808866772223479
v2vol,100,0.0,60,0.96,60,0.0,20,0.7,,,True,sym,5,0.9,,10,,,10,0.3,,14,85.0,True,fixed,,1.0,0.0,0.85,1.0,0.1755382274166446,-0.22309571390044725,0.9672359349111377,0.7868292238683511,0.25206311637741896,-0.27580103521891397,0.8858805076520667,0.9139310016633792,0.20677162617946854,-0.2758010352189141,0.9244895494950788,0.7497130169049069,10.944130287265324,0.21493602716810425,0.27437231395611855,0.19135942094548744,0.534268265098394
v2vol,100,0.0,60,0.96,60,0.0,20,0.7,,,True,sym,5,0.9,,10,,,10,0.3,,14,85.0,True,fixed,,1.0,0.0,1.0,1.0,0.188646561139737,-0.23275634620536545,0.9510496377874537,0.8104894419217703,0.26273490047840986,-0.31639288334518045,0.8506845230273211,0.830407111881115,0.21959122893695415,-0.3163928833451801,0.8988203080477579,0.6940460436886099,10.944130287265324,0.2390250035352623,0.27437231395611855,0.19135942094548744,0.534268265098394
v2vol,100,0.0,60,0.96,60,0.0,20,0.7,,,True,sym,5,0.9,,10,,,10,0.3,0.15,14,,False,fixed,,1.0,0.0,0.85,1.0,0.13827898174713926,-0.30588481566893655,0.6563089213334965,0.4520622622104935,0.39128848222670354,-0.2730653740019393,1.2108937526836803,1.4329480024952728,0.23023551584152213,-0.30588481566893655,0.8954916929166269,0.7526869725063741,9.348111287039131,0.25358433316485446,0.4351956570911559,0.33702782175978285,0.2277765211490613
v2vol,100,0.0,60,0.96,60,0.0,20,0.7,,,True,sym,5,0.9,,10,,,10,0.3,0.15,14,,False,fixed,,1.0,0.0,1.0,1.0,0.148178944200978,-0.3539943229495628,0.6342878357196226,0.4185913010308094,0.43711000178113446,-0.31714447821754044,1.1920519080503045,1.3782677353799158,0.25256556494171445,-0.3539943229495628,0.8746919666730426,0.7134734897364443,9.348111287039131,0.2924849429634562,0.4351956570911559,0.33702782175978285,0.2277765211490613
v2vol,100,0.0,60,0.96,60,0.0,20,0.7,,,True,sym,5,0.9,,10,,,10,0.3,0.15,14,,True,fixed,,1.0,0.0,0.85,1.0,0.14431208885352786,-0.28452100169437833,0.7155427578246986,0.5072106733566981,0.3576125420007006,-0.2730653740019393,1.1729731012792413,1.309622442273332,0.22305750349570763,-0.28452100169437833,0.9157387169800331,0.7839755313926089,10.65912689436779,0.23715936434649862,0.4175525899117847,0.27256276860438816,0.30988464148382716
v2vol,100,0.0,60,0.96,60,0.0,20,0.7,,,True,sym,5,0.9,,10,,,10,0.3,0.15,14,,True,fixed,,1.0,0.0,1.0,1.0,0.15519447287901333,-0.32798284924053445,0.6925689039224969,0.47317862271876776,0.39314011268088933,-0.31714447821754044,1.1475705368934783,1.2396246495933656,0.2428279548131671,-0.32798284924053445,0.8919487599142311,0.7403678435486825,10.65912689436779,0.27135211095268447,0.4175525899117847,0.27256276860438816,0.30988464148382716
v2vol,100,0.0,60,0.96,60,0.0,20,0.7,,,True,sym,5,0.9,,10,,,10,0.3,0.15,14,75.0,False,fixed,,1.0,0.0,0.85,1.0,0.1439906187745621,-0.284521001694379,0.7152509266520344,0.506080809209406,0.3905772979483022,-0.18372861671830842,1.2899911327093716,2.125838124319702,0.23386096047225968,-0.284521001694379,0.9628722149247141,0.821946215146057,9.348111287039131,0.2337891684244497,0.4351956570911559,0.28771771092513004,0.2770866319837141
v2vol,100,0.0,60,0.96,60,0.0,20,0.7,,,True,sym,5,0.9,,10,,,10,0.3,0.15,14,75.0,False,fixed,,1.0,0.0,1.0,1.0,0.15591213960296435,-0.32798284924053456,0.6954784575547448,0.47536674543802815,0.43741076379130117,-0.21546462430606472,1.2769852700795878,2.030081574643849,0.2579393185912475,-0.32798284924053456,0.9457120009536621,0.786441483719416,9.348111287039131,0.26747439175139465,0.4351956570911559,0.28771771092513004,0.2770866319837141
v2vol,100,0.0,60,0.96,60,0.0,20,0.7,,,True,sym,5,0.9,,10,,,10,0.3,0.15,14,75.0,True,fixed,,1.0,0.0,0.85,1.0,0.14570817134945857,-0.284521001694379,0.7482742186135896,0.5121174552378823,0.34832814157058767,-0.1830097932485577,1.2415263388775242,1.9033306108241987,0.22085506272011735,-0.284521001694379,0.9605012166432922,0.7762346589702751,10.317122822890749,0.22006127534903988,0.41732639674281835,0.22981225966975796,0.35286134358742366
v2vol,100,0.0,60,0.96,60,0.0,20,0.7,,,True,sym,5,0.9,,10,,,10,0.3,0.15,14,75.0,True,fixed,,1.0,0.0,1.0,1.0,0.15699602853214323,-0.32798284924053456,0.7258242497366787,0.4786714576560258,0.3845089347426265,-0.21546462430606472,1.2280452184993729,1.7845571447331257,0.24115372925767642,-0.32798284924053456,0.941255506509986,0.7352632304283088,10.317122822890749,0.24948535181310555,0.41732639674281835,0.22981225966975796,0.35286134358742366
v2vol,100,0.0,60,0.96,60,0.0,20,0.7,,,True,sym,5,0.9,,10,,,10,0.3,0.15,14,85.0,False,fixed,,1.0,0.0,0.85,1.0,0.13827898174713926,-0.30588481566893655,0.6563089213334965,0.4520622622104935,0.39128848222670354,-0.2730653740019393,1.2108937526836803,1.4329480024952728,0.23023551584152213,-0.30588481566893655,0.8954916929166269,0.7526869725063741,9.348111287039131,0.25358433316485446,0.4351956570911559,0.33702782175978285,0.2277765211490613
v2vol,100,0.0,60,0.96,60,0.0,20,0.7,,,True,sym,5,0.9,,10,,,10,0.3,0.15,14,85.0,False,fixed,,1.0,0.0,1.0,1.0,0.148178944200978,-0.3539943229495628,0.6342878357196226,0.4185913010308094,0.43711000178113446,-0.31714447821754044,1.1920519080503045,1.3782677353799158,0.25256556494171445,-0.3539943229495628,0.8746919666730426,0.7134734897364443,9.348111287039131,0.2924849429634562,0.4351956570911559,0.33702782175978285,0.2277765211490613
v2vol,100,0.0,60,0.96,60,0.0,20,0.7,,,True,sym,5,0.9,,10,,,10,0.3,0.15,14,85.0,True,fixed,,1.0,0.0,0.85,1.0,0.14431208885352786,-0.28452100169437833,0.7155427578246986,0.5072106733566981,0.3576125420007006,-0.2730653740019393,1.1729731012792413,1.309622442273332,0.22305750349570763,-0.28452100169437833,0.9157387169800331,0.7839755313926089,10.65912689436779,0.23715936434649862,0.4175525899117847,0.27256276860438816,0.30988464148382716
v2vol,100,0.0,60,0.96,60,0.0,20,0.7,,,True,sym,5,0.9,,10,,,10,0.3,0.15,14,85.0,True,fixed,,1.0,0.0,1.0,1.0,0.15519447287901333,-0.32798284924053445,0.6925689039224969,0.47317862271876776,0.39314011268088933,-0.31714447821754044,1.1475705368934783,1.2396246495933656,0.2428279548131671,-0.32798284924053445,0.8919487599142311,0.7403678435486825,10.65912689436779,0.27135211095268447,0.4175525899117847,0.27256276860438816,0.30988464148382716
v2vol,100,0.0,60,0.96,60,0.0,20,0.7,,,True,sym,5,0.9,,10,,,10,0.3,0.25,14,,False,fixed,,1.0,0.0,0.85,1.0,0.10472769540356075,-0.25734630275721304,0.5663334482936071,0.4069523994769161,0.2002547227671556,-0.3232718150782171,0.7103678698091982,0.6194623639512249,0.1425358325475976,-0.3232718150782177,0.6348776297396738,0.44091636170975856,10.317122822890749,0.23324136203010337,0.5835783759330468,0.2933725401492875,0.12304908391766568
v2vol,100,0.0,60,0.96,60,0.0,20,0.7,,,True,sym,5,0.9,,10,,,10,0.3,0.25,14,,False,fixed,,1.0,0.0,1.0,1.0,0.11240993503563468,-0.2977552356020945,0.5479899846679805,0.37752462961173183,0.22188800454343083,-0.3767180273096066,0.7097494684524144,0.5890028840087116,0.15571454064797097,-0.37671802730960646,0.6245430675012812,0.41334507339622656,10.317122822890749,0.27078753541438705,0.5835783759330468,0.2933725401492875,0.12304908391766568
v2vol,100,0.0,60,0.96,60,0.0,20,0.7,,,True,sym,5,0.9,,10,,,10,0.3,0.25,14,,True,fixed,,1.0,0.0,0.85,1.0,0.09452973247048413,-0.2557841074735606,0.5341393392215947,0.3695684356787307,0.19939405938278676,-0.3232718150782171,0.7193078816708994,0.6168000118864134,0.13561627749871663,-0.32327181507821845,0.6212521637393108,0.4195116034656565,11.058131644424337,0.22584835783870097,0.5752092286812939,0.2700746437457589,0.1547161275729473
v2vol,100,0.0,60,0.96,60,0.0,20,0.7,,,True,sym,5,0.9,,10,,,10,0.3,0.25,14,,True,fixed,,1.0,0.0,1.0,1.0,0.09883078777475318,-0.2977872544304768,0.5083983888702754,0.33188387449210593,0.2219568665265954,-0.3767180273096066,0.7213600031486435,0.5891856785079723,0.14688552607806993,-0.3767180273096067,0.6081278485020709,0.3899084074289646,11.058131644424337,0.2613715182449164,0.5752092286812939,0.2700746437457589,0.1547161275729473
v2vol,100,0.0,60,0.96,60,0.0,20,0.7,,,True,sym,5,0.9,,10,,,10,0.3,0.25,14,75.0,False,fixed,,1.0,0.0,0.85,1.0,0.11218439266058033,-0.2339266349931568,0.6497838510153381,0.4795708392242813,0.19160574944555941,-0.24365213441937128,0.7433458287701317,0.7863906052050822,0.14425988618529262,-0.24365213441937028,0.6971744076543774,0.5920731477648159,10.374123501470255,0.20578396283208875,0.5890070119882379,0.2338837367111513,0.17710925130061073
v2vol,100,0.0,60,0.96,60,0.0,20,0.7,,,True,sym,5,0.9,,10,,,10,0.3,0.25,14,75.0,False,fixed,,1.0,0.0,1.0,1.0,0.12242362728153267,-0.26782896812874757,0.6348133389612816,0.45709628848916234,0.21278483487930022,-0.2931890056633979,0.7447908417714799,0.7257599390462566,0.1589722755189915,-0.29318900566339723,0.689687849015312,0.5422177245674195,10.374123501470255,0.2364197244415594,0.5890070119882379,0.2338837367111513,0.17710925130061073
v2vol,100,0.0,60,0.96,60,0.0,20,0.7,,,True,sym,5,0.9,,10,,,10,0.3,0.25,14,75.0,True,fixed,,1.0,0.0,0.85,1.0,0.11166908724522906,-0.2339266349931568,0.6501376349865694,0.47736798867942415,0.18714258179595,-0.21639161044517963,0.7437007704065539,0.8648328898285106,0.14232403963385787,-0.2339266349931568,0.6982314211645119,0.608413144736688,10.887129608685818,0.20189645910329362,0.5813164442433838,0.219181180728342,0.19950237502827414
v2vol,100,0.0,60,0.96,60,0.0,20,0.7,,,True,sym,5,0.9,,10,,,10,0.3,0.25,14,75.0,True,fixed,,1.0,0.0,1.0,1.0,0.12111371152402484,-0.26782896812874757,0.6326306899928508,0.4522054218788032,0.20993559535548845,-0.2525237144618093,0.75356387634411,0.8313500211372753,0.1571071846327301,-0.26782896812874757,0.6928390050176041,0.5865951906935153,10.887129608685818,0.23125225166782634,0.5813164442433838,0.219181180728342,0.19950237502827414
v2vol,100,0.0,60,0.96,60,0.0,20,0.7,,,True,sym,5,0.9,,10,,,10,0.3,0.25,14,85.0,False,fixed,,1.0,0.0,0.85,1.0,0.10472769540356075,-0.25734630275721304,0.5663334482936071,0.4069523994769161,0.2002547227671556,-0.3232718150782171,0.7103678698091982,0.6194623639512249,0.1425358325475976,-0.3232718150782177,0.6348776297396738,0.44091636170975856,10.317122822890749,0.23324136203010337,0.5835783759330468,0.2933725401492875,0.12304908391766568
v2vol,100,0.0,60,0.96,60,0.0,20,0.7,,,True,sym,5,0.9,,10,,,10,0.3,0.25,14,85.0,False,fixed,,1.0,0.0,1.0,1.0,0.11240993503563468,-0.2977552356020945,0.5479899846679805,0.37752462961173183,0.22188800454343083,-0.3767180273096066,0.7097494684524144,0.5890028840087116,0.15571454064797097,-0.37671802730960646,0.6245430675012812,0.41334507339622656,10.317122822890749,0.27078753541438705,0.5835783759330468,0.2933725401492875,0.12304908391766568
v2vol,100,0.0,60,0.96,60,0.0,20,0.7,,,True,sym,5,0.9,,10,,,10,0.3,0.25,14,85.0,True,fixed,,1.0,0.0,0.85,1.0,0.09452973247048413,-0.2557841074735606,0.5341393392215947,0.3695684356787307,0.19939405938278676,-0.3232718150782171,0.7193078816708994,0.6168000118864134,0.13561627749871663,-0.32327181507821845,0.6212521637393108,0.4195116034656565,11.058131644424337,0.22584835783870097,0.5752092286812939,0.2700746437457589,0.1547161275729473
v2vol,100,0.0,60,0.96,60,0.0,20,0.7,,,True,sym,5,0.9,,10,,,10,0.3,0.25,14,85.0,True,fixed,,1.0,0.0,1.0,1.0,0.09883078777475318,-0.2977872544304768,0.5083983888702754,0.33188387449210593,0.2219568665265954,-0.3767180273096066,0.7213600031486435,0.5891856785079723,0.14688552607806993,-0.3767180273096067,0.6081278485020709,0.3899084074289646,11.058131644424337,0.2613715182449164,0.5752092286812939,0.2700746437457589,0.1547161275729473
v2vol,100,0.0,60,0.96,60,0.0,20,0.7,,,True,sym,5,0.9,,10,,,10,0.4,,14,,False,fixed,,1.0,0.0,0.85,1.0,0.1409899334670781,-0.21228869618786605,0.8099248648929791,0.6641424437517308,0.24036007239762647,-0.27580103521891397,0.8682538959274259,0.8714980790657416,0.18029086501759295,-0.2758010352189141,0.8352390726943517,0.6536990148513729,10.944130287265324,0.2100458446556497,0.27324134811128703,0.16693055869712733,0.5598280931915857
v2vol,100,0.0,60,0.96,60,0.0,20,0.7,,,True,sym,5,0.9,,10,,,10,0.4,,14,,False,fixed,,1.0,0.0,1.0,1.0,0.14417198473729287,-0.21846134614827062,0.7677598160486585,0.6599427646089975,0.24778998619716552,-0.31639288334518045,0.8287266141517369,0.783171807081482,0.18552804202007112,-0.3163928833451801,0.7949387478726279,0.5863850035389787,10.944130287265324,0.23267379574465005,0.27324134811128703,0.16693055869712733,0.5598280931915857
v2vol,100,0.0,60,0.96,60,0.0,20,0.7,,,True,sym,5,0.9,,10,,,10,0.4,,14,,True,fixed,,1.0,0.0,0.85,1.0,0.1487149546979234,-0.2160212093189834,0.8895046679928006,0.6884275630469526,0.24496150052793797,-0.27580103521891397,0.9030987599341488,0.8881819472994456,0.18692997227022534,-0.27580103521891397,0.891389676546286,0.6777711045277687,10.545125537208776,0.20102038996586352,0.27324134811128703,0.14250169644876726,0.5842569554399457
v2vol,100,0.0,60,0.96,60,0.0,20,0.7,,,True,sym,5,0.9,,10,,,10,0.4,,14,,True,fixed,,1.0,0.0,1.0,1.0,0.15462603474032788,-0.22343063475317948,0.8615287052551132,0.6920538667902053,0.2538573384268654,-0.31639288334518045,0.867364394856104,0.8023484464721996,0.1944627830488843,-0.31639288334518045,0.8595196745712745,0.6146243903872136,10.545125537208776,0.220765471454548,0.27324134811128703,0.14250169644876726,0.5842569554399457
v2vol,100,0.0,60,0.96,60,0.0,20,0.7,,,True,sym,5,0.9,,10,,,10,0.4,,14,75.0,False,fixed,,1.0,0.0,0.85,1.0,0.14999356412417453,-0.2189676071077843,0.9206321047858177,0.6850034400309354,0.26988727746327634,-0.20474010962403877,1.0721861821066396,1.3181944561760095,0.19659329354579147,-0.2189676071077843,0.9898520505884392,0.897819070786213,9.804116715675185,0.18622499023168204,0.27324134811128703,0.11513232300384528,0.6116263288848677
v2vol,100,0.0,60,0.96,60,0.0,20,0.7,,,True,sym,5,0.9,,10,,,10,0.4,,14,75.0,False,fixed,,1.0,0.0,1.0,1.0,0.15584072552185524,-0.23284887716969327,0.8957963116220802,0.6692784067336652,0.2872177977017667,-0.2096585780935225,1.0660947911844854,1.3699310579777342,0.20704210989914285,-0.23284887716969327,0.9744979403067483,0.8891694579581622,9.804116715675185,0.20103121051533504,0.27324134811128703,0.11513232300384528,0.6116263288848677
v2vol,100,0.0,60,0.96,60,0.0,20,0.7,,,True,sym,5,0.9,,10,,,10,0.4,,14,75.0,True,fixed,,1.0,0.0,0.85,1.0,0.14468153134362294,-0.22266847270180412,0.9123139300603572,0.64976208615478,0.27625396169350336,-0.20474010962403877,1.1060728832652151,1.349290875152819,0.19536274849787416,-0.22266847270180412,1.0000660781822717,0.8773704967182419,9.462112644198145,0.18264433633735574,0.27324134811128703,0.10110834652793485,0.6256503053607781
v2vol,100,0.0,60,0.96,60,0.0,20,0.7,,,True,sym,5,0.9,,10,,,10,0.4,,14,75.0,True,fixed,,1.0,0.0,1.0,1.0,0.14921480194669856,-0.23772668495838822,0.8872022483079607,0.6276737589337822,0.2954522323002102,-0.2096585780935225,1.1064875302962045,1.409206506057757,0.2055761260823461,-0.23772668495838822,0.9875212803252226,0.8647583089728872,9.462112644198145,0.19618315025981128,0.27324134811128703,0.10110834652793485,0.6256503053607781
v2vol,100,0.0,60,0.96,60,0.0,20,0.7,,,True,sym,5,0.9,,10,,,10,0.4,,14,85.0,False,fixed,,1.0,0.0,0.85,1.0,0.1409899334670781,-0.21228869618786605,0.8099248648929791,0.6641424437517308,0.24036007239762647,-0.27580103521891397,0.8682538959274259,0.8714980790657416,0.18029086501759295,-0.2758010352189141,0.8352390726943517,0.6536990148513729,10.944130287265324,0.2100458446556497,0.27324134811128703,0.16693055869712733,0.5598280931915857
v2vol,100,0.0,60,0.96,60,0.0,20,0.7,,,True,sym,5,0.9,,10,,,10,0.4,,14,85.0,False,fixed,,1.0,0.0,1.0,1.0,0.14417198473729287,-0.21846134614827062,0.7677598160486585,0.6599427646089975,0.24778998619716552,-0.31639288334518045,0.8287266141517369,0.783171807081482,0.18552804202007112,-0.3163928833451801,0.7949387478726279,0.5863850035389787,10.944130287265324,0.23267379574465005,0.27324134811128703,0.16693055869712733,0.5598280931915857
v2vol,100,0.0,60,0.96,60,0.0,20,0.7,,,True,sym,5,0.9,,10,,,10,0.4,,14,85.0,True,fixed,,1.0,0.0,0.85,1.0,0.1487149546979234,-0.2160212093189834,0.8895046679928006,0.6884275630469526,0.24496150052793797,-0.27580103521891397,0.9030987599341488,0.8881819472994456,0.18692997227022534,-0.27580103521891397,0.891389676546286,0.6777711045277687,10.545125537208776,0.20102038996586352,0.27324134811128703,0.14250169644876726,0.5842569554399457
v2vol,100,0.0,60,0.96,60,0.0,20,0.7,,,True,sym,5,0.9,,10,,,10,0.4,,14,85.0,True,fixed,,1.0,0.0,1.0,1.0,0.15462603474032788,-0.22343063475317948,0.8615287052551132,0.6920538667902053,0.2538573384268654,-0.31639288334518045,0.867364394856104,0.8023484464721996,0.1944627830488843,-0.31639288334518045,0.8595196745712745,0.6146243903872136,10.545125537208776,0.220765471454548,0.27324134811128703,0.14250169644876726,0.5842569554399457
v2vol,100,0.0,60,0.96,60,0.0,20,0.7,,,True,sym,5,0.9,,10,,,10,0.4,0.15,14,,False,fixed,,1.0,0.0,0.85,1.0,0.128381778451093,-0.28452100169437833,0.6306602233667966,0.45122074534587725,0.36495015589702073,-0.2730653740019393,1.203841155449084,1.3364937141185425,0.21481508044393371,-0.28452100169437833,0.8744962368025782,0.7550060598854489,10.260122144311241,0.24187056644038518,0.4150644650531554,0.28930106310789416,0.2956344718389505
v2vol,100,0.0,60,0.96,60,0.0,20,0.7,,,True,sym,5,0.9,,10,,,10,0.4,0.15,14,,False,fixed,,1.0,0.0,1.0,1.0,0.13712871240647906,-0.32798284924053445,0.6097871797995583,0.41809720454593735,0.4046405858020856,-0.3166477716339212,1.1855736586769787,1.277888625945846,0.23441164673672898,-0.32798284924053445,0.8540142922523983,0.7147070259299362,10.260122144311241,0.27732222050290967,0.4150644650531554,0.28930106310789416,0.2956344718389505
v2vol,100,0.0,60,0.96,60,0.0,20,0.7,,,True,sym,5,0.9,,10,,,10,0.4,0.15,14,,True,fixed,,1.0,0.0,0.85,1.0,0.13721476520871345,-0.28452100169437855,0.7136393615708522,0.4822658587294875,0.334556495226183,-0.2730653740019393,1.1654168471688804,1.2251882775287612,0.2105250272510344,-0.28452100169437855,0.9114862169319111,0.7399278998643911,11.001130965844832,0.22342168689918993,0.4073738973083013,0.2291336801628591,0.3634924225288396
v2vol,100,0.0,60,0.96,60,0.0,20,0.7,,,True,sym,5,0.9,,10,,,10,0.4,0.15,14,,True,fixed,,1.0,0.0,1.0,1.0,0.1476323966347053,-0.327982849240535,0.6931174241397969,0.45012230662840275,0.3640349936994802,-0.3166477716339212,1.1371871500496638,1.1496527887154808,0.22799559180618423,-0.327982849240535,0.8879267460344765,0.6951448599648501,11.001130965844832,0.2537301107919915,0.4073738973083013,0.2291336801628591,0.3634924225288396
v2vol,100,0.0,60,0.96,60,0.0,20,0.7,,,True,sym,5,0.9,,10,,,10,0.4,0.15,14,75.0,False,fixed,,1.0,0.0,0.85,1.0,0.13392920909214756,-0.284521001694379,0.6894471333417824,0.470718183524494,0.32314570545534926,-0.17134926471124567,1.237992803495341,1.8858890699058901,0.20446080787411902,-0.284521001694379,0.9152628548425186,0.7186141151497231,10.08912010857272,0.21489296430261157,0.4166478172359195,0.21714544220764534,0.3662067405564352
v2vol,100,0.0,60,0.96,60,0.0,20,0.7,,,True,sym,5,0.9,,10,,,10,0.4,0.15,14,75.0,False,fixed,,1.0,0.0,1.0,1.0,0.145165375707887,-0.32798284924053456,0.6733387447600775,0.4426005080571341,0.3537734725903794,-0.19319232379927676,1.2281547698752098,1.8311983914948065,0.22288454705543637,-0.32798284924053456,0.8989972760570881,0.6795615916245008,10.08912010857272,0.24282723858722055,0.4166478172359195,0.21714544220764534,0.3662067405564352
v2vol,100,0.0,60,0.96,60,0.0,20,0.7,,,True,sym,5,0.9,,10,,,10,0.4,0.15,14,75.0,True,fixed,,1.0,0.0,0.85,1.0,0.13590588557938266,-0.2845210016943781,0.7399279691661701,0.4776655669354339,0.3324227906895454,-0.17134926471124567,1.2827067344748,1.9400304474590981,0.20892903588031975,-0.2845210016943781,0.9710238689005031,0.7343185024518631,10.488124858629268,0.20399328703692138,0.407147704139335,0.18004976249717258,0.41280253336349243
v2vol,100,0.0,60,0.96,60,0.0,20,0.7,,,True,sym,5,0.9,,10,,,10,0.4,0.15,14,75.0,True,fixed,,1.0,0.0,1.0,1.0,0.14599639214083893,-0.32798284924053445,0.7196746772819808,0.44513422722835366,0.3648748505871169,-0.19319232379927698,1.2764517529470512,1.8886612232389455,0.22718166061741152,-0.32798284924053445,0.9552944394961176,0.6926632326765421,10.488124858629268,0.2286431732487496,0.407147704139335,0.18004976249717258,0.41280253336349243
v2vol,100,0.0,60,0.96,60,0.0,20,0.7,,,True,sym,5,0.9,,10,,,10,0.4,0.15,14,85.0,False,fixed,,1.0,0.0,0.85,1.0,0.128381778451093,-0.28452100169437833,0.6306602233667966,0.45122074534587725,0.36495015589702073,-0.2730653740019393,1.203841155449084,1.3364937141185425,0.21481508044393371,-0.28452100169437833,0.8744962368025782,0.7550060598854489,10.260122144311241,0.24187056644038518,0.4150644650531554,0.28930106310789416,0.2956344718389505
v2vol,100,0.0,60,0.96,60,0.0,20,0.7,,,True,sym,5,0.9,,10,,,10,0.4,0.15,14,85.0,False,fixed,,1.0,0.0,1.0,1.0,0.13712871240647906,-0.32798284924053445,0.6097871797995583,0.41809720454593735,0.4046405858020856,-0.3166477716339212,1.1855736586769787,1.277888625945846,0.23441164673672898,-0.32798284924053445,0.8540142922523983,0.7147070259299362,10.260122144311241,0.27732222050290967,0.4150644650531554,0.28930106310789416,0.2956344718389505
v2vol,100,0.0,60,0.96,60,0.0,20,0.7,,,True,sym,5,0.9,,10,,,10,0.4,0.15,14,85.0,True,fixed,,1.0,0.0,0.85,1.0,0.13721476520871345,-0.28452100169437855,0.7136393615708522,0.4822658587294875,0.334556495226183,-0.2730653740019393,1.1654168471688804,1.2251882775287612,0.2105250272510344,-0.28452100169437855,0.9114862169319111,0.7399278998643911,11.001130965844832,0.22342168689918993,0.4073738973083013,0.2291336801628591,0.3634924225288396
v2vol,100,0.0,60,0.96,60,0.0,20,0.7,,,True,sym,5,0.9,,10,,,10,0.4,0.15,14,85.0,True,fixed,,1.0,0.0,1.0,1.0,0.1476323966347053,-0.327982849240535,0.6931174241397969,0.45012230662840275,0.3640349936994802,-0.3166477716339212,1.1371871500496638,1.1496527887154808,0.22799559180618423,-0.327982849240535,0.8879267460344765,0.6951448599648501,11.001130965844832,0.2537301107919915,0.4073738973083013,0.2291336801628591,0.3634924225288396
v2vol,100,0.0,60,0.96,60,0.0,20,0.7,,,True,sym,5,0.9,,10,,,10,0.4,0.25,14,,False,fixed,,1.0,0.0,0.85,1.0,0.09020039005366254,-0.25734630275721326,0.5102876429519935,0.3505019854074211,0.20364155590218203,-0.3091865737876258,0.7611255462152152,0.6586364776694974,0.13430012242582978,-0.30918657378762604,0.6249835070838199,0.43436595832934777,10.032119429993214,0.22084098200958185,0.5998642840986202,0.2603483374802081,0.13978737842117167
v2vol,100,0.0,60,0.96,60,0.0,20,0.7,,,True,sym,5,0.9,,10,,,10,0.4,0.25,14,,False,fixed,,1.0,0.0,1.0,1.0,0.09586726059209472,-0.2977552356020948,0.49259265725703744,0.3219666663400234,0.22722165418848106,-0.35755195242729854,0.7624830520097907,0.6354926959451642,0.1467898832451291,-0.35755195242729854,0.615520659770277,0.4105414115308909,10.032119429993214,0.25566367930972533,0.5998642840986202,0.2603483374802081,0.13978737842117167
v2vol,100,0.0,60,0.96,60,0.0,20,0.7,,,True,sym,5,0.9,,10,,,10,0.4,0.25,14,,True,fixed,,1.0,0.0,0.85,1.0,0.08065975338043696,-0.24907870581853486,0.47761554040171866,0.3238323931199532,0.2161356087140942,-0.3091865737876258,0.8283042388862234,0.6990459063806358,0.13243892485949904,-0.30918657378762615,0.634828486498048,0.4283462998961546,10.716127572947297,0.21171118826034746,0.5955666138882606,0.23343135037321872,0.17100203573852069
v2vol,100,0.0,60,0.96,60,0.0,20,0.7,,,True,sym,5,0.9,,10,,,10,0.4,0.25,14,,True,fixed,,1.0,0.0,1.0,1.0,0.08312839923097548,-0.292037921987496,0.4522228018648947,0.28464933137873355,0.24308576948643434,-0.35755195242729854,0.8330398776877226,0.6798613959068264,0.14390544872728284,-0.3575519524272983,0.6223915023906049,0.4024742355631337,10.716127572947297,0.24415617516672689,0.5955666138882606,0.23343135037321872,0.17100203573852069
v2vol,100,0.0,60,0.96,60,0.0,20,0.7,,,True,sym,5,0.9,,10,,,10,0.4,0.25,14,75.0,False,fixed,,1.0,0.0,0.85,1.0,0.09300253865190666,-0.23273198887716173,0.5644941399969222,0.3996121852462419,0.19438338251708642,-0.21639161044517996,0.8422421667596313,0.8982944492033852,0.13284931577120274,-0.23273198887716173,0.6886414561484628,0.570825336096457,9.804116715675185,0.18895180468604675,0.6123049083917665,0.19090703460755484,0.19678805700067858
v2vol,100,0.0,60,0.96,60,0.0,20,0.7,,,True,sym,5,0.9,,10,,,10,0.4,0.25,14,75.0,False,fixed,,1.0,0.0,1.0,1.0,0.10016435259117751,-0.26782896812874724,0.5488406173877165,0.3739862543286498,0.22041880669443348,-0.22511936543244926,0.8623562227331351,0.9791197050996208,0.1472164220331289,-0.26782896812874724,0.6871191022672178,0.549665792545491,9.804116715675185,0.21559679478163635,0.6123049083917665,0.19090703460755484,0.19678805700067858
v2vol,100,0.0,60,0.96,60,0.0,20,0.7,,,True,sym,5,0.9,,10,,,10,0.4,0.25,14,75.0,True,fixed,,1.0,0.0,0.85,1.0,0.0894839872491231,-0.2327319888771613,0.5502733387755787,0.38449371605874866,0.2065293181518253,-0.21639161044517863,0.9157797613835302,0.9544238694232932,0.1348497215663853,-0.2327319888771613,0.7084412742122613,0.5794206555660064,10.317122822890749,0.18514335224379772,0.6030309884641484,0.17733544446957702,0.2196335670662746
v2vol,100,0.0,60,0.96,60,0.0,20,0.7,,,True,sym,5,0.9,,10,,,10,0.4,0.25,14,75.0,True,fixed,,1.0,0.0,1.0,1.0,0.0945746685049269,-0.2678289681287471,0.5280576979149222,0.35311590514534724,0.23562391423800433,-0.22511936543244992,0.9429517959167084,1.046662128712807,0.1488700460071184,-0.2678289681287471,0.7051030145401248,0.5558399714834267,10.317122822890749,0.21060598859081714,0.6030309884641484,0.17733544446957702,0.2196335670662746
v2vol,100,0.0,60,0.96,60,0.0,20,0.7,,,True,sym,5,0.9,,10,,,10,0.4,0.25,14,85.0,False,fixed,,1.0,0.0,0.85,1.0,0.09020039005366254,-0.25734630275721326,0.5102876429519935,0.3505019854074211,0.20364155590218203,-0.3091865737876258,0.7611255462152152,0.6586364776694974,0.13430012242582978,-0.30918657378762604,0.6249835070838199,0.43436595832934777,10.032119429993214,0.22084098200958185,0.5998642840986202,0.2603483374802081,0.13978737842117167
v2vol,100,0.0,60,0.96,60,0.0,20,0.7,,,True,sym,5,0.9,,10,,,10,0.4,0.25,14,85.0,False,fixed,,1.0,0.0,1.0,1.0,0.09586726059209472,-0.2977552356020948,0.49259265725703744,0.3219666663400234,0.22722165418848106,-0.35755195242729854,0.7624830520097907,0.6354926959451642,0.1467898832451291,-0.35755195242729854,0.615520659770277,0.4105414115308909,10.032119429993214,0.25566367930972533,0.5998642840986202,0.2603483374802081,0.13978737842117167
v2vol,100,0.0,60,0.96,60,0.0,20,0.7,,,True,sym,5,0.9,,10,,,10,0.4,0.25,14,85.0,True,fixed,,1.0,0.0,0.85,1.0,0.08065975338043696,-0.24907870581853486,0.47761554040171866,0.3238323931199532,0.2161356087140942,-0.3091865737876258,0.8283042388862234,0.6990459063806358,0.13243892485949904,-0.30918657378762615,0.634828486498048,0.4283462998961546,10.716127572947297,0.21171118826034746,0.5955666138882606,0.23343135037321872,0.17100203573852069
v2vol,100,0.0,60,0.96,60,0.0,20,0.7,,,True,sym,5,0.9,,10,,,10,0.4,0.25,14,85.0,True,fixed,,1.0,0.0,1.0,1.0,0.08312839923097548,-0.292037921987496,0.4522228018648947,0.28464933137873355,0.24308576948643434,-0.35755195242729854,0.8330398776877226,0.6798613959068264,0.14390544872728284,-0.3575519524272983,0.6223915023906049,0.4024742355631337,10.716127572947297,0.24415617516672689,0.5955666138882606,0.23343135037321872,0.17100203573852069
v2vol,100,0.0,60,0.96,60,0.0,20,0.7,,,True,sym,5,0.9,,10,,,10,0.5,,14,,False,fixed,,1.0,0.0,0.85,1.0,0.14502237551062946,-0.1831655925990079,0.9041821964532114,0.7917555554667802,0.19666601834070097,-0.2758010352189141,0.8065334816819881,0.7130720817802567,0.16714537355262582,-0.27580103521891386,0.862634662875639,0.6060360629899598,9.063107894141597,0.18458674533671338,0.27324134811128703,0.10450124406242932,0.6222574078262837
v2vol,100,0.0,60,0.96,60,0.0,20,0.7,,,True,sym,5,0.9,,10,,,10,0.5,,14,,False,fixed,,1.0,0.0,1.0,1.0,0.14926032074741102,-0.20562827225130897,0.8752012307621294,0.7258745070084149,0.1920478105339718,-0.3163928833451798,0.7484016695886052,0.6069915622104893,0.1686846724959461,-0.31639288334518023,0.8216273402763145,0.5331493891786228,9.063107894141597,0.19884898354097572,0.27324134811128703,0.10450124406242932,0.6222574078262837
v2vol,100,0.0,60,0.96,60,0.0,20,0.7,,,True,sym,5,0.9,,10,,,10,0.5,,14,,True,fixed,,1.0,0.0,0.85,1.0,0.15450826287669117,-0.18316559259900878,0.9790020024925773,0.8435441432220568,0.19666601834070097,-0.2758010352189141,0.8065334816819881,0.7130720817802567,0.17318992271836176,-0.27580103521891386,0.8999623148864693,0.6279524026474167,8.949106536982583,0.1821586377121677,0.27324134811128703,0.10042976702103597,0.626328884867677
v2vol,100,0.0,60,0.96,60,0.0,20,0.7,,,True,sym,5,0.9,,10,,,10,0.5,,14,,True,fixed,,1.0,0.0,1.0,1.0,0.16163718370472369,-0.1953738657493035,0.9660116030427292,0.8273224419489684,0.1920478105339718,-0.3163928833451798,0.7484016695886052,0.6069915622104893,0.17654904586580877,-0.3163928833451801,0.8662408328596921,0.5580057427309333,8.949106536982583,0.19557294427453797,0.27324134811128703,0.10042976702103597,0.626328884867677
v2vol,100,0.0,60,0.96,60,0.0,20,0.7,,,True,sym,5,0.9,,10,,,10,0.5,,14,75.0,False,fixed,,1.0,0.0,0.85,1.0,0.15163369463136478,-0.18316559259900678,1.0177222322512736,0.8278503210115841,0.21780614662136943,-0.2034655184526043,1.0038148923572359,1.0704818599133086,0.179054875449139,-0.2034655184526053,1.018196963032366,0.8800256515742129,7.6380909296539246,0.16246283905871545,0.27324134811128703,0.059488803438136166,0.6672698484505768
v2vol,100,0.0,60,0.96,60,0.0,20,0.7,,,True,sym,5,0.9,,10,,,10,0.5,,14,75.0,False,fixed,,1.0,0.0,1.0,1.0,0.15763572280175264,-0.18128218516271488,1.0148127312569002,0.8695599220643898,0.21996209143509793,-0.20685785950218583,0.9910102995817264,1.0633489680520147,0.18421465349731947,-0.2068578595021846,1.0136739928491485,0.8905373667727331,7.6380909296539246,0.1684848680475744,0.27324134811128703,0.059488803438136166,0.6672698484505768
v2vol,100,0.0,60,0.96,60,0.0,20,0.7,,,True,sym,5,0.9,,10,,,10,0.5,,14,75.0,True,fixed,,1.0,0.0,0.85,1.0,0.15373987023052726,-0.18316559259900678,1.0326881635277203,0.8393490723287782,0.21780614662136943,-0.2034655184526043,1.0038148923572359,1.0704818599133086,0.18040449517033785,-0.2034655184526044,1.0264025490580235,0.8866588134557137,7.52408957249491,0.16224711574992184,0.27324134811128703,0.05835783759330468,0.6684008142954083
v2vol,100,0.0,60,0.96,60,0.0,20,0.7,,,True,sym,5,0.9,,10,,,10,0.5,,14,75.0,True,fixed,,1.0,0.0,1.0,1.0,0.1602828155670435,-0.18128218516271488,1.0330260498913388,0.8841619788683437,0.21996209143509793,-0.20685785950218583,0.9910102995817264,1.0633489680520147,0.1859093336509443,-0.20685785950218505,1.0237199981640912,0.8987298529451357,7.52408957249491,0.16818182731933237,0.27324134811128703,0.05835783759330468,0.6684008142954083
v2vol,100,0.0,60,0.96,60,0.0,20,0.7,,,True,sym,5,0.9,,10,,,10,0.5,,14,85.0,False,fixed,,1.0,0.0,0.85,1.0,0.14502237551062946,-0.1831655925990079,0.9041821964532114,0.7917555554667802,0.19666601834070097,-0.2758010352189141,0.8065334816819881,0.7130720817802567,0.16714537355262582,-0.27580103521891386,0.862634662875639,0.6060360629899598,9.063107894141597,0.18458674533671338,0.27324134811128703,0.10450124406242932,0.6222574078262837
v2vol,100,0.0,60,0.96,60,0.0,20,0.7,,,True,sym,5,0.9,,10,,,10,0.5,,14,85.0,False,fixed,,1.0,0.0,1.0,1.0,0.14926032074741102,-0.20562827225130897,0.8752012307621294,0.7258745070084149,0.1920478105339718,-0.3163928833451798,0.7484016695886052,0.6069915622104893,0.1686846724959461,-0.31639288334518023,0.8216273402763145,0.5331493891786228,9.063107894141597,0.19884898354097572,0.27324134811128703,0.10450124406242932,0.6222574078262837
v2vol,100,0.0,60,0.96,60,0.0,20,0.7,,,True,sym,5,0.9,,10,,,10,0.5,,14,85.0,True,fixed,,1.0,0.0,0.85,1.0,0.15450826287669117,-0.18316559259900878,0.9790020024925773,0.8435441432220568,0.19666601834070097,-0.2758010352189141,0.8065334816819881,0.7130720817802567,0.17318992271836176,-0.27580103521891386,0.8999623148864693,0.6279524026474167,8.949106536982583,0.1821586377121677,0.27324134811128703,0.10042976702103597,0.626328884867677
v2vol,100,0.0,60,0.96,60,0.0,20,0.7,,,True,sym,5,0.9,,10,,,10,0.5,,14,85.0,True,fixed,,1.0,0.0,1.0,1.0,0.16163718370472369,-0.1953738657493035,0.9660116030427292,0.8273224419489684,0.1920478105339718,-0.3163928833451798,0.7484016695886052,0.6069915622104893,0.17654904586580877,-0.3163928833451801,0.8662408328596921,0.5580057427309333,8.949106536982583,0.19557294427453797,0.27324134811128703,0.10042976702103597,0.626328884867677
v2vol,100,0.0,60,0.96,60,0.0,20,0.7,,,True,sym,5,0.9,,10,,,10,0.5,0.15,14,,False,fixed,,1.0,0.0,0.85,1.0,0.14690868823434666,-0.19240607537213106,0.8225473395552633,0.763534560695195,0.25021132000198243,-0.30565999942718436,1.010196627675585,0.8185936022733942,0.18762818910950863,-0.3056599994271849,0.9096310037440268,0.6138460690346428,10.545125537208776,0.19673758623946985,0.3892784437909975,0.16806152454195883,0.44266003166704365
v2vol,100,0.0,60,0.96,60,0.0,20,0.7,,,True,sym,5,0.9,,10,,,10,0.5,0.15,14,,False,fixed,,1.0,0.0,1.0,1.0,0.1605017232764796,-0.21326596826402777,0.8129878607359314,0.7525894758688132,0.2575494686190214,-0.3431901089813074,0.9643530105156805,0.7504571427874379,0.1995829371403839,-0.3431901089813082,0.8857105326856103,0.5815521249514045,10.545125537208776,0.21860127519121456,0.3892784437909975,0.16806152454195883,0.44266003166704365
v2vol,100,0.0,60,0.96,60,0.0,20,0.7,,,True,sym,5,0.9,,10,,,10,0.5,0.15,14,,True,fixed,,1.0,0.0,0.85,1.0,0.15535381895369893,-0.19240607537213128,0.8852917546500034,0.8074267855275888,0.2522697119951929,-0.30565999942718436,1.0162147386688383,0.8253278560097939,0.19383001178756554,-0.30565999942718447,0.9481907260148547,0.6341360078217905,10.83012893010631,0.19355420792371714,0.37864736484958156,0.15969237729020583,0.46166025786021264
v2vol,100,0.0,60,0.96,60,0.0,20,0.7,,,True,sym,5,0.9,,10,,,10,0.5,0.15,14,,True,fixed,,1.0,0.0,1.0,1.0,0.16949670000805162,-0.21326596826402822,0.8762844983828986,0.7947667477738912,0.2596199423988197,-0.3431901089813074,0.970057550444984,0.7564901656678004,0.20613762410747327,-0.34319010898130775,0.9245310894673582,0.6006514136417049,10.83012893010631,0.21426822586993938,0.37864736484958156,0.15969237729020583,0.46166025786021264
v2vol,100,0.0,60,0.96,60,0.0,20,0.7,,,True,sym,5,0.9,,10,,,10,0.5,0.15,14,75.0,False,fixed,,1.0,0.0,0.85,1.0,0.13915391922635068,-0.19147807476916967,0.8469835504071392,0.7267355251722856,0.2324459096970075,-0.17147366806438935,1.105494772866505,1.3555778698903365,0.17628279879790032,-0.19147807476916967,0.9617353090222929,0.9206422145742402,9.576114001357158,0.1710407611665182,0.3906356028047953,0.11015607328658675,0.49920832390861797
v2vol,100,0.0,60,0.96,60,0.0,20,0.7,,,True,sym,5,0.9,,10,,,10,0.5,0.15,14,75.0,False,fixed,,1.0,0.0,1.0,1.0,0.1510148260232742,-0.2196376751680802,0.8418903500095646,0.687563396888573,0.2379833538696967,-0.17500225841621553,1.0911772741706134,1.3598873295891445,0.18645688555557927,-0.2196376751680802,0.9515519714136724,0.8489294262147469,9.576114001357158,0.18443772344121903,0.3906356028047953,0.11015607328658675,0.49920832390861797
v2vol,100,0.0,60,0.96,60,0.0,20,0.7,,,True,sym,5,0.9,,10,,,10,0.5,0.15,14,75.0,True,fixed,,1.0,0.0,0.85,1.0,0.14054540295592388,-0.19147807476917145,0.8644969303852658,0.7340025907684347,0.23447505209237507,-0.17147366806438935,1.1120356722182498,1.367411420885499,0.17790649841574835,-0.19147807476917145,0.9756466308432197,0.9291220346257202,9.804116715675185,0.1697949941647238,0.37842117168061523,0.10450124406242932,0.5170775842569555
v2vol,100,0.0,60,0.96,60,0.0,20,0.7,,,True,sym,5,0.9,,10,,,10,0.5,0.15,14,75.0,True,fixed,,1.0,0.0,1.0,1.0,0.15033669661644944,-0.21963767516807986,0.8509939642633328,0.6844759056086476,0.24002161330837168,-0.17500225841621553,1.0976098346894092,1.3715343760736949,0.18674891977899222,-0.21963767516807986,0.9607956391817943,0.8502590442922909,9.804116715675185,0.1825571167291255,0.37842117168061523,0.10450124406242932,0.5170775842569555
v2vol,100,0.0,60,0.96,60,0.0,20,0.7,,,True,sym,5,0.9,,10,,,10,0.5,0.15,14,85.0,False,fixed,,1.0,0.0,0.85,1.0,0.14690868823434666,-0.19240607537213106,0.8225473395552633,0.763534560695195,0.25021132000198243,-0.30565999942718436,1.010196627675585,0.8185936022733942,0.18762818910950863,-0.3056599994271849,0.9096310037440268,0.6138460690346428,10.545125537208776,0.19673758623946985,0.3892784437909975,0.16806152454195883,0.44266003166704365
v2vol,100,0.0,60,0.96,60,0.0,20,0.7,,,True,sym,5,0.9,,10,,,10,0.5,0.15,14,85.0,False,fixed,,1.0,0.0,1.0,1.0,0.1605017232764796,-0.21326596826402777,0.8129878607359314,0.7525894758688132,0.2575494686190214,-0.3431901089813074,0.9643530105156805,0.7504571427874379,0.1995829371403839,-0.3431901089813082,0.8857105326856103,0.5815521249514045,10.545125537208776,0.21860127519121456,0.3892784437909975,0.16806152454195883,0.44266003166704365
v2vol,100,0.0,60,0.96,60,0.0,20,0.7,,,True,sym,5,0.9,,10,,,10,0.5,0.15,14,85.0,True,fixed,,1.0,0.0,0.85,1.0,0.15535381895369893,-0.19240607537213128,0.8852917546500034,0.8074267855275888,0.2522697119951929,-0.30565999942718436,1.0162147386688383,0.8253278560097939,0.19383001178756554,-0.30565999942718447,0.9481907260148547,0.6341360078217905,10.83012893010631,0.19355420792371714,0.37864736484958156,0.15969237729020583,0.46166025786021264
v2vol,100,0.0,60,0.96,60,0.0,20,0.7,,,True,sym,5,0.9,,10,,,10,0.5,0.15,14,85.0,True,fixed,,1.0,0.0,1.0,1.0,0.16949670000805162,-0.21326596826402822,0.8762844983828986,0.7947667477738912,0.2596199423988197,-0.3431901089813074,0.970057550444984,0.7564901656678004,0.20613762410747327,-0.34319010898130775,0.9245310894673582,0.6006514136417049,10.83012893010631,0.21426822586993938,0.37864736484958156,0.15969237729020583,0.46166025786021264
v2vol,100,0.0,60,0.96,60,0.0,20,0.7,,,True,sym,5,0.9,,10,,,10,0.5,0.25,14,,False,fixed,,1.0,0.0,0.85,1.0,0.07219375874582834,-0.25734630275721293,0.48648975923322835,0.28053155600971574,0.13491858884220687,-0.30918657378762615,0.6042041473511649,0.43636625998798917,0.09812763808597214,-0.30918657378762604,0.5478208663106029,0.31737354207810464,10.317122822890749,0.17677620778019176,0.6123049083917665,0.15335896855914952,0.2343361230490839
v2vol,100,0.0,60,0.96,60,0.0,20,0.7,,,True,sym,5,0.9,,10,,,10,0.5,0.25,14,,False,fixed,,1.0,0.0,1.0,1.0,0.07412664655746726,-0.29794369264828013,0.45880867864009073,0.2487941459629189,0.1407829559079412,-0.35755195242729854,0.5845704790497497,0.3937412590036598,0.10198377661673153,-0.3575519524272983,0.5241314082023822,0.28522785548896723,10.317122822890749,0.19995771409146026,0.6123049083917665,0.15335896855914952,0.2343361230490839
v2vol,100,0.0,60,0.96,60,0.0,20,0.7,,,True,sym,5,0.9,,10,,,10,0.5,0.25,14,,True,fixed,,1.0,0.0,0.85,1.0,0.07413343119396343,-0.2073439790451218,0.5086567700204262,0.3575383839712589,0.13678715881821213,-0.30918657378762615,0.6115568260309182,0.44240976295487006,0.10004744803641685,-0.30918657378762593,0.5637099182766209,0.32358277014039244,10.65912689436779,0.17405152784349154,0.6046143406469124,0.14906129834878987,0.24632436100429767
v2vol,100,0.0,60,0.96,60,0.0,20,0.7,,,True,sym,5,0.9,,10,,,10,0.5,0.25,14,,True,fixed,,1.0,0.0,1.0,1.0,0.07570030627742108,-0.23799650115755266,0.4775422822309054,0.31807318977058324,0.14266118118463056,-0.35755195242729854,0.5912875233708608,0.39899427262570475,0.10367297638449302,-0.35755195242729854,0.5380439150057902,0.2899522032551982,10.65912689436779,0.19630480734074326,0.6046143406469124,0.14906129834878987,0.24632436100429767
v2vol,100,0.0,60,0.96,60,0.0,20,0.7,,,True,sym,5,0.9,,10,,,10,0.5,0.25,14,75.0,False,fixed,,1.0,0.0,0.85,1.0,0.07179618526732745,-0.1619849323657132,0.5484566980623266,0.44322755344449744,0.10170163712768088,-0.1999435228432247,0.554296506666735,0.5086518216817902,0.08574649154227543,-0.19994352284322514,0.5680857929121155,0.4288535598600455,9.804116715675185,0.14005457280167155,0.6181859307848903,0.08889391540375481,0.2929201538113549
v2vol,100,0.0,60,0.96,60,0.0,20,0.7,,,True,sym,5,0.9,,10,,,10,0.5,0.25,14,75.0,False,fixed,,1.0,0.0,1.0,1.0,0.07462164341153588,-0.18609398874574434,0.5269315379590264,0.40098900514991703,0.1046558626005143,-0.20774195695001352,0.5521728644243862,0.5037781685367313,0.08911786623390672,-0.20774195695001363,0.5554014789982635,0.42898347325836567,9.804116715675185,0.15199768574787204,0.6181859307848903,0.08889391540375481,0.2929201538113549
v2vol,100,0.0,60,0.96,60,0.0,20,0.7,,,True,sym,5,0.9,,10,,,10,0.5,0.25,14,75.0,True,fixed,,1.0,0.0,0.85,1.0,0.07676987092170728,-0.1620113085736815,0.5811519086999662,0.4738550141812658,0.10351551754332644,-0.1999435228432247,0.5638069840222851,0.5177237855536473,0.08956830849669739,-0.1999435228432257,0.5916054338299508,0.4479680422902585,10.032119429993214,0.14053862264787442,0.6089120108572721,0.08889391540375481,0.30219407373897306
v2vol,100,0.0,60,0.96,60,0.0,20,0.7,,,True,sym,5,0.9,,10,,,10,0.5,0.25,14,75.0,True,fixed,,1.0,0.0,1.0,1.0,0.07960844064518025,-0.1886185468136664,0.5566839696352903,0.4220605130831821,0.10647460695712896,-0.20774195695001352,0.5613433082848593,0.512532992951196,0.09295155039403147,-0.2077419569500153,0.5772669940200047,0.44743754106637446,10.032119429993214,0.15244336469428169,0.6089120108572721,0.08889391540375481,0.30219407373897306
v2vol,100,0.0,60,0.96,60,0.0,20,0.7,,,True,sym,5,0.9,,10,,,10,0.5,0.25,14,85.0,False,fixed,,1.0,0.0,0.85,1.0,0.07219375874582834,-0.25734630275721293,0.48648975923322835,0.28053155600971574,0.13491858884220687,-0.30918657378762615,0.6042041473511649,0.43636625998798917,0.09812763808597214,-0.30918657378762604,0.5478208663106029,0.31737354207810464,10.317122822890749,0.17677620778019176,0.6123049083917665,0.15335896855914952,0.2343361230490839
v2vol,100,0.0,60,0.96,60,0.0,20,0.7,,,True,sym,5,0.9,,10,,,10,0.5,0.25,14,85.0,False,fixed,,1.0,0.0,1.0,1.0,0.07412664655746726,-0.29794369264828013,0.45880867864009073,0.2487941459629189,0.1407829559079412,-0.35755195242729854,0.5845704790497497,0.3937412590036598,0.10198377661673153,-0.3575519524272983,0.5241314082023822,0.28522785548896723,10.317122822890749,0.19995771409146026,0.6123049083917665,0.15335896855914952,0.2343361230490839
v2vol,100,0.0,60,0.96,60,0.0,20,0.7,,,True,sym,5,0.9,,10,,,10,0.5,0.25,14,85.0,True,fixed,,1.0,0.0,0.85,1.0,0.07413343119396343,-0.2073439790451218,0.5086567700204262,0.3575383839712589,0.13678715881821213,-0.30918657378762615,0.6115568260309182,0.44240976295487006,0.10004744803641685,-0.30918657378762593,0.5637099182766209,0.32358277014039244,10.65912689436779,0.17405152784349154,0.6046143406469124,0.14906129834878987,0.24632436100429767
v2vol,100,0.0,60,0.96,60,0.0,20,0.7,,,True,sym,5,0.9,,10,,,10,0.5,0.25,14,85.0,True,fixed,,1.0,0.0,1.0,1.0,0.07570030627742108,-0.23799650115755266,0.4775422822309054,0.31807318977058324,0.14266118118463056,-0.35755195242729854,0.5912875233708608,0.39899427262570475,0.10367297638449302,-0.35755195242729854,0.5380439150057902,0.2899522032551982,10.65912689436779,0.19630480734074326,0.6046143406469124,0.14906129834878987,0.24632436100429767
v2vol,100,0.0,60,0.96,60,0.0,20,0.7,,,True,sym,5,0.9,,10,,,20,,,14,,False,fixed,,1.0,0.0,0.85,1.0,0.2853875464712572,-0.3101313941521374,0.9970125828459794,0.9202149535730589,0.3721435481338986,-0.27580103521891386,0.9926453683681263,1.349318895190201,0.3206488071943583,-0.3101313941521374,0.9981993795300241,1.0339127648491513,8.09409635828998,0.3166407099688601,0.27437231395611855,0.5344944582673603,0.19113322777652114
v2vol,100,0.0,60,0.96,60,0.0,20,0.7,,,True,sym,5,0.9,,10,,,20,,,14,,False,fixed,,1.0,0.0,1.0,1.0,0.3264286683765949,-0.3648787136215276,0.9926601983119125,0.8946223942106549,0.4145471913534948,-0.3219772104790779,0.9833903115309884,1.2875047607769499,0.36292322923005216,-0.3648787136215276,0.9921926471994715,0.9946407276761456,8.09409635828998,0.36838664881976957,0.27437231395611855,0.5344944582673603,0.19113322777652114
v2vol,100,0.0,60,0.96,60,0.0,20,0.7,,,True,sym,5,0.9,,10,,,20,,,14,,True,fixed,,1.0,0.0,0.85,1.0,0.18259668223637693,-0.2913824046958503,0.8643587271014578,0.6266565149222868,0.30296299101912383,-0.27580103521891386,0.9906987894096374,1.0984838790711953,0.229485775091834,-0.2913824046958503,0.9223082952167859,0.7875759530894633,12.255145894593984,0.24258968225956276,0.27437231395611855,0.2834200407147704,0.44220764532911105
v2vol,100,0.0,60,0.96,60,0.0,20,0.7,,,True,sym,5,0.9,,10,,,20,,,14,,True,fixed,,1.0,0.0,1.0,1.0,0.19717446606785183,-0.3406506406204617,0.8388871857452125,0.5788172472205481,0.3287382411566895,-0.31639288334518023,0.9736396967948223,1.0390190755271844,0.24862342161555762,-0.3406506406204617,0.9011510169560112,0.7298486835742168,12.255145894593984,0.2748355276887599,0.27437231395611855,0.2834200407147704,0.44220764532911105
v2vol,100,0.0,60,0.96,60,0.0,20,0.7,,,True,sym,5,0.9,,10,,,20,,,14,75.0,False,fixed,,1.0,0.0,0.85,1.0,0.28610280099615615,-0.3110780502124736,1.0133743536766753,0.9197138814543206,0.40354086367505126,-0.27351063400154874,1.0852752826986496,1.4754119712682405,0.3323316368676552,-0.3110780502124736,1.0474061710697897,1.0683223603872563,8.892105858403076,0.30732448427269543,0.27437231395611855,0.5084822438362362,0.21714544220764534
v2vol,100,0.0,60,0.96,60,0.0,20,0.7,,,True,sym,5,0.9,,10,,,20,,,14,75.0,False,fixed,,1.0,0.0,1.0,1.0,0.32805213691309887,-0.3660230995238736,1.0105435344877096,0.8962607478594447,0.45767367982648666,-0.3219772104790781,1.0849982012548922,1.4214474345730939,0.3793697247178791,-0.3660230995238736,1.04596964277106,1.0364638876927903,8.892105858403076,0.3567486059915418,0.27437231395611855,0.5084822438362362,0.21714544220764534
v2vol,100,0.0,60,0.96,60,0.0,20,0.7,,,True,sym,5,0.9,,10,,,20,,,14,75.0,True,fixed,,1.0,0.0,0.85,1.0,0.180920362138822,-0.2913824046958504,0.8802284982538732,0.6209035247947438,0.32956571138726076,-0.2274885458232676,1.1349129257222978,1.4487134294809523,0.2377124771187722,-0.2913824046958504,0.9935860912536364,0.8158093051874572,11.457136394480885,0.22845561881033996,0.27437231395611855,0.24836009952499435,0.4772675865188871
v2vol,100,0.0,60,0.96,60,0.0,20,0.7,,,True,sym,5,0.9,,10,,,20,,,14,75.0,True,fixed,,1.0,0.0,1.0,1.0,0.1948966349880199,-0.34065064062046224,0.854277206642363,0.5721305400542752,0.36472300391187473,-0.2390820697331545,1.137503232509519,1.5255138301209759,0.2596582356150632,-0.34065064062046224,0.9798818590430136,0.7622420293768443,11.457136394480885,0.2566333575894791,0.27437231395611855,0.24836009952499435,0.4772675865188871
v2vol,100,0.0,60,0.96,60,0.0,20,0.7,,,True,sym,5,0.9,,10,,,20,,,14,85.0,False,fixed,,1.0,0.0,0.85,1.0,0.2853875464712572,-0.3101313941521374,0.9970125828459794,0.9202149535730589,0.3721435481338986,-0.27580103521891386,0.9926453683681263,1.349318895190201,0.3206488071943583,-0.3101313941521374,0.9981993795300241,1.0339127648491513,8.09409635828998,0.3166407099688601,0.27437231395611855,0.5344944582673603,0.19113322777652114
v2vol,100,0.0,60,0.96,60,0.0,20,0.7,,,True,sym,5,0.9,,10,,,20,,,14,85.0,False,fixed,,1.0,0.0,1.0,1.0,0.3264286683765949,-0.3648787136215276,0.9926601983119125,0.8946223942106549,0.4145471913534948,-0.3219772104790779,0.9833903115309884,1.2875047607769499,0.36292322923005216,-0.3648787136215276,0.9921926471994715,0.9946407276761456,8.09409635828998,0.36838664881976957,0.27437231395611855,0.5344944582673603,0.19113322777652114
v2vol,100,0.0,60,0.96,60,0.0,20,0.7,,,True,sym,5,0.9,,10,,,20,,,14,85.0,True,fixed,,1.0,0.0,0.85,1.0,0.18259668223637693,-0.2913824046958503,0.8643587271014578,0.6266565149222868,0.30296299101912383,-0.27580103521891386,0.9906987894096374,1.0984838790711953,0.229485775091834,-0.2913824046958503,0.9223082952167859,0.7875759530894633,12.255145894593984,0.24258968225956276,0.27437231395611855,0.2834200407147704,0.44220764532911105
v2vol,100,0.0,60,0.96,60,0.0,20,0.7,,,True,sym,5,0.9,,10,,,20,,,14,85.0,True,fixed,,1.0,0.0,1.0,1.0,0.19717446606785183,-0.3406506406204617,0.8388871857452125,0.5788172472205481,0.3287382411566895,-0.31639288334518023,0.9736396967948223,1.0390190755271844,0.24862342161555762,-0.3406506406204617,0.9011510169560112,0.7298486835742168,12.255145894593984,0.2748355276887599,0.27437231395611855,0.2834200407147704,0.44220764532911105
v2vol,100,0.0,60,0.96,60,0.0,20,0.7,,,True,sym,5,0.9,,10,,,20,,0.15,14,,False,fixed,,1.0,0.0,0.85,1.0,0.16016836635655962,-0.26171776657086643,0.7296247957214931,0.6119888934371988,0.2859648483300832,-0.31544863541153656,0.9052593011745969,0.9065337941849435,0.20888429610949943,-0.3154486354115371,0.8094935860949566,0.662181644364976,8.322099072608006,0.2613489090751496,0.5317801402397647,0.37638543315991857,0.09183442660031667
v2vol,100,0.0,60,0.96,60,0.0,20,0.7,,,True,sym,5,0.9,,10,,,20,,0.15,14,,False,fixed,,1.0,0.0,1.0,1.0,0.1782971359514356,-0.3028840871969801,0.717442603415497,0.5886645865138513,0.32351961988724187,-0.3552678456728866,0.9062638881340198,0.9106358028953823,0.23444207724748867,-0.35526784567288683,0.8030532438910257,0.659902324690964,8.322099072608006,0.3051407342249729,0.5317801402397647,0.37638543315991857,0.09183442660031667
v2vol,100,0.0,60,0.96,60,0.0,20,0.7,,,True,sym,5,0.9,,10,,,20,,0.15,14,,True,fixed,,1.0,0.0,0.85,1.0,0.11881296009080966,-0.21575065787604375,0.6644270052565697,0.5506957024393957,0.2362321364651332,-0.3465557422578954,0.853374418766506,0.6816569678690736,0.16442262198850432,-0.346555742257897,0.7520761510640999,0.47444783606022506,10.545125537208776,0.21742246371262883,0.5331372992535626,0.2445148156525673,0.22234788509387016
v2vol,100,0.0,60,0.96,60,0.0,20,0.7,,,True,sym,5,0.9,,10,,,20,,0.15,14,,True,fixed,,1.0,0.0,1.0,1.0,0.12829439789156183,-0.25270973546368525,0.6432283185723988,0.5076749324918585,0.2602424010795348,-0.3972667243776443,0.8436403147919955,0.6550823039287496,0.1795722759796683,-0.39726672437764365,0.7363856769456636,0.4520194241311941,10.545125537208776,0.25015610002643823,0.5331372992535626,0.2445148156525673,0.22234788509387016
v2vol,100,0.0,60,0.96,60,0.0,20,0.7,,,True,sym,5,0.9,,10,,,20,,0.15,14,75.0,False,fixed,,1.0,0.0,0.85,1.0,0.17432940381080164,-0.26171776657086643,0.8013705543329808,0.6660969413537989,0.305582809364741,-0.21869684669765554,1.007810589318003,1.397289508189406,0.22501699768931172,-0.26171776657086643,0.8941399714420281,0.8597696695855874,8.892105858403076,0.2473464021344978,0.5340420719294278,0.34743270753223254,0.11852522053833975
v2vol,100,0.0,60,0.96,60,0.0,20,0.7,,,True,sym,5,0.9,,10,,,20,,0.15,14,75.0,False,fixed,,1.0,0.0,1.0,1.0,0.1973568979990028,-0.3028840871969801,0.7952925339952912,0.6515921645981094,0.34970348526082606,-0.25405155409525193,1.0147328245839378,1.3765059871655467,0.25607338408145264,-0.3028840871969801,0.8935085557525517,0.8454501075023984,8.892105858403076,0.28773173786161005,0.5340420719294278,0.34743270753223254,0.11852522053833975
v2vol,100,0.0,60,0.96,60,0.0,20,0.7,,,True,sym,5,0.9,,10,,,20,,0.15,14,75.0,True,fixed,,1.0,0.0,0.85,1.0,0.11446604443448627,-0.2157506578760443,0.665995152681817,0.5305478349931646,0.2461350244857159,-0.22576693559918637,0.9668354895959845,1.0902173244832,0.16505840374943315,-0.2257669355991856,0.8019678128678469,0.7311008731697936,9.9181180728342,0.1999116877553511,0.5363040036190907,0.20787152228002714,0.25582447410088216
v2vol,100,0.0,60,0.96,60,0.0,20,0.7,,,True,sym,5,0.9,,10,,,20,,0.15,14,75.0,True,fixed,,1.0,0.0,1.0,1.0,0.12265011310599383,-0.25270973546368525,0.6418233837797402,0.485339881666802,0.2743746109276508,-0.25405155409525115,0.9675535209924301,1.0799957981157633,0.18078735481933084,-0.2540515540952516,0.7885173415568711,0.7116168033813649,9.9181180728342,0.22801961493114922,0.5363040036190907,0.20787152228002714,0.25582447410088216
v2vol,100,0.0,60,0.96,60,0.0,20,0.7,,,True,sym,5,0.9,,10,,,20,,0.15,14,85.0,False,fixed,,1.0,0.0,0.85,1.0,0.16016836635655962,-0.26171776657086643,0.7296247957214931,0.6119888934371988,0.2859648483300832,-0.31544863541153656,0.9052593011745969,0.9065337941849435,0.20888429610949943,-0.3154486354115371,0.8094935860949566,0.662181644364976,8.322099072608006,0.2613489090751496,0.5317801402397647,0.37638543315991857,0.09183442660031667
v2vol,100,0.0,60,0.96,60,0.0,20,0.7,,,True,sym,5,0.9,,10,,,20,,0.15,14,85.0,False,fixed,,1.0,0.0,1.0,1.0,0.1782971359514356,-0.3028840871969801,0.717442603415497,0.5886645865138513,0.32351961988724187,-0.3552678456728866,0.9062638881340198,0.9106358028953823,0.23444207724748867,-0.35526784567288683,0.8030532438910257,0.659902324690964,8.322099072608006,0.3051407342249729,0.5317801402397647,0.37638543315991857,0.09183442660031667
v2vol,100,0.0,60,0.96,60,0.0,20,0.7,,,True,sym,5,0.9,,10,,,20,,0.15,14,85.0,True,fixed,,1.0,0.0,0.85,1.0,0.11881296009080966,-0.21575065787604375,0.6644270052565697,0.5506957024393957,0.2362321364651332,-0.3465557422578954,0.853374418766506,0.6816569678690736,0.16442262198850432,-0.346555742257897,0.7520761510640999,0.47444783606022506,10.545125537208776,0.21742246371262883,0.5331372992535626,0.2445148156525673,0.22234788509387016
v2vol,100,0.0,60,0.96,60,0.0,20,0.7,,,True,sym,5,0.9,,10,,,20,,0.15,14,85.0,True,fixed,,1.0,0.0,1.0,1.0,0.12829439789156183,-0.25270973546368525,0.6432283185723988,0.5076749324918585,0.2602424010795348,-0.3972667243776443,0.8436403147919955,0.6550823039287496,0.1795722759796683,-0.39726672437764365,0.7363856769456636,0.4520194241311941,10.545125537208776,0.25015610002643823,0.5331372992535626,0.2445148156525673,0.22234788509387016
v2vol,100,0.0,60,0.96,60,0.0,20,0.7,,,True,sym,5,0.9,,10,,,20,,0.25,14,,False,fixed,,1.0,0.0,0.85,1.0,0.06643203584351887,-0.3120380809259399,0.41538691181164256,0.2128972067972885,0.18929594353795198,-0.3498408030955634,0.7345148633794438,0.5410916675898535,0.11374875714618171,-0.3498408030955633,0.5611710116557262,0.3251443403390251,7.752092286812938,0.20891430647480438,0.682650983940285,0.25650305360778103,0.06084596245193395
v2vol,100,0.0,60,0.96,60,0.0,20,0.7,,,True,sym,5,0.9,,10,,,20,,0.25,14,,False,fixed,,1.0,0.0,1.0,1.0,0.07243986853104856,-0.37400135741109797,0.4105527500618137,0.19368878506882928,0.20832275386272392,-0.40268587232263275,0.725611654234533,0.5173331576326454,0.12483232751007756,-0.4026858723226334,0.5543786800938727,0.309999272609349,7.752092286812938,0.2438422594291484,0.682650983940285,0.25650305360778103,0.06084596245193395
v2vol,100,0.0,60,0.96,60,0.0,20,0.7,,,True,sym,5,0.9,,10,,,20,,0.25,14,,True,fixed,,1.0,0.0,0.85,1.0,0.058540487192028756,-0.29337196736065996,0.3951927294537323,0.19954356143394364,0.1865236799178216,-0.36437390920589374,0.759505525929703,0.5119018546753966,0.10761454940958237,-0.3643739092058932,0.562806128917637,0.29534098542926596,8.721103822664555,0.19261095718778096,0.6828771771092513,0.19995476136620674,0.11716806152454196
v2vol,100,0.0,60,0.96,60,0.0,20,0.7,,,True,sym,5,0.9,,10,,,20,,0.25,14,,True,fixed,,1.0,0.0,1.0,1.0,0.06291102823583161,-0.35315388800757763,0.3868094259815489,0.17814055110864793,0.20619665667418485,-0.4183367779738376,0.7536512465829889,0.4928963159129179,0.11782809985663278,-0.41833677797383817,0.5554009729458541,0.2816584772376898,8.721103822664555,0.22344729697872612,0.6828771771092513,0.19995476136620674,0.11716806152454196
v2vol,100,0.0,60,0.96,60,0.0,20,0.7,,,True,sym,5,0.9,,10,,,20,,0.25,14,75.0,False,fixed,,1.0,0.0,0.85,1.0,0.07885121471808465,-0.3061111510955834,0.4952424759058545,0.2575901414759742,0.1693499724044265,-0.217104281361427,0.7240351891014423,0.780039764036247,0.1118589838085684,-0.3061111510955834,0.5880021357939129,0.36541950010060353,8.151097036869487,0.189864977132497,0.6930558697127347,0.2196335670662746,0.08731056322099072
v2vol,100,0.0,60,0.96,60,0.0,20,0.7,,,True,sym,5,0.9,,10,,,20,,0.25,14,75.0,False,fixed,,1.0,0.0,1.0,1.0,0.08908510094802868,-0.3644363981385099,0.49788996662855195,0.24444622272380834,0.1871246369344679,-0.2515960634045702,0.7212925692341042,0.7437502574655499,0.12477744279504921,-0.3644363981385099,0.5879698054842032,0.34238468888506995,8.151097036869487,0.22021352618005846,0.6930558697127347,0.2196335670662746,0.08731056322099072
v2vol,100,0.0,60,0.96,60,0.0,20,0.7,,,True,sym,5,0.9,,10,,,20,,0.25,14,75.0,True,fixed,,1.0,0.0,0.85,1.0,0.05401677616934197,-0.27813783926236657,0.38217022325966354,0.19420865680339205,0.15205057791124021,-0.2346044668644086,0.7020324373024527,0.6481145902440083,0.08967519145727731,-0.27813783926236657,0.5120679186569602,0.32241277093077214,8.151097036869487,0.17241717905112094,0.6941868355575661,0.15743044560054287,0.14838271884189097
v2vol,100,0.0,60,0.96,60,0.0,20,0.7,,,True,sym,5,0.9,,10,,,20,,0.25,14,75.0,True,fixed,,1.0,0.0,1.0,1.0,0.05714039397262827,-0.33465419380206873,0.3699353546706691,0.17074459257015606,0.16686199865534834,-0.2578830542378726,0.7006969826411263,0.6470452242334388,0.09692278977779023,-0.33465419380206873,0.5031768143572594,0.2896207236390267,8.151097036869487,0.1982380220987189,0.6941868355575661,0.15743044560054287,0.14838271884189097
v2vol,100,0.0,60,0.96,60,0.0,20,0.7,,,True,sym,5,0.9,,10,,,20,,0.25,14,85.0,False,fixed,,1.0,0.0,0.85,1.0,0.06643203584351887,-0.3120380809259399,0.41538691181164256,0.2128972067972885,0.18929594353795198,-0.3498408030955634,0.7345148633794438,0.5410916675898535,0.11374875714618171,-0.3498408030955633,0.5611710116557262,0.3251443403390251,7.752092286812938,0.20891430647480438,0.682650983940285,0.25650305360778103,0.06084596245193395
v2vol,100,0.0,60,0.96,60,0.0,20,0.7,,,True,sym,5,0.9,,10,,,20,,0.25,14,85.0,False,fixed,,1.0,0.0,1.0,1.0,0.07243986853104856,-0.37400135741109797,0.4105527500618137,0.19368878506882928,0.20832275386272392,-0.40268587232263275,0.725611654234533,0.5173331576326454,0.12483232751007756,-0.4026858723226334,0.5543786800938727,0.309999272609349,7.752092286812938,0.2438422594291484,0.682650983940285,0.25650305360778103,0.06084596245193395
v2vol,100,0.0,60,0.96,60,0.0,20,0.7,,,True,sym,5,0.9,,10,,,20,,0.25,14,85.0,True,fixed,,1.0,0.0,0.85,1.0,0.058540487192028756,-0.29337196736065996,0.3951927294537323,0.19954356143394364,0.1865236799178216,-0.36437390920589374,0.759505525929703,0.5119018546753966,0.10761454940958237,-0.3643739092058932,0.562806128917637,0.29534098542926596,8.721103822664555,0.19261095718778096,0.6828771771092513,0.19995476136620674,0.11716806152454196
v2vol,100,0.0,60,0.96,60,0.0,20,0.7,,,True,sym,5,0.9,,10,,,20,,0.25,14,85.0,True,fixed,,1.0,0.0,1.0,1.0,0.06291102823583161,-0.35315388800757763,0.3868094259815489,0.17814055110864793,0.20619665667418485,-0.4183367779738376,0.7536512465829889,0.4928963159129179,0.11782809985663278,-0.41833677797383817,0.5554009729458541,0.2816584772376898,8.721103822664555,0.22344729697872612,0.6828771771092513,0.19995476136620674,0.11716806152454196
v2vol,100,0.0,60,0.96,60,0.0,20,0.7,,,True,sym,5,0.9,,10,,,20,0.2,,14,,False,fixed,,1.0,0.0,0.85,1.0,0.18106931487000666,-0.2753864462469957,0.8159134394714418,0.657509900496717,0.30866643559432827,-0.2758010352189141,0.967976360131465,1.1191634409541924,0.23049919932527096,-0.27580103521891397,0.8850752669693178,0.8357445037953349,10.203121465731735,0.2580956481989869,0.27324134811128703,0.3141823116941868,0.4125763401945261
v2vol,100,0.0,60,0.96,60,0.0,20,0.7,,,True,sym,5,0.9,,10,,,20,0.2,,14,,False,fixed,,1.0,0.0,1.0,1.0,0.1937128049409953,-0.2983688396356061,0.7846512574169308,0.6492393950305742,0.33503892932124835,-0.31639288334518,0.9486793183875337,1.058933202855027,0.24856818742005937,-0.31639288334518034,0.859499690966081,0.7856314111492667,10.203121465731735,0.2946461090963314,0.27324134811128703,0.3141823116941868,0.4125763401945261
v2vol,100,0.0,60,0.96,60,0.0,20,0.7,,,True,sym,5,0.9,,10,,,20,0.2,,14,,True,fixed,,1.0,0.0,0.85,1.0,0.1726117107454248,-0.2489236012489504,0.8992268283518887,0.6934324824137287,0.2768002923358863,-0.2758010352189143,0.9786373225655279,1.0036231086521443,0.21373598531274984,-0.2758010352189141,0.9366018076232752,0.7749644055654078,10.65912689436779,0.21932366686816251,0.27324134811128703,0.20063334087310564,0.5261253110156073
v2vol,100,0.0,60,0.96,60,0.0,20,0.7,,,True,sym,5,0.9,,10,,,20,0.2,,14,,True,fixed,,1.0,0.0,1.0,1.0,0.1846372584620577,-0.28037161865422155,0.8739136933350755,0.658544753382361,0.29534200064526783,-0.31639288334518023,0.9569247857978488,0.9334660044266982,0.22867060915965487,-0.3163928833451801,0.9137522539415094,0.7227425811287244,10.65912689436779,0.24475519500789664,0.27324134811128703,0.20063334087310564,0.5261253110156073
v2vol,100,0.0,60,0.96,60,0.0,20,0.7,,,True,sym,5,0.9,,10,,,20,0.2,,14,75.0,False,fixed,,1.0,0.0,0.85,1.0,0.19518915908213263,-0.27538644624699626,0.8875040818001955,0.7087827369218671,0.32830989429902235,-0.2034655184526064,1.0730115342928606,1.6135898445883161,0.24661427312633677,-0.27538644624699626,0.9711681372458081,0.8955207363587767,10.65912689436779,0.2451692802844968,0.27324134811128703,0.286134358742366,0.440624293146347
v2vol,100,0.0,60,0.96,60,0.0,20,0.7,,,True,sym,5,0.9,,10,,,20,0.2,,14,75.0,False,fixed,,1.0,0.0,1.0,1.0,0.212462986723144,-0.29836883963560623,0.8638616425198437,0.7120816871581568,0.36216016964870823,-0.2082271448400449,1.0662610148844591,1.73925532104333,0.27032790630713244,-0.29836883963560623,0.9550130280092214,0.9060192298809762,10.65912689436779,0.2781522898352308,0.27324134811128703,0.286134358742366,0.440624293146347
v2vol,100,0.0,60,0.96,60,0.0,20,0.7,,,True,sym,5,0.9,,10,,,20,0.2,,14,75.0,True,fixed,,1.0,0.0,0.85,1.0,0.17382914658306148,-0.24892360124894952,0.9336252900350175,0.6983232835733171,0.3042914118865494,-0.2274885458232654,1.153794299869826,1.33761201376245,0.22423716660180104,-0.24892360124894952,1.0333140512481915,0.9008272637737573,9.861117394254693,0.20388523214209928,0.27324134811128703,0.16647817235919476,0.5602804795295182
v2vol,100,0.0,60,0.96,60,0.0,20,0.7,,,True,sym,5,0.9,,10,,,20,0.2,,14,75.0,True,fixed,,1.0,0.0,1.0,1.0,0.18607577787325513,-0.28037161865422244,0.9112829440663467,0.6636755131151104,0.332278159950131,-0.23908206973315482,1.161820074666208,1.3898079446986322,0.24259875777959516,-0.28037161865422244,1.0244320146728203,0.865275732772325,9.861117394254693,0.22453081916005116,0.27324134811128703,0.16647817235919476,0.5602804795295182
v2vol,100,0.0,60,0.96,60,0.0,20,0.7,,,True,sym,5,0.9,,10,,,20,0.2,,14,85.0,False,fixed,,1.0,0.0,0.85,1.0,0.18106931487000666,-0.2753864462469957,0.8159134394714418,0.657509900496717,0.30866643559432827,-0.2758010352189141,0.967976360131465,1.1191634409541924,0.23049919932527096,-0.27580103521891397,0.8850752669693178,0.8357445037953349,10.203121465731735,0.2580956481989869,0.27324134811128703,0.3141823116941868,0.4125763401945261
v2vol,100,0.0,60,0.96,60,0.0,20,0.7,,,True,sym,5,0.9,,10,,,20,0.2,,14,85.0,False,fixed,,1.0,0.0,1.0,1.0,0.1937128049409953,-0.2983688396356061,0.7846512574169308,0.6492393950305742,0.33503892932124835,-0.31639288334518,0.9486793183875337,1.058933202855027,0.24856818742005937,-0.31639288334518034,0.859499690966081,0.7856314111492667,10.203121465731735,0.2946461090963314,0.27324134811128703,0.3141823116941868,0.4125763401945261
v2vol,100,0.0,60,0.96,60,0.0,20,0.7,,,True,sym,5,0.9,,10,,,20,0.2,,14,85.0,True,fixed,,1.0,0.0,0.85,1.0,0.1726117107454248,-0.2489236012489504,0.8992268283518887,0.6934324824137287,0.2768002923358863,-0.2758010352189143,0.9786373225655279,1.0036231086521443,0.21373598531274984,-0.2758010352189141,0.9366018076232752,0.7749644055654078,10.65912689436779,0.21932366686816251,0.27324134811128703,0.20063334087310564,0.5261253110156073
v2vol,100,0.0,60,0.96,60,0.0,20,0.7,,,True,sym,5,0.9,,10,,,20,0.2,,14,85.0,True,fixed,,1.0,0.0,1.0,1.0,0.1846372584620577,-0.28037161865422155,0.8739136933350755,0.658544753382361,0.29534200064526783,-0.31639288334518023,0.9569247857978488,0.9334660044266982,0.22867060915965487,-0.3163928833451801,0.9137522539415094,0.7227425811287244,10.65912689436779,0.24475519500789664,0.27324134811128703,0.20063334087310564,0.5261253110156073
v2vol,100,0.0,60,0.96,60,0.0,20,0.7,,,True,sym,5,0.9,,10,,,20,0.2,0.15,14,,False,fixed,,1.0,0.0,0.85,1.0,0.14231198335548245,-0.26171776657086643,0.6729098831088582,0.5437612632115597,0.26865202706352487,-0.3154486354115368,0.8790404969084958,0.8516506236048202,0.19114916964342266,-0.3154486354115369,0.7662650273460615,0.6059597290508101,8.151097036869487,0.2545435281958936,0.5385659353087536,0.35964713865641257,0.10178692603483375
v2vol,100,0.0,60,0.96,60,0.0,20,0.7,,,True,sym,5,0.9,,10,,,20,0.2,0.15,14,,False,fixed,,1.0,0.0,1.0,1.0,0.15595761007087283,-0.3028840871969801,0.6564192533573847,0.5149085629231029,0.2992285582102179,-0.3552678456728865,0.871397762421634,0.842261864828975,0.21131763651033886,-0.3552678456728866,0.7536185616877107,0.5948121651991829,8.151097036869487,0.29677112609600625,0.5385659353087536,0.35964713865641257,0.10178692603483375
v2vol,100,0.0,60,0.96,60,0.0,20,0.7,,,True,sym,5,0.9,,10,,,20,0.2,0.15,14,,True,fixed,,1.0,0.0,0.85,1.0,0.11373283050540461,-0.21535541425242521,0.6480496689959493,0.5281168848260048,0.23186078696860712,-0.363091583118912,0.8492903131233934,0.6385738412797992,0.1595726413018994,-0.3630915831189112,0.7414658925414473,0.4394831737249055,10.374123501470255,0.21387126796299866,0.5401492874915178,0.23139561185252205,0.2284551006559602
v2vol,100,0.0,60,0.96,60,0.0,20,0.7,,,True,sym,5,0.9,,10,,,20,0.2,0.15,14,,True,fixed,,1.0,0.0,1.0,1.0,0.12214147748436255,-0.2527097354636847,0.6253877402218891,0.4833271550075075,0.2534568317660868,-0.41676918431482257,0.8348794169539551,0.6081467663756744,0.1731701342242331,-0.4167691843148218,0.7229363774750979,0.41550609004101113,10.374123501470255,0.24577908912509164,0.5401492874915178,0.23139561185252205,0.2284551006559602
v2vol,100,0.0,60,0.96,60,0.0,20,0.7,,,True,sym,5,0.9,,10,,,20,0.2,0.15,14,75.0,False,fixed,,1.0,0.0,0.85,1.0,0.15625506545444323,-0.26171776657086643,0.7445608198248196,0.5970365233578186,0.2883447437387403,-0.21869684669765588,0.987556008496409,1.3184677698502498,0.2071639226352997,-0.26171776657086643,0.8527440151919256,0.7915546787275713,8.721103822664555,0.24009006886551182,0.5417326396742819,0.32978964035286135,0.1284777199728568
v2vol,100,0.0,60,0.96,60,0.0,20,0.7,,,True,sym,5,0.9,,10,,,20,0.2,0.15,14,75.0,False,fixed,,1.0,0.0,1.0,1.0,0.17465601500863648,-0.3028840871969801,0.7341255608977159,0.5766430868817788,0.3253520185336365,-0.2540515540952516,0.9858759376564467,1.280653525983361,0.23268985729990055,-0.3028840871969801,0.8458389952335196,0.7682472177832542,8.721103822664555,0.27877571251747885,0.5417326396742819,0.32978964035286135,0.1284777199728568
v2vol,100,0.0,60,0.96,60,0.0,20,0.7,,,True,sym,5,0.9,,10,,,20,0.2,0.15,14,75.0,True,fixed,,1.0,0.0,0.85,1.0,0.11213390606021068,-0.21535541425242521,0.6613606199039798,0.520692300444208,0.24205535308926884,-0.24535941742235934,0.9685051427304107,0.9865337782107507,0.1621056361299622,-0.24535941742235856,0.799992269154287,0.660686424156753,9.74711603709568,0.1963514824146329,0.5442207645329111,0.1954308979868808,0.2603483374802081
v2vol,100,0.0,60,0.96,60,0.0,20,0.7,,,True,sym,5,0.9,,10,,,20,0.2,0.15,14,75.0,True,fixed,,1.0,0.0,1.0,1.0,0.12001480762825145,-0.2527097354636847,0.6371056150819195,0.47491169031554,0.26791489801155977,-0.271329595250028,0.9648215792740175,0.9874149473620023,0.17681301314459286,-0.27132959525002764,0.7845410005063647,0.6516539892438248,9.74711603709568,0.2236072493482666,0.5442207645329111,0.1954308979868808,0.2603483374802081
v2vol,100,0.0,60,0.96,60,0.0,20,0.7,,,True,sym,5,0.9,,10,,,20,0.2,0.15,14,85.0,False,fixed,,1.0,0.0,0.85,1.0,0.14231198335548245,-0.26171776657086643,0.6729098831088582,0.5437612632115597,0.26865202706352487,-0.3154486354115368,0.8790404969084958,0.8516506236048202,0.19114916964342266,-0.3154486354115369,0.7662650273460615,0.6059597290508101,8.151097036869487,0.2545435281958936,0.5385659353087536,0.35964713865641257,0.10178692603483375
v2vol,100,0.0,60,0.96,60,0.0,20,0.7,,,True,sym,5,0.9,,10,,,20,0.2,0.15,14,85.0,False,fixed,,1.0,0.0,1.0,1.0,0.15595761007087283,-0.3028840871969801,0.6564192533573847,0.5149085629231029,0.2992285582102179,-0.3552678456728865,0.871397762421634,0.842261864828975,0.21131763651033886,-0.3552678456728866,0.7536185616877107,0.5948121651991829,8.151097036869487,0.29677112609600625,0.5385659353087536,0.35964713865641257,0.10178692603483375
v2vol,100,0.0,60,0.96,60,0.0,20,0.7,,,True,sym,5,0.9,,10,,,20,0.2,0.15,14,85.0,True,fixed,,1.0,0.0,0.85,1.0,0.11373283050540461,-0.21535541425242521,0.6480496689959493,0.5281168848260048,0.23186078696860712,-0.363091583118912,0.8492903131233934,0.6385738412797992,0.1595726413018994,-0.3630915831189112,0.7414658925414473,0.4394831737249055,10.374123501470255,0.21387126796299866,0.5401492874915178,0.23139561185252205,0.2284551006559602
v2vol,100,0.0,60,0.96,60,0.0,20,0.7,,,True,sym,5,0.9,,10,,,20,0.2,0.15,14,85.0,True,fixed,,1.0,0.0,1.0,1.0,0.12214147748436255,-0.2527097354636847,0.6253877402218891,0.4833271550075075,0.2534568317660868,-0.41676918431482257,0.8348794169539551,0.6081467663756744,0.1731701342242331,-0.4167691843148218,0.7229363774750979,0.41550609004101113,10.374123501470255,0.24577908912509164,0.5401492874915178,0.23139561185252205,0.2284551006559602
v2vol,100,0.0,60,0.96,60,0.0,20,0.7,,,True,sym,5,0.9,,10,,,20,0.2,0.25,14,,False,fixed,,1.0,0.0,0.85,1.0,0.06643203584351887,-0.3120380809259399,0.41538691181164256,0.2128972067972885,0.18929594353795198,-0.3498408030955634,0.7345148633794438,0.5410916675898535,0.11374875714618171,-0.3498408030955633,0.5611710116557262,0.3251443403390251,7.752092286812938,0.20891430647480438,0.682650983940285,0.25650305360778103,0.06084596245193395
v2vol,100,0.0,60,0.96,60,0.0,20,0.7,,,True,sym,5,0.9,,10,,,20,0.2,0.25,14,,False,fixed,,1.0,0.0,1.0,1.0,0.07243986853104856,-0.37400135741109797,0.4105527500618137,0.19368878506882928,0.20832275386272392,-0.40268587232263275,0.725611654234533,0.5173331576326454,0.12483232751007756,-0.4026858723226334,0.5543786800938727,0.309999272609349,7.752092286812938,0.2438422594291484,0.682650983940285,0.25650305360778103,0.06084596245193395
v2vol,100,0.0,60,0.96,60,0.0,20,0.7,,,True,sym,5,0.9,,10,,,20,0.2,0.25,14,,True,fixed,,1.0,0.0,0.85,1.0,0.058540487192028756,-0.29337196736065996,0.3951927294537323,0.19954356143394364,0.1865236799178216,-0.36437390920589374,0.759505525929703,0.5119018546753966,0.10761454940958237,-0.3643739092058932,0.562806128917637,0.29534098542926596,8.721103822664555,0.19261095718778096,0.6828771771092513,0.19995476136620674,0.11716806152454196
v2vol,100,0.0,60,0.96,60,0.0,20,0.7,,,True,sym,5,0.9,,10,,,20,0.2,0.25,14,,True,fixed,,1.0,0.0,1.0,1.0,0.06291102823583161,-0.35315388800757763,0.3868094259815489,0.17814055110864793,0.20619665667418485,-0.4183367779738376,0.7536512465829889,0.4928963159129179,0.11782809985663278,-0.41833677797383817,0.5554009729458541,0.2816584772376898,8.721103822664555,0.22344729697872612,0.6828771771092513,0.19995476136620674,0.11716806152454196
v2vol,100,0.0,60,0.96,60,0.0,20,0.7,,,True,sym,5,0.9,,10,,,20,0.2,0.25,14,75.0,False,fixed,,1.0,0.0,0.85,1.0,0.07885121471808465,-0.3061111510955834,0.4952424759058545,0.2575901414759742,0.1693499724044265,-0.217104281361427,0.7240351891014423,0.780039764036247,0.1118589838085684,-0.3061111510955834,0.5880021357939129,0.36541950010060353,8.151097036869487,0.189864977132497,0.6930558697127347,0.2196335670662746,0.08731056322099072
v2vol,100,0.0,60,0.96,60,0.0,20,0.7,,,True,sym,5,0.9,,10,,,20,0.2,0.25,14,75.0,False,fixed,,1.0,0.0,1.0,1.0,0.08908510094802868,-0.3644363981385099,0.49788996662855195,0.24444622272380834,0.1871246369344679,-0.2515960634045702,0.7212925692341042,0.7437502574655499,0.12477744279504921,-0.3644363981385099,0.5879698054842032,0.34238468888506995,8.151097036869487,0.22021352618005846,0.6930558697127347,0.2196335670662746,0.08731056322099072
v2vol,100,0.0,60,0.96,60,0.0,20,0.7,,,True,sym,5,0.9,,10,,,20,0.2,0.25,14,75.0,True,fixed,,1.0,0.0,0.85,1.0,0.05401677616934197,-0.27813783926236657,0.38217022325966354,0.19420865680339205,0.15205057791124021,-0.2346044668644086,0.7020324373024527,0.6481145902440083,0.08967519145727731,-0.27813783926236657,0.5120679186569602,0.32241277093077214,8.151097036869487,0.17241717905112094,0.6941868355575661,0.15743044560054287,0.14838271884189097
v2vol,100,0.0,60,0.96,60,0.0,20,0.7,,,True,sym,5,0.9,,10,,,20,0.2,0.25,14,75.0,True,fixed,,1.0,0.0,1.0,1.0,0.05714039397262827,-0.33465419380206873,0.3699353546706691,0.17074459257015606,0.16686199865534834,-0.2578830542378726,0.7006969826411263,0.6470452242334388,0.09692278977779023,-0.33465419380206873,0.5031768143572594,0.2896207236390267,8.151097036869487,0.1982380220987189,0.6941868355575661,0.15743044560054287,0.14838271884189097
v2vol,100,0.0,60,0.96,60,0.0,20,0.7,,,True,sym,5,0.9,,10,,,20,0.2,0.25,14,85.0,False,fixed,,1.0,0.0,0.85,1.0,0.06643203584351887,-0.3120380809259399,0.41538691181164256,0.2128972067972885,0.18929594353795198,-0.3498408030955634,0.7345148633794438,0.5410916675898535,0.11374875714618171,-0.3498408030955633,0.5611710116557262,0.3251443403390251,7.752092286812938,0.20891430647480438,0.682650983940285,0.25650305360778103,0.06084596245193395
v2vol,100,0.0,60,0.96,60,0.0,20,0.7,,,True,sym,5,0.9,,10,,,20,0.2,0.25,14,85.0,False,fixed,,1.0,0.0,1.0,1.0,0.07243986853104856,-0.37400135741109797,0.4105527500618137,0.19368878506882928,0.20832275386272392,-0.40268587232263275,0.725611654234533,0.5173331576326454,0.12483232751007756,-0.4026858723226334,0.5543786800938727,0.309999272609349,7.752092286812938,0.2438422594291484,0.682650983940285,0.25650305360778103,0.06084596245193395
v2vol,100,0.0,60,0.96,60,0.0,20,0.7,,,True,sym,5,0.9,,10,,,20,0.2,0.25,14,85.0,True,fixed,,1.0,0.0,0.85,1.0,0.058540487192028756,-0.29337196736065996,0.3951927294537323,0.19954356143394364,0.1865236799178216,-0.36437390920589374,0.759505525929703,0.5119018546753966,0.10761454940958237,-0.3643739092058932,0.562806128917637,0.29534098542926596,8.721103822664555,0.19261095718778096,0.6828771771092513,0.19995476136620674,0.11716806152454196
v2vol,100,0.0,60,0.96,60,0.0,20,0.7,,,True,sym,5,0.9,,10,,,20,0.2,0.25,14,85.0,True,fixed,,1.0,0.0,1.0,1.0,0.06291102823583161,-0.35315388800757763,0.3868094259815489,0.17814055110864793,0.20619665667418485,-0.4183367779738376,0.7536512465829889,0.4928963159129179,0.11782809985663278,-0.41833677797383817,0.5554009729458541,0.2816584772376898,8.721103822664555,0.22344729697872612,0.6828771771092513,0.19995476136620674,0.11716806152454196
v2vol,100,0.0,60,0.96,60,0.0,20,0.7,,,True,sym,5,0.9,,10,,,20,0.3,,14,,False,fixed,,1.0,0.0,0.85,1.0,0.17959115279098747,-0.2617871613897761,0.9163929281026515,0.6860197109650973,0.2904482657899954,-0.27580103521891397,0.9930860615740025,1.0531079608147784,0.22310681884782557,-0.2758010352189141,0.9512503776968827,0.8089411944039185,9.348111287039131,0.2254842659580657,0.27324134811128703,0.2103596471386564,0.5163990047500565
v2vol,100,0.0,60,0.96,60,0.0,20,0.7,,,True,sym,5,0.9,,10,,,20,0.3,,14,,False,fixed,,1.0,0.0,1.0,1.0,0.1924273283278437,-0.2964231125793658,0.8894334031840903,0.6491643875317659,0.31211451456440087,-0.31639288334518023,0.9726165667076758,0.9864776706241154,0.23967192338248355,-0.31639288334518023,0.9279119996244092,0.7575136357318278,9.348111287039131,0.25281001416714477,0.27324134811128703,0.2103596471386564,0.5163990047500565
v2vol,100,0.0,60,0.96,60,0.0,20,0.7,,,True,sym,5,0.9,,10,,,20,0.3,,14,,True,fixed,,1.0,0.0,0.85,1.0,0.16134797622183172,-0.243339781340414,0.8972440367092648,0.6630563047811655,0.2606621180815698,-0.2758010352189141,0.9553954891046778,0.945109280952017,0.20069909620537363,-0.27580103521891397,0.9242341146787186,0.7276952243709708,9.291110608459624,0.20789159578999752,0.27324134811128703,0.15019226419362136,0.5765663876950916
v2vol,100,0.0,60,0.96,60,0.0,20,0.7,,,True,sym,5,0.9,,10,,,20,0.3,,14,,True,fixed,,1.0,0.0,1.0,1.0,0.1696685251143475,-0.27362328569135574,0.8669015835265387,0.620080724071605,0.2741746371588538,-0.31639288334518023,0.9277693332400001,0.8665638564939943,0.21144121784457837,-0.31639288334518023,0.8959789466295084,0.6682868957387355,9.291110608459624,0.22983975545498017,0.27324134811128703,0.15019226419362136,0.5765663876950916
v2vol,100,0.0,60,0.96,60,0.0,20,0.7,,,True,sym,5,0.9,,10,,,20,0.3,,14,75.0,False,fixed,,1.0,0.0,0.85,1.0,0.1853297591073333,-0.2617871613897764,0.9784700781535822,0.707940596182999,0.2923164404840697,-0.21643266343618672,1.07885316420076,1.3506114827730549,0.22555170702356375,-0.2617871613897764,1.0195229085923398,0.8615842955252435,9.405111965618637,0.20865481590541676,0.27324134811128703,0.17575209228681293,0.5510065596019
v2vol,100,0.0,60,0.96,60,0.0,20,0.7,,,True,sym,5,0.9,,10,,,20,0.3,,14,75.0,False,fixed,,1.0,0.0,1.0,1.0,0.20018862527793968,-0.2964231125793665,0.959823920358043,0.6753475582115404,0.3158241594475213,-0.22504360613078644,1.0714103120390424,1.4033909466593633,0.2435014362505279,-0.2964231125793665,1.0056804420729444,0.8214657559313329,9.405111965618637,0.23086379554978284,0.27324134811128703,0.17575209228681293,0.5510065596019
v2vol,100,0.0,60,0.96,60,0.0,20,0.7,,,True,sym,5,0.9,,10,,,20,0.3,,14,75.0,True,fixed,,1.0,0.0,0.85,1.0,0.16321618322175846,-0.24333978134041467,0.9400673054040742,0.6707336643548261,0.262835988729027,-0.22748854582326583,1.0523162367775671,1.1553811985471232,0.2007807906550949,-0.24333978134041467,0.9870307065241375,0.8251046727711865,8.2650983940285,0.1912803206653318,0.27324134811128703,0.11173942546935083,0.6150192264193621
v2vol,100,0.0,60,0.96,60,0.0,20,0.7,,,True,sym,5,0.9,,10,,,20,0.3,,14,75.0,True,fixed,,1.0,0.0,1.0,1.0,0.1719225661453021,-0.2736232856913555,0.9147479116767802,0.6283184770291412,0.27775476710700975,-0.23908206973315316,1.0414399278345836,1.1617549045690476,0.2117092944548522,-0.2736232856913555,0.967992547320808,0.7737254302751787,8.2650983940285,0.20782953765590514,0.27324134811128703,0.11173942546935083,0.6150192264193621
v2vol,100,0.0,60,0.96,60,0.0,20,0.7,,,True,sym,5,0.9,,10,,,20,0.3,,14,85.0,False,fixed,,1.0,0.0,0.85,1.0,0.17959115279098747,-0.2617871613897761,0.9163929281026515,0.6860197109650973,0.2904482657899954,-0.27580103521891397,0.9930860615740025,1.0531079608147784,0.22310681884782557,-0.2758010352189141,0.9512503776968827,0.8089411944039185,9.348111287039131,0.2254842659580657,0.27324134811128703,0.2103596471386564,0.5163990047500565
v2vol,100,0.0,60,0.96,60,0.0,20,0.7,,,True,sym,5,0.9,,10,,,20,0.3,,14,85.0,False,fixed,,1.0,0.0,1.0,1.0,0.1924273283278437,-0.2964231125793658,0.8894334031840903,0.6491643875317659,0.31211451456440087,-0.31639288334518023,0.9726165667076758,0.9864776706241154,0.23967192338248355,-0.31639288334518023,0.9279119996244092,0.7575136357318278,9.348111287039131,0.25281001416714477,0.27324134811128703,0.2103596471386564,0.5163990047500565
v2vol,100,0.0,60,0.96,60,0.0,20,0.7,,,True,sym,5,0.9,,10,,,20,0.3,,14,85.0,True,fixed,,1.0,0.0,0.85,1.0,0.16134797622183172,-0.243339781340414,0.8972440367092648,0.6630563047811655,0.2606621180815698,-0.2758010352189141,0.9553954891046778,0.945109280952017,0.20069909620537363,-0.27580103521891397,0.9242341146787186,0.7276952243709708,9.291110608459624,0.20789159578999752,0.27324134811128703,0.15019226419362136,0.5765663876950916
v2vol,100,0.0,60,0.96,60,0.0,20,0.7,,,True,sym,5,0.9,,10,,,20,0.3,,14,85.0,True,fixed,,1.0,0.0,1.0,1.0,0.1696685251143475,-0.27362328569135574,0.8669015835265387,0.620080724071605,0.2741746371588538,-0.31639288334518023,0.9277693332400001,0.8665638564939943,0.21144121784457837,-0.31639288334518023,0.8959789466295084,0.6682868957387355,9.291110608459624,0.22983975545498017,0.27324134811128703,0.15019226419362136,0.5765663876950916
v2vol,100,0.0,60,0.96,60,0.0,20,0.7,,,True,sym,5,0.9,,10,,,20,0.3,0.15,14,,False,fixed,,1.0,0.0,0.85,1.0,0.13469506168240097,-0.24625418181701642,0.6965334213341383,0.5469757333196825,0.25659961889469574,-0.32882515761536213,0.9267269444801496,0.7803527587595623,0.18194411317138193,-0.32882515761536224,0.8008442408407002,0.5533156723495227,8.83510517982357,0.22489592749448534,0.5675186609364398,0.25650305360778103,0.17597828545577923
v2vol,100,0.0,60,0.96,60,0.0,20,0.7,,,True,sym,5,0.9,,10,,,20,0.3,0.15,14,,False,fixed,,1.0,0.0,1.0,1.0,0.14806491090018437,-0.2872734663418218,0.6794905988265757,0.5154145030714548,0.2901273932071535,-0.37020819200006083,0.9320630658936215,0.7836871238308682,0.20296668407662577,-0.37020819200006017,0.7931768728672814,0.5482501156446392,8.83510517982357,0.2602654098402832,0.5675186609364398,0.25650305360778103,0.17597828545577923
v2vol,100,0.0,60,0.96,60,0.0,20,0.7,,,True,sym,5,0.9,,10,,,20,0.3,0.15,14,,True,fixed,,1.0,0.0,0.85,1.0,0.11026159086854048,-0.21535541425242577,0.6773506613880643,0.5119982297695982,0.2091078248443965,-0.35818764105809864,0.8321871431970329,0.5837940812996361,0.14926942327079984,-0.35818764105809775,0.7512127969280231,0.4167352698989088,10.032119429993214,0.19365657731918934,0.5586971273467541,0.16444243383849808,0.2768604388147478
v2vol,100,0.0,60,0.96,60,0.0,20,0.7,,,True,sym,5,0.9,,10,,,20,0.3,0.15,14,,True,fixed,,1.0,0.0,1.0,1.0,0.11901403179837633,-0.2527097354636848,0.6578388104101887,0.47095151114777306,0.22846958807443163,-0.4031092270576817,0.8228485461536275,0.566768440757471,0.16233787197508365,-0.4031092270576797,0.7367711738425007,0.4027143540226014,10.032119429993214,0.22042771720966328,0.5586971273467541,0.16444243383849808,0.2768604388147478
v2vol,100,0.0,60,0.96,60,0.0,20,0.7,,,True,sym,5,0.9,,10,,,20,0.3,0.15,14,75.0,False,fixed,,1.0,0.0,0.85,1.0,0.14049206460639208,-0.24625418181701653,0.7495115448240738,0.5705164621764156,0.25650472830691107,-0.20475886227271578,1.0142296208101413,1.2527161240292282,0.18381278832699532,-0.24625418181701653,0.8599799608892653,0.7464351954176381,9.063107894141597,0.20653662357515795,0.5686496267812712,0.2198597602352409,0.2114906129834879
v2vol,100,0.0,60,0.96,60,0.0,20,0.7,,,True,sym,5,0.9,,10,,,20,0.3,0.15,14,75.0,False,fixed,,1.0,0.0,1.0,1.0,0.15607984570347622,-0.2872734663418224,0.7362237051315814,0.5433145207979604,0.2916895664246022,-0.2131577425235901,1.0306825020462507,1.3684211653363754,0.20630961104097412,-0.2872734663418224,0.8571921818332163,0.7181645199194603,9.063107894141597,0.23713387411565706,0.5686496267812712,0.2198597602352409,0.2114906129834879
v2vol,100,0.0,60,0.96,60,0.0,20,0.7,,,True,sym,5,0.9,,10,,,20,0.3,0.15,14,75.0,True,fixed,,1.0,0.0,0.85,1.0,0.10861723772342913,-0.21535541425242644,0.6967602057853073,0.5043626978243261,0.1945501444995994,-0.23954898440622496,0.8755873793626223,0.812151823485434,0.14120749017270895,-0.23954898440622463,0.7742988343226903,0.5894722973788559,9.17710925130061,0.17401612555260668,0.5605066726984845,0.12418004976249718,0.31531327753901833
v2vol,100,0.0,60,0.96,60,0.0,20,0.7,,,True,sym,5,0.9,,10,,,20,0.3,0.15,14,75.0,True,fixed,,1.0,0.0,1.0,1.0,0.11701646623590145,-0.252709735463685,0.677572496800378,0.46304692623413785,0.2106158150974229,-0.2542632703650246,0.8705363325675713,0.8283375526282633,0.15235497742643944,-0.25426327036502516,0.7602036824241978,0.5992016747354652,9.17710925130061,0.19519484550905128,0.5605066726984845,0.12418004976249718,0.31531327753901833
v2vol,100,0.0,60,0.96,60,0.0,20,0.7,,,True,sym,5,0.9,,10,,,20,0.3,0.15,14,85.0,False,fixed,,1.0,0.0,0.85,1.0,0.13469506168240097,-0.24625418181701642,0.6965334213341383,0.5469757333196825,0.25659961889469574,-0.32882515761536213,0.9267269444801496,0.7803527587595623,0.18194411317138193,-0.32882515761536224,0.8008442408407002,0.5533156723495227,8.83510517982357,0.22489592749448534,0.5675186609364398,0.25650305360778103,0.17597828545577923
v2vol,100,0.0,60,0.96,60,0.0,20,0.7,,,True,sym,5,0.9,,10,,,20,0.3,0.15,14,85.0,False,fixed,,1.0,0.0,1.0,1.0,0.14806491090018437,-0.2872734663418218,0.6794905988265757,0.5154145030714548,0.2901273932071535,-0.37020819200006083,0.9320630658936215,0.7836871238308682,0.20296668407662577,-0.37020819200006017,0.7931768728672814,0.5482501156446392,8.83510517982357,0.2602654098402832,0.5675186609364398,0.25650305360778103,0.17597828545577923
v2vol,100,0.0,60,0.96,60,0.0,20,0.7,,,True,sym,5,0.9,,10,,,20,0.3,0.15,14,85.0,True,fixed,,1.0,0.0,0.85,1.0,0.11026159086854048,-0.21535541425242577,0.6773506613880643,0.5119982297695982,0.2091078248443965,-0.35818764105809864,0.8321871431970329,0.5837940812996361,0.14926942327079984,-0.35818764105809775,0.7512127969280231,0.4167352698989088,10.032119429993214,0.19365657731918934,0.5586971273467541,0.16444243383849808,0.2768604388147478
v2vol,100,0.0,60,0.96,60,0.0,20,0.7,,,True,sym,5,0.9,,10,,,20,0.3,0.15,14,85.0,True,fixed,,1.0,0.0,1.0,1.0,0.11901403179837633,-0.2527097354636848,0.6578388104101887,0.47095151114777306,0.22846958807443163,-0.4031092270576817,0.8228485461536275,0.566768440757471,0.16233787197508365,-0.4031092270576797,0.7367711738425007,0.4027143540226014,10.032119429993214,0.22042771720966328,0.5586971273467541,0.16444243383849808,0.2768604388147478
v2vol,100,0.0,60,0.96,60,0.0,20,0.7,,,True,sym,5,0.9,,10,,,20,0.3,0.25,14,,False,fixed,,1.0,0.0,0.85,1.0,0.07375574720285138,-0.2850221826248963,0.4653509048552978,0.25877195425142646,0.18282759063882548,-0.3396317754228916,0.7254838754680069,0.5383112060441877,0.11625299333363381,-0.3396317754228899,0.5866219288413339,0.34229127468677595,7.068084143858855,0.20083591452343688,0.7048179144989821,0.23139561185252205,0.06378647364849581
v2vol,100,0.0,60,0.96,60,0.0,20,0.7,,,True,sym,5,0.9,,10,,,20,0.3,0.25,14,,False,fixed,,1.0,0.0,1.0,1.0,0.08129025697813752,-0.3419873997787787,0.45974612027517175,0.23769956738383266,0.2005568734160914,-0.3909139137982055,0.7151424018397724,0.5130461371083898,0.1279129143277986,-0.3909139137982053,0.5789169952416162,0.32721504610815383,7.068084143858855,0.2342229332109443,0.7048179144989821,0.23139561185252205,0.06378647364849581
v2vol,100,0.0,60,0.96,60,0.0,20,0.7,,,True,sym,5,0.9,,10,,,20,0.3,0.25,14,,True,fixed,,1.0,0.0,0.85,1.0,0.050000779620833935,-0.2890986083150493,0.3599603271261493,0.1729540654389622,0.18911398001993418,-0.3396317754228916,0.7863158421504324,0.5568206325349253,0.10291037987433405,-0.3396317754228906,0.5575759303480539,0.30300574716896195,8.037095679710472,0.18376405648581265,0.7045917213300158,0.17529970594888034,0.12010857272110383
v2vol,100,0.0,60,0.96,60,0.0,20,0.7,,,True,sym,5,0.9,,10,,,20,0.3,0.25,14,,True,fixed,,1.0,0.0,1.0,1.0,0.05357707623161545,-0.34588476197720597,0.35270869083615125,0.1548986313399554,0.20938500805458715,-0.3909139137982055,0.7803155419023562,0.5356294587218868,0.1127698031330524,-0.39091391379820517,0.5507634661306156,0.28847733261105063,8.037095679710472,0.2128464069948763,0.7045917213300158,0.17529970594888034,0.12010857272110383
v2vol,100,0.0,60,0.96,60,0.0,20,0.7,,,True,sym,5,0.9,,10,,,20,0.3,0.25,14,75.0,False,fixed,,1.0,0.0,0.85,1.0,0.07854300180270246,-0.28703239382876056,0.5137185411736873,0.2736381101624373,0.1600459090167563,-0.22950324950921874,0.6985438033720544,0.697357921332297,0.10834468352145832,-0.28703239382876056,0.5889477519040693,0.3774650034312685,7.35308753675639,0.1815396633556255,0.7131870617507351,0.1954308979868808,0.09138204026238407
v2vol,100,0.0,60,0.96,60,0.0,20,0.7,,,True,sym,5,0.9,,10,,,20,0.3,0.25,14,75.0,False,fixed,,1.0,0.0,1.0,1.0,0.08829441570279184,-0.3441178620942854,0.5131640661190424,0.2565819023907568,0.1762925340103465,-0.2667709495405375,0.6955791067711662,0.6608385744923765,0.12041944742330091,-0.3441178620942854,0.5871476064615174,0.3499366370883328,7.35308753675639,0.21021420666582616,0.7131870617507351,0.1954308979868808,0.09138204026238407
v2vol,100,0.0,60,0.96,60,0.0,20,0.7,,,True,sym,5,0.9,,10,,,20,0.3,0.25,14,75.0,True,fixed,,1.0,0.0,0.85,1.0,0.041613346536832685,-0.27533423264951185,0.3205120611505125,0.15113756882459514,0.15713182453748709,-0.22950324950921963,0.7400304866661672,0.6846605652578125,0.08341016100530818,-0.27533423264951185,0.49504313377354425,0.30294148389272607,7.52408957249491,0.16371422463622964,0.7136394480886677,0.13526351504184575,0.15109703686948653
v2vol,100,0.0,60,0.96,60,0.0,20,0.7,,,True,sym,5,0.9,,10,,,20,0.3,0.25,14,75.0,True,fixed,,1.0,0.0,1.0,1.0,0.043260011061218906,-0.3295338701885735,0.30868370922735466,0.131276372399789,0.17288940684663912,-0.2667709495405377,0.7397161382434948,0.6480818362884275,0.08998063859809435,-0.3295338701885735,0.4866504133963653,0.2730542949852273,7.52408957249491,0.18770243124958078,0.7136394480886677,0.13526351504184575,0.15109703686948653
v2vol,100,0.0,60,0.96,60,0.0,20,0.7,,,True,sym,5,0.9,,10,,,20,0.3,0.25,14,85.0,False,fixed,,1.0,0.0,0.85,1.0,0.07375574720285138,-0.2850221826248963,0.4653509048552978,0.25877195425142646,0.18282759063882548,-0.3396317754228916,0.7254838754680069,0.5383112060441877,0.11625299333363381,-0.3396317754228899,0.5866219288413339,0.34229127468677595,7.068084143858855,0.20083591452343688,0.7048179144989821,0.23139561185252205,0.06378647364849581
v2vol,100,0.0,60,0.96,60,0.0,20,0.7,,,True,sym,5,0.9,,10,,,20,0.3,0.25,14,85.0,False,fixed,,1.0,0.0,1.0,1.0,0.08129025697813752,-0.3419873997787787,0.45974612027517175,0.23769956738383266,0.2005568734160914,-0.3909139137982055,0.7151424018397724,0.5130461371083898,0.1279129143277986,-0.3909139137982053,0.5789169952416162,0.32721504610815383,7.068084143858855,0.2342229332109443,0.7048179144989821,0.23139561185252205,0.06378647364849581
v2vol,100,0.0,60,0.96,60,0.0,20,0.7,,,True,sym,5,0.9,,10,,,20,0.3,0.25,14,85.0,True,fixed,,1.0,0.0,0.85,1.0,0.050000779620833935,-0.2890986083150493,0.3599603271261493,0.1729540654389622,0.18911398001993418,-0.3396317754228916,0.7863158421504324,0.5568206325349253,0.10291037987433405,-0.3396317754228906,0.5575759303480539,0.30300574716896195,8.037095679710472,0.18376405648581265,0.7045917213300158,0.17529970594888034,0.12010857272110383
v2vol,100,0.0,60,0.96,60,0.0,20,0.7,,,True,sym,5,0.9,,10,,,20,0.3,0.25,14,85.0,True,fixed,,1.0,0.0,1.0,1.0,0.05357707623161545,-0.34588476197720597,0.35270869083615125,0.1548986313399554,0.20938500805458715,-0.3909139137982055,0.7803155419023562,0.5356294587218868,0.1127698031330524,-0.39091391379820517,0.5507634661306156,0.28847733261105063,8.037095679710472,0.2128464069948763,0.7045917213300158,0.17529970594888034,0.12010857272110383
v2vol,100,0.0,60,0.96,60,0.0,20,0.7,,,True,sym,5,0.9,,10,,,20,0.4,,14,,False,fixed,,1.0,0.0,0.85,1.0,0.1634002124101659,-0.23705551600784214,0.9425329974970607,0.6892909102556397,0.2318353889185849,-0.27580103521891397,0.8714083346486009,0.8405892629611349,0.1897913223634966,-0.27580103521891397,0.9021317237270149,0.6881457939882346,8.493101108346528,0.20142998620439198,0.27324134811128703,0.1307396516625198,0.5960190002261931
v2vol,100,0.0,60,0.96,60,0.0,20,0.7,,,True,sym,5,0.9,,10,,,20,0.4,,14,,False,fixed,,1.0,0.0,1.0,1.0,0.17218869819904903,-0.2647791837594513,0.9179456558134479,0.650310555966818,0.2365357057185573,-0.31639288334518,0.8285570875189485,0.7476012204120922,0.19711415481047911,-0.3163928833451801,0.868270422635416,0.6230043884881898,8.493101108346528,0.2213108741555248,0.27324134811128703,0.1307396516625198,0.5960190002261931
v2vol,100,0.0,60,0.96,60,0.0,20,0.7,,,True,sym,5,0.9,,10,,,20,0.4,,14,,True,fixed,,1.0,0.0,0.85,1.0,0.15450086879915514,-0.21107138223656619,0.9456815498044099,0.7319839722563265,0.21164871493753123,-0.27580103521891386,0.8304144400481802,0.7673963760489062,0.1767921277905229,-0.2758010352189141,0.88393723309684,0.6410132857195262,7.980095001130966,0.19073623685170335,0.27324134811128703,0.0979416421624067,0.6288170097263063
v2vol,100,0.0,60,0.96,60,0.0,20,0.7,,,True,sym,5,0.9,,10,,,20,0.4,,14,,True,fixed,,1.0,0.0,1.0,1.0,0.16099041490429533,-0.23232275576048755,0.9225776098869343,0.6929601638776527,0.21092867047237562,-0.31639288334518023,0.7787081791253275,0.6666669244967036,0.1806669145454094,-0.31639288334518023,0.8461237220191353,0.5710207910975807,7.980095001130966,0.20709101933122404,0.27324134811128703,0.0979416421624067,0.6288170097263063
v2vol,100,0.0,60,0.96,60,0.0,20,0.7,,,True,sym,5,0.9,,10,,,20,0.4,,14,75.0,False,fixed,,1.0,0.0,0.85,1.0,0.17376151911385662,-0.2370555160078427,1.0440683172757086,0.7329992654889664,0.2277791821888624,-0.23557945631962984,0.9528471845190868,0.9668889883157545,0.19494020583623284,-0.2370555160078427,1.0017105054015047,0.8223398852688307,7.809092965392445,0.1818790688033571,0.27324134811128703,0.09138204026238407,0.6353766116263289
v2vol,100,0.0,60,0.96,60,0.0,20,0.7,,,True,sym,5,0.9,,10,,,20,0.4,,14,75.0,False,fixed,,1.0,0.0,1.0,1.0,0.185334526696723,-0.26477918375944987,1.0367287591698133,0.6999588263143005,0.232592951686734,-0.2633949187440452,0.9237065381412369,0.8830578539472772,0.20406365226116097,-0.26477918375944987,0.9854956710005183,0.7706937130169245,7.809092965392445,0.19516165172824493,0.27324134811128703,0.09138204026238407,0.6353766116263289
v2vol,100,0.0,60,0.96,60,0.0,20,0.7,,,True,sym,5,0.9,,10,,,20,0.4,,14,75.0,True,fixed,,1.0,0.0,0.85,1.0,0.15712212845513296,-0.21107138223656652,1.014966257839727,0.7444028024558639,0.2134582293139835,-0.24636518363473114,0.9219019025731682,0.8664301755822099,0.17912201956872043,-0.24636518363473225,0.9691467326150681,0.7270589818173806,6.669079393802307,0.1724950058797376,0.27324134811128703,0.06107215562090025,0.6656864962678127
v2vol,100,0.0,60,0.96,60,0.0,20,0.7,,,True,sym,5,0.9,,10,,,20,0.4,,14,75.0,True,fixed,,1.0,0.0,1.0,1.0,0.16404755252121284,-0.23232275576048722,1.0057576608981948,0.706119174526052,0.21405139956260189,-0.27673864195781184,0.8858334819910701,0.7734785357342092,0.18375183769934011,-0.27673864195781217,0.9479280427880511,0.6639905305575375,6.669079393802307,0.18235855069481421,0.27324134811128703,0.06107215562090025,0.6656864962678127
v2vol,100,0.0,60,0.96,60,0.0,20,0.7,,,True,sym,5,0.9,,10,,,20,0.4,,14,85.0,False,fixed,,1.0,0.0,0.85,1.0,0.1634002124101659,-0.23705551600784214,0.9425329974970607,0.6892909102556397,0.2318353889185849,-0.27580103521891397,0.8714083346486009,0.8405892629611349,0.1897913223634966,-0.27580103521891397,0.9021317237270149,0.6881457939882346,8.493101108346528,0.20142998620439198,0.27324134811128703,0.1307396516625198,0.5960190002261931
v2vol,100,0.0,60,0.96,60,0.0,20,0.7,,,True,sym,5,0.9,,10,,,20,0.4,,14,85.0,False,fixed,,1.0,0.0,1.0,1.0,0.17218869819904903,-0.2647791837594513,0.9179456558134479,0.650310555966818,0.2365357057185573,-0.31639288334518,0.8285570875189485,0.7476012204120922,0.19711415481047911,-0.3163928833451801,0.868270422635416,0.6230043884881898,8.493101108346528,0.2213108741555248,0.27324134811128703,0.1307396516625198,0.5960190002261931
v2vol,100,0.0,60,0.96,60,0.0,20,0.7,,,True,sym,5,0.9,,10,,,20,0.4,,14,85.0,True,fixed,,1.0,0.0,0.85,1.0,0.15450086879915514,-0.21107138223656619,0.9456815498044099,0.7319839722563265,0.21164871493753123,-0.27580103521891386,0.8304144400481802,0.7673963760489062,0.1767921277905229,-0.2758010352189141,0.88393723309684,0.6410132857195262,7.980095001130966,0.19073623685170335,0.27324134811128703,0.0979416421624067,0.6288170097263063
v2vol,100,0.0,60,0.96,60,0.0,20,0.7,,,True,sym,5,0.9,,10,,,20,0.4,,14,85.0,True,fixed,,1.0,0.0,1.0,1.0,0.16099041490429533,-0.23232275576048755,0.9225776098869343,0.6929601638776527,0.21092867047237562,-0.31639288334518023,0.7787081791253275,0.6666669244967036,0.1806669145454094,-0.31639288334518023,0.8461237220191353,0.5710207910975807,7.980095001130966,0.20709101933122404,0.27324134811128703,0.0979416421624067,0.6288170097263063
v2vol,100,0.0,60,0.96,60,0.0,20,0.7,,,True,sym,5,0.9,,10,,,20,0.4,0.15,14,,False,fixed,,1.0,0.0,0.85,1.0,0.11263087715968689,-0.215355414252427,0.6925251753818183,0.5229999791306272,0.15264860387250745,-0.30633417704326205,0.6306322456051217,0.49830745412043803,0.12862345998899039,-0.3063341770432625,0.6648022141060028,0.4198795616945652,9.861117394254693,0.1907269992515967,0.5469350825605067,0.15222800271431802,0.3008369147251753
v2vol,100,0.0,60,0.96,60,0.0,20,0.7,,,True,sym,5,0.9,,10,,,20,0.4,0.15,14,,False,fixed,,1.0,0.0,1.0,1.0,0.12132688060800012,-0.2527097354636866,0.6718751797735036,0.48010370627543286,0.16106730902717037,-0.3466612794569994,0.6133472528556446,0.4646244578554078,0.13722839722042202,-0.346661279456999,0.6452170984020803,0.3958572974615825,9.861117394254693,0.21662259932131447,0.5469350825605067,0.15222800271431802,0.3008369147251753
v2vol,100,0.0,60,0.96,60,0.0,20,0.7,,,True,sym,5,0.9,,10,,,20,0.4,0.15,14,,True,fixed,,1.0,0.0,0.85,1.0,0.10073469566077486,-0.21535541425242632,0.7056272959922645,0.4677602186620666,0.1457372755054156,-0.30633417704326205,0.6230404398234292,0.4757460526020048,0.11853496831541821,-0.3063341770432625,0.6619104507110971,0.3869466001460162,9.690115358516172,0.17310208440565097,0.5469350825605067,0.10789414159692377,0.34517077584256955
v2vol,100,0.0,60,0.96,60,0.0,20,0.7,,,True,sym,5,0.9,,10,,,20,0.4,0.15,14,,True,fixed,,1.0,0.0,1.0,1.0,0.10653114317146417,-0.25270973546368425,0.6830831962454235,0.4215553586647368,0.15244622619083703,-0.3466612794569994,0.6031019237279553,0.4397555632103607,0.12467168505077808,-0.34666127945699965,0.6391450207030177,0.3596354494683117,9.690115358516172,0.19394062561970074,0.5469350825605067,0.10789414159692377,0.34517077584256955
v2vol,100,0.0,60,0.96,60,0.0,20,0.7,,,True,sym,5,0.9,,10,,,20,0.4,0.15,14,75.0,False,fixed,,1.0,0.0,0.85,1.0,0.12843644109849905,-0.21535541425242566,0.852259131321583,0.5963929049304244,0.1492735938548766,-0.2107702408103742,0.698660068029986,0.7082289856525574,0.13738741028265333,-0.21535541425242566,0.789409788528527,0.6379566112120901,9.348111287039131,0.16437228101936557,0.5485184347432708,0.10766794842795747,0.34381361682877176
v2vol,100,0.0,60,0.96,60,0.0,20,0.7,,,True,sym,5,0.9,,10,,,20,0.4,0.15,14,75.0,False,fixed,,1.0,0.0,1.0,1.0,0.14163439213758733,-0.25270973546368514,0.8483940400306696,0.5604627454407686,0.15768224516904494,-0.23233530549120252,0.6874513783026196,0.6786839599589639,0.1488251552098525,-0.25270973546368514,0.7829283573140684,0.5889173796046293,9.348111287039131,0.18258307184488234,0.5485184347432708,0.10766794842795747,0.34381361682877176
v2vol,100,0.0,60,0.96,60,0.0,20,0.7,,,True,sym,5,0.9,,10,,,20,0.4,0.15,14,75.0,True,fixed,,1.0,0.0,0.85,1.0,0.10050745381363857,-0.215355414252426,0.7558476881806574,0.46670502416916293,0.1338203109061935,-0.2107702408103742,0.6480447552663432,0.6349108412633497,0.11402677272911399,-0.215355414252426,0.7084074983061573,0.5294818016298352,8.493101108346528,0.1508275218369666,0.5485184347432708,0.06921510970368695,0.3822664555530423
v2vol,100,0.0,60,0.96,60,0.0,20,0.7,,,True,sym,5,0.9,,10,,,20,0.4,0.15,14,75.0,True,fixed,,1.0,0.0,1.0,1.0,0.1059992420892526,-0.252709735463687,0.7379775704776855,0.4194505680390936,0.13758034641694405,-0.23233530549120252,0.6264257468312139,0.5921628920153661,0.11888839636693871,-0.252709735463687,0.6885907866104493,0.47045435803569313,8.493101108346528,0.16470473681499825,0.5485184347432708,0.06921510970368695,0.3822664555530423
v2vol,100,0.0,60,0.96,60,0.0,20,0.7,,,True,sym,5,0.9,,10,,,20,0.4,0.15,14,85.0,False,fixed,,1.0,0.0,0.85,1.0,0.11263087715968689,-0.215355414252427,0.6925251753818183,0.5229999791306272,0.15264860387250745,-0.30633417704326205,0.6306322456051217,0.49830745412043803,0.12862345998899039,-0.3063341770432625,0.6648022141060028,0.4198795616945652,9.861117394254693,0.1907269992515967,0.5469350825605067,0.15222800271431802,0.3008369147251753
v2vol,100,0.0,60,0.96,60,0.0,20,0.7,,,True,sym,5,0.9,,10,,,20,0.4,0.15,14,85.0,False,fixed,,1.0,0.0,1.0,1.0,0.12132688060800012,-0.2527097354636866,0.6718751797735036,0.48010370627543286,0.16106730902717037,-0.3466612794569994,0.6133472528556446,0.4646244578554078,0.13722839722042202,-0.346661279456999,0.6452170984020803,0.3958572974615825,9.861117394254693,0.21662259932131447,0.5469350825605067,0.15222800271431802,0.3008369147251753
v2vol,100,0.0,60,0.96,60,0.0,20,0.7,,,True,sym,5,0.9,,10,,,20,0.4,0.15,14,85.0,True,fixed,,1.0,0.0,0.85,1.0,0.10073469566077486,-0.21535541425242632,0.7056272959922645,0.4677602186620666,0.1457372755054156,-0.30633417704326205,0.6230404398234292,0.4757460526020048,0.11853496831541821,-0.3063341770432625,0.6619104507110971,0.3869466001460162,9.690115358516172,0.17310208440565097,0.5469350825605067,0.10789414159692377,0.34517077584256955
v2vol,100,0.0,60,0.96,60,0.0,20,0.7,,,True,sym,5,0.9,,10,,,20,0.4,0.15,14,85.0,True,fixed,,1.0,0.0,1.0,1.0,0.10653114317146417,-0.25270973546368425,0.6830831962454235,0.4215553586647368,0.15244622619083703,-0.3466612794569994,0.6031019237279553,0.4397555632103607,0.12467168505077808,-0.34666127945699965,0.6391450207030177,0.3596354494683117,9.690115358516172,0.19394062561970074,0.5469350825605067,0.10789414159692377,0.34517077584256955
v2vol,100,0.0,60,0.96,60,0.0,20,0.7,,,True,sym,5,0.9,,10,,,20,0.4,0.25,14,,False,fixed,,1.0,0.0,0.85,1.0,0.042760745867491456,-0.2908964656691435,0.32089612768407877,0.14699644345671145,0.13743551002651788,-0.31804462615488094,0.5941677814620401,0.43212649648603,0.07722015060775567,-0.3180446261548804,0.4375711887154478,0.24279658971553017,7.8660936439719515,0.17797545384889002,0.7242705270300837,0.16308527482470028,0.11264419814521602
v2vol,100,0.0,60,0.96,60,0.0,20,0.7,,,True,sym,5,0.9,,10,,,20,0.4,0.25,14,,False,fixed,,1.0,0.0,1.0,1.0,0.045780290588042005,-0.3271590409050015,0.316054237693425,0.13993283040995164,0.1491382744466474,-0.3609794841288114,0.5884120645412451,0.4131488935072806,0.0833103149372878,-0.36097948412880987,0.4320608288049501,0.2307896115989789,7.8660936439719515,0.2061224967074444,0.7242705270300837,0.16308527482470028,0.11264419814521602
v2vol,100,0.0,60,0.96,60,0.0,20,0.7,,,True,sym,5,0.9,,10,,,20,0.4,0.25,14,,True,fixed,,1.0,0.0,0.85,1.0,0.0330129550594116,-0.2951659515882079,0.27805775933680105,0.11184540385426518,0.13968477173830496,-0.31804462615488094,0.6235638317874985,0.4391986540602056,0.07169559284042926,-0.3180446261548814,0.4313058290908744,0.22542620420039713,8.037095679710472,0.16235711249090123,0.7242705270300837,0.11875141370730603,0.15697805926261027
v2vol,100,0.0,60,0.96,60,0.0,20,0.7,,,True,sym,5,0.9,,10,,,20,0.4,0.25,14,,True,fixed,,1.0,0.0,1.0,1.0,0.03465493894596272,-0.3304846449377903,0.27147658326712054,0.10486096548445115,0.15254911490099698,-0.3609794841288114,0.6206833631925139,0.4225977419995469,0.07727342286432504,-0.360979484128812,0.42644123896901165,0.2140659684602762,8.037095679710472,0.18649746093197098,0.7242705270300837,0.11875141370730603,0.15697805926261027
v2vol,100,0.0,60,0.96,60,0.0,20,0.7,,,True,sym,5,0.9,,10,,,20,0.4,0.25,14,75.0,False,fixed,,1.0,0.0,0.85,1.0,0.06006677551964423,-0.27584659260864586,0.4581658669713581,0.21775427766426417,0.10854243970922406,-0.2921221584029059,0.5266641804013381,0.37156523935961827,0.0790813266315149,-0.2921221584029081,0.4914421310542694,0.2707132080081455,7.6380909296539246,0.15354544771256307,0.7265324587197467,0.12101334539696901,0.15245419588328432
v2vol,100,0.0,60,0.96,60,0.0,20,0.7,,,True,sym,5,0.9,,10,,,20,0.4,0.25,14,75.0,False,fixed,,1.0,0.0,1.0,1.0,0.06761986663496167,-0.3080309339684776,0.4616545182690424,0.21952297376042615,0.1146543953511936,-0.3265351705967312,0.5158993505007189,0.3511241840861027,0.08611934627474649,-0.3265351705967292,0.48830063844071175,0.2637368162129887,7.6380909296539246,0.17530530170524475,0.7265324587197467,0.12101334539696901,0.15245419588328432
v2vol,100,0.0,60,0.96,60,0.0,20,0.7,,,True,sym,5,0.9,,10,,,20,0.4,0.25,14,75.0,True,fixed,,1.0,0.0,0.85,1.0,0.02739699282877317,-0.27997049982918387,0.2510112134963947,0.0978567129232854,0.11417877874284943,-0.2921221584029059,0.5835033356539044,0.3908596984463252,0.06014649931340532,-0.29212215840290645,0.4017198962488062,0.20589502570513288,7.182085501017869,0.1380416087325674,0.7274372313956119,0.07735806378647365,0.1952047048179145
v2vol,100,0.0,60,0.96,60,0.0,20,0.7,,,True,sym,5,0.9,,10,,,20,0.4,0.25,14,75.0,True,fixed,,1.0,0.0,1.0,1.0,0.02693865292215314,-0.3113366140461916,0.2336414542259151,0.08652581067177782,0.12217474748360435,-0.3265351705967312,0.5798944143413303,0.37415494098333857,0.06268788685254134,-0.3265351705967291,0.3887113554205233,0.19197897346856052,7.182085501017869,0.1555399791568344,0.7274372313956119,0.07735806378647365,0.1952047048179145
v2vol,100,0.0,60,0.96,60,0.0,20,0.7,,,True,sym,5,0.9,,10,,,20,0.4,0.25,14,85.0,False,fixed,,1.0,0.0,0.85,1.0,0.042760745867491456,-0.2908964656691435,0.32089612768407877,0.14699644345671145,0.13743551002651788,-0.31804462615488094,0.5941677814620401,0.43212649648603,0.07722015060775567,-0.3180446261548804,0.4375711887154478,0.24279658971553017,7.8660936439719515,0.17797545384889002,0.7242705270300837,0.16308527482470028,0.11264419814521602
v2vol,100,0.0,60,0.96,60,0.0,20,0.7,,,True,sym,5,0.9,,10,,,20,0.4,0.25,14,85.0,False,fixed,,1.0,0.0,1.0,1.0,0.045780290588042005,-0.3271590409050015,0.316054237693425,0.13993283040995164,0.1491382744466474,-0.3609794841288114,0.5884120645412451,0.4131488935072806,0.0833103149372878,-0.36097948412880987,0.4320608288049501,0.2307896115989789,7.8660936439719515,0.2061224967074444,0.7242705270300837,0.16308527482470028,0.11264419814521602
v2vol,100,0.0,60,0.96,60,0.0,20,0.7,,,True,sym,5,0.9,,10,,,20,0.4,0.25,14,85.0,True,fixed,,1.0,0.0,0.85,1.0,0.0330129550594116,-0.2951659515882079,0.27805775933680105,0.11184540385426518,0.13968477173830496,-0.31804462615488094,0.6235638317874985,0.4391986540602056,0.07169559284042926,-0.3180446261548814,0.4313058290908744,0.22542620420039713,8.037095679710472,0.16235711249090123,0.7242705270300837,0.11875141370730603,0.15697805926261027
v2vol,100,0.0,60,0.96,60,0.0,20,0.7,,,True,sym,5,0.9,,10,,,20,0.4,0.25,14,85.0,True,fixed,,1.0,0.0,1.0,1.0,0.03465493894596272,-0.3304846449377903,0.27147658326712054,0.10486096548445115,0.15254911490099698,-0.3609794841288114,0.6206833631925139,0.4225977419995469,0.07727342286432504,-0.360979484128812,0.42644123896901165,0.2140659684602762,8.037095679710472,0.18649746093197098,0.7242705270300837,0.11875141370730603,0.15697805926261027
v2vol,100,0.0,60,0.96,60,0.0,20,0.7,,,True,sym,5,0.9,,10,,,20,0.5,,14,,False,fixed,,1.0,0.0,0.85,1.0,0.1434412397668159,-0.19994541022553103,0.9349627414233322,0.7174020129045197,0.21213713699954417,-0.2758010352189141,0.8748806261680279,0.7691672978354219,0.16989754779667865,-0.27580103521891386,0.8990482070067956,0.6160149024162452,6.6120787152227996,0.17845242206296827,0.27324134811128703,0.05881022393123728,0.6679484279574757
v2vol,100,0.0,60,0.96,60,0.0,20,0.7,,,True,sym,5,0.9,,10,,,20,0.5,,14,,False,fixed,,1.0,0.0,1.0,1.0,0.1468777396868357,-0.21839499771882942,0.9111169384934947,0.6725325269397061,0.21150965302657054,-0.31639288334518,0.827709997714905,0.6685031938465462,0.1718707955226022,-0.3163928833451799,0.8630344776198555,0.5432195367526448,6.6120787152227996,0.19051865141206636,0.27324134811128703,0.05881022393123728,0.6679484279574757
v2vol,100,0.0,60,0.96,60,0.0,20,0.7,,,True,sym,5,0.9,,10,,,20,0.5,,14,,True,fixed,,1.0,0.0,0.85,1.0,0.14343353102230827,-0.19994541022552914,0.9712278813633695,0.7173634586586504,0.21128175280745842,-0.2758010352189141,0.8743685140410677,0.7660658439507155,0.16958386192694452,-0.27580103521891397,0.9137425222142275,0.6148775394999487,6.270074643745758,0.17451827418567414,0.27324134811128703,0.04795295182085501,0.6788057000678579
v2vol,100,0.0,60,0.96,60,0.0,20,0.7,,,True,sym,5,0.9,,10,,,20,0.5,,14,,True,fixed,,1.0,0.0,1.0,1.0,0.14696651273137573,-0.21809901384536234,0.9579041450140763,0.6738522570101058,0.210339414238649,-0.31639288334518,0.8266710518936163,0.6648045051290606,0.17150420526201038,-0.31639288334518,0.880865891408111,0.5420608815492913,6.270074643745758,0.18514457072005291,0.27324134811128703,0.04795295182085501,0.6788057000678579
v2vol,100,0.0,60,0.96,60,0.0,20,0.7,,,True,sym,5,0.9,,10,,,20,0.5,,14,75.0,False,fixed,,1.0,0.0,0.85,1.0,0.14890587835327151,-0.19937655903706764,1.018518642257756,0.7468574995598518,0.2068721991602589,-0.2034655184526042,0.9748591931767066,1.0167432827614389,0.17148678994857458,-0.2034655184526052,0.9985974376504816,0.8428297396667748,5.586066500791675,0.15857307141885013,0.27324134811128703,0.025107441755258992,0.701651210133454
v2vol,100,0.0,60,0.96,60,0.0,20,0.7,,,True,sym,5,0.9,,10,,,20,0.5,,14,75.0,False,fixed,,1.0,0.0,1.0,1.0,0.15371855992994155,-0.21725199535369777,1.0154969493235222,0.7075587944758784,0.20556620950852755,-0.2034655184526042,0.9551884169111302,1.0103245555900555,0.17408145210617554,-0.21725199535369777,0.9896407984419557,0.8012881622687134,5.586066500791675,0.1629679280735598,0.27324134811128703,0.025107441755258992,0.701651210133454
v2vol,100,0.0,60,0.96,60,0.0,20,0.7,,,True,sym,5,0.9,,10,,,20,0.5,,14,75.0,True,fixed,,1.0,0.0,0.85,1.0,0.14253173004819564,-0.1993765590370692,1.010293828281365,0.7148870997502538,0.2060205303436553,-0.2034655184526042,0.9756607678901602,1.0125574687567824,0.16710515603721254,-0.2034655184526043,0.9922343458010913,0.8212947201475732,5.016059714996607,0.1552813499435164,0.27324134811128703,0.01719068084143859,0.7095679710472744
v2vol,100,0.0,60,0.96,60,0.0,20,0.7,,,True,sym,5,0.9,,10,,,20,0.5,,14,75.0,True,fixed,,1.0,0.0,1.0,1.0,0.14546151783706374,-0.21725199535369843,1.0085819196771815,0.6695520453114561,0.20440171169685173,-0.2034655184526042,0.9563462548314076,1.0046012378479041,0.1683911318115372,-0.21725199535369843,0.9833498902196114,0.7750959043546964,5.016059714996607,0.15829071062784458,0.27324134811128703,0.01719068084143859,0.7095679710472744
v2vol,100,0.0,60,0.96,60,0.0,20,0.7,,,True,sym,5,0.9,,10,,,20,0.5,,14,85.0,False,fixed,,1.0,0.0,0.85,1.0,0.1434412397668159,-0.19994541022553103,0.9349627414233322,0.7174020129045197,0.21213713699954417,-0.2758010352189141,0.8748806261680279,0.7691672978354219,0.16989754779667865,-0.27580103521891386,0.8990482070067956,0.6160149024162452,6.6120787152227996,0.17845242206296827,0.27324134811128703,0.05881022393123728,0.6679484279574757
v2vol,100,0.0,60,0.96,60,0.0,20,0.7,,,True,sym,5,0.9,,10,,,20,0.5,,14,85.0,False,fixed,,1.0,0.0,1.0,1.0,0.1468777396868357,-0.21839499771882942,0.9111169384934947,0.6725325269397061,0.21150965302657054,-0.31639288334518,0.827709997714905,0.6685031938465462,0.1718707955226022,-0.3163928833451799,0.8630344776198555,0.5432195367526448,6.6120787152227996,0.19051865141206636,0.27324134811128703,0.05881022393123728,0.6679484279574757
v2vol,100,0.0,60,0.96,60,0.0,20,0.7,,,True,sym,5,0.9,,10,,,20,0.5,,14,85.0,True,fixed,,1.0,0.0,0.85,1.0,0.14343353102230827,-0.19994541022552914,0.9712278813633695,0.7173634586586504,0.21128175280745842,-0.2758010352189141,0.8743685140410677,0.7660658439507155,0.16958386192694452,-0.27580103521891397,0.9137425222142275,0.6148775394999487,6.270074643745758,0.17451827418567414,0.27324134811128703,0.04795295182085501,0.6788057000678579
v2vol,100,0.0,60,0.96,60,0.0,20,0.7,,,True,sym,5,0.9,,10,,,20,0.5,,14,85.0,True,fixed,,1.0,0.0,1.0,1.0,0.14696651273137573,-0.21809901384536234,0.9579041450140763,0.6738522570101058,0.210339414238649,-0.31639288334518,0.8266710518936163,0.6648045051290606,0.17150420526201038,-0.31639288334518,0.880865891408111,0.5420608815492913,6.270074643745758,0.18514457072005291,0.27324134811128703,0.04795295182085501,0.6788057000678579
v2vol,100,0.0,60,0.96,60,0.0,20,0.7,,,True,sym,5,0.9,,10,,,20,0.5,0.15,14,,False,fixed,,1.0,0.0,0.85,1.0,0.1008653860045563,-0.20863917244068864,0.7427154059349963,0.48344414342052683,0.15086902929792312,-0.3079824078610143,0.6926630285177154,0.4898624903471987,0.12048882780373993,-0.30798240786101383,0.716778977816204,0.3912198383036023,9.120108572721103,0.15903933291100744,0.5374349694639222,0.06808414385885546,0.39448088667722236
v2vol,100,0.0,60,0.96,60,0.0,20,0.7,,,True,sym,5,0.9,,10,,,20,0.5,0.15,14,,False,fixed,,1.0,0.0,1.0,1.0,0.10670250247825153,-0.23761876895170453,0.724701937266166,0.44904913424552995,0.15443362776735015,-0.343719296370091,0.6618532610304707,0.4493015940573428,0.1255055838521213,-0.34371929637009124,0.6923123281631837,0.36513976718079355,9.120108572721103,0.17510517123084557,0.5374349694639222,0.06808414385885546,0.39448088667722236
v2vol,100,0.0,60,0.96,60,0.0,20,0.7,,,True,sym,5,0.9,,10,,,20,0.5,0.15,14,,True,fixed,,1.0,0.0,0.85,1.0,0.09880005183748608,-0.12884913171837742,0.8069186055892837,0.7667886505702738,0.15005688094871972,-0.3079824078610143,0.6916610216672723,0.4872254944394003,0.11887684214286098,-0.30798240786101416,0.7395381833797433,0.3859858196722312,8.892105858403076,0.15034323259581306,0.5369825831259896,0.05134584935534947,0.41167156751866096
v2vol,100,0.0,60,0.96,60,0.0,20,0.7,,,True,sym,5,0.9,,10,,,20,0.5,0.15,14,,True,fixed,,1.0,0.0,1.0,1.0,0.1041429732693182,-0.15032878098128488,0.8025133463129998,0.6927680287800873,0.15331852067272678,-0.343719296370091,0.6601470611615952,0.4460573563715345,0.1234691012490019,-0.34371929637009124,0.7179524183855466,0.35921492494869883,8.892105858403076,0.16354257924974985,0.5369825831259896,0.05134584935534947,0.41167156751866096
v2vol,100,0.0,60,0.96,60,0.0,20,0.7,,,True,sym,5,0.9,,10,,,20,0.5,0.15,14,75.0,False,fixed,,1.0,0.0,0.85,1.0,0.10623540190611536,-0.1300677115905584,0.8696029520439718,0.8167699777830716,0.13208642999568387,-0.18006334184897266,0.7356856431960197,0.733555362459455,0.11701423272027744,-0.18006334184897255,0.8168273181666175,0.649850388861619,8.208097715448993,0.13058989042178873,0.5383397421397874,0.028952725627686044,0.43270753223252656
v2vol,100,0.0,60,0.96,60,0.0,20,0.7,,,True,sym,5,0.9,,10,,,20,0.5,0.15,14,75.0,False,fixed,,1.0,0.0,1.0,1.0,0.11368272842587945,-0.14233762989069398,0.8776552691650347,0.7986835843281946,0.13086136808484716,-0.18006334184897266,0.7128725589819986,0.7267518571026331,0.12126254386878466,-0.1800633418489721,0.8141718046353847,0.6734438149575912,8.208097715448993,0.13668928297900626,0.5383397421397874,0.028952725627686044,0.43270753223252656
v2vol,100,0.0,60,0.96,60,0.0,20,0.7,,,True,sym,5,0.9,,10,,,20,0.5,0.15,14,75.0,True,fixed,,1.0,0.0,0.85,1.0,0.09522012426735094,-0.12179548794086392,0.8374136637076142,0.7818033810380868,0.13128753620162814,-0.18006334184897266,0.7362593720639715,0.7291186248878185,0.109744364166517,-0.180063341848973,0.7943265623072913,0.6094764377891221,7.752092286812938,0.12518507228822623,0.5378873558018548,0.01877403302420267,0.4433386111739425
v2vol,100,0.0,60,0.96,60,0.0,20,0.7,,,True,sym,5,0.9,,10,,,20,0.5,0.15,14,75.0,True,fixed,,1.0,0.0,1.0,1.0,0.09926949954417008,-0.14111342629366097,0.8421659248661771,0.7034731006926831,0.12976903024553343,-0.18006334184897266,0.713538617406623,0.7206854483150527,0.1117530619581748,-0.18006334184897255,0.7880484790779346,0.6206319443516009,7.752092286812938,0.12911792316876589,0.5378873558018548,0.01877403302420267,0.4433386111739425
v2vol,100,0.0,60,0.96,60,0.0,20,0.7,,,True,sym,5,0.9,,10,,,20,0.5,0.15,14,85.0,False,fixed,,1.0,0.0,0.85,1.0,0.1008653860045563,-0.20863917244068864,0.7427154059349963,0.48344414342052683,0.15086902929792312,-0.3079824078610143,0.6926630285177154,0.4898624903471987,0.12048882780373993,-0.30798240786101383,0.716778977816204,0.3912198383036023,9.120108572721103,0.15903933291100744,0.5374349694639222,0.06808414385885546,0.39448088667722236
v2vol,100,0.0,60,0.96,60,0.0,20,0.7,,,True,sym,5,0.9,,10,,,20,0.5,0.15,14,85.0,False,fixed,,1.0,0.0,1.0,1.0,0.10670250247825153,-0.23761876895170453,0.724701937266166,0.44904913424552995,0.15443362776735015,-0.343719296370091,0.6618532610304707,0.4493015940573428,0.1255055838521213,-0.34371929637009124,0.6923123281631837,0.36513976718079355,9.120108572721103,0.17510517123084557,0.5374349694639222,0.06808414385885546,0.39448088667722236
v2vol,100,0.0,60,0.96,60,0.0,20,0.7,,,True,sym,5,0.9,,10,,,20,0.5,0.15,14,85.0,True,fixed,,1.0,0.0,0.85,1.0,0.09880005183748608,-0.12884913171837742,0.8069186055892837,0.7667886505702738,0.15005688094871972,-0.3079824078610143,0.6916610216672723,0.4872254944394003,0.11887684214286098,-0.30798240786101416,0.7395381833797433,0.3859858196722312,8.892105858403076,0.15034323259581306,0.5369825831259896,0.05134584935534947,0.41167156751866096
v2vol,100,0.0,60,0.96,60,0.0,20,0.7,,,True,sym,5,0.9,,10,,,20,0.5,0.15,14,85.0,True,fixed,,1.0,0.0,1.0,1.0,0.1041429732693182,-0.15032878098128488,0.8025133463129998,0.6927680287800873,0.15331852067272678,-0.343719296370091,0.6601470611615952,0.4460573563715345,0.1234691012490019,-0.34371929637009124,0.7179524183855466,0.35921492494869883,8.892105858403076,0.16354257924974985,0.5369825831259896,0.05134584935534947,0.41167156751866096
v2vol,100,0.0,60,0.96,60,0.0,20,0.7,,,True,sym,5,0.9,,10,,,20,0.5,0.25,14,,False,fixed,,1.0,0.0,0.85,1.0,0.038956647577061077,-0.20824405646885602,0.3492142861193635,0.18707207416931607,0.10842436859723237,-0.28341413988700015,0.5263309277889031,0.38256513468404285,0.06553415425880105,-0.2834141398869997,0.4315442657493779,0.2312310680226831,8.607102465505541,0.1415196103193628,0.6905677448541054,0.0655960190002262,0.2438362361456684
v2vol,100,0.0,60,0.96,60,0.0,20,0.7,,,True,sym,5,0.9,,10,,,20,0.5,0.25,14,,False,fixed,,1.0,0.0,1.0,1.0,0.042248181887649894,-0.23713374466651838,0.3492985029226056,0.17816182992877538,0.10936337722417022,-0.3208660196698946,0.4934641986244651,0.3408381396592969,0.06798454775461282,-0.32086601966989337,0.415715298534274,0.21187830305170754,8.607102465505541,0.15890445716523482,0.6905677448541054,0.0655960190002262,0.2438362361456684
v2vol,100,0.0,60,0.96,60,0.0,20,0.7,,,True,sym,5,0.9,,10,,,20,0.5,0.25,14,,True,fixed,,1.0,0.0,0.85,1.0,0.0393882053536907,-0.2064453322158304,0.390574092262712,0.19079242398424343,0.10764217271024945,-0.28341413988700015,0.5245487085257754,0.3798052304418099,0.06552996470046968,-0.28341413988699715,0.4504290680009876,0.23121628556217336,8.493101108346528,0.1329067092501567,0.6903415516851391,0.05134584935534947,0.2583125989595114
v2vol,100,0.0,60,0.96,60,0.0,20,0.7,,,True,sym,5,0.9,,10,,,20,0.5,0.25,14,,True,fixed,,1.0,0.0,1.0,1.0,0.04369809946619174,-0.22168610074606976,0.40449975466457255,0.1971170015581884,0.10829180503266178,-0.3208660196698946,0.49071843768094214,0.3374985146263598,0.06852835340156682,-0.32086601966989425,0.4388309307310604,0.21357310902559434,8.493101108346528,0.14769465288557546,0.6903415516851391,0.05134584935534947,0.2583125989595114
v2vol,100,0.0,60,0.96,60,0.0,20,0.7,,,True,sym,5,0.9,,10,,,20,0.5,0.25,14,75.0,False,fixed,,1.0,0.0,0.85,1.0,0.04832059685507417,-0.19731589975801023,0.48657450571752736,0.2448895244343458,0.09340189575623792,-0.15002768582869208,0.5766441238087091,0.6225643969666247,0.06608368844032131,-0.19731589975801023,0.5315733248631436,0.33491314446208775,7.809092965392445,0.10778453431902095,0.6966749604161955,0.02691698710698937,0.2764080524768152
v2vol,100,0.0,60,0.96,60,0.0,20,0.7,,,True,sym,5,0.9,,10,,,20,0.5,0.25,14,75.0,False,fixed,,1.0,0.0,1.0,1.0,0.05444137441042196,-0.21277570718253014,0.5119442461906845,0.2558627351369548,0.09227022464621348,-0.15002768582869208,0.5509623619127832,0.6150213151429363,0.06956241805929886,-0.21277570718253014,0.535393935401657,0.3269283837915979,7.809092965392445,0.11450760381111655,0.6966749604161955,0.02691698710698937,0.2764080524768152
v2vol,100,0.0,60,0.96,60,0.0,20,0.7,,,True,sym,5,0.9,,10,,,20,0.5,0.25,14,75.0,True,fixed,,1.0,0.0,0.85,1.0,0.03600184358004754,-0.2081138245758608,0.3923010453437473,0.17299111989998675,0.09263030096825742,-0.15002768582869208,0.5769647483303011,0.6174213809711535,0.057943594563194534,-0.2081138245758608,0.4792952299623623,0.27842261167072624,7.410088215335897,0.10233201283126192,0.6964487672472292,0.018095453517303777,0.2854557792354671
v2vol,100,0.0,60,0.96,60,0.0,20,0.7,,,True,sym,5,0.9,,10,,,20,0.5,0.25,14,75.0,True,fixed,,1.0,0.0,1.0,1.0,0.0390914177339563,-0.223365662466388,0.40752964671763997,0.17501086470638147,0.09121516331791168,-0.15002768582869208,0.5509966160822521,0.6079888709478929,0.05940437130297527,-0.223365662466388,0.4759120523103371,0.26595122386778863,7.410088215335897,0.10699295868393036,0.6964487672472292,0.018095453517303777,0.2854557792354671
v2vol,100,0.0,60,0.96,60,0.0,20,0.7,,,True,sym,5,0.9,,10,,,20,0.5,0.25,14,85.0,False,fixed,,1.0,0.0,0.85,1.0,0.038956647577061077,-0.20824405646885602,0.3492142861193635,0.18707207416931607,0.10842436859723237,-0.28341413988700015,0.5263309277889031,0.38256513468404285,0.06553415425880105,-0.2834141398869997,0.4315442657493779,0.2312310680226831,8.607102465505541,0.1415196103193628,0.6905677448541054,0.0655960190002262,0.2438362361456684
v2vol,100,0.0,60,0.96,60,0.0,20,0.7,,,True,sym,5,0.9,,10,,,20,0.5,0.25,14,85.0,False,fixed,,1.0,0.0,1.0,1.0,0.042248181887649894,-0.23713374466651838,0.3492985029226056,0.17816182992877538,0.10936337722417022,-0.3208660196698946,0.4934641986244651,0.3408381396592969,0.06798454775461282,-0.32086601966989337,0.415715298534274,0.21187830305170754,8.607102465505541,0.15890445716523482,0.6905677448541054,0.0655960190002262,0.2438362361456684
v2vol,100,0.0,60,0.96,60,0.0,20,0.7,,,True,sym,5,0.9,,10,,,20,0.5,0.25,14,85.0,True,fixed,,1.0,0.0,0.85,1.0,0.0393882053536907,-0.2064453322158304,0.390574092262712,0.19079242398424343,0.10764217271024945,-0.28341413988700015,0.5245487085257754,0.3798052304418099,0.06552996470046968,-0.28341413988699715,0.4504290680009876,0.23121628556217336,8.493101108346528,0.1329067092501567,0.6903415516851391,0.05134584935534947,0.2583125989595114
v2vol,100,0.0,60,0.96,60,0.0,20,0.7,,,True,sym,5,0.9,,10,,,20,0.5,0.25,14,85.0,True,fixed,,1.0,0.0,1.0,1.0,0.04369809946619174,-0.22168610074606976,0.40449975466457255,0.1971170015581884,0.10829180503266178,-0.3208660196698946,0.49071843768094214,0.3374985146263598,0.06852835340156682,-0.32086601966989425,0.4388309307310604,0.21357310902559434,8.493101108346528,0.14769465288557546,0.6903415516851391,0.05134584935534947,0.2583125989595114
v2vol,100,0.0,60,0.96,60,0.0,20,0.7,,,True,sym,5,0.9,,10,,,30,,,14,,False,fixed,,1.0,0.0,0.85,1.0,0.2853875464712572,-0.3101313941521374,0.9970125828459794,0.9202149535730589,0.3721435481338986,-0.27580103521891386,0.9926453683681263,1.349318895190201,0.3206488071943583,-0.3101313941521374,0.9981993795300241,1.0339127648491513,8.09409635828998,0.3166407099688601,0.27437231395611855,0.5344944582673603,0.19113322777652114
v2vol,100,0.0,60,0.96,60,0.0,20,0.7,,,True,sym,5,0.9,,10,,,30,,,14,,False,fixed,,1.0,0.0,1.0,1.0,0.3264286683765949,-0.3648787136215276,0.9926601983119125,0.8946223942106549,0.4145471913534948,-0.3219772104790779,0.9833903115309884,1.2875047607769499,0.36292322923005216,-0.3648787136215276,0.9921926471994715,0.9946407276761456,8.09409635828998,0.36838664881976957,0.27437231395611855,0.5344944582673603,0.19113322777652114
v2vol,100,0.0,60,0.96,60,0.0,20,0.7,,,True,sym,5,0.9,,10,,,30,,,14,,True,fixed,,1.0,0.0,0.85,1.0,0.18259668223637693,-0.2913824046958503,0.8643587271014578,0.6266565149222868,0.30296299101912383,-0.27580103521891386,0.9906987894096374,1.0984838790711953,0.229485775091834,-0.2913824046958503,0.9223082952167859,0.7875759530894633,12.255145894593984,0.24258968225956276,0.27437231395611855,0.2834200407147704,0.44220764532911105
v2vol,100,0.0,60,0.96,60,0.0,20,0.7,,,True,sym,5,0.9,,10,,,30,,,14,,True,fixed,,1.0,0.0,1.0,1.0,0.19717446606785183,-0.3406506406204617,0.8388871857452125,0.5788172472205481,0.3287382411566895,-0.31639288334518023,0.9736396967948223,1.0390190755271844,0.24862342161555762,-0.3406506406204617,0.9011510169560112,0.7298486835742168,12.255145894593984,0.2748355276887599,0.27437231395611855,0.2834200407147704,0.44220764532911105
v2vol,100,0.0,60,0.96,60,0.0,20,0.7,,,True,sym,5,0.9,,10,,,30,,,14,75.0,False,fixed,,1.0,0.0,0.85,1.0,0.28610280099615615,-0.3110780502124736,1.0133743536766753,0.9197138814543206,0.40354086367505126,-0.27351063400154874,1.0852752826986496,1.4754119712682405,0.3323316368676552,-0.3110780502124736,1.0474061710697897,1.0683223603872563,8.892105858403076,0.30732448427269543,0.27437231395611855,0.5084822438362362,0.21714544220764534
v2vol,100,0.0,60,0.96,60,0.0,20,0.7,,,True,sym,5,0.9,,10,,,30,,,14,75.0,False,fixed,,1.0,0.0,1.0,1.0,0.32805213691309887,-0.3660230995238736,1.0105435344877096,0.8962607478594447,0.45767367982648666,-0.3219772104790781,1.0849982012548922,1.4214474345730939,0.3793697247178791,-0.3660230995238736,1.04596964277106,1.0364638876927903,8.892105858403076,0.3567486059915418,0.27437231395611855,0.5084822438362362,0.21714544220764534
v2vol,100,0.0,60,0.96,60,0.0,20,0.7,,,True,sym,5,0.9,,10,,,30,,,14,75.0,True,fixed,,1.0,0.0,0.85,1.0,0.180920362138822,-0.2913824046958504,0.8802284982538732,0.6209035247947438,0.32956571138726076,-0.2274885458232676,1.1349129257222978,1.4487134294809523,0.2377124771187722,-0.2913824046958504,0.9935860912536364,0.8158093051874572,11.457136394480885,0.22845561881033996,0.27437231395611855,0.24836009952499435,0.4772675865188871
v2vol,100,0.0,60,0.96,60,0.0,20,0.7,,,True,sym,5,0.9,,10,,,30,,,14,75.0,True,fixed,,1.0,0.0,1.0,1.0,0.1948966349880199,-0.34065064062046224,0.854277206642363,0.5721305400542752,0.36472300391187473,-0.2390820697331545,1.137503232509519,1.5255138301209759,0.2596582356150632,-0.34065064062046224,0.9798818590430136,0.7622420293768443,11.457136394480885,0.2566333575894791,0.27437231395611855,0.24836009952499435,0.4772675865188871
v2vol,100,0.0,60,0.96,60,0.0,20,0.7,,,True,sym,5,0.9,,10,,,30,,,14,85.0,False,fixed,,1.0,0.0,0.85,1.0,0.2853875464712572,-0.3101313941521374,0.9970125828459794,0.9202149535730589,0.3721435481338986,-0.27580103521891386,0.9926453683681263,1.349318895190201,0.3206488071943583,-0.3101313941521374,0.9981993795300241,1.0339127648491513,8.09409635828998,0.3166407099688601,0.27437231395611855,0.5344944582673603,0.19113322777652114
v2vol,100,0.0,60,0.96,60,0.0,20,0.7,,,True,sym,5,0.9,,10,,,30,,,14,85.0,False,fixed,,1.0,0.0,1.0,1.0,0.3264286683765949,-0.3648787136215276,0.9926601983119125,0.8946223942106549,0.4145471913534948,-0.3219772104790779,0.9833903115309884,1.2875047607769499,0.36292322923005216,-0.3648787136215276,0.9921926471994715,0.9946407276761456,8.09409635828998,0.36838664881976957,0.27437231395611855,0.5344944582673603,0.19113322777652114
v2vol,100,0.0,60,0.96,60,0.0,20,0.7,,,True,sym,5,0.9,,10,,,30,,,14,85.0,True,fixed,,1.0,0.0,0.85,1.0,0.18259668223637693,-0.2913824046958503,0.8643587271014578,0.6266565149222868,0.30296299101912383,-0.27580103521891386,0.9906987894096374,1.0984838790711953,0.229485775091834,-0.2913824046958503,0.9223082952167859,0.7875759530894633,12.255145894593984,0.24258968225956276,0.27437231395611855,0.2834200407147704,0.44220764532911105
v2vol,100,0.0,60,0.96,60,0.0,20,0.7,,,True,sym,5,0.9,,10,,,30,,,14,85.0,True,fixed,,1.0,0.0,1.0,1.0,0.19717446606785183,-0.3406506406204617,0.8388871857452125,0.5788172472205481,0.3287382411566895,-0.31639288334518023,0.9736396967948223,1.0390190755271844,0.24862342161555762,-0.3406506406204617,0.9011510169560112,0.7298486835742168,12.255145894593984,0.2748355276887599,0.27437231395611855,0.2834200407147704,0.44220764532911105
v2vol,100,0.0,60,0.96,60,0.0,20,0.7,,,True,sym,5,0.9,,10,,,30,,0.15,14,,False,fixed,,1.0,0.0,0.85,1.0,0.11668749964506064,-0.3821184822779581,0.5696655021837083,0.30536994428911346,0.3093298091262531,-0.3011827564552686,0.9880308376483105,1.027050196255822,0.18828865597040467,-0.3821184822779581,0.7522177401694868,0.492749408110129,7.923094322551458,0.25689165136497366,0.5749830355123275,0.35602804795295184,0.06898891653472065
v2vol,100,0.0,60,0.96,60,0.0,20,0.7,,,True,sym,5,0.9,,10,,,30,,0.15,14,,False,fixed,,1.0,0.0,1.0,1.0,0.12857874779363998,-0.4428210291434058,0.5623111407235133,0.29036278616298566,0.3494726860144357,-0.35256100005983904,0.9824754822123377,0.9912403412604367,0.2103237848736501,-0.4428210291434058,0.745320085119142,0.47496340740750503,7.923094322551458,0.3003882948241728,0.5749830355123275,0.35602804795295184,0.06898891653472065
v2vol,100,0.0,60,0.96,60,0.0,20,0.7,,,True,sym,5,0.9,,10,,,30,,0.15,14,,True,fixed,,1.0,0.0,0.85,1.0,0.07732425733069404,-0.315626491729354,0.4630925736409539,0.24498658812517765,0.2088232482108252,-0.2730653740019393,0.8229896993157324,0.7647371951646353,0.12770345071020084,-0.315626491729354,0.6228262624957716,0.404603080085258,10.260122144311241,0.20779304497319367,0.5813164442433838,0.21624066953178014,0.202442886224836
v2vol,100,0.0,60,0.96,60,0.0,20,0.7,,,True,sym,5,0.9,,10,,,30,,0.15,14,,True,fixed,,1.0,0.0,1.0,1.0,0.08289347860159446,-0.3638504382019673,0.4520128201039349,0.2278229456345513,0.22224330060444575,-0.3166477716339212,0.7936137286408764,0.7018628283965404,0.13654191891513756,-0.3638504382019673,0.6037790842654835,0.3752693540507582,10.260122144311241,0.23901078172478887,0.5813164442433838,0.21624066953178014,0.202442886224836
v2vol,100,0.0,60,0.96,60,0.0,20,0.7,,,True,sym,5,0.9,,10,,,30,,0.15,14,75.0,False,fixed,,1.0,0.0,0.85,1.0,0.11855043619307026,-0.38095518461477673,0.5874425364434275,0.3111926047494245,0.3295561556138258,-0.28863234100714175,1.0987365815203842,1.1417852707145921,0.19636711595757994,-0.38095518461477673,0.8054610864741978,0.5154598858029642,8.721103822664555,0.24431601302976097,0.5774711603709568,0.32843248133906355,0.09409635828997964
v2vol,100,0.0,60,0.96,60,0.0,20,0.7,,,True,sym,5,0.9,,10,,,30,,0.15,14,75.0,False,fixed,,1.0,0.0,1.0,1.0,0.1315279108541807,-0.4415546890868477,0.5815444649395232,0.29787456481593605,0.3787493837488567,-0.3323984105055944,1.104655399778603,1.1394440279445386,0.22207083176547848,-0.4415546890868477,0.803574782414248,0.5029293930152335,8.721103822664555,0.2847787744809916,0.5774711603709568,0.32843248133906355,0.09409635828997964
v2vol,100,0.0,60,0.96,60,0.0,20,0.7,,,True,sym,5,0.9,,10,,,30,,0.15,14,75.0,True,fixed,,1.0,0.0,0.85,1.0,0.0671704424268198,-0.315626491729354,0.42731331984657345,0.21281623750523979,0.22453906912228172,-0.24641849855193987,0.9874425430457302,0.9112102802418203,0.1264644037747562,-0.315626491729354,0.6605720611440216,0.40067740537824675,9.576114001357158,0.1882745958956562,0.584483148608912,0.17597828545577923,0.23953856593530876
v2vol,100,0.0,60,0.96,60,0.0,20,0.7,,,True,sym,5,0.9,,10,,,30,,0.15,14,75.0,True,fixed,,1.0,0.0,1.0,1.0,0.07016843831232022,-0.3638504382019673,0.4106844393781541,0.19284967378099158,0.24463240701929445,-0.2871866499693294,0.9778240023180809,0.8518237426615074,0.1358445392289871,-0.3638504382019673,0.6437367586264922,0.37335268826468215,9.576114001357158,0.21427859312675104,0.584483148608912,0.17597828545577923,0.23953856593530876
v2vol,100,0.0,60,0.96,60,0.0,20,0.7,,,True,sym,5,0.9,,10,,,30,,0.15,14,85.0,False,fixed,,1.0,0.0,0.85,1.0,0.11668749964506064,-0.3821184822779581,0.5696655021837083,0.30536994428911346,0.3093298091262531,-0.3011827564552686,0.9880308376483105,1.027050196255822,0.18828865597040467,-0.3821184822779581,0.7522177401694868,0.492749408110129,7.923094322551458,0.25689165136497366,0.5749830355123275,0.35602804795295184,0.06898891653472065
v2vol,100,0.0,60,0.96,60,0.0,20,0.7,,,True,sym,5,0.9,,10,,,30,,0.15,14,85.0,False,fixed,,1.0,0.0,1.0,1.0,0.12857874779363998,-0.4428210291434058,0.5623111407235133,0.29036278616298566,0.3494726860144357,-0.35256100005983904,0.9824754822123377,0.9912403412604367,0.2103237848736501,-0.4428210291434058,0.745320085119142,0.47496340740750503,7.923094322551458,0.3003882948241728,0.5749830355123275,0.35602804795295184,0.06898891653472065
v2vol,100,0.0,60,0.96,60,0.0,20,0.7,,,True,sym,5,0.9,,10,,,30,,0.15,14,85.0,True,fixed,,1.0,0.0,0.85,1.0,0.07732425733069404,-0.315626491729354,0.4630925736409539,0.24498658812517765,0.2088232482108252,-0.2730653740019393,0.8229896993157324,0.7647371951646353,0.12770345071020084,-0.315626491729354,0.6228262624957716,0.404603080085258,10.260122144311241,0.20779304497319367,0.5813164442433838,0.21624066953178014,0.202442886224836
v2vol,100,0.0,60,0.96,60,0.0,20,0.7,,,True,sym,5,0.9,,10,,,30,,0.15,14,85.0,True,fixed,,1.0,0.0,1.0,1.0,0.08289347860159446,-0.3638504382019673,0.4520128201039349,0.2278229456345513,0.22224330060444575,-0.3166477716339212,0.7936137286408764,0.7018628283965404,0.13654191891513756,-0.3638504382019673,0.6037790842654835,0.3752693540507582,10.260122144311241,0.23901078172478887,0.5813164442433838,0.21624066953178014,0.202442886224836
v2vol,100,0.0,60,0.96,60,0.0,20,0.7,,,True,sym,5,0.9,,10,,,30,,0.25,14,,False,fixed,,1.0,0.0,0.85,1.0,0.03447928826232749,-0.38779239410735833,0.25784966724845676,0.08891171870890814,0.1399809684674893,-0.2730653740019394,0.5546439588685239,0.5126280436658187,0.0755700607178702,-0.38779239410735833,0.3986112763776161,0.19487246750112644,6.156073286586745,0.2040979715884889,0.7247229133680163,0.2356932820628817,0.039583804569102016
v2vol,100,0.0,60,0.96,60,0.0,20,0.7,,,True,sym,5,0.9,,10,,,30,,0.25,14,,False,fixed,,1.0,0.0,1.0,1.0,0.0359443119006595,-0.44273526886962233,0.25565167590813787,0.0811869178446781,0.15280858745919335,-0.3166477716339212,0.5538096349866108,0.48258222905120096,0.08152419017084345,-0.44273526886962233,0.39670209498585984,0.18413755556224023,6.156073286586745,0.23866525268638425,0.7247229133680163,0.2356932820628817,0.039583804569102016
v2vol,100,0.0,60,0.96,60,0.0,20,0.7,,,True,sym,5,0.9,,10,,,30,,0.25,14,,True,fixed,,1.0,0.0,0.85,1.0,0.006920868606147934,-0.35422036929461087,0.09481951903496506,0.019538313451397636,0.08101431577160922,-0.28691870176217393,0.3508128553512476,0.2823598297149753,0.036745990101691106,-0.35422036929461087,0.22346511270519717,0.10373765397756916,7.467088893915403,0.1732228890938535,0.735127799140466,0.1454422076453291,0.11942999321420493
v2vol,100,0.0,60,0.96,60,0.0,20,0.7,,,True,sym,5,0.9,,10,,,30,,0.25,14,,True,fixed,,1.0,0.0,1.0,1.0,0.0033320122280844355,-0.39801113525972487,0.08380708260863187,0.008371655797795979,0.08006057477681083,-0.3324530239515926,0.331057942840503,0.24081770658963292,0.03455572596822942,-0.39801113525972487,0.20856639576130334,0.08682100299952625,7.467088893915403,0.20022326160917334,0.735127799140466,0.1454422076453291,0.11942999321420493
v2vol,100,0.0,60,0.96,60,0.0,20,0.7,,,True,sym,5,0.9,,10,,,30,,0.25,14,75.0,False,fixed,,1.0,0.0,0.85,1.0,0.04119881397413794,-0.36467770043097003,0.299740897232888,0.112973219710034,0.136834737824026,-0.2499753126598856,0.5978368799698635,0.547393006005366,0.07882361641410385,-0.36467770043097003,0.43647257184437394,0.2161459730632046,6.726080072381814,0.1843037955019829,0.7369373444921964,0.20018095453517304,0.06288170097263063
v2vol,100,0.0,60,0.96,60,0.0,20,0.7,,,True,sym,5,0.9,,10,,,30,,0.25,14,75.0,False,fixed,,1.0,0.0,1.0,1.0,0.044609833967880874,-0.4163671891973264,0.29978877518050295,0.1071406083987545,0.15335982851401875,-0.27624754885229563,0.6094281782153483,0.5551536263440924,0.08737393129616788,-0.4163671891973264,0.4404756547199101,0.2098482626947804,6.726080072381814,0.21435537028884402,0.7369373444921964,0.20018095453517304,0.06288170097263063
v2vol,100,0.0,60,0.96,60,0.0,20,0.7,,,True,sym,5,0.9,,10,,,30,,0.25,14,75.0,True,fixed,,1.0,0.0,0.85,1.0,0.006224395548674044,-0.32972608420261407,0.08396334136172956,0.018877473899969657,0.07560949091791103,-0.22177205410941514,0.3679211292672454,0.34093335709740846,0.03435665693189627,-0.32972608420261407,0.22001367219109566,0.1041975705834191,6.555078036643293,0.14382198454007897,0.7498303551232752,0.0977154489934404,0.15245419588328432
v2vol,100,0.0,60,0.96,60,0.0,20,0.7,,,True,sym,5,0.9,,10,,,30,,0.25,14,75.0,True,fixed,,1.0,0.0,1.0,1.0,0.001997898138501597,-0.3711582861679944,0.06475713405212725,0.005382873595868757,0.07724349240448958,-0.24445816335187864,0.3555156749018061,0.3159783716991424,0.032685318708499,-0.3711582861679944,0.2024972163651207,0.0880630176573908,6.555078036643293,0.16352737319672528,0.7498303551232752,0.0977154489934404,0.15245419588328432
v2vol,100,0.0,60,0.96,60,0.0,20,0.7,,,True,sym,5,0.9,,10,,,30,,0.25,14,85.0,False,fixed,,1.0,0.0,0.85,1.0,0.03447928826232749,-0.38779239410735833,0.25784966724845676,0.08891171870890814,0.1399809684674893,-0.2730653740019394,0.5546439588685239,0.5126280436658187,0.0755700607178702,-0.38779239410735833,0.3986112763776161,0.19487246750112644,6.156073286586745,0.2040979715884889,0.7247229133680163,0.2356932820628817,0.039583804569102016
v2vol,100,0.0,60,0.96,60,0.0,20,0.7,,,True,sym,5,0.9,,10,,,30,,0.25,14,85.0,False,fixed,,1.0,0.0,1.0,1.0,0.0359443119006595,-0.44273526886962233,0.25565167590813787,0.0811869178446781,0.15280858745919335,-0.3166477716339212,0.5538096349866108,0.48258222905120096,0.08152419017084345,-0.44273526886962233,0.39670209498585984,0.18413755556224023,6.156073286586745,0.23866525268638425,0.7247229133680163,0.2356932820628817,0.039583804569102016
v2vol,100,0.0,60,0.96,60,0.0,20,0.7,,,True,sym,5,0.9,,10,,,30,,0.25,14,85.0,True,fixed,,1.0,0.0,0.85,1.0,0.006920868606147934,-0.35422036929461087,0.09481951903496506,0.019538313451397636,0.08101431577160922,-0.28691870176217393,0.3508128553512476,0.2823598297149753,0.036745990101691106,-0.35422036929461087,0.22346511270519717,0.10373765397756916,7.467088893915403,0.1732228890938535,0.735127799140466,0.1454422076453291,0.11942999321420493
v2vol,100,0.0,60,0.96,60,0.0,20,0.7,,,True,sym,5,0.9,,10,,,30,,0.25,14,85.0,True,fixed,,1.0,0.0,1.0,1.0,0.0033320122280844355,-0.39801113525972487,0.08380708260863187,0.008371655797795979,0.08006057477681083,-0.3324530239515926,0.331057942840503,0.24081770658963292,0.03455572596822942,-0.39801113525972487,0.20856639576130334,0.08682100299952625,7.467088893915403,0.20022326160917334,0.735127799140466,0.1454422076453291,0.11942999321420493
v2vol,100,0.0,60,0.96,60,0.0,20,0.7,,,True,sym,5,0.9,,10,,,30,0.2,,14,,False,fixed,,1.0,0.0,0.85,1.0,0.14496558543588467,-0.28222729272913183,0.6735980469689131,0.5136483577972584,0.310701983934091,-0.2758010352189141,0.9873726907617357,1.1265439366007988,0.2075135148701137,-0.28222729272913183,0.8117825584240814,0.7352708976635906,9.633114679936666,0.2582227297262074,0.27324134811128703,0.2902058357837593,0.4365528161049536
v2vol,100,0.0,60,0.96,60,0.0,20,0.7,,,True,sym,5,0.9,,10,,,30,0.2,,14,,False,fixed,,1.0,0.0,1.0,1.0,0.14683211231434634,-0.33024110506211535,0.6262698072154522,0.4446209453142684,0.33751944459353767,-0.3163928833451801,0.9688509255540961,1.0667731872632191,0.21848307256109445,-0.33024110506211535,0.7765879897163623,0.6615865475619692,9.633114679936666,0.2947789993789706,0.27324134811128703,0.2902058357837593,0.4365528161049536
v2vol,100,0.0,60,0.96,60,0.0,20,0.7,,,True,sym,5,0.9,,10,,,30,0.2,,14,,True,fixed,,1.0,0.0,0.85,1.0,0.13993382324403214,-0.25846662620807215,0.7536602901733049,0.5413999683323985,0.21650124802711201,-0.27580103521891386,0.8240833608475528,0.7849907011961238,0.1710713028133486,-0.2758010352189141,0.7908770917219136,0.6202707059368454,9.804116715675185,0.21267301349981885,0.27324134811128703,0.16285908165573398,0.563899570232979
v2vol,100,0.0,60,0.96,60,0.0,20,0.7,,,True,sym,5,0.9,,10,,,30,0.2,,14,,True,fixed,,1.0,0.0,1.0,1.0,0.14217255714189125,-0.3013315987664268,0.705608903953741,0.47181429934301194,0.2172319249725585,-0.31639288334518023,0.774259390405267,0.6865891630551042,0.1733026834579352,-0.31639288334518034,0.7433313432325414,0.5477452009211735,9.804116715675185,0.23605402447734186,0.27324134811128703,0.16285908165573398,0.563899570232979
v2vol,100,0.0,60,0.96,60,0.0,20,0.7,,,True,sym,5,0.9,,10,,,30,0.2,,14,75.0,False,fixed,,1.0,0.0,0.85,1.0,0.14972722359496204,-0.2822272927291326,0.7039012748694266,0.5305200009081426,0.32748926650484744,-0.24371576646133863,1.0903746230178886,1.343734429905248,0.21642974040384977,-0.2822272927291326,0.8700886858047923,0.7668632551833604,10.203121465731735,0.24562221970664522,0.27324134811128703,0.2569554399457136,0.46980321194299934
v2vol,100,0.0,60,0.96,60,0.0,20,0.7,,,True,sym,5,0.9,,10,,,30,0.2,,14,75.0,False,fixed,,1.0,0.0,1.0,1.0,0.15329609637941144,-0.3302411050621159,0.6586210900077385,0.4641944749748145,0.36103226680991174,-0.2695669724322586,1.0851156318732575,1.3393045281192157,0.23077191027335053,-0.3302411050621159,0.8402933852997579,0.6987982620453745,10.203121465731735,0.2787015747344243,0.27324134811128703,0.2569554399457136,0.46980321194299934
v2vol,100,0.0,60,0.96,60,0.0,20,0.7,,,True,sym,5,0.9,,10,,,30,0.2,,14,75.0,True,fixed,,1.0,0.0,0.85,1.0,0.1344764211223104,-0.25846662620807237,0.7533035390656165,0.5202854352811236,0.23816785102354543,-0.25475855610820164,0.9891610846713039,0.9348767502136032,0.17529014409618138,-0.25846662620807237,0.8596494649972259,0.6781925646178716,8.892105858403076,0.19569582939653246,0.27324134811128703,0.1219181180728342,0.6048405338158788
v2vol,100,0.0,60,0.96,60,0.0,20,0.7,,,True,sym,5,0.9,,10,,,30,0.2,,14,75.0,True,fixed,,1.0,0.0,1.0,1.0,0.13503799345728362,-0.30133159876642723,0.7013505093340283,0.44813751365636345,0.24613790737099062,-0.28588970742472497,0.9679168916348287,0.860954070673562,0.1790094531846882,-0.30133159876642723,0.8196284078997569,0.5940613394596056,8.892105858403076,0.21364958225871772,0.27324134811128703,0.1219181180728342,0.6048405338158788
v2vol,100,0.0,60,0.96,60,0.0,20,0.7,,,True,sym,5,0.9,,10,,,30,0.2,,14,85.0,False,fixed,,1.0,0.0,0.85,1.0,0.14496558543588467,-0.28222729272913183,0.6735980469689131,0.5136483577972584,0.310701983934091,-0.2758010352189141,0.9873726907617357,1.1265439366007988,0.2075135148701137,-0.28222729272913183,0.8117825584240814,0.7352708976635906,9.633114679936666,0.2582227297262074,0.27324134811128703,0.2902058357837593,0.4365528161049536
v2vol,100,0.0,60,0.96,60,0.0,20,0.7,,,True,sym,5,0.9,,10,,,30,0.2,,14,85.0,False,fixed,,1.0,0.0,1.0,1.0,0.14683211231434634,-0.33024110506211535,0.6262698072154522,0.4446209453142684,0.33751944459353767,-0.3163928833451801,0.9688509255540961,1.0667731872632191,0.21848307256109445,-0.33024110506211535,0.7765879897163623,0.6615865475619692,9.633114679936666,0.2947789993789706,0.27324134811128703,0.2902058357837593,0.4365528161049536
v2vol,100,0.0,60,0.96,60,0.0,20,0.7,,,True,sym,5,0.9,,10,,,30,0.2,,14,85.0,True,fixed,,1.0,0.0,0.85,1.0,0.13993382324403214,-0.25846662620807215,0.7536602901733049,0.5413999683323985,0.21650124802711201,-0.27580103521891386,0.8240833608475528,0.7849907011961238,0.1710713028133486,-0.2758010352189141,0.7908770917219136,0.6202707059368454,9.804116715675185,0.21267301349981885,0.27324134811128703,0.16285908165573398,0.563899570232979
v2vol,100,0.0,60,0.96,60,0.0,20,0.7,,,True,sym,5,0.9,,10,,,30,0.2,,14,85.0,True,fixed,,1.0,0.0,1.0,1.0,0.14217255714189125,-0.3013315987664268,0.705608903953741,0.47181429934301194,0.2172319249725585,-0.31639288334518023,0.774259390405267,0.6865891630551042,0.1733026834579352,-0.31639288334518034,0.7433313432325414,0.5477452009211735,9.804116715675185,0.23605402447734186,0.27324134811128703,0.16285908165573398,0.563899570232979
v2vol,100,0.0,60,0.96,60,0.0,20,0.7,,,True,sym,5,0.9,,10,,,30,0.2,0.15,14,,False,fixed,,1.0,0.0,0.85,1.0,0.09693230883622195,-0.32563979466684667,0.5095894533560817,0.2976672704740856,0.19189574824444167,-0.3595595716935951,0.6816476651267597,0.5336966760210988,0.13451298044864024,-0.35955957169359465,0.5899546582353791,0.37410485226428064,7.6380909296539246,0.24323052788830812,0.6109477493779688,0.308979868807962,0.08007238181406921
v2vol,100,0.0,60,0.96,60,0.0,20,0.7,,,True,sym,5,0.9,,10,,,30,0.2,0.15,14,,False,fixed,,1.0,0.0,1.0,1.0,0.10551308912627722,-0.38006194526450643,0.5007061176816046,0.2776207679851892,0.2053136556394275,-0.41555455840133115,0.6635502598122796,0.4940714798780795,0.14535940568508154,-0.41555455840133215,0.5772346582739794,0.34979620063437517,7.6380909296539246,0.28395646236524635,0.6109477493779688,0.308979868807962,0.08007238181406921
v2vol,100,0.0,60,0.96,60,0.0,20,0.7,,,True,sym,5,0.9,,10,,,30,0.2,0.15,14,,True,fixed,,1.0,0.0,0.85,1.0,0.06269985945169276,-0.3260380682382764,0.4046071727828635,0.1923084006431734,0.13778806231147778,-0.3594328264832123,0.5850141646560756,0.3833485763101644,0.09306111557788954,-0.3594328264832116,0.49078292267627005,0.2589110084585895,9.74711603709568,0.19471000381817855,0.607328658674508,0.17507351277991404,0.21759782854557794
v2vol,100,0.0,60,0.96,60,0.0,20,0.7,,,True,sym,5,0.9,,10,,,30,0.2,0.15,14,,True,fixed,,1.0,0.0,1.0,1.0,0.06637920127949148,-0.37519640557147926,0.3938069868448534,0.17691854264538118,0.13942418746788254,-0.4141324791719907,0.5492775991300781,0.3366656673406656,0.09651182240051015,-0.4141324791719926,0.46980284450489146,0.23304576978235025,9.74711603709568,0.2228699044353349,0.607328658674508,0.17507351277991404,0.21759782854557794
v2vol,100,0.0,60,0.96,60,0.0,20,0.7,,,True,sym,5,0.9,,10,,,30,0.2,0.15,14,75.0,False,fixed,,1.0,0.0,0.85,1.0,0.09410970583785216,-0.32437016346975944,0.5079709178592307,0.29013058670738645,0.20088776993703616,-0.3062185911016383,0.7522376102797176,0.656027347047517,0.1358718697399699,-0.32437016346975944,0.6173926543244536,0.41887906176869144,8.379099751187514,0.22864497336442732,0.6175073512779914,0.27437231395611855,0.10812033476589007
v2vol,100,0.0,60,0.96,60,0.0,20,0.7,,,True,sym,5,0.9,,10,,,30,0.2,0.15,14,75.0,False,fixed,,1.0,0.0,1.0,1.0,0.10281197714453127,-0.3786529681990424,0.500153824912883,0.2715203254143969,0.21976162550402734,-0.35173735796882966,0.7420990379585216,0.6247889811110204,0.14871285963598257,-0.3786529681990424,0.6082839211895441,0.3927418299222477,8.379099751187514,0.26582831489590586,0.6175073512779914,0.27437231395611855,0.10812033476589007
v2vol,100,0.0,60,0.96,60,0.0,20,0.7,,,True,sym,5,0.9,,10,,,30,0.2,0.15,14,75.0,True,fixed,,1.0,0.0,0.85,1.0,0.0487335535431237,-0.32839249825030403,0.3423062746116912,0.14840032522904498,0.14843630659270302,-0.255273160717463,0.7151348723294844,0.5814802706853806,0.08782695021462672,-0.32839249825030403,0.5004137007847954,0.2674450563961548,9.00610721556209,0.1733229251700181,0.6145668400814296,0.1307396516625198,0.2546935082560507
v2vol,100,0.0,60,0.96,60,0.0,20,0.7,,,True,sym,5,0.9,,10,,,30,0.2,0.15,14,75.0,True,fixed,,1.0,0.0,1.0,1.0,0.04920231777217343,-0.37524000546769687,0.3246490083325362,0.13112226056720142,0.155424891984435,-0.28298009196202456,0.6969944317135487,0.5492432026112025,0.09109409455072881,-0.37524000546769687,0.47997921455832865,0.24276221411197796,9.00610721556209,0.19561553556265723,0.6145668400814296,0.1307396516625198,0.2546935082560507
v2vol,100,0.0,60,0.96,60,0.0,20,0.7,,,True,sym,5,0.9,,10,,,30,0.2,0.15,14,85.0,False,fixed,,1.0,0.0,0.85,1.0,0.09693230883622195,-0.32563979466684667,0.5095894533560817,0.2976672704740856,0.19189574824444167,-0.3595595716935951,0.6816476651267597,0.5336966760210988,0.13451298044864024,-0.35955957169359465,0.5899546582353791,0.37410485226428064,7.6380909296539246,0.24323052788830812,0.6109477493779688,0.308979868807962,0.08007238181406921
v2vol,100,0.0,60,0.96,60,0.0,20,0.7,,,True,sym,5,0.9,,10,,,30,0.2,0.15,14,85.0,False,fixed,,1.0,0.0,1.0,1.0,0.10551308912627722,-0.38006194526450643,0.5007061176816046,0.2776207679851892,0.2053136556394275,-0.41555455840133115,0.6635502598122796,0.4940714798780795,0.14535940568508154,-0.41555455840133215,0.5772346582739794,0.34979620063437517,7.6380909296539246,0.28395646236524635,0.6109477493779688,0.308979868807962,0.08007238181406921
v2vol,100,0.0,60,0.96,60,0.0,20,0.7,,,True,sym,5,0.9,,10,,,30,0.2,0.15,14,85.0,True,fixed,,1.0,0.0,0.85,1.0,0.06269985945169276,-0.3260380682382764,0.4046071727828635,0.1923084006431734,0.13778806231147778,-0.3594328264832123,0.5850141646560756,0.3833485763101644,0.09306111557788954,-0.3594328264832116,0.49078292267627005,0.2589110084585895,9.74711603709568,0.19471000381817855,0.607328658674508,0.17507351277991404,0.21759782854557794
v2vol,100,0.0,60,0.96,60,0.0,20,0.7,,,True,sym,5,0.9,,10,,,30,0.2,0.15,14,85.0,True,fixed,,1.0,0.0,1.0,1.0,0.06637920127949148,-0.37519640557147926,0.3938069868448534,0.17691854264538118,0.13942418746788254,-0.4141324791719907,0.5492775991300781,0.3366656673406656,0.09651182240051015,-0.4141324791719926,0.46980284450489146,0.23304576978235025,9.74711603709568,0.2228699044353349,0.607328658674508,0.17507351277991404,0.21759782854557794
v2vol,100,0.0,60,0.96,60,0.0,20,0.7,,,True,sym,5,0.9,,10,,,30,0.2,0.25,14,,False,fixed,,1.0,0.0,0.85,1.0,0.03447928826232749,-0.38779239410735833,0.25784966724845676,0.08891171870890814,0.1399809684674893,-0.2730653740019394,0.5546439588685239,0.5126280436658187,0.0755700607178702,-0.38779239410735833,0.3986112763776161,0.19487246750112644,6.156073286586745,0.2040979715884889,0.7247229133680163,0.2356932820628817,0.039583804569102016
v2vol,100,0.0,60,0.96,60,0.0,20,0.7,,,True,sym,5,0.9,,10,,,30,0.2,0.25,14,,False,fixed,,1.0,0.0,1.0,1.0,0.0359443119006595,-0.44273526886962233,0.25565167590813787,0.0811869178446781,0.15280858745919335,-0.3166477716339212,0.5538096349866108,0.48258222905120096,0.08152419017084345,-0.44273526886962233,0.39670209498585984,0.18413755556224023,6.156073286586745,0.23866525268638425,0.7247229133680163,0.2356932820628817,0.039583804569102016
v2vol,100,0.0,60,0.96,60,0.0,20,0.7,,,True,sym,5,0.9,,10,,,30,0.2,0.25,14,,True,fixed,,1.0,0.0,0.85,1.0,0.006920868606147934,-0.35422036929461087,0.09481951903496506,0.019538313451397636,0.08101431577160922,-0.28691870176217393,0.3508128553512476,0.2823598297149753,0.036745990101691106,-0.35422036929461087,0.22346511270519717,0.10373765397756916,7.467088893915403,0.1732228890938535,0.735127799140466,0.1454422076453291,0.11942999321420493
v2vol,100,0.0,60,0.96,60,0.0,20,0.7,,,True,sym,5,0.9,,10,,,30,0.2,0.25,14,,True,fixed,,1.0,0.0,1.0,1.0,0.0033320122280844355,-0.39801113525972487,0.08380708260863187,0.008371655797795979,0.08006057477681083,-0.3324530239515926,0.331057942840503,0.24081770658963292,0.03455572596822942,-0.39801113525972487,0.20856639576130334,0.08682100299952625,7.467088893915403,0.20022326160917334,0.735127799140466,0.1454422076453291,0.11942999321420493
v2vol,100,0.0,60,0.96,60,0.0,20,0.7,,,True,sym,5,0.9,,10,,,30,0.2,0.25,14,75.0,False,fixed,,1.0,0.0,0.85,1.0,0.04119881397413794,-0.36467770043097003,0.299740897232888,0.112973219710034,0.136834737824026,-0.2499753126598856,0.5978368799698635,0.547393006005366,0.07882361641410385,-0.36467770043097003,0.43647257184437394,0.2161459730632046,6.726080072381814,0.1843037955019829,0.7369373444921964,0.20018095453517304,0.06288170097263063
v2vol,100,0.0,60,0.96,60,0.0,20,0.7,,,True,sym,5,0.9,,10,,,30,0.2,0.25,14,75.0,False,fixed,,1.0,0.0,1.0,1.0,0.044609833967880874,-0.4163671891973264,0.29978877518050295,0.1071406083987545,0.15335982851401875,-0.27624754885229563,0.6094281782153483,0.5551536263440924,0.08737393129616788,-0.4163671891973264,0.4404756547199101,0.2098482626947804,6.726080072381814,0.21435537028884402,0.7369373444921964,0.20018095453517304,0.06288170097263063
v2vol,100,0.0,60,0.96,60,0.0,20,0.7,,,True,sym,5,0.9,,10,,,30,0.2,0.25,14,75.0,True,fixed,,1.0,0.0,0.85,1.0,0.006224395548674044,-0.32972608420261407,0.08396334136172956,0.018877473899969657,0.07560949091791103,-0.22177205410941514,0.3679211292672454,0.34093335709740846,0.03435665693189627,-0.32972608420261407,0.22001367219109566,0.1041975705834191,6.555078036643293,0.14382198454007897,0.7498303551232752,0.0977154489934404,0.15245419588328432
v2vol,100,0.0,60,0.96,60,0.0,20,0.7,,,True,sym,5,0.9,,10,,,30,0.2,0.25,14,75.0,True,fixed,,1.0,0.0,1.0,1.0,0.001997898138501597,-0.3711582861679944,0.06475713405212725,0.005382873595868757,0.07724349240448958,-0.24445816335187864,0.3555156749018061,0.3159783716991424,0.032685318708499,-0.3711582861679944,0.2024972163651207,0.0880630176573908,6.555078036643293,0.16352737319672528,0.7498303551232752,0.0977154489934404,0.15245419588328432
v2vol,100,0.0,60,0.96,60,0.0,20,0.7,,,True,sym,5,0.9,,10,,,30,0.2,0.25,14,85.0,False,fixed,,1.0,0.0,0.85,1.0,0.03447928826232749,-0.38779239410735833,0.25784966724845676,0.08891171870890814,0.1399809684674893,-0.2730653740019394,0.5546439588685239,0.5126280436658187,0.0755700607178702,-0.38779239410735833,0.3986112763776161,0.19487246750112644,6.156073286586745,0.2040979715884889,0.7247229133680163,0.2356932820628817,0.039583804569102016
v2vol,100,0.0,60,0.96,60,0.0,20,0.7,,,True,sym,5,0.9,,10,,,30,0.2,0.25,14,85.0,False,fixed,,1.0,0.0,1.0,1.0,0.0359443119006595,-0.44273526886962233,0.25565167590813787,0.0811869178446781,0.15280858745919335,-0.3166477716339212,0.5538096349866108,0.48258222905120096,0.08152419017084345,-0.44273526886962233,0.39670209498585984,0.18413755556224023,6.156073286586745,0.23866525268638425,0.7247229133680163,0.2356932820628817,0.039583804569102016
v2vol,100,0.0,60,0.96,60,0.0,20,0.7,,,True,sym,5,0.9,,10,,,30,0.2,0.25,14,85.0,True,fixed,,1.0,0.0,0.85,1.0,0.006920868606147934,-0.35422036929461087,0.09481951903496506,0.019538313451397636,0.08101431577160922,-0.28691870176217393,0.3508128553512476,0.2823598297149753,0.036745990101691106,-0.35422036929461087,0.22346511270519717,0.10373765397756916,7.467088893915403,0.1732228890938535,0.735127799140466,0.1454422076453291,0.11942999321420493
v2vol,100,0.0,60,0.96,60,0.0,20,0.7,,,True,sym,5,0.9,,10,,,30,0.2,0.25,14,85.0,True,fixed,,1.0,0.0,1.0,1.0,0.0033320122280844355,-0.39801113525972487,0.08380708260863187,0.008371655797795979,0.08006057477681083,-0.3324530239515926,0.331057942840503,0.24081770658963292,0.03455572596822942,-0.39801113525972487,0.20856639576130334,0.08682100299952625,7.467088893915403,0.20022326160917334,0.735127799140466,0.1454422076453291,0.11942999321420493
v2vol,100,0.0,60,0.96,60,0.0,20,0.7,,,True,sym,5,0.9,,10,,,30,0.3,,14,,False,fixed,,1.0,0.0,0.85,1.0,0.15472586323117743,-0.24119158301180466,0.8236021945674861,0.6415060645943216,0.2425995773928984,-0.2758010352189142,0.8770412519026565,0.8796180812024056,0.1899696143884746,-0.27580103521891397,0.850558635984257,0.6887922456044748,8.2650983940285,0.2179615334776366,0.27324134811128703,0.18004976249717258,0.5467088893915404
v2vol,100,0.0,60,0.96,60,0.0,20,0.7,,,True,sym,5,0.9,,10,,,30,0.3,,14,,False,fixed,,1.0,0.0,1.0,1.0,0.16001955317925898,-0.2932057790059791,0.7805942061061991,0.5457585240023384,0.24987481216002516,-0.31639288334518034,0.8365502010697443,0.7897611650367469,0.19652906228979194,-0.3163928833451801,0.8097737777540606,0.6211551290658505,8.2650983940285,0.24303548517864523,0.27324134811128703,0.18004976249717258,0.5467088893915404
v2vol,100,0.0,60,0.96,60,0.0,20,0.7,,,True,sym,5,0.9,,10,,,30,0.3,,14,,True,fixed,,1.0,0.0,0.85,1.0,0.14003079732501145,-0.226380851158268,0.8343822144725387,0.6185629067500622,0.18713580604627156,-0.2758010352189141,0.7449118560793553,0.6785174170855978,0.16048254697813236,-0.27580103521891386,0.7980402436366436,0.5818779717442003,8.2650983940285,0.19479378662746993,0.27324134811128703,0.1060845962451934,0.6206740556435195
v2vol,100,0.0,60,0.96,60,0.0,20,0.7,,,True,sym,5,0.9,,10,,,30,0.3,,14,,True,fixed,,1.0,0.0,1.0,1.0,0.14220090188494283,-0.24051069299988304,0.7910514475813686,0.5912456536184526,0.17931823986929807,-0.3163928833451798,0.6770439155357728,0.5667581330319135,0.15952093938436063,-0.31639288334518,0.7451352449024043,0.504186243690967,8.2650983940285,0.21249032578735186,0.27324134811128703,0.1060845962451934,0.6206740556435195
v2vol,100,0.0,60,0.96,60,0.0,20,0.7,,,True,sym,5,0.9,,10,,,30,0.3,,14,75.0,False,fixed,,1.0,0.0,0.85,1.0,0.17028717888864864,-0.2263808511582709,0.9381900183068317,0.7522154723660563,0.25306915873461766,-0.24049369427007483,0.9828556996433133,1.0522902045424134,0.20375519799673825,-0.24049369427007583,0.96306548168995,0.8472371744097372,8.208097715448993,0.2005777797443117,0.27324134811128703,0.1463469803211943,0.5804116715675186
v2vol,100,0.0,60,0.96,60,0.0,20,0.7,,,True,sym,5,0.9,,10,,,30,0.3,,14,75.0,False,fixed,,1.0,0.0,1.0,1.0,0.18060160866928854,-0.2530549232597594,0.91166755695407,0.7136854179434479,0.26446664042344636,-0.26946893095414604,0.9576783705016997,0.981436485041198,0.2150390225337162,-0.26946893095414604,0.9385912146286469,0.7980104488198239,8.208097715448993,0.22021790660429266,0.27324134811128703,0.1463469803211943,0.5804116715675186
v2vol,100,0.0,60,0.96,60,0.0,20,0.7,,,True,sym,5,0.9,,10,,,30,0.3,,14,75.0,True,fixed,,1.0,0.0,0.85,1.0,0.1417908856626382,-0.22638085115827022,0.9018114015964328,0.6263378061226017,0.21690874764930235,-0.2467395197877983,0.9432113146279961,0.879100145107881,0.17241221795802408,-0.2467395197877993,0.92637085447351,0.6987620714602262,6.840081429540827,0.17474778402058042,0.27324134811128703,0.0642388599864284,0.6625197919022846
v2vol,100,0.0,60,0.96,60,0.0,20,0.7,,,True,sym,5,0.9,,10,,,30,0.3,,14,75.0,True,fixed,,1.0,0.0,1.0,1.0,0.14443333022771654,-0.24051069299988315,0.869144966792813,0.6005276872566606,0.2183833691637449,-0.2758663723285907,0.9114955330490854,0.7916273640761967,0.17517157676418238,-0.2758663723285907,0.8962404454595205,0.6349870601681439,6.840081429540827,0.18543141446156644,0.27324134811128703,0.0642388599864284,0.6625197919022846
v2vol,100,0.0,60,0.96,60,0.0,20,0.7,,,True,sym,5,0.9,,10,,,30,0.3,,14,85.0,False,fixed,,1.0,0.0,0.85,1.0,0.15472586323117743,-0.24119158301180466,0.8236021945674861,0.6415060645943216,0.2425995773928984,-0.2758010352189142,0.8770412519026565,0.8796180812024056,0.1899696143884746,-0.27580103521891397,0.850558635984257,0.6887922456044748,8.2650983940285,0.2179615334776366,0.27324134811128703,0.18004976249717258,0.5467088893915404
v2vol,100,0.0,60,0.96,60,0.0,20,0.7,,,True,sym,5,0.9,,10,,,30,0.3,,14,85.0,False,fixed,,1.0,0.0,1.0,1.0,0.16001955317925898,-0.2932057790059791,0.7805942061061991,0.5457585240023384,0.24987481216002516,-0.31639288334518034,0.8365502010697443,0.7897611650367469,0.19652906228979194,-0.3163928833451801,0.8097737777540606,0.6211551290658505,8.2650983940285,0.24303548517864523,0.27324134811128703,0.18004976249717258,0.5467088893915404
v2vol,100,0.0,60,0.96,60,0.0,20,0.7,,,True,sym,5,0.9,,10,,,30,0.3,,14,85.0,True,fixed,,1.0,0.0,0.85,1.0,0.14003079732501145,-0.226380851158268,0.8343822144725387,0.6185629067500622,0.18713580604627156,-0.2758010352189141,0.7449118560793553,0.6785174170855978,0.16048254697813236,-0.27580103521891386,0.7980402436366436,0.5818779717442003,8.2650983940285,0.19479378662746993,0.27324134811128703,0.1060845962451934,0.6206740556435195
v2vol,100,0.0,60,0.96,60,0.0,20,0.7,,,True,sym,5,0.9,,10,,,30,0.3,,14,85.0,True,fixed,,1.0,0.0,1.0,1.0,0.14220090188494283,-0.24051069299988304,0.7910514475813686,0.5912456536184526,0.17931823986929807,-0.3163928833451798,0.6770439155357728,0.5667581330319135,0.15952093938436063,-0.31639288334518,0.7451352449024043,0.504186243690967,8.2650983940285,0.21249032578735186,0.27324134811128703,0.1060845962451934,0.6206740556435195
v2vol,100,0.0,60,0.96,60,0.0,20,0.7,,,True,sym,5,0.9,,10,,,30,0.3,0.15,14,,False,fixed,,1.0,0.0,0.85,1.0,0.08840332470120837,-0.264623483776363,0.5244781213650824,0.33407210667636456,0.2145391363093605,-0.29677551917472533,0.8272292299348885,0.7229003824370416,0.13695415822975043,-0.29677551917472555,0.6623546015850877,0.4614739066436243,9.063107894141597,0.20767800640008785,0.5944356480434291,0.2028952725627686,0.2026690793938023
v2vol,100,0.0,60,0.96,60,0.0,20,0.7,,,True,sym,5,0.9,,10,,,30,0.3,0.15,14,,False,fixed,,1.0,0.0,1.0,1.0,0.09851992635148932,-0.30034785343960413,0.5242061844651001,0.32801941223562076,0.2324164175183101,-0.34345188039344954,0.8080534244215094,0.6767073665517856,0.1503424704727736,-0.343451880393449,0.6540635111559011,0.4377395468050588,9.063107894141597,0.23909421124187613,0.5944356480434291,0.2028952725627686,0.2026690793938023
v2vol,100,0.0,60,0.96,60,0.0,20,0.7,,,True,sym,5,0.9,,10,,,30,0.3,0.15,14,,True,fixed,,1.0,0.0,0.85,1.0,0.06528068669612996,-0.25453004698455395,0.45548599575551535,0.2564753649697456,0.13079917273575203,-0.3283887401937716,0.5791844732772539,0.3983059000700562,0.09220331974165807,-0.3283887401937712,0.5197363997921189,0.28077491234094076,9.861117394254693,0.17546870694414607,0.5894593983261706,0.1144537434969464,0.29608685817688307
v2vol,100,0.0,60,0.96,60,0.0,20,0.7,,,True,sym,5,0.9,,10,,,30,0.3,0.15,14,,True,fixed,,1.0,0.0,1.0,1.0,0.06871798999176315,-0.29422400803616267,0.44018779591870255,0.23355670548583213,0.12560936948256507,-0.3743317937089746,0.5192815142874623,0.33555624072963586,0.09302027421488646,-0.37433179370897285,0.48607688299863705,0.248496857008106,9.861117394254693,0.19799108684583622,0.5894593983261706,0.1144537434969464,0.29608685817688307
v2vol,100,0.0,60,0.96,60,0.0,20,0.7,,,True,sym,5,0.9,,10,,,30,0.3,0.15,14,75.0,False,fixed,,1.0,0.0,0.85,1.0,0.09683324707477303,-0.2571892612844259,0.5982048884326583,0.376505794181216,0.2175097212022088,-0.2190866075835345,0.9249498416915082,0.9928024519676565,0.1435036161959682,-0.2571892612844259,0.7447329545698351,0.5579689271600939,9.17710925130061,0.1867530206250854,0.5957928070572269,0.16489482017643067,0.23931237276634246
v2vol,100,0.0,60,0.96,60,0.0,20,0.7,,,True,sym,5,0.9,,10,,,30,0.3,0.15,14,75.0,False,fixed,,1.0,0.0,1.0,1.0,0.10999211678997534,-0.29422400803616267,0.6059449475177685,0.3738380070482092,0.23739651108889914,-0.2396466963697823,0.9139970621903948,0.9906104055888546,0.1595966440200085,-0.29422400803616267,0.7444288061024764,0.5424324312800222,9.17710925130061,0.21256224739391216,0.5957928070572269,0.16489482017643067,0.23931237276634246
v2vol,100,0.0,60,0.96,60,0.0,20,0.7,,,True,sym,5,0.9,,10,,,30,0.3,0.15,14,75.0,True,fixed,,1.0,0.0,0.85,1.0,0.06167715495284054,-0.25453004698455384,0.47010299737646505,0.24231777616645558,0.15228570784778794,-0.2196239760403138,0.781233608034227,0.6933929099791666,0.0975861725316245,-0.25453004698455384,0.6130028516484819,0.38339745616574106,8.607102465505541,0.14986581196751056,0.591268943677901,0.06853653019678806,0.34019452612531104
v2vol,100,0.0,60,0.96,60,0.0,20,0.7,,,True,sym,5,0.9,,10,,,30,0.3,0.15,14,75.0,True,fixed,,1.0,0.0,1.0,1.0,0.06389678928018094,-0.29422400803616255,0.4511867562937135,0.21717054874844713,0.15412061428235302,-0.24985629893525374,0.7445850347095448,0.6168370176742709,0.10017208613851647,-0.29422400803616255,0.5865459624991295,0.3404619725192667,8.607102465505541,0.164630117365419,0.591268943677901,0.06853653019678806,0.34019452612531104
v2vol,100,0.0,60,0.96,60,0.0,20,0.7,,,True,sym,5,0.9,,10,,,30,0.3,0.15,14,85.0,False,fixed,,1.0,0.0,0.85,1.0,0.08840332470120837,-0.264623483776363,0.5244781213650824,0.33407210667636456,0.2145391363093605,-0.29677551917472533,0.8272292299348885,0.7229003824370416,0.13695415822975043,-0.29677551917472555,0.6623546015850877,0.4614739066436243,9.063107894141597,0.20767800640008785,0.5944356480434291,0.2028952725627686,0.2026690793938023
v2vol,100,0.0,60,0.96,60,0.0,20,0.7,,,True,sym,5,0.9,,10,,,30,0.3,0.15,14,85.0,False,fixed,,1.0,0.0,1.0,1.0,0.09851992635148932,-0.30034785343960413,0.5242061844651001,0.32801941223562076,0.2324164175183101,-0.34345188039344954,0.8080534244215094,0.6767073665517856,0.1503424704727736,-0.343451880393449,0.6540635111559011,0.4377395468050588,9.063107894141597,0.23909421124187613,0.5944356480434291,0.2028952725627686,0.2026690793938023
v2vol,100,0.0,60,0.96,60,0.0,20,0.7,,,True,sym,5,0.9,,10,,,30,0.3,0.15,14,85.0,True,fixed,,1.0,0.0,0.85,1.0,0.06528068669612996,-0.25453004698455395,0.45548599575551535,0.2564753649697456,0.13079917273575203,-0.3283887401937716,0.5791844732772539,0.3983059000700562,0.09220331974165807,-0.3283887401937712,0.5197363997921189,0.28077491234094076,9.861117394254693,0.17546870694414607,0.5894593983261706,0.1144537434969464,0.29608685817688307
v2vol,100,0.0,60,0.96,60,0.0,20,0.7,,,True,sym,5,0.9,,10,,,30,0.3,0.15,14,85.0,True,fixed,,1.0,0.0,1.0,1.0,0.06871798999176315,-0.29422400803616267,0.44018779591870255,0.23355670548583213,0.12560936948256507,-0.3743317937089746,0.5192815142874623,0.33555624072963586,0.09302027421488646,-0.37433179370897285,0.48607688299863705,0.248496857008106,9.861117394254693,0.19799108684583622,0.5894593983261706,0.1144537434969464,0.29608685817688307
v2vol,100,0.0,60,0.96,60,0.0,20,0.7,,,True,sym,5,0.9,,10,,,30,0.3,0.25,14,,False,fixed,,1.0,0.0,0.85,1.0,0.026117456965037977,-0.31591263010348347,0.21658036458366506,0.08267303829062701,0.1208639449466169,-0.2869187017621747,0.4965672656055001,0.42124805460328735,0.06337317782051621,-0.31591263010348347,0.353368563507948,0.20060349533906596,5.244062429314634,0.19003264092640937,0.7597828545577924,0.19950237502827414,0.040714770413933496
v2vol,100,0.0,60,0.96,60,0.0,20,0.7,,,True,sym,5,0.9,,10,,,30,0.3,0.25,14,,False,fixed,,1.0,0.0,1.0,1.0,0.02671240343983361,-0.36411118489646943,0.21412718575162368,0.07336331469034371,0.1297609701088971,-0.3324530239515926,0.49209424384915823,0.3903137007645061,0.06738939290703572,-0.36411118489646943,0.34973924305135723,0.18507916181206316,5.244062429314634,0.22199578139805135,0.7597828545577924,0.19950237502827414,0.040714770413933496
v2vol,100,0.0,60,0.96,60,0.0,20,0.7,,,True,sym,5,0.9,,10,,,30,0.3,0.25,14,,True,fixed,,1.0,0.0,0.85,1.0,0.006618472429747113,-0.2811806334389192,0.08815385025085047,0.02353815178805635,0.08076415644169455,-0.2869187017621744,0.3555970739442901,0.2814879474417795,0.036461346837203035,-0.28691870176217393,0.22521530772721898,0.12707901790042858,6.783080750961321,0.16285674627952224,0.7563899570232979,0.12010857272110383,0.12350147025559828
v2vol,100,0.0,60,0.96,60,0.0,20,0.7,,,True,sym,5,0.9,,10,,,30,0.3,0.25,14,,True,fixed,,1.0,0.0,1.0,1.0,0.0038066083826868713,-0.31219508461166323,0.07889227872325608,0.012193043934121765,0.07940529420652753,-0.3324530239515925,0.332426443166358,0.23884665948500894,0.03462729285830135,-0.33245302395159193,0.20975833593547766,0.10415694959460915,6.783080750961321,0.1877004629332492,0.7563899570232979,0.12010857272110383,0.12350147025559828
v2vol,100,0.0,60,0.96,60,0.0,20,0.7,,,True,sym,5,0.9,,10,,,30,0.3,0.25,14,75.0,False,fixed,,1.0,0.0,0.85,1.0,0.03854240385646279,-0.29008402253499377,0.3048157767226869,0.13286634513561774,0.1162755154982329,-0.2217720541094168,0.5311990515842655,0.5243019277842169,0.06977474444123932,-0.29008402253499377,0.4159036529886576,0.2405328767558102,5.586066500791675,0.16495126321053807,0.7672472291336802,0.15923999095227323,0.0735127799140466
v2vol,100,0.0,60,0.96,60,0.0,20,0.7,,,True,sym,5,0.9,,10,,,30,0.3,0.25,14,75.0,False,fixed,,1.0,0.0,1.0,1.0,0.042517091163197795,-0.3340228516453131,0.3063582134595344,0.1272879713282167,0.1264995181528581,-0.2444581633518772,0.5320270020576497,0.5174689869970616,0.07648314293797553,-0.3340228516453131,0.4167005465769148,0.22897577983433973,5.586066500791675,0.19083623733718294,0.7672472291336802,0.15923999095227323,0.0735127799140466
v2vol,100,0.0,60,0.96,60,0.0,20,0.7,,,True,sym,5,0.9,,10,,,30,0.3,0.25,14,75.0,True,fixed,,1.0,0.0,0.85,1.0,0.008892475626362195,-0.29201455327242587,0.10057738889829257,0.030452165916765927,0.09411557868500475,-0.22177205410941658,0.4888829358932449,0.4243797942123518,0.042702474148619274,-0.29201455327242587,0.2898914996766419,0.14623406152220547,5.814069215109703,0.1305630923006552,0.766342456457815,0.07034607554851843,0.16331146799366658
v2vol,100,0.0,60,0.96,60,0.0,20,0.7,,,True,sym,5,0.9,,10,,,30,0.3,0.25,14,75.0,True,fixed,,1.0,0.0,1.0,1.0,0.0059612238586650435,-0.33530212176285323,0.08150166114749093,0.01777866429035363,0.09910978369649603,-0.24445816335187853,0.48386643106739674,0.4054263614581576,0.04304846114298311,-0.33530212176285323,0.2756175607297706,0.12838708242183355,5.814069215109703,0.1468942058087927,0.766342456457815,0.07034607554851843,0.16331146799366658
v2vol,100,0.0,60,0.96,60,0.0,20,0.7,,,True,sym,5,0.9,,10,,,30,0.3,0.25,14,85.0,False,fixed,,1.0,0.0,0.85,1.0,0.026117456965037977,-0.31591263010348347,0.21658036458366506,0.08267303829062701,0.1208639449466169,-0.2869187017621747,0.4965672656055001,0.42124805460328735,0.06337317782051621,-0.31591263010348347,0.353368563507948,0.20060349533906596,5.244062429314634,0.19003264092640937,0.7597828545577924,0.19950237502827414,0.040714770413933496
v2vol,100,0.0,60,0.96,60,0.0,20,0.7,,,True,sym,5,0.9,,10,,,30,0.3,0.25,14,85.0,False,fixed,,1.0,0.0,1.0,1.0,0.02671240343983361,-0.36411118489646943,0.21412718575162368,0.07336331469034371,0.1297609701088971,-0.3324530239515926,0.49209424384915823,0.3903137007645061,0.06738939290703572,-0.36411118489646943,0.34973924305135723,0.18507916181206316,5.244062429314634,0.22199578139805135,0.7597828545577924,0.19950237502827414,0.040714770413933496
v2vol,100,0.0,60,0.96,60,0.0,20,0.7,,,True,sym,5,0.9,,10,,,30,0.3,0.25,14,85.0,True,fixed,,1.0,0.0,0.85,1.0,0.006618472429747113,-0.2811806334389192,0.08815385025085047,0.02353815178805635,0.08076415644169455,-0.2869187017621744,0.3555970739442901,0.2814879474417795,0.036461346837203035,-0.28691870176217393,0.22521530772721898,0.12707901790042858,6.783080750961321,0.16285674627952224,0.7563899570232979,0.12010857272110383,0.12350147025559828
v2vol,100,0.0,60,0.96,60,0.0,20,0.7,,,True,sym,5,0.9,,10,,,30,0.3,0.25,14,85.0,True,fixed,,1.0,0.0,1.0,1.0,0.0038066083826868713,-0.31219508461166323,0.07889227872325608,0.012193043934121765,0.07940529420652753,-0.3324530239515925,0.332426443166358,0.23884665948500894,0.03462729285830135,-0.33245302395159193,0.20975833593547766,0.10415694959460915,6.783080750961321,0.1877004629332492,0.7563899570232979,0.12010857272110383,0.12350147025559828
v2vol,100,0.0,60,0.96,60,0.0,20,0.7,,,True,sym,5,0.9,,10,,,30,0.4,,14,,False,fixed,,1.0,0.0,0.85,1.0,0.14626090363540079,-0.20758561565240208,0.8852764052991291,0.7045811106695934,0.2212034721060787,-0.21643266343618595,0.9353866577079342,1.0220429236241386,0.17497211987145644,-0.21643266343618794,0.9066018625278174,0.8084367539239032,7.068084143858855,0.18250479500094008,0.27324134811128703,0.08482243836236146,0.6419362135263516
v2vol,100,0.0,60,0.96,60,0.0,20,0.7,,,True,sym,5,0.9,,10,,,30,0.4,,14,,False,fixed,,1.0,0.0,1.0,1.0,0.14989521479436507,-0.23558905788380868,0.8487103107783742,0.6362571171208325,0.22395405056190865,-0.2250436061307871,0.9019195485196447,0.9951584691180018,0.17829395134231296,-0.23558905788380868,0.8718119754312021,0.7568006466168162,7.068084143858855,0.19600912044538857,0.27324134811128703,0.08482243836236146,0.6419362135263516
v2vol,100,0.0,60,0.96,60,0.0,20,0.7,,,True,sym,5,0.9,,10,,,30,0.4,,14,,True,fixed,,1.0,0.0,0.85,1.0,0.1324954788203414,-0.1878412538252202,0.8664605036798387,0.7053587863272243,0.19236586039613246,-0.22748854582326683,0.847588131701155,0.8456067961574611,0.15574468974381128,-0.2274885458232666,0.8567218040632752,0.6846265124258505,6.669079393802307,0.17159639108950345,0.27324134811128703,0.05609590590364171,0.6706627459850713
v2vol,100,0.0,60,0.96,60,0.0,20,0.7,,,True,sym,5,0.9,,10,,,30,0.4,,14,,True,fixed,,1.0,0.0,1.0,1.0,0.13258556202844707,-0.18931708646702528,0.8270380677134468,0.7003359522519403,0.18686659245176584,-0.23908206973315338,0.7945197207236521,0.7816001955325768,0.15380625342240473,-0.23908206973315316,0.8119364494258393,0.6433199009615092,6.669079393802307,0.18110660572212248,0.27324134811128703,0.05609590590364171,0.6706627459850713
v2vol,100,0.0,60,0.96,60,0.0,20,0.7,,,True,sym,5,0.9,,10,,,30,0.4,,14,75.0,False,fixed,,1.0,0.0,0.85,1.0,0.15500798800826399,-0.18784125382522032,1.0207849155384536,0.8252073751194904,0.21635731658304902,-0.21643266343618683,0.9727221297185157,0.9996518693068709,0.17882402089923577,-0.21643266343618728,0.9974173047049484,0.8262339799369517,5.9850712508482244,0.1663064040553171,0.27324134811128703,0.04478624745532685,0.6819724044333861
v2vol,100,0.0,60,0.96,60,0.0,20,0.7,,,True,sym,5,0.9,,10,,,30,0.4,,14,75.0,False,fixed,,1.0,0.0,1.0,1.0,0.161386495237009,-0.18784125382521932,1.0142612480713928,0.8591642780833134,0.2177575964874079,-0.22504360613078755,0.9489760558391486,0.9676240095479749,0.18340474574265908,-0.225043606130787,0.9840619361181573,0.8149742571938304,5.9850712508482244,0.1738255398897455,0.27324134811128703,0.04478624745532685,0.6819724044333861
v2vol,100,0.0,60,0.96,60,0.0,20,0.7,,,True,sym,5,0.9,,10,,,30,0.4,,14,75.0,True,fixed,,1.0,0.0,0.85,1.0,0.14158373690284987,-0.1878412538252202,0.9924329274311451,0.7537414386862464,0.20368853237744955,-0.22748854582326694,0.9483604256057311,0.8953792888354593,0.1656548897072987,-0.2274885458232665,0.9697209593645325,0.728190024283659,5.016059714996607,0.15808030577055357,0.27324134811128703,0.01967880570006786,0.7070798461886451
v2vol,100,0.0,60,0.96,60,0.0,20,0.7,,,True,sym,5,0.9,,10,,,30,0.4,,14,75.0,True,fixed,,1.0,0.0,1.0,1.0,0.14402341206164881,-0.18784125382521943,0.9835018754527032,0.7667294011764754,0.20135745620185674,-0.23908206973315327,0.9201491402988802,0.8422106117225683,0.16636827753871541,-0.23908206973315382,0.9526352509849121,0.6958626287801661,5.016059714996607,0.1622828988797182,0.27324134811128703,0.01967880570006786,0.7070798461886451
v2vol,100,0.0,60,0.96,60,0.0,20,0.7,,,True,sym,5,0.9,,10,,,30,0.4,,14,85.0,False,fixed,,1.0,0.0,0.85,1.0,0.14626090363540079,-0.20758561565240208,0.8852764052991291,0.7045811106695934,0.2212034721060787,-0.21643266343618595,0.9353866577079342,1.0220429236241386,0.17497211987145644,-0.21643266343618794,0.9066018625278174,0.8084367539239032,7.068084143858855,0.18250479500094008,0.27324134811128703,0.08482243836236146,0.6419362135263516
v2vol,100,0.0,60,0.96,60,0.0,20,0.7,,,True,sym,5,0.9,,10,,,30,0.4,,14,85.0,False,fixed,,1.0,0.0,1.0,1.0,0.14989521479436507,-0.23558905788380868,0.8487103107783742,0.6362571171208325,0.22395405056190865,-0.2250436061307871,0.9019195485196447,0.9951584691180018,0.17829395134231296,-0.23558905788380868,0.8718119754312021,0.7568006466168162,7.068084143858855,0.19600912044538857,0.27324134811128703,0.08482243836236146,0.6419362135263516
v2vol,100,0.0,60,0.96,60,0.0,20,0.7,,,True,sym,5,0.9,,10,,,30,0.4,,14,85.0,True,fixed,,1.0,0.0,0.85,1.0,0.1324954788203414,-0.1878412538252202,0.8664605036798387,0.7053587863272243,0.19236586039613246,-0.22748854582326683,0.847588131701155,0.8456067961574611,0.15574468974381128,-0.2274885458232666,0.8567218040632752,0.6846265124258505,6.669079393802307,0.17159639108950345,0.27324134811128703,0.05609590590364171,0.6706627459850713
v2vol,100,0.0,60,0.96,60,0.0,20,0.7,,,True,sym,5,0.9,,10,,,30,0.4,,14,85.0,True,fixed,,1.0,0.0,1.0,1.0,0.13258556202844707,-0.18931708646702528,0.8270380677134468,0.7003359522519403,0.18686659245176584,-0.23908206973315338,0.7945197207236521,0.7816001955325768,0.15380625342240473,-0.23908206973315316,0.8119364494258393,0.6433199009615092,6.669079393802307,0.18110660572212248,0.27324134811128703,0.05609590590364171,0.6706627459850713
v2vol,100,0.0,60,0.96,60,0.0,20,0.7,,,True,sym,5,0.9,,10,,,30,0.4,0.15,14,,False,fixed,,1.0,0.0,0.85,1.0,0.06641424787805716,-0.25453004698455395,0.45934029551703276,0.26092891061339996,0.17118239426558435,-0.1474603064372485,0.837537534927553,1.1608710059098564,0.10561326042933272,-0.25453004698455395,0.6149761195525381,0.41493435325434025,9.348111287039131,0.16512678145715118,0.5781497398778557,0.09273919927618186,0.3291110608459625
v2vol,100,0.0,60,0.96,60,0.0,20,0.7,,,True,sym,5,0.9,,10,,,30,0.4,0.15,14,,False,fixed,,1.0,0.0,1.0,1.0,0.06786765188072885,-0.2942240080361629,0.4331188252000919,0.23066660104904588,0.17564417068313598,-0.1474603064372486,0.8012793433192322,1.1911284801098725,0.10813076551708023,-0.2942240080361629,0.581567493123229,0.36751170048567194,9.348111287039131,0.184327904348927,0.5781497398778557,0.09273919927618186,0.3291110608459625
v2vol,100,0.0,60,0.96,60,0.0,20,0.7,,,True,sym,5,0.9,,10,,,30,0.4,0.15,14,,True,fixed,,1.0,0.0,0.85,1.0,0.05398937461490094,-0.25453004698455395,0.41855793829794824,0.21211395375327638,0.1368432819404226,-0.1474603064372486,0.7045392132407596,0.9280007972766281,0.08538629985245239,-0.25453004698455395,0.5414872905501723,0.33546648367858123,9.291110608459624,0.1486732251283428,0.5761140013571591,0.059714996607102465,0.36417100203573854
v2vol,100,0.0,60,0.96,60,0.0,20,0.7,,,True,sym,5,0.9,,10,,,30,0.4,0.15,14,,True,fixed,,1.0,0.0,1.0,1.0,0.05317282032448012,-0.2942240080361629,0.38695080079817734,0.18072223500518925,0.13157453136532093,-0.15890773673183511,0.6405849384562746,0.8279932372793128,0.08297712074361852,-0.2942240080361629,0.49481009568045814,0.282020224309567,9.291110608459624,0.16264945816099327,0.5761140013571591,0.059714996607102465,0.36417100203573854
v2vol,100,0.0,60,0.96,60,0.0,20,0.7,,,True,sym,5,0.9,,10,,,30,0.4,0.15,14,75.0,False,fixed,,1.0,0.0,0.85,1.0,0.06839838320790093,-0.25453004698455395,0.53602047042823,0.26872419982718837,0.16285859810472392,-0.15266957184053942,0.8737303840906381,1.066739076695825,0.10395275277030658,-0.25453004698455395,0.6805302348476634,0.40841053542340683,8.493101108346528,0.14173095388189302,0.582221216919249,0.04750056548292242,0.37027821759782853
v2vol,100,0.0,60,0.96,60,0.0,20,0.7,,,True,sym,5,0.9,,10,,,30,0.4,0.15,14,75.0,False,fixed,,1.0,0.0,1.0,1.0,0.0707782052572774,-0.2942240080361629,0.5153133573395416,0.24055890520184234,0.16603253471322899,-0.1555187841868093,0.8468837221877822,1.0676043770621981,0.10661892968975639,-0.2942240080361629,0.6550340045012384,0.3623733168526884,8.493101108346528,0.1536181173637912,0.582221216919249,0.04750056548292242,0.37027821759782853
v2vol,100,0.0,60,0.96,60,0.0,20,0.7,,,True,sym,5,0.9,,10,,,30,0.4,0.15,14,75.0,True,fixed,,1.0,0.0,0.85,1.0,0.055935879831829016,-0.25453004698455395,0.47694047448783483,0.21976140143180606,0.14449931336774036,-0.16233680489328184,0.819914177264049,0.8901204718346672,0.08937129535088739,-0.25453004698455395,0.6251797632846845,0.35112277080713716,7.752092286812938,0.130570509809233,0.5788283193847545,0.02103596471386564,0.40013571590137975
v2vol,100,0.0,60,0.96,60,0.0,20,0.7,,,True,sym,5,0.9,,10,,,30,0.4,0.15,14,75.0,True,fixed,,1.0,0.0,1.0,1.0,0.055644375629428255,-0.2942240080361629,0.44977534325232144,0.18912248528199316,0.14228286367115217,-0.1685453359267003,0.7814622622225394,0.8441815544099686,0.0883938459481286,-0.2942240080361629,0.5910380769119158,0.3004304323706452,7.752092286812938,0.13837913024381968,0.5788283193847545,0.02103596471386564,0.40013571590137975
v2vol,100,0.0,60,0.96,60,0.0,20,0.7,,,True,sym,5,0.9,,10,,,30,0.4,0.15,14,85.0,False,fixed,,1.0,0.0,0.85,1.0,0.06641424787805716,-0.25453004698455395,0.45934029551703276,0.26092891061339996,0.17118239426558435,-0.1474603064372485,0.837537534927553,1.1608710059098564,0.10561326042933272,-0.25453004698455395,0.6149761195525381,0.41493435325434025,9.348111287039131,0.16512678145715118,0.5781497398778557,0.09273919927618186,0.3291110608459625
v2vol,100,0.0,60,0.96,60,0.0,20,0.7,,,True,sym,5,0.9,,10,,,30,0.4,0.15,14,85.0,False,fixed,,1.0,0.0,1.0,1.0,0.06786765188072885,-0.2942240080361629,0.4331188252000919,0.23066660104904588,0.17564417068313598,-0.1474603064372486,0.8012793433192322,1.1911284801098725,0.10813076551708023,-0.2942240080361629,0.581567493123229,0.36751170048567194,9.348111287039131,0.184327904348927,0.5781497398778557,0.09273919927618186,0.3291110608459625
v2vol,100,0.0,60,0.96,60,0.0,20,0.7,,,True,sym,5,0.9,,10,,,30,0.4,0.15,14,85.0,True,fixed,,1.0,0.0,0.85,1.0,0.05398937461490094,-0.25453004698455395,0.41855793829794824,0.21211395375327638,0.1368432819404226,-0.1474603064372486,0.7045392132407596,0.9280007972766281,0.08538629985245239,-0.25453004698455395,0.5414872905501723,0.33546648367858123,9.291110608459624,0.1486732251283428,0.5761140013571591,0.059714996607102465,0.36417100203573854
v2vol,100,0.0,60,0.96,60,0.0,20,0.7,,,True,sym,5,0.9,,10,,,30,0.4,0.15,14,85.0,True,fixed,,1.0,0.0,1.0,1.0,0.05317282032448012,-0.2942240080361629,0.38695080079817734,0.18072223500518925,0.13157453136532093,-0.15890773673183511,0.6405849384562746,0.8279932372793128,0.08297712074361852,-0.2942240080361629,0.49481009568045814,0.282020224309567,9.291110608459624,0.16264945816099327,0.5761140013571591,0.059714996607102465,0.36417100203573854
v2vol,100,0.0,60,0.96,60,0.0,20,0.7,,,True,sym,5,0.9,,10,,,30,0.4,0.25,14,,False,fixed,,1.0,0.0,0.85,1.0,0.022391708664913912,-0.2722796994387142,0.20512178523775487,0.08223789254605786,0.11297325625420518,-0.15666653137348874,0.579296376709805,0.7211065137127471,0.056482112978108345,-0.2722796994387142,0.36905265575439805,0.20744151361464816,6.555078036643293,0.14259887053177395,0.7584256955439945,0.09296539244514816,0.14860891201085727
v2vol,100,0.0,60,0.96,60,0.0,20,0.7,,,True,sym,5,0.9,,10,,,30,0.4,0.25,14,,False,fixed,,1.0,0.0,1.0,1.0,0.022861017209756307,-0.30702607179858554,0.19997333508456902,0.07445953067058596,0.12000012761058465,-0.16434601067831678,0.5688945361352878,0.7301675721564505,0.05927549573195945,-0.30702607179858554,0.3590091841309747,0.1930633948599818,6.555078036643293,0.16254585576506517,0.7584256955439945,0.09296539244514816,0.14860891201085727
v2vol,100,0.0,60,0.96,60,0.0,20,0.7,,,True,sym,5,0.9,,10,,,30,0.4,0.25,14,,True,fixed,,1.0,0.0,0.85,1.0,0.007196667647815902,-0.24751780634903886,0.08538738699329121,0.02907535321991127,0.08268376158007684,-0.1566665313734904,0.4299645196385082,0.5277691467040917,0.035881620773508205,-0.24751780634903886,0.24264492241942182,0.144965816006423,6.840081429540827,0.12704508876638881,0.7484731961094775,0.06061976928296765,0.19090703460755484
v2vol,100,0.0,60,0.96,60,0.0,20,0.7,,,True,sym,5,0.9,,10,,,30,0.4,0.25,14,,True,fixed,,1.0,0.0,1.0,1.0,0.004200935096195346,-0.2829467089633013,0.06656566975761936,0.014847089445172571,0.08102493374140751,-0.16434601067831633,0.3938040127160525,0.4930143020021469,0.03335889374450973,-0.2829467089633013,0.2142328366501777,0.11789815073917838,6.840081429540827,0.1423044512269042,0.7484731961094775,0.06061976928296765,0.19090703460755484
v2vol,100,0.0,60,0.96,60,0.0,20,0.7,,,True,sym,5,0.9,,10,,,30,0.4,0.25,14,75.0,False,fixed,,1.0,0.0,0.85,1.0,0.026872954624509227,-0.2130807573018988,0.26832666335772665,0.12611629020275572,0.0951578712449006,-0.15666653137349007,0.5164808548547084,0.6073911920475601,0.05300660126752299,-0.2130807573018988,0.384181776978367,0.24876296639222917,5.9850712508482244,0.120904777727496,0.7636281384302194,0.050214883510517984,0.18615697805926262
v2vol,100,0.0,60,0.96,60,0.0,20,0.7,,,True,sym,5,0.9,,10,,,30,0.4,0.25,14,75.0,False,fixed,,1.0,0.0,1.0,1.0,0.028478229977958014,-0.24629913667506753,0.2640637516863372,0.11562456272645481,0.10088631406037085,-0.16154359823748743,0.5183775621548057,0.6245144664417869,0.05609500750122809,-0.24629913667506753,0.38086829344223233,0.22775153928059422,5.9850712508482244,0.13412610352969195,0.7636281384302194,0.050214883510517984,0.18615697805926262
v2vol,100,0.0,60,0.96,60,0.0,20,0.7,,,True,sym,5,0.9,,10,,,30,0.4,0.25,14,75.0,True,fixed,,1.0,0.0,0.85,1.0,0.013449403397703064,-0.2130807573018988,0.148278095195954,0.0631188079487045,0.0802050093458957,-0.15666653137348818,0.4466556246916788,0.5119473102694118,0.03901249411938279,-0.2130807573018988,0.2908069002329618,0.18308783305152607,5.529065822212169,0.10900365505900601,0.7527708663198371,0.023297896403528612,0.22393123727663425
v2vol,100,0.0,60,0.96,60,0.0,20,0.7,,,True,sym,5,0.9,,10,,,30,0.4,0.25,14,75.0,True,fixed,,1.0,0.0,1.0,1.0,0.011320545285441241,-0.24629913667506753,0.12327178709761627,0.04596258613921159,0.08147338413728256,-0.1592468310649593,0.43466131016239257,0.511616988497864,0.038100842388366196,-0.24629913667506753,0.26998076961053785,0.15469336556640512,5.529065822212169,0.11804278808606965,0.7527708663198371,0.023297896403528612,0.22393123727663425
v2vol,100,0.0,60,0.96,60,0.0,20,0.7,,,True,sym,5,0.9,,10,,,30,0.4,0.25,14,85.0,False,fixed,,1.0,0.0,0.85,1.0,0.022391708664913912,-0.2722796994387142,0.20512178523775487,0.08223789254605786,0.11297325625420518,-0.15666653137348874,0.579296376709805,0.7211065137127471,0.056482112978108345,-0.2722796994387142,0.36905265575439805,0.20744151361464816,6.555078036643293,0.14259887053177395,0.7584256955439945,0.09296539244514816,0.14860891201085727
v2vol,100,0.0,60,0.96,60,0.0,20,0.7,,,True,sym,5,0.9,,10,,,30,0.4,0.25,14,85.0,False,fixed,,1.0,0.0,1.0,1.0,0.022861017209756307,-0.30702607179858554,0.19997333508456902,0.07445953067058596,0.12000012761058465,-0.16434601067831678,0.5688945361352878,0.7301675721564505,0.05927549573195945,-0.30702607179858554,0.3590091841309747,0.1930633948599818,6.555078036643293,0.16254585576506517,0.7584256955439945,0.09296539244514816,0.14860891201085727
v2vol,100,0.0,60,0.96,60,0.0,20,0.7,,,True,sym,5,0.9,,10,,,30,0.4,0.25,14,85.0,True,fixed,,1.0,0.0,0.85,1.0,0.007196667647815902,-0.24751780634903886,0.08538738699329121,0.02907535321991127,0.08268376158007684,-0.1566665313734904,0.4299645196385082,0.5277691467040917,0.035881620773508205,-0.24751780634903886,0.24264492241942182,0.144965816006423,6.840081429540827,0.12704508876638881,0.7484731961094775,0.06061976928296765,0.19090703460755484
v2vol,100,0.0,60,0.96,60,0.0,20,0.7,,,True,sym,5,0.9,,10,,,30,0.4,0.25,14,85.0,True,fixed,,1.0,0.0,1.0,1.0,0.004200935096195346,-0.2829467089633013,0.06656566975761936,0.014847089445172571,0.08102493374140751,-0.16434601067831633,0.3938040127160525,0.4930143020021469,0.03335889374450973,-0.2829467089633013,0.2142328366501777,0.11789815073917838,6.840081429540827,0.1423044512269042,0.7484731961094775,0.06061976928296765,0.19090703460755484
v2vol,100,0.0,60,0.96,60,0.0,20,0.7,,,True,sym,5,0.9,,10,,,30,0.5,,14,,False,fixed,,1.0,0.0,0.85,1.0,0.14203030946540296,-0.19370743347517405,0.9764558750450018,0.733220749030294,0.19310321254147333,-0.21723911213624658,0.8959398169032338,0.8888970804684754,0.16209605628110602,-0.21723911213624636,0.9391672945999905,0.7461642366658351,5.87106989368921,0.16032949068217406,0.27324134811128703,0.0325718163311468,0.6941868355575661
v2vol,100,0.0,60,0.96,60,0.0,20,0.7,,,True,sym,5,0.9,,10,,,30,0.5,,14,,False,fixed,,1.0,0.0,1.0,1.0,0.1449962435124228,-0.21053173550125626,0.9642953545996128,0.6887144266739662,0.18786793629030907,-0.2258453238559237,0.8546557781496924,0.8318433744068041,0.1620724345841782,-0.2258453238559225,0.9151347939889946,0.7176258149474546,5.87106989368921,0.16543246259812044,0.27324134811128703,0.0325718163311468,0.6941868355575661
v2vol,100,0.0,60,0.96,60,0.0,20,0.7,,,True,sym,5,0.9,,10,,,30,0.5,,14,,True,fixed,,1.0,0.0,0.85,1.0,0.14043819976038652,-0.18784125382521966,1.0024279486645151,0.7476430065307157,0.18736873410443633,-0.22828361579228085,0.8710424260080125,0.8207717117768378,0.15899174514047898,-0.22828361579228185,0.938825893835691,0.6964658615060119,5.415064465053155,0.15697100787022616,0.27324134811128703,0.023297896403528612,0.7034607554851844
v2vol,100,0.0,60,0.96,60,0.0,20,0.7,,,True,sym,5,0.9,,10,,,30,0.5,,14,,True,fixed,,1.0,0.0,1.0,1.0,0.1429444675032574,-0.18784125382521966,1.0004735851565458,0.760985484244386,0.18051728308596116,-0.23986926420873256,0.8234511606518504,0.7525652929375574,0.15807730782385154,-0.23986926420873245,0.9159204028278821,0.6590144358232318,5.415064465053155,0.16068541416801085,0.27324134811128703,0.023297896403528612,0.7034607554851844
v2vol,100,0.0,60,0.96,60,0.0,20,0.7,,,True,sym,5,0.9,,10,,,30,0.5,,14,75.0,False,fixed,,1.0,0.0,0.85,1.0,0.1371031176388524,-0.1878412538252202,0.9938911057603361,0.7298882159635823,0.2057128701602653,-0.21723911213624636,0.9797546201323599,0.9469421419437946,0.16351909512587914,-0.21723911213624636,0.9839702011720449,0.7527148012984167,4.902058357837593,0.15311646207989446,0.27324134811128703,0.01221443112418005,0.714544220764533
v2vol,100,0.0,60,0.96,60,0.0,20,0.7,,,True,sym,5,0.9,,10,,,30,0.5,,14,75.0,False,fixed,,1.0,0.0,1.0,1.0,0.13821170459758836,-0.1964399854373574,0.9883785570573627,0.7035823398676772,0.20420643983387698,-0.2258453238559236,0.9631238599815269,0.9041871505125739,0.16368509541152743,-0.22584532385592282,0.9737404815182948,0.7247663693756605,4.902058357837593,0.15520241587564385,0.27324134811128703,0.01221443112418005,0.714544220764533
v2vol,100,0.0,60,0.96,60,0.0,20,0.7,,,True,sym,5,0.9,,10,,,30,0.5,,14,75.0,True,fixed,,1.0,0.0,0.85,1.0,0.1381356473340758,-0.1878412538252201,1.0266899784764516,0.7353850366789306,0.20162299566078645,-0.22828361579228051,0.9656403221788732,0.8832127306247285,0.16270238184757768,-0.22828361579228096,0.9937974000684093,0.7127203644593718,4.446052929201538,0.15049388635932087,0.27324134811128703,0.004523863379325944,0.722234788509387
v2vol,100,0.0,60,0.96,60,0.0,20,0.7,,,True,sym,5,0.9,,10,,,30,0.5,,14,75.0,True,fixed,,1.0,0.0,1.0,1.0,0.1395351801218352,-0.18784125382521977,1.0340364286570034,0.7428356512764133,0.19885517175008838,-0.239869264208733,0.9452447470757981,0.829014806903504,0.16259448502186946,-0.23986926420873333,0.987934533572796,0.6778462657907699,4.446052929201538,0.15143663799402474,0.27324134811128703,0.004523863379325944,0.722234788509387
v2vol,100,0.0,60,0.96,60,0.0,20,0.7,,,True,sym,5,0.9,,10,,,30,0.5,,14,85.0,False,fixed,,1.0,0.0,0.85,1.0,0.14203030946540296,-0.19370743347517405,0.9764558750450018,0.733220749030294,0.19310321254147333,-0.21723911213624658,0.8959398169032338,0.8888970804684754,0.16209605628110602,-0.21723911213624636,0.9391672945999905,0.7461642366658351,5.87106989368921,0.16032949068217406,0.27324134811128703,0.0325718163311468,0.6941868355575661
v2vol,100,0.0,60,0.96,60,0.0,20,0.7,,,True,sym,5,0.9,,10,,,30,0.5,,14,85.0,False,fixed,,1.0,0.0,1.0,1.0,0.1449962435124228,-0.21053173550125626,0.9642953545996128,0.6887144266739662,0.18786793629030907,-0.2258453238559237,0.8546557781496924,0.8318433744068041,0.1620724345841782,-0.2258453238559225,0.9151347939889946,0.7176258149474546,5.87106989368921,0.16543246259812044,0.27324134811128703,0.0325718163311468,0.6941868355575661
v2vol,100,0.0,60,0.96,60,0.0,20,0.7,,,True,sym,5,0.9,,10,,,30,0.5,,14,85.0,True,fixed,,1.0,0.0,0.85,1.0,0.14043819976038652,-0.18784125382521966,1.0024279486645151,0.7476430065307157,0.18736873410443633,-0.22828361579228085,0.8710424260080125,0.8207717117768378,0.15899174514047898,-0.22828361579228185,0.938825893835691,0.6964658615060119,5.415064465053155,0.15697100787022616,0.27324134811128703,0.023297896403528612,0.7034607554851844
v2vol,100,0.0,60,0.96,60,0.0,20,0.7,,,True,sym,5,0.9,,10,,,30,0.5,,14,85.0,True,fixed,,1.0,0.0,1.0,1.0,0.1429444675032574,-0.18784125382521966,1.0004735851565458,0.760985484244386,0.18051728308596116,-0.23986926420873256,0.8234511606518504,0.7525652929375574,0.15807730782385154,-0.23986926420873245,0.9159204028278821,0.6590144358232318,5.415064465053155,0.16068541416801085,0.27324134811128703,0.023297896403528612,0.7034607554851844
v2vol,100,0.0,60,0.96,60,0.0,20,0.7,,,True,sym,5,0.9,,10,,,30,0.5,0.15,14,,False,fixed,,1.0,0.0,0.85,1.0,0.07072470470311898,-0.18988943095735322,0.6104007127649831,0.3724520335152453,0.14167010710554706,-0.14746030643724883,0.7929829843600402,0.9607338444385658,0.0978824833506664,-0.18988943095735322,0.6922812598502124,0.5154709393628631,8.721103822664555,0.12883438255710375,0.572268717484732,0.03347658900701199,0.39425469350825604
v2vol,100,0.0,60,0.96,60,0.0,20,0.7,,,True,sym,5,0.9,,10,,,30,0.5,0.15,14,,False,fixed,,1.0,0.0,1.0,1.0,0.0745839026505628,-0.21403988566397503,0.6088420113370057,0.34845796342674834,0.13666051670668988,-0.14746030643724783,0.7379689284799514,0.926761377407324,0.09855057628022812,-0.21403988566397503,0.6676677269033447,0.4604308957394249,8.721103822664555,0.13588904324824636,0.572268717484732,0.03347658900701199,0.39425469350825604
v2vol,100,0.0,60,0.96,60,0.0,20,0.7,,,True,sym,5,0.9,,10,,,30,0.5,0.15,14,,True,fixed,,1.0,0.0,0.85,1.0,0.06514171511982925,-0.16773214399340886,0.6113643951596509,0.3883675100604988,0.13618283446845325,-0.14996963101171956,0.7615516071356101,0.9080694107849814,0.09232529038520054,-0.16773214399340886,0.6788948424577086,0.5504328996642917,8.322099072608006,0.12278798504929063,0.572268717484732,0.023297896403528612,0.4044333861117394
v2vol,100,0.0,60,0.96,60,0.0,20,0.7,,,True,sym,5,0.9,,10,,,30,0.5,0.15,14,,True,fixed,,1.0,0.0,1.0,1.0,0.0674825086172346,-0.17469465443088839,0.6145682277919461,0.38628834314979915,0.12962674046429123,-0.16273099412378078,0.6990915661027894,0.7965706911720277,0.09146345248893262,-0.17469465443088839,0.6522471099691386,0.5235618272745536,8.322099072608006,0.1275017519954376,0.572268717484732,0.023297896403528612,0.4044333861117394
v2vol,100,0.0,60,0.96,60,0.0,20,0.7,,,True,sym,5,0.9,,10,,,30,0.5,0.15,14,75.0,False,fixed,,1.0,0.0,0.85,1.0,0.06610515479295254,-0.17875504723962443,0.6160556056618379,0.36980860576393887,0.15373617902026715,-0.14746030643724928,0.9076042252935708,1.0425597419037544,0.09922688978966954,-0.17875504723962443,0.7456599273034797,0.5550997933873949,7.752092286812938,0.11973907275662686,0.572268717484732,0.013119203800045238,0.4146120787152228
v2vol,100,0.0,60,0.96,60,0.0,20,0.7,,,True,sym,5,0.9,,10,,,30,0.5,0.15,14,75.0,False,fixed,,1.0,0.0,1.0,1.0,0.06821658367803662,-0.20001075493197618,0.6154717304815241,0.34106457775851673,0.1522946889178225,-0.1474603064372486,0.8830819409472511,1.0327842969906695,0.10007508493261907,-0.20001075493197618,0.7341879467205701,0.5003485185916862,7.752092286812938,0.12322984264003917,0.572268717484732,0.013119203800045238,0.4146120787152228
v2vol,100,0.0,60,0.96,60,0.0,20,0.7,,,True,sym,5,0.9,,10,,,30,0.5,0.15,14,75.0,True,fixed,,1.0,0.0,0.85,1.0,0.06299118680445992,-0.14264979895819208,0.6313730037642109,0.44157921892985935,0.14982261361470472,-0.14996963101171878,0.8908315877599263,0.9990196855455185,0.09582248726825893,-0.14996963101171812,0.7479478788502709,0.6389459427340438,7.35308753675639,0.11439631364881685,0.572268717484732,0.004523863379325944,0.4232074191359421
v2vol,100,0.0,60,0.96,60,0.0,20,0.7,,,True,sym,5,0.9,,10,,,30,0.5,0.15,14,75.0,True,fixed,,1.0,0.0,1.0,1.0,0.06429831660266583,-0.1426497989581924,0.641673692786097,0.45074242706441026,0.14717410694121758,-0.1627309941237829,0.8619563051748893,0.9044012035547954,0.09572079678429457,-0.16273099412378478,0.7403556010442575,0.5882149082889675,7.35308753675639,0.11563385185131739,0.572268717484732,0.004523863379325944,0.4232074191359421
v2vol,100,0.0,60,0.96,60,0.0,20,0.7,,,True,sym,5,0.9,,10,,,30,0.5,0.15,14,85.0,False,fixed,,1.0,0.0,0.85,1.0,0.07072470470311898,-0.18988943095735322,0.6104007127649831,0.3724520335152453,0.14167010710554706,-0.14746030643724883,0.7929829843600402,0.9607338444385658,0.0978824833506664,-0.18988943095735322,0.6922812598502124,0.5154709393628631,8.721103822664555,0.12883438255710375,0.572268717484732,0.03347658900701199,0.39425469350825604
v2vol,100,0.0,60,0.96,60,0.0,20,0.7,,,True,sym,5,0.9,,10,,,30,0.5,0.15,14,85.0,False,fixed,,1.0,0.0,1.0,1.0,0.0745839026505628,-0.21403988566397503,0.6088420113370057,0.34845796342674834,0.13666051670668988,-0.14746030643724783,0.7379689284799514,0.926761377407324,0.09855057628022812,-0.21403988566397503,0.6676677269033447,0.4604308957394249,8.721103822664555,0.13588904324824636,0.572268717484732,0.03347658900701199,0.39425469350825604
v2vol,100,0.0,60,0.96,60,0.0,20,0.7,,,True,sym,5,0.9,,10,,,30,0.5,0.15,14,85.0,True,fixed,,1.0,0.0,0.85,1.0,0.06514171511982925,-0.16773214399340886,0.6113643951596509,0.3883675100604988,0.13618283446845325,-0.14996963101171956,0.7615516071356101,0.9080694107849814,0.09232529038520054,-0.16773214399340886,0.6788948424577086,0.5504328996642917,8.322099072608006,0.12278798504929063,0.572268717484732,0.023297896403528612,0.4044333861117394
v2vol,100,0.0,60,0.96,60,0.0,20,0.7,,,True,sym,5,0.9,,10,,,30,0.5,0.15,14,85.0,True,fixed,,1.0,0.0,1.0,1.0,0.0674825086172346,-0.17469465443088839,0.6145682277919461,0.38628834314979915,0.12962674046429123,-0.16273099412378078,0.6990915661027894,0.7965706911720277,0.09146345248893262,-0.17469465443088839,0.6522471099691386,0.5235618272745536,8.322099072608006,0.1275017519954376,0.572268717484732,0.023297896403528612,0.4044333861117394
v2vol,100,0.0,60,0.96,60,0.0,20,0.7,,,True,sym,5,0.9,,10,,,30,0.5,0.25,14,,False,fixed,,1.0,0.0,0.85,1.0,0.02966164157006479,-0.23083079973289045,0.31257824463538114,0.12849949661998414,0.07580391698798317,-0.15666653137348852,0.4075700185868788,0.4838552071295228,0.047787504539550385,-0.23083079973289045,0.36007257505760143,0.20702395258712641,7.182085501017869,0.11231406403508007,0.7296991630852748,0.03483374802080977,0.2354670888939154
v2vol,100,0.0,60,0.96,60,0.0,20,0.7,,,True,sym,5,0.9,,10,,,30,0.5,0.25,14,,False,fixed,,1.0,0.0,1.0,1.0,0.03334443988581026,-0.2543988031057536,0.3276827786335809,0.1310715281626108,0.07372062483953834,-0.15666653137348785,0.37668157417091236,0.47055758618789356,0.049371527690834194,-0.2543988031057536,0.35387433900406434,0.19407138354464054,7.182085501017869,0.12159203027824148,0.7296991630852748,0.03483374802080977,0.2354670888939154
v2vol,100,0.0,60,0.96,60,0.0,20,0.7,,,True,sym,5,0.9,,10,,,30,0.5,0.25,14,,True,fixed,,1.0,0.0,0.85,1.0,0.02429276365593025,-0.19738723093459698,0.2855214826070411,0.12307160671390899,0.07295509139637324,-0.15666653137348852,0.3881861602136427,0.46567119828835934,0.04332862182135511,-0.19738723093459698,0.33602706520950404,0.21951076377231196,6.783080750961321,0.10545395829374138,0.7296991630852748,0.024881248586292693,0.24541958832843247
v2vol,100,0.0,60,0.96,60,0.0,20,0.7,,,True,sym,5,0.9,,10,,,30,0.5,0.25,14,,True,fixed,,1.0,0.0,1.0,1.0,0.0265155770844252,-0.20478218042400154,0.29963713972477524,0.12948185740343565,0.07005439451450957,-0.15666653137348785,0.35332338664973983,0.44715609581922894,0.04368867765801143,-0.20478218042400154,0.32519080136218054,0.21334218420545195,6.783080750961321,0.11231446403269561,0.7296991630852748,0.024881248586292693,0.24541958832843247
v2vol,100,0.0,60,0.96,60,0.0,20,0.7,,,True,sym,5,0.9,,10,,,30,0.5,0.25,14,75.0,False,fixed,,1.0,0.0,0.85,1.0,0.023519315670667895,-0.2101768180808149,0.27364942014310156,0.11190252038940139,0.08717386295374396,-0.15666653137348885,0.5098113498213089,0.5564293929883709,0.04798113179172847,-0.2101768180808149,0.3880371342628595,0.22828936240379893,6.270074643745758,0.10178850202664924,0.7301515494232074,0.014476362813843022,0.25537208776294956
v2vol,100,0.0,60,0.96,60,0.0,20,0.7,,,True,sym,5,0.9,,10,,,30,0.5,0.25,14,75.0,False,fixed,,1.0,0.0,1.0,1.0,0.025532020579411396,-0.23073776755568232,0.2849515665765388,0.11065384245450817,0.0884890916848744,-0.1566665313734883,0.5010282479102709,0.5648244772453606,0.0497453715517282,-0.23073776755568232,0.389051356729011,0.2155926707565267,6.270074643745758,0.10729317430699688,0.7301515494232074,0.014476362813843022,0.25537208776294956
v2vol,100,0.0,60,0.96,60,0.0,20,0.7,,,True,sym,5,0.9,,10,,,30,0.5,0.25,14,75.0,True,fixed,,1.0,0.0,0.85,1.0,0.021376896997419514,-0.15483970766802047,0.2759591268288899,0.1380582366071888,0.08583582681721591,-0.15666653137348885,0.5038191002875754,0.5478887294222757,0.046125355181169114,-0.15666653137348885,0.3883744299236092,0.29441741498193696,5.928070572268717,0.09557365409411174,0.73060393576114,0.006107215562090025,0.26328884867676994
v2vol,100,0.0,60,0.96,60,0.0,20,0.7,,,True,sym,5,0.9,,10,,,30,0.5,0.25,14,75.0,True,fixed,,1.0,0.0,1.0,1.0,0.02263285489607214,-0.15483970766802624,0.29144181306881717,0.14616957908882525,0.08667637763352998,-0.1566665313734883,0.4932210738326851,0.5532539520320144,0.04723352832367844,-0.1566665313734883,0.3899178675276274,0.3014908666808684,5.928070572268717,0.09865628817331569,0.73060393576114,0.006107215562090025,0.26328884867676994
v2vol,100,0.0,60,0.96,60,0.0,20,0.7,,,True,sym,5,0.9,,10,,,30,0.5,0.25,14,85.0,False,fixed,,1.0,0.0,0.85,1.0,0.02966164157006479,-0.23083079973289045,0.31257824463538114,0.12849949661998414,0.07580391698798317,-0.15666653137348852,0.4075700185868788,0.4838552071295228,0.047787504539550385,-0.23083079973289045,0.36007257505760143,0.20702395258712641,7.182085501017869,0.11231406403508007,0.7296991630852748,0.03483374802080977,0.2354670888939154
v2vol,100,0.0,60,0.96,60,0.0,20,0.7,,,True,sym,5,0.9,,10,,,30,0.5,0.25,14,85.0,False,fixed,,1.0,0.0,1.0,1.0,0.03334443988581026,-0.2543988031057536,0.3276827786335809,0.1310715281626108,0.07372062483953834,-0.15666653137348785,0.37668157417091236,0.47055758618789356,0.049371527690834194,-0.2543988031057536,0.35387433900406434,0.19407138354464054,7.182085501017869,0.12159203027824148,0.7296991630852748,0.03483374802080977,0.2354670888939154
v2vol,100,0.0,60,0.96,60,0.0,20,0.7,,,True,sym,5,0.9,,10,,,30,0.5,0.25,14,85.0,True,fixed,,1.0,0.0,0.85,1.0,0.02429276365593025,-0.19738723093459698,0.2855214826070411,0.12307160671390899,0.07295509139637324,-0.15666653137348852,0.3881861602136427,0.46567119828835934,0.04332862182135511,-0.19738723093459698,0.33602706520950404,0.21951076377231196,6.783080750961321,0.10545395829374138,0.7296991630852748,0.024881248586292693,0.24541958832843247
v2vol,100,0.0,60,0.96,60,0.0,20,0.7,,,True,sym,5,0.9,,10,,,30,0.5,0.25,14,85.0,True,fixed,,1.0,0.0,1.0,1.0,0.0265155770844252,-0.20478218042400154,0.29963713972477524,0.12948185740343565,0.07005439451450957,-0.15666653137348785,0.35332338664973983,0.44715609581922894,0.04368867765801143,-0.20478218042400154,0.32519080136218054,0.21334218420545195,6.783080750961321,0.11231446403269561,0.7296991630852748,0.024881248586292693,0.24541958832843247
v2vol,100,0.0,60,0.96,60,0.0,20,0.7,,,True,sym,5,0.9,,10,,,60,,,14,,False,fixed,,1.0,0.0,0.85,1.0,0.2853875464712572,-0.3101313941521374,0.9970125828459794,0.9202149535730589,0.3721435481338986,-0.27580103521891386,0.9926453683681263,1.349318895190201,0.3206488071943583,-0.3101313941521374,0.9981993795300241,1.0339127648491513,8.09409635828998,0.3166407099688601,0.27437231395611855,0.5344944582673603,0.19113322777652114
v2vol,100,0.0,60,0.96,60,0.0,20,0.7,,,True,sym,5,0.9,,10,,,60,,,14,,False,fixed,,1.0,0.0,1.0,1.0,0.3264286683765949,-0.3648787136215276,0.9926601983119125,0.8946223942106549,0.4145471913534948,-0.3219772104790779,0.9833903115309884,1.2875047607769499,0.36292322923005216,-0.3648787136215276,0.9921926471994715,0.9946407276761456,8.09409635828998,0.36838664881976957,0.27437231395611855,0.5344944582673603,0.19113322777652114
v2vol,100,0.0,60,0.96,60,0.0,20,0.7,,,True,sym,5,0.9,,10,,,60,,,14,,True,fixed,,1.0,0.0,0.85,1.0,0.18259668223637693,-0.2913824046958503,0.8643587271014578,0.6266565149222868,0.30296299101912383,-0.27580103521891386,0.9906987894096374,1.0984838790711953,0.229485775091834,-0.2913824046958503,0.9223082952167859,0.7875759530894633,12.255145894593984,0.24258968225956276,0.27437231395611855,0.2834200407147704,0.44220764532911105
v2vol,100,0.0,60,0.96,60,0.0,20,0.7,,,True,sym,5,0.9,,10,,,60,,,14,,True,fixed,,1.0,0.0,1.0,1.0,0.19717446606785183,-0.3406506406204617,0.8388871857452125,0.5788172472205481,0.3287382411566895,-0.31639288334518023,0.9736396967948223,1.0390190755271844,0.24862342161555762,-0.3406506406204617,0.9011510169560112,0.7298486835742168,12.255145894593984,0.2748355276887599,0.27437231395611855,0.2834200407147704,0.44220764532911105
v2vol,100,0.0,60,0.96,60,0.0,20,0.7,,,True,sym,5,0.9,,10,,,60,,,14,75.0,False,fixed,,1.0,0.0,0.85,1.0,0.28610280099615615,-0.3110780502124736,1.0133743536766753,0.9197138814543206,0.40354086367505126,-0.27351063400154874,1.0852752826986496,1.4754119712682405,0.3323316368676552,-0.3110780502124736,1.0474061710697897,1.0683223603872563,8.892105858403076,0.30732448427269543,0.27437231395611855,0.5084822438362362,0.21714544220764534
v2vol,100,0.0,60,0.96,60,0.0,20,0.7,,,True,sym,5,0.9,,10,,,60,,,14,75.0,False,fixed,,1.0,0.0,1.0,1.0,0.32805213691309887,-0.3660230995238736,1.0105435344877096,0.8962607478594447,0.45767367982648666,-0.3219772104790781,1.0849982012548922,1.4214474345730939,0.3793697247178791,-0.3660230995238736,1.04596964277106,1.0364638876927903,8.892105858403076,0.3567486059915418,0.27437231395611855,0.5084822438362362,0.21714544220764534
v2vol,100,0.0,60,0.96,60,0.0,20,0.7,,,True,sym,5,0.9,,10,,,60,,,14,75.0,True,fixed,,1.0,0.0,0.85,1.0,0.180920362138822,-0.2913824046958504,0.8802284982538732,0.6209035247947438,0.32956571138726076,-0.2274885458232676,1.1349129257222978,1.4487134294809523,0.2377124771187722,-0.2913824046958504,0.9935860912536364,0.8158093051874572,11.457136394480885,0.22845561881033996,0.27437231395611855,0.24836009952499435,0.4772675865188871
v2vol,100,0.0,60,0.96,60,0.0,20,0.7,,,True,sym,5,0.9,,10,,,60,,,14,75.0,True,fixed,,1.0,0.0,1.0,1.0,0.1948966349880199,-0.34065064062046224,0.854277206642363,0.5721305400542752,0.36472300391187473,-0.2390820697331545,1.137503232509519,1.5255138301209759,0.2596582356150632,-0.34065064062046224,0.9798818590430136,0.7622420293768443,11.457136394480885,0.2566333575894791,0.27437231395611855,0.24836009952499435,0.4772675865188871
v2vol,100,0.0,60,0.96,60,0.0,20,0.7,,,True,sym,5,0.9,,10,,,60,,,14,85.0,False,fixed,,1.0,0.0,0.85,1.0,0.2853875464712572,-0.3101313941521374,0.9970125828459794,0.9202149535730589,0.3721435481338986,-0.27580103521891386,0.9926453683681263,1.349318895190201,0.3206488071943583,-0.3101313941521374,0.9981993795300241,1.0339127648491513,8.09409635828998,0.3166407099688601,0.27437231395611855,0.5344944582673603,0.19113322777652114
v2vol,100,0.0,60,0.96,60,0.0,20,0.7,,,True,sym,5,0.9,,10,,,60,,,14,85.0,False,fixed,,1.0,0.0,1.0,1.0,0.3264286683765949,-0.3648787136215276,0.9926601983119125,0.8946223942106549,0.4145471913534948,-0.3219772104790779,0.9833903115309884,1.2875047607769499,0.36292322923005216,-0.3648787136215276,0.9921926471994715,0.9946407276761456,8.09409635828998,0.36838664881976957,0.27437231395611855,0.5344944582673603,0.19113322777652114
v2vol,100,0.0,60,0.96,60,0.0,20,0.7,,,True,sym,5,0.9,,10,,,60,,,14,85.0,True,fixed,,1.0,0.0,0.85,1.0,0.18259668223637693,-0.2913824046958503,0.8643587271014578,0.6266565149222868,0.30296299101912383,-0.27580103521891386,0.9906987894096374,1.0984838790711953,0.229485775091834,-0.2913824046958503,0.9223082952167859,0.7875759530894633,12.255145894593984,0.24258968225956276,0.27437231395611855,0.2834200407147704,0.44220764532911105
v2vol,100,0.0,60,0.96,60,0.0,20,0.7,,,True,sym,5,0.9,,10,,,60,,,14,85.0,True,fixed,,1.0,0.0,1.0,1.0,0.19717446606785183,-0.3406506406204617,0.8388871857452125,0.5788172472205481,0.3287382411566895,-0.31639288334518023,0.9736396967948223,1.0390190755271844,0.24862342161555762,-0.3406506406204617,0.9011510169560112,0.7298486835742168,12.255145894593984,0.2748355276887599,0.27437231395611855,0.2834200407147704,0.44220764532911105
v2vol,100,0.0,60,0.96,60,0.0,20,0.7,,,True,sym,5,0.9,,10,,,60,,0.15,14,,False,fixed,,1.0,0.0,0.85,1.0,0.04569117363704178,-0.4322444117469707,0.29819719980282444,0.10570680012351137,0.14697807841443367,-0.3210190123968164,0.5414653932144401,0.4578485159400835,0.08533430919387586,-0.4322444117469707,0.4115343955910406,0.1974214284205235,5.87106989368921,0.23760458458757538,0.649174394933273,0.31078941415969236,0.040036190907034606
v2vol,100,0.0,60,0.96,60,0.0,20,0.7,,,True,sym,5,0.9,,10,,,60,,0.15,14,,False,fixed,,1.0,0.0,1.0,1.0,0.04836956564473227,-0.4919478452480024,0.29903112851980806,0.0983225480342292,0.16364782483600826,-0.3686026090385167,0.5519287447871032,0.4439681674062922,0.093447275869049,-0.4919478452480024,0.41634595620814224,0.189953623685332,5.87106989368921,0.2784408999322625,0.649174394933273,0.31078941415969236,0.040036190907034606
v2vol,100,0.0,60,0.96,60,0.0,20,0.7,,,True,sym,5,0.9,,10,,,60,,0.15,14,,True,fixed,,1.0,0.0,0.85,1.0,0.027257069101966458,-0.32595619518009455,0.22359790840404525,0.08362187774006447,0.12373964742060828,-0.2978178135331847,0.5148254601820944,0.4154877304101235,0.06513240286087285,-0.32595619518009455,0.36460793138312314,0.1998194966807931,8.43610042976702,0.18716514483331137,0.6534720651436327,0.17100203573852069,0.17552589911784663
v2vol,100,0.0,60,0.96,60,0.0,20,0.7,,,True,sym,5,0.9,,10,,,60,,0.15,14,,True,fixed,,1.0,0.0,1.0,1.0,0.02632275283500518,-0.376097368665675,0.21266839046719188,0.0699891970220199,0.13613933384995303,-0.34792226197041054,0.5222123992964522,0.3912923912340256,0.06938443415951734,-0.376097368665675,0.362263430090025,0.18448529540549746,8.43610042976702,0.21544232599809576,0.6534720651436327,0.17100203573852069,0.17552589911784663
v2vol,100,0.0,60,0.96,60,0.0,20,0.7,,,True,sym,5,0.9,,10,,,60,,0.15,14,75.0,False,fixed,,1.0,0.0,0.85,1.0,0.04251267079093579,-0.4438087533005304,0.2875594702951025,0.09579051894487496,0.16659276769543796,-0.25894735398089685,0.6365715333441233,0.6433460899844835,0.09015738693812647,-0.4438087533005304,0.4442955047365891,0.2031446794765567,6.6120787152227996,0.22156371365124902,0.658222121691925,0.2788961773354445,0.06288170097263063
v2vol,100,0.0,60,0.96,60,0.0,20,0.7,,,True,sym,5,0.9,,10,,,60,,0.15,14,75.0,False,fixed,,1.0,0.0,1.0,1.0,0.04573203297136086,-0.5053915688653803,0.29115617566289326,0.09048831794727144,0.19372080931171398,-0.29822520057061064,0.6648970322657874,0.6495789388054978,0.1021891377931361,-0.5053915688653803,0.45771907444807086,0.20219794727196158,6.6120787152227996,0.2587820084643395,0.658222121691925,0.2788961773354445,0.06288170097263063
v2vol,100,0.0,60,0.96,60,0.0,20,0.7,,,True,sym,5,0.9,,10,,,60,,0.15,14,75.0,True,fixed,,1.0,0.0,0.85,1.0,0.021887875824982972,-0.3337924949887914,0.1933304694464359,0.06557330123829763,0.12843103837728842,-0.17914312306269042,0.5950114816151738,0.7169186077678488,0.06329838511654429,-0.3337924949887914,0.37760023167997125,0.18963393745167884,7.809092965392445,0.16597412915295234,0.6668174621126441,0.13413254919701426,0.19904998869034154
v2vol,100,0.0,60,0.96,60,0.0,20,0.7,,,True,sym,5,0.9,,10,,,60,,0.15,14,75.0,True,fixed,,1.0,0.0,1.0,1.0,0.020453580611115685,-0.37353792707877886,0.1817920801378257,0.05475636910840928,0.14811078380968423,-0.20122662366415134,0.6310063219064062,0.7360397004766237,0.06973567097619493,-0.37353792707877886,0.3855240274140346,0.18668966635210707,7.809092965392445,0.18894019318481817,0.6668174621126441,0.13413254919701426,0.19904998869034154
v2vol,100,0.0,60,0.96,60,0.0,20,0.7,,,True,sym,5,0.9,,10,,,60,,0.15,14,85.0,False,fixed,,1.0,0.0,0.85,1.0,0.04569117363704178,-0.4322444117469707,0.29819719980282444,0.10570680012351137,0.14697807841443367,-0.3210190123968164,0.5414653932144401,0.4578485159400835,0.08533430919387586,-0.4322444117469707,0.4115343955910406,0.1974214284205235,5.87106989368921,0.23760458458757538,0.649174394933273,0.31078941415969236,0.040036190907034606
v2vol,100,0.0,60,0.96,60,0.0,20,0.7,,,True,sym,5,0.9,,10,,,60,,0.15,14,85.0,False,fixed,,1.0,0.0,1.0,1.0,0.04836956564473227,-0.4919478452480024,0.29903112851980806,0.0983225480342292,0.16364782483600826,-0.3686026090385167,0.5519287447871032,0.4439681674062922,0.093447275869049,-0.4919478452480024,0.41634595620814224,0.189953623685332,5.87106989368921,0.2784408999322625,0.649174394933273,0.31078941415969236,0.040036190907034606
v2vol,100,0.0,60,0.96,60,0.0,20,0.7,,,True,sym,5,0.9,,10,,,60,,0.15,14,85.0,True,fixed,,1.0,0.0,0.85,1.0,0.027257069101966458,-0.32595619518009455,0.22359790840404525,0.08362187774006447,0.12373964742060828,-0.2978178135331847,0.5148254601820944,0.4154877304101235,0.06513240286087285,-0.32595619518009455,0.36460793138312314,0.1998194966807931,8.43610042976702,0.18716514483331137,0.6534720651436327,0.17100203573852069,0.17552589911784663
v2vol,100,0.0,60,0.96,60,0.0,20,0.7,,,True,sym,5,0.9,,10,,,60,,0.15,14,85.0,True,fixed,,1.0,0.0,1.0,1.0,0.02632275283500518,-0.376097368665675,0.21266839046719188,0.0699891970220199,0.13613933384995303,-0.34792226197041054,0.5222123992964522,0.3912923912340256,0.06938443415951734,-0.376097368665675,0.362263430090025,0.18448529540549746,8.43610042976702,0.21544232599809576,0.6534720651436327,0.17100203573852069,0.17552589911784663
v2vol,100,0.0,60,0.96,60,0.0,20,0.7,,,True,sym,5,0.9,,10,,,60,,0.25,14,,False,fixed,,1.0,0.0,0.85,1.0,0.018250583046129698,-0.27316054053961736,0.17071270921509826,0.06681266265645992,0.05366164662149919,-0.3357122526148574,0.22970134711295503,0.15984417072516563,0.03407781738703619,-0.33571225261485704,0.2111396416168643,0.10150900695939648,3.363040036190907,0.16183143973759184,0.8430219407373898,0.14295408278669985,0.014023976475910428
v2vol,100,0.0,60,0.96,60,0.0,20,0.7,,,True,sym,5,0.9,,10,,,60,,0.25,14,,False,fixed,,1.0,0.0,1.0,1.0,0.018386300320063498,-0.3159143182506926,0.1691404441402481,0.05820027538439432,0.054360236675454754,-0.3916301198215162,0.23039284591007908,0.1388050456901252,0.034886729959770824,-0.39163011982151474,0.21063231842094562,0.0890808142531796,3.363040036190907,0.1895659670700898,0.8430219407373898,0.14295408278669985,0.014023976475910428
v2vol,100,0.0,60,0.96,60,0.0,20,0.7,,,True,sym,5,0.9,,10,,,60,,0.25,14,,True,fixed,,1.0,0.0,0.85,1.0,-4.793071082964673e-05,-0.3268693444618671,0.025313923238771904,-0.00014663568683247495,0.03889665259941899,-0.37430260230816514,0.15198219541488753,0.10391766543849777,0.01702308057209967,-0.37430260230816514,0.100779115841965,0.04547946091511403,4.332051572042524,0.13652705877861468,0.8443790997511875,0.08866772223478851,0.06695317801402398
v2vol,100,0.0,60,0.96,60,0.0,20,0.7,,,True,sym,5,0.9,,10,,,60,,0.25,14,,True,fixed,,1.0,0.0,1.0,1.0,-0.003755775932984262,-0.3827403951154382,0.012996934794205856,-0.009812854825139331,0.03647048775843076,-0.4323743628509725,0.1434856037485399,0.08434932986764788,0.014230693821556173,-0.4323743628509713,0.09036150213888451,0.03291289920087408,4.332051572042524,0.15807357837154745,0.8443790997511875,0.08866772223478851,0.06695317801402398
v2vol,100,0.0,60,0.96,60,0.0,20,0.7,,,True,sym,5,0.9,,10,,,60,,0.25,14,75.0,False,fixed,,1.0,0.0,0.85,1.0,0.007511463906921811,-0.2930395965746829,0.09171088109139792,0.025632931503874322,0.08666718488880232,-0.25420752795648305,0.4190532612169983,0.3409308354693516,0.03915114796613195,-0.2930395965746829,0.25098485307019025,0.13360360996864135,3.990047500565483,0.14491169103704257,0.8470934177787831,0.11581090251074418,0.03709567971047274
v2vol,100,0.0,60,0.96,60,0.0,20,0.7,,,True,sym,5,0.9,,10,,,60,,0.25,14,75.0,False,fixed,,1.0,0.0,1.0,1.0,0.005955762336410819,-0.34544945878632094,0.08855493629610156,0.01724061851865508,0.09822630153402345,-0.29638926605877247,0.4416933274352073,0.3314097802534646,0.042731355076302435,-0.34544945878632094,0.2583828485001115,0.123697849249589,3.990047500565483,0.16853048890213854,0.8470934177787831,0.11581090251074418,0.03709567971047274
v2vol,100,0.0,60,0.96,60,0.0,20,0.7,,,True,sym,5,0.9,,10,,,60,,0.25,14,75.0,True,fixed,,1.0,0.0,0.85,1.0,-0.012066820793975919,-0.31935448973868397,-0.09629636774685596,-0.03778503569450285,0.05673855461940125,-0.258642787257063,0.2824159761159684,0.2193703339695657,0.015799063283461923,-0.31935448973868397,0.08524939587549617,0.04947186838171499,3.990047500565483,0.116954408325504,0.8498077358063787,0.060393576114001354,0.08979868807961999
v2vol,100,0.0,60,0.96,60,0.0,20,0.7,,,True,sym,5,0.9,,10,,,60,,0.25,14,75.0,True,fixed,,1.0,0.0,1.0,1.0,-0.01789546206141024,-0.37238257265065033,-0.11518017888768185,-0.04805665832863456,0.06331907628533706,-0.29082621897827354,0.30996571523673344,0.21772134750363542,0.014851724996165938,-0.37238257265065033,0.08332486113895436,0.039882975431557166,3.990047500565483,0.1332246830671021,0.8498077358063787,0.060393576114001354,0.08979868807961999
v2vol,100,0.0,60,0.96,60,0.0,20,0.7,,,True,sym,5,0.9,,10,,,60,,0.25,14,85.0,False,fixed,,1.0,0.0,0.85,1.0,0.018250583046129698,-0.27316054053961736,0.17071270921509826,0.06681266265645992,0.05366164662149919,-0.3357122526148574,0.22970134711295503,0.15984417072516563,0.03407781738703619,-0.33571225261485704,0.2111396416168643,0.10150900695939648,3.363040036190907,0.16183143973759184,0.8430219407373898,0.14295408278669985,0.014023976475910428
v2vol,100,0.0,60,0.96,60,0.0,20,0.7,,,True,sym,5,0.9,,10,,,60,,0.25,14,85.0,False,fixed,,1.0,0.0,1.0,1.0,0.018386300320063498,-0.3159143182506926,0.1691404441402481,0.05820027538439432,0.054360236675454754,-0.3916301198215162,0.23039284591007908,0.1388050456901252,0.034886729959770824,-0.39163011982151474,0.21063231842094562,0.0890808142531796,3.363040036190907,0.1895659670700898,0.8430219407373898,0.14295408278669985,0.014023976475910428
v2vol,100,0.0,60,0.96,60,0.0,20,0.7,,,True,sym,5,0.9,,10,,,60,,0.25,14,85.0,True,fixed,,1.0,0.0,0.85,1.0,-4.793071082964673e-05,-0.3268693444618671,0.025313923238771904,-0.00014663568683247495,0.03889665259941899,-0.37430260230816514,0.15198219541488753,0.10391766543849777,0.01702308057209967,-0.37430260230816514,0.100779115841965,0.04547946091511403,4.332051572042524,0.13652705877861468,0.8443790997511875,0.08866772223478851,0.06695317801402398
v2vol,100,0.0,60,0.96,60,0.0,20,0.7,,,True,sym,5,0.9,,10,,,60,,0.25,14,85.0,True,fixed,,1.0,0.0,1.0,1.0,-0.003755775932984262,-0.3827403951154382,0.012996934794205856,-0.009812854825139331,0.03647048775843076,-0.4323743628509725,0.1434856037485399,0.08434932986764788,0.014230693821556173,-0.4323743628509713,0.09036150213888451,0.03291289920087408,4.332051572042524,0.15807357837154745,0.8443790997511875,0.08866772223478851,0.06695317801402398
v2vol,100,0.0,60,0.96,60,0.0,20,0.7,,,True,sym,5,0.9,,10,,,60,0.2,,14,,False,fixed,,1.0,0.0,0.85,1.0,0.1303667887874589,-0.27327110219245465,0.6741463656107145,0.4770602809500377,0.29656214165299244,-0.27580103521891386,0.9938084224700654,1.0752756653636186,0.1930026655993553,-0.27580103521891375,0.8177421680068436,0.6997894893547508,7.923094322551458,0.23425959930909343,0.27324134811128703,0.22438362361456685,0.5023750282741462
v2vol,100,0.0,60,0.96,60,0.0,20,0.7,,,True,sym,5,0.9,,10,,,60,0.2,,14,,False,fixed,,1.0,0.0,1.0,1.0,0.12914294512234914,-0.3198709177678868,0.6179742719449317,0.40373456275278286,0.31933149935962923,-0.31639288334518023,0.9728239794484987,1.0092878701422718,0.2005202035597049,-0.3198709177678868,0.7776557119218186,0.6268785076147864,7.923094322551458,0.2641116221717087,0.27324134811128703,0.22438362361456685,0.5023750282741462
v2vol,100,0.0,60,0.96,60,0.0,20,0.7,,,True,sym,5,0.9,,10,,,60,0.2,,14,,True,fixed,,1.0,0.0,0.85,1.0,0.12008326842877626,-0.22050880092940983,0.7309766842651849,0.5445735858280677,0.2537800755638562,-0.27580103521891386,0.9632345361422133,0.9201563560572613,0.17140734165306015,-0.2758010352189143,0.8375880146131243,0.6214891163008409,8.607102465505541,0.19742157857696147,0.27324134811128703,0.11920380004523863,0.6075548518434744
v2vol,100,0.0,60,0.96,60,0.0,20,0.7,,,True,sym,5,0.9,,10,,,60,0.2,,14,,True,fixed,,1.0,0.0,1.0,1.0,0.11725058445792169,-0.22965203569932113,0.6721100941968778,0.5105575663672128,0.26511521493194135,-0.31639288334518023,0.934967538786754,0.8379303988411911,0.17402296959381025,-0.31639288334518023,0.7940940805108331,0.5500217569810305,8.607102465505541,0.21600309409571106,0.27324134811128703,0.11920380004523863,0.6075548518434744
v2vol,100,0.0,60,0.96,60,0.0,20,0.7,,,True,sym,5,0.9,,10,,,60,0.2,,14,75.0,False,fixed,,1.0,0.0,0.85,1.0,0.1279576392947921,-0.2805493397374901,0.6857061824154903,0.4560967401118178,0.32830081434248704,-0.21311620247342422,1.1420351932384554,1.540477967100725,0.2022321829363245,-0.2805493397374901,0.8876166238438117,0.7208435533141981,8.493101108346528,0.2209986203530798,0.27324134811128703,0.1945261253110156,0.5322325265776974
v2vol,100,0.0,60,0.96,60,0.0,20,0.7,,,True,sym,5,0.9,,10,,,60,0.2,,14,75.0,False,fixed,,1.0,0.0,1.0,1.0,0.1266255849914717,-0.3553368241787127,0.6290650725586765,0.3563536801572436,0.3622466394705377,-0.2554305516189789,1.1432496343700744,1.4181805472154108,0.21327830718831575,-0.3553368241787127,0.8561070198117735,0.6002144801098628,8.493101108346528,0.24695169795019725,0.27324134811128703,0.1945261253110156,0.5322325265776974
v2vol,100,0.0,60,0.96,60,0.0,20,0.7,,,True,sym,5,0.9,,10,,,60,0.2,,14,75.0,True,fixed,,1.0,0.0,0.85,1.0,0.12120025799885892,-0.22050880092940983,0.7699507645253387,0.5496390959817429,0.27929890052396256,-0.20346551845260508,1.1451506885463874,1.3727087648466685,0.18100250177803856,-0.22050880092940983,0.9395978632305901,0.8208402613190111,7.581090251074417,0.18131950480016037,0.27324134811128703,0.08731056322099072,0.6394480886677222
v2vol,100,0.0,60,0.96,60,0.0,20,0.7,,,True,sym,5,0.9,,10,,,60,0.2,,14,75.0,True,fixed,,1.0,0.0,1.0,1.0,0.11851669102696616,-0.22965203569932147,0.7143507871003808,0.5160707183198565,0.2991915015625668,-0.20675031262222932,1.1539663874046968,1.4471151108208695,0.18658947432963813,-0.22965203569932147,0.9134723006493454,0.8124877872797773,7.581090251074417,0.1943917679149456,0.27324134811128703,0.08731056322099072,0.6394480886677222
v2vol,100,0.0,60,0.96,60,0.0,20,0.7,,,True,sym,5,0.9,,10,,,60,0.2,,14,85.0,False,fixed,,1.0,0.0,0.85,1.0,0.1303667887874589,-0.27327110219245465,0.6741463656107145,0.4770602809500377,0.29656214165299244,-0.27580103521891386,0.9938084224700654,1.0752756653636186,0.1930026655993553,-0.27580103521891375,0.8177421680068436,0.6997894893547508,7.923094322551458,0.23425959930909343,0.27324134811128703,0.22438362361456685,0.5023750282741462
v2vol,100,0.0,60,0.96,60,0.0,20,0.7,,,True,sym,5,0.9,,10,,,60,0.2,,14,85.0,False,fixed,,1.0,0.0,1.0,1.0,0.12914294512234914,-0.3198709177678868,0.6179742719449317,0.40373456275278286,0.31933149935962923,-0.31639288334518023,0.9728239794484987,1.0092878701422718,0.2005202035597049,-0.3198709177678868,0.7776557119218186,0.6268785076147864,7.923094322551458,0.2641116221717087,0.27324134811128703,0.22438362361456685,0.5023750282741462
v2vol,100,0.0,60,0.96,60,0.0,20,0.7,,,True,sym,5,0.9,,10,,,60,0.2,,14,85.0,True,fixed,,1.0,0.0,0.85,1.0,0.12008326842877626,-0.22050880092940983,0.7309766842651849,0.5445735858280677,0.2537800755638562,-0.27580103521891386,0.9632345361422133,0.9201563560572613,0.17140734165306015,-0.2758010352189143,0.8375880146131243,0.6214891163008409,8.607102465505541,0.19742157857696147,0.27324134811128703,0.11920380004523863,0.6075548518434744
v2vol,100,0.0,60,0.96,60,0.0,20,0.7,,,True,sym,5,0.9,,10,,,60,0.2,,14,85.0,True,fixed,,1.0,0.0,1.0,1.0,0.11725058445792169,-0.22965203569932113,0.6721100941968778,0.5105575663672128,0.26511521493194135,-0.31639288334518023,0.934967538786754,0.8379303988411911,0.17402296959381025,-0.31639288334518023,0.7940940805108331,0.5500217569810305,8.607102465505541,0.21600309409571106,0.27324134811128703,0.11920380004523863,0.6075548518434744
v2vol,100,0.0,60,0.96,60,0.0,20,0.7,,,True,sym,5,0.9,,10,,,60,0.2,0.15,14,,False,fixed,,1.0,0.0,0.85,1.0,0.034620971213049634,-0.41736317986317695,0.2532689003454806,0.08295166627875351,0.14168898182966116,-0.3726158118056494,0.5522185046258027,0.3802548827518998,0.0762645976512526,-0.41736317986317695,0.39239475703342547,0.18272957781339078,6.441076679484279,0.21417428045578407,0.6706627459850713,0.24609816783533137,0.08323908617959738
v2vol,100,0.0,60,0.96,60,0.0,20,0.7,,,True,sym,5,0.9,,10,,,60,0.2,0.15,14,,False,fixed,,1.0,0.0,1.0,1.0,0.03633466019567311,-0.4804189638850632,0.254397460135584,0.07563119470106079,0.1587881093529515,-0.4312272187122599,0.5648005441820759,0.36822376339584506,0.08387390118004401,-0.4804189638850632,0.3981468336245202,0.1745849091837895,6.441076679484279,0.24989953368148535,0.6706627459850713,0.24609816783533137,0.08323908617959738
v2vol,100,0.0,60,0.96,60,0.0,20,0.7,,,True,sym,5,0.9,,10,,,60,0.2,0.15,14,,True,fixed,,1.0,0.0,0.85,1.0,0.015993618091682205,-0.37167584968418266,0.15536703251588668,0.0430310931024229,0.10953519492043395,-0.350935224994981,0.4796853260536783,0.3121236830016152,0.05278594136052073,-0.37167584968418266,0.31567424146307493,0.14202144531417246,8.09409635828998,0.16873070447535876,0.6686270074643745,0.1287039131418231,0.2026690793938023
v2vol,100,0.0,60,0.96,60,0.0,20,0.7,,,True,sym,5,0.9,,10,,,60,0.2,0.15,14,,True,fixed,,1.0,0.0,1.0,1.0,0.013412691648235331,-0.4242221765423353,0.13974388887994196,0.03161713929610375,0.11883351734517666,-0.4002276770976444,0.48368786653263796,0.2969147916179335,0.05487096265936686,-0.4242221765423353,0.30973258957828265,0.12934487090372798,8.09409635828998,0.19261817505020462,0.6686270074643745,0.1287039131418231,0.2026690793938023
v2vol,100,0.0,60,0.96,60,0.0,20,0.7,,,True,sym,5,0.9,,10,,,60,0.2,0.15,14,75.0,False,fixed,,1.0,0.0,0.85,1.0,0.03543232183646805,-0.45471683146631925,0.2614517726950006,0.0779217292709617,0.15707915306141218,-0.24743363334706014,0.6456979583060203,0.6348334740778219,0.08219747304916525,-0.45471683146631925,0.4350083209930705,0.18076628653508198,7.182085501017869,0.19791239338629205,0.6749604161954309,0.21443112418004975,0.11060845962451935
v2vol,100,0.0,60,0.96,60,0.0,20,0.7,,,True,sym,5,0.9,,10,,,60,0.2,0.15,14,75.0,False,fixed,,1.0,0.0,1.0,1.0,0.03706013686536003,-0.522374085875134,0.25985395925917726,0.07094558835795449,0.18357320632812058,-0.29051554650986244,0.6799611716367728,0.6318877200669487,0.09296327213870459,-0.522374085875134,0.4476646073696977,0.17796302430079985,7.182085501017869,0.2297650759575711,0.6749604161954309,0.21443112418004975,0.11060845962451935
v2vol,100,0.0,60,0.96,60,0.0,20,0.7,,,True,sym,5,0.9,,10,,,60,0.2,0.15,14,75.0,True,fixed,,1.0,0.0,0.85,1.0,0.018629069648405494,-0.3314782134975013,0.17686770840283567,0.05619998204963755,0.11609230128688708,-0.22142711174509422,0.5715922692307963,0.5242912684537563,0.056820698170588324,-0.3314782134975013,0.36426993204812097,0.17141608665939262,7.467088893915403,0.14704185568530018,0.6756389957023298,0.09500113096584484,0.2293598733318254
v2vol,100,0.0,60,0.96,60,0.0,20,0.7,,,True,sym,5,0.9,,10,,,60,0.2,0.15,14,75.0,True,fixed,,1.0,0.0,1.0,1.0,0.01622209049884593,-0.3815695670424446,0.15681992966355776,0.042514109876696314,0.132698558220812,-0.25184686621349717,0.6089427154017082,0.5269017646156453,0.06157828878418292,-0.3815695670424446,0.3689077639794973,0.16138155163022513,7.467088893915403,0.1650969916129933,0.6756389957023298,0.09500113096584484,0.2293598733318254
v2vol,100,0.0,60,0.96,60,0.0,20,0.7,,,True,sym,5,0.9,,10,,,60,0.2,0.15,14,85.0,False,fixed,,1.0,0.0,0.85,1.0,0.034620971213049634,-0.41736317986317695,0.2532689003454806,0.08295166627875351,0.14168898182966116,-0.3726158118056494,0.5522185046258027,0.3802548827518998,0.0762645976512526,-0.41736317986317695,0.39239475703342547,0.18272957781339078,6.441076679484279,0.21417428045578407,0.6706627459850713,0.24609816783533137,0.08323908617959738
v2vol,100,0.0,60,0.96,60,0.0,20,0.7,,,True,sym,5,0.9,,10,,,60,0.2,0.15,14,85.0,False,fixed,,1.0,0.0,1.0,1.0,0.03633466019567311,-0.4804189638850632,0.254397460135584,0.07563119470106079,0.1587881093529515,-0.4312272187122599,0.5648005441820759,0.36822376339584506,0.08387390118004401,-0.4804189638850632,0.3981468336245202,0.1745849091837895,6.441076679484279,0.24989953368148535,0.6706627459850713,0.24609816783533137,0.08323908617959738
v2vol,100,0.0,60,0.96,60,0.0,20,0.7,,,True,sym,5,0.9,,10,,,60,0.2,0.15,14,85.0,True,fixed,,1.0,0.0,0.85,1.0,0.015993618091682205,-0.37167584968418266,0.15536703251588668,0.0430310931024229,0.10953519492043395,-0.350935224994981,0.4796853260536783,0.3121236830016152,0.05278594136052073,-0.37167584968418266,0.31567424146307493,0.14202144531417246,8.09409635828998,0.16873070447535876,0.6686270074643745,0.1287039131418231,0.2026690793938023
v2vol,100,0.0,60,0.96,60,0.0,20,0.7,,,True,sym,5,0.9,,10,,,60,0.2,0.15,14,85.0,True,fixed,,1.0,0.0,1.0,1.0,0.013412691648235331,-0.4242221765423353,0.13974388887994196,0.03161713929610375,0.11883351734517666,-0.4002276770976444,0.48368786653263796,0.2969147916179335,0.05487096265936686,-0.4242221765423353,0.30973258957828265,0.12934487090372798,8.09409635828998,0.19261817505020462,0.6686270074643745,0.1287039131418231,0.2026690793938023
v2vol,100,0.0,60,0.96,60,0.0,20,0.7,,,True,sym,5,0.9,,10,,,60,0.2,0.25,14,,False,fixed,,1.0,0.0,0.85,1.0,0.018250583046129698,-0.27316054053961736,0.17071270921509826,0.06681266265645992,0.05366164662149919,-0.3357122526148574,0.22970134711295503,0.15984417072516563,0.03407781738703619,-0.33571225261485704,0.2111396416168643,0.10150900695939648,3.363040036190907,0.16183143973759184,0.8430219407373898,0.14295408278669985,0.014023976475910428
v2vol,100,0.0,60,0.96,60,0.0,20,0.7,,,True,sym,5,0.9,,10,,,60,0.2,0.25,14,,False,fixed,,1.0,0.0,1.0,1.0,0.018386300320063498,-0.3159143182506926,0.1691404441402481,0.05820027538439432,0.054360236675454754,-0.3916301198215162,0.23039284591007908,0.1388050456901252,0.034886729959770824,-0.39163011982151474,0.21063231842094562,0.0890808142531796,3.363040036190907,0.1895659670700898,0.8430219407373898,0.14295408278669985,0.014023976475910428
v2vol,100,0.0,60,0.96,60,0.0,20,0.7,,,True,sym,5,0.9,,10,,,60,0.2,0.25,14,,True,fixed,,1.0,0.0,0.85,1.0,-4.793071082964673e-05,-0.3268693444618671,0.025313923238771904,-0.00014663568683247495,0.03889665259941899,-0.37430260230816514,0.15198219541488753,0.10391766543849777,0.01702308057209967,-0.37430260230816514,0.100779115841965,0.04547946091511403,4.332051572042524,0.13652705877861468,0.8443790997511875,0.08866772223478851,0.06695317801402398
v2vol,100,0.0,60,0.96,60,0.0,20,0.7,,,True,sym,5,0.9,,10,,,60,0.2,0.25,14,,True,fixed,,1.0,0.0,1.0,1.0,-0.003755775932984262,-0.3827403951154382,0.012996934794205856,-0.009812854825139331,0.03647048775843076,-0.4323743628509725,0.1434856037485399,0.08434932986764788,0.014230693821556173,-0.4323743628509713,0.09036150213888451,0.03291289920087408,4.332051572042524,0.15807357837154745,0.8443790997511875,0.08866772223478851,0.06695317801402398
v2vol,100,0.0,60,0.96,60,0.0,20,0.7,,,True,sym,5,0.9,,10,,,60,0.2,0.25,14,75.0,False,fixed,,1.0,0.0,0.85,1.0,0.007511463906921811,-0.2930395965746829,0.09171088109139792,0.025632931503874322,0.08666718488880232,-0.25420752795648305,0.4190532612169983,0.3409308354693516,0.03915114796613195,-0.2930395965746829,0.25098485307019025,0.13360360996864135,3.990047500565483,0.14491169103704257,0.8470934177787831,0.11581090251074418,0.03709567971047274
v2vol,100,0.0,60,0.96,60,0.0,20,0.7,,,True,sym,5,0.9,,10,,,60,0.2,0.25,14,75.0,False,fixed,,1.0,0.0,1.0,1.0,0.005955762336410819,-0.34544945878632094,0.08855493629610156,0.01724061851865508,0.09822630153402345,-0.29638926605877247,0.4416933274352073,0.3314097802534646,0.042731355076302435,-0.34544945878632094,0.2583828485001115,0.123697849249589,3.990047500565483,0.16853048890213854,0.8470934177787831,0.11581090251074418,0.03709567971047274
v2vol,100,0.0,60,0.96,60,0.0,20,0.7,,,True,sym,5,0.9,,10,,,60,0.2,0.25,14,75.0,True,fixed,,1.0,0.0,0.85,1.0,-0.012066820793975919,-0.31935448973868397,-0.09629636774685596,-0.03778503569450285,0.05673855461940125,-0.258642787257063,0.2824159761159684,0.2193703339695657,0.015799063283461923,-0.31935448973868397,0.08524939587549617,0.04947186838171499,3.990047500565483,0.116954408325504,0.8498077358063787,0.060393576114001354,0.08979868807961999
v2vol,100,0.0,60,0.96,60,0.0,20,0.7,,,True,sym,5,0.9,,10,,,60,0.2,0.25,14,75.0,True,fixed,,1.0,0.0,1.0,1.0,-0.01789546206141024,-0.37238257265065033,-0.11518017888768185,-0.04805665832863456,0.06331907628533706,-0.29082621897827354,0.30996571523673344,0.21772134750363542,0.014851724996165938,-0.37238257265065033,0.08332486113895436,0.039882975431557166,3.990047500565483,0.1332246830671021,0.8498077358063787,0.060393576114001354,0.08979868807961999
v2vol,100,0.0,60,0.96,60,0.0,20,0.7,,,True,sym,5,0.9,,10,,,60,0.2,0.25,14,85.0,False,fixed,,1.0,0.0,0.85,1.0,0.018250583046129698,-0.27316054053961736,0.17071270921509826,0.06681266265645992,0.05366164662149919,-0.3357122526148574,0.22970134711295503,0.15984417072516563,0.03407781738703619,-0.33571225261485704,0.2111396416168643,0.10150900695939648,3.363040036190907,0.16183143973759184,0.8430219407373898,0.14295408278669985,0.014023976475910428
v2vol,100,0.0,60,0.96,60,0.0,20,0.7,,,True,sym,5,0.9,,10,,,60,0.2,0.25,14,85.0,False,fixed,,1.0,0.0,1.0,1.0,0.018386300320063498,-0.3159143182506926,0.1691404441402481,0.05820027538439432,0.054360236675454754,-0.3916301198215162,0.23039284591007908,0.1388050456901252,0.034886729959770824,-0.39163011982151474,0.21063231842094562,0.0890808142531796,3.363040036190907,0.1895659670700898,0.8430219407373898,0.14295408278669985,0.014023976475910428
v2vol,100,0.0,60,0.96,60,0.0,20,0.7,,,True,sym,5,0.9,,10,,,60,0.2,0.25,14,85.0,True,fixed,,1.0,0.0,0.85,1.0,-4.793071082964673e-05,-0.3268693444618671,0.025313923238771904,-0.00014663568683247495,0.03889665259941899,-0.37430260230816514,0.15198219541488753,0.10391766543849777,0.01702308057209967,-0.37430260230816514,0.100779115841965,0.04547946091511403,4.332051572042524,0.13652705877861468,0.8443790997511875,0.08866772223478851,0.06695317801402398
v2vol,100,0.0,60,0.96,60,0.0,20,0.7,,,True,sym,5,0.9,,10,,,60,0.2,0.25,14,85.0,True,fixed,,1.0,0.0,1.0,1.0,-0.003755775932984262,-0.3827403951154382,0.012996934794205856,-0.009812854825139331,0.03647048775843076,-0.4323743628509725,0.1434856037485399,0.08434932986764788,0.014230693821556173,-0.4323743628509713,0.09036150213888451,0.03291289920087408,4.332051572042524,0.15807357837154745,0.8443790997511875,0.08866772223478851,0.06695317801402398
v2vol,100,0.0,60,0.96,60,0.0,20,0.7,,,True,sym,5,0.9,,10,,,60,0.3,,14,,False,fixed,,1.0,0.0,0.85,1.0,0.12613354731051585,-0.22312283289680634,0.7938970203554093,0.5653099042931757,0.22634703911070986,-0.2034655184526044,0.9582302127566868,1.112458960280464,0.16568274024862295,-0.22312283289680634,0.8720163132287765,0.7425629107409673,5.9850712508482244,0.1800982853436986,0.27324134811128703,0.08504863153132776,0.6417100203573852
v2vol,100,0.0,60,0.96,60,0.0,20,0.7,,,True,sym,5,0.9,,10,,,60,0.3,,14,,False,fixed,,1.0,0.0,1.0,1.0,0.12440001674892898,-0.23323067523291408,0.7409639998098593,0.5333775954843754,0.23041971333884081,-0.24452058098363427,0.9290350961422467,0.9423325938942652,0.16652909265753624,-0.24452058098363405,0.8310019675154475,0.6810432561040012,5.9850712508482244,0.19272839659780183,0.27324134811128703,0.08504863153132776,0.6417100203573852
v2vol,100,0.0,60,0.96,60,0.0,20,0.7,,,True,sym,5,0.9,,10,,,60,0.3,,14,,True,fixed,,1.0,0.0,0.85,1.0,0.11411026453183859,-0.22872422214361066,0.7899238286016093,0.4988989074370592,0.22510378608586445,-0.2034655184526043,1.0261146293383616,1.1063485734478427,0.1574358945838934,-0.22872422214361066,0.9001586190148444,0.6883219149611668,5.9850712508482244,0.16340478814866502,0.27324134811128703,0.04161954308979869,0.6851391087989143
v2vol,100,0.0,60,0.96,60,0.0,20,0.7,,,True,sym,5,0.9,,10,,,60,0.3,,14,,True,fixed,,1.0,0.0,1.0,1.0,0.10914292728920527,-0.25617202881009105,0.7335745681981313,0.426053257243462,0.2291872797472827,-0.2034655184526044,1.017288889445319,1.1264182820278217,0.15616008581495588,-0.25617202881009105,0.8664154363318715,0.6095906978615633,5.9850712508482244,0.1697400472307256,0.27324134811128703,0.04161954308979869,0.6851391087989143
v2vol,100,0.0,60,0.96,60,0.0,20,0.7,,,True,sym,5,0.9,,10,,,60,0.3,,14,75.0,False,fixed,,1.0,0.0,0.85,1.0,0.13018899392522765,-0.223122832896805,0.8742843354990588,0.5834857519285821,0.22083955828588997,-0.20496076371300342,0.9566850456205659,1.0774723624426032,0.1645004196586759,-0.223122832896805,0.9066286589493017,0.7372639434654267,5.928070572268717,0.17017121838356822,0.27324134811128703,0.0565482922415743,0.6702103596471387
v2vol,100,0.0,60,0.96,60,0.0,20,0.7,,,True,sym,5,0.9,,10,,,60,0.3,,14,75.0,False,fixed,,1.0,0.0,1.0,1.0,0.12982589006617662,-0.24522560726929354,0.8373679582072315,0.5294140832674494,0.22356748172204943,-0.25238837310107487,0.9282859459778389,0.8858073728797189,0.1652381822673359,-0.2523883731010753,0.8734772980769575,0.6546980759734208,5.928070572268717,0.17917474329276212,0.27324134811128703,0.0565482922415743,0.6702103596471387
v2vol,100,0.0,60,0.96,60,0.0,20,0.7,,,True,sym,5,0.9,,10,,,60,0.3,,14,75.0,True,fixed,,1.0,0.0,0.85,1.0,0.12648788570178238,-0.2205088009294096,0.9160111129579593,0.5736183098754154,0.21608344188773376,-0.20346551845260474,1.0280977327492187,1.0620150457487383,0.160416508516664,-0.2205088009294096,0.9628298663074593,0.7274834738592467,5.016059714996607,0.15384086883190745,0.27324134811128703,0.016512101334539696,0.7102465505541733
v2vol,100,0.0,60,0.96,60,0.0,20,0.7,,,True,sym,5,0.9,,10,,,60,0.3,,14,75.0,True,fixed,,1.0,0.0,1.0,1.0,0.12468897586036087,-0.2296520356993208,0.8899484975050732,0.5429474007520397,0.21756694856835312,-0.20346551845260363,1.0246940332328187,1.0693062403054518,0.15978449379605508,-0.2296520356993208,0.9470584465657662,0.6957678093707734,5.016059714996607,0.15622644299109,0.27324134811128703,0.016512101334539696,0.7102465505541733
v2vol,100,0.0,60,0.96,60,0.0,20,0.7,,,True,sym,5,0.9,,10,,,60,0.3,,14,85.0,False,fixed,,1.0,0.0,0.85,1.0,0.12613354731051585,-0.22312283289680634,0.7938970203554093,0.5653099042931757,0.22634703911070986,-0.2034655184526044,0.9582302127566868,1.112458960280464,0.16568274024862295,-0.22312283289680634,0.8720163132287765,0.7425629107409673,5.9850712508482244,0.1800982853436986,0.27324134811128703,0.08504863153132776,0.6417100203573852
v2vol,100,0.0,60,0.96,60,0.0,20,0.7,,,True,sym,5,0.9,,10,,,60,0.3,,14,85.0,False,fixed,,1.0,0.0,1.0,1.0,0.12440001674892898,-0.23323067523291408,0.7409639998098593,0.5333775954843754,0.23041971333884081,-0.24452058098363427,0.9290350961422467,0.9423325938942652,0.16652909265753624,-0.24452058098363405,0.8310019675154475,0.6810432561040012,5.9850712508482244,0.19272839659780183,0.27324134811128703,0.08504863153132776,0.6417100203573852
v2vol,100,0.0,60,0.96,60,0.0,20,0.7,,,True,sym,5,0.9,,10,,,60,0.3,,14,85.0,True,fixed,,1.0,0.0,0.85,1.0,0.11411026453183859,-0.22872422214361066,0.7899238286016093,0.4988989074370592,0.22510378608586445,-0.2034655184526043,1.0261146293383616,1.1063485734478427,0.1574358945838934,-0.22872422214361066,0.9001586190148444,0.6883219149611668,5.9850712508482244,0.16340478814866502,0.27324134811128703,0.04161954308979869,0.6851391087989143
v2vol,100,0.0,60,0.96,60,0.0,20,0.7,,,True,sym,5,0.9,,10,,,60,0.3,,14,85.0,True,fixed,,1.0,0.0,1.0,1.0,0.10914292728920527,-0.25617202881009105,0.7335745681981313,0.426053257243462,0.2291872797472827,-0.2034655184526044,1.017288889445319,1.1264182820278217,0.15616008581495588,-0.25617202881009105,0.8664154363318715,0.6095906978615633,5.9850712508482244,0.1697400472307256,0.27324134811128703,0.04161954308979869,0.6851391087989143
v2vol,100,0.0,60,0.96,60,0.0,20,0.7,,,True,sym,5,0.9,,10,,,60,0.3,0.15,14,,False,fixed,,1.0,0.0,0.85,1.0,0.025200618690837562,-0.2883146088516705,0.22772914232158872,0.08740666590294961,0.08489069553555395,-0.22914544708232631,0.41659131539865574,0.37046642914556716,0.04989451507096465,-0.2883146088516705,0.3251318118920085,0.1730557992523852,7.011083465279349,0.14240207927511989,0.6484958154263741,0.08504863153132776,0.2664555530422981
v2vol,100,0.0,60,0.96,60,0.0,20,0.7,,,True,sym,5,0.9,,10,,,60,0.3,0.15,14,,False,fixed,,1.0,0.0,1.0,1.0,0.02360827273463495,-0.3145965120817492,0.2074125775273814,0.07504302122872945,0.08849359604832463,-0.2734460355478021,0.4126306147915584,0.3236236205474434,0.050647680815048446,-0.3145965120817492,0.3125026283664722,0.1609925058606099,7.011083465279349,0.1580828508621733,0.6484958154263741,0.08504863153132776,0.2664555530422981
v2vol,100,0.0,60,0.96,60,0.0,20,0.7,,,True,sym,5,0.9,,10,,,60,0.3,0.15,14,,True,fixed,,1.0,0.0,0.85,1.0,0.012193376965997427,-0.268745844144639,0.12986647412369381,0.04537140659721217,0.08379084892131194,-0.1996652214430703,0.4552699349183832,0.4196567049369831,0.04113966704159533,-0.268745844144639,0.29084419113486554,0.15308019803072365,7.068084143858855,0.12048552121761794,0.6494005881022393,0.04161954308979869,0.308979868807962
v2vol,100,0.0,60,0.96,60,0.0,20,0.7,,,True,sym,5,0.9,,10,,,60,0.3,0.15,14,,True,fixed,,1.0,0.0,1.0,1.0,0.007680443176393936,-0.30416393511028217,0.09012905497641216,0.02525099885234323,0.08740332087033154,-0.2071075954650059,0.4605823324333525,0.42201890603814046,0.03999204830684211,-0.30416393511028217,0.2715504075943381,0.13148188752996637,7.068084143858855,0.12894687464421514,0.6494005881022393,0.04161954308979869,0.308979868807962
v2vol,100,0.0,60,0.96,60,0.0,20,0.7,,,True,sym,5,0.9,,10,,,60,0.3,0.15,14,75.0,False,fixed,,1.0,0.0,0.85,1.0,0.029076076660195183,-0.27870533738336867,0.2779156049774352,0.10432551071025974,0.08001849010582474,-0.23540086668217708,0.3994469562828929,0.3399243649083947,0.0489467426353809,-0.27870533738336867,0.33673312293169505,0.1756218344970301,6.954082786699842,0.12960141706439926,0.6489482017643067,0.0565482922415743,0.29450350599411895
v2vol,100,0.0,60,0.96,60,0.0,20,0.7,,,True,sym,5,0.9,,10,,,60,0.3,0.15,14,75.0,False,fixed,,1.0,0.0,1.0,1.0,0.028731720592414023,-0.30935855498703957,0.2621789684571508,0.09287514480929006,0.08243175377396939,-0.2810125891964167,0.3929213751771676,0.29333829494860403,0.04960252132427789,-0.30935855498703957,0.3247118963223841,0.16033990502171813,6.954082786699842,0.14122125792607906,0.6489482017643067,0.0565482922415743,0.29450350599411895
v2vol,100,0.0,60,0.96,60,0.0,20,0.7,,,True,sym,5,0.9,,10,,,60,0.3,0.15,14,75.0,True,fixed,,1.0,0.0,0.85,1.0,0.02343871467597336,-0.22813888596857868,0.25115283099003965,0.10273879692391218,0.07581098092393246,-0.19966522144307153,0.42951086781130315,0.37969046575067983,0.04382079643464909,-0.22813888596857868,0.3366753773850394,0.19207947057602656,6.099072608007238,0.10716140947761504,0.6494005881022393,0.016512101334539696,0.334087310563221
v2vol,100,0.0,60,0.96,60,0.0,20,0.7,,,True,sym,5,0.9,,10,,,60,0.3,0.15,14,75.0,True,fixed,,1.0,0.0,1.0,1.0,0.021804366007611264,-0.2486456366901948,0.2290620190058533,0.087692534234087,0.07712336848083146,-0.20710759546500568,0.4316956420677281,0.3723831002318925,0.04325228495262223,-0.2486456366901948,0.32480278493434783,0.17395151400349454,6.099072608007238,0.11055815596230047,0.6494005881022393,0.016512101334539696,0.334087310563221
v2vol,100,0.0,60,0.96,60,0.0,20,0.7,,,True,sym,5,0.9,,10,,,60,0.3,0.15,14,85.0,False,fixed,,1.0,0.0,0.85,1.0,0.025200618690837562,-0.2883146088516705,0.22772914232158872,0.08740666590294961,0.08489069553555395,-0.22914544708232631,0.41659131539865574,0.37046642914556716,0.04989451507096465,-0.2883146088516705,0.3251318118920085,0.1730557992523852,7.011083465279349,0.14240207927511989,0.6484958154263741,0.08504863153132776,0.2664555530422981
v2vol,100,0.0,60,0.96,60,0.0,20,0.7,,,True,sym,5,0.9,,10,,,60,0.3,0.15,14,85.0,False,fixed,,1.0,0.0,1.0,1.0,0.02360827273463495,-0.3145965120817492,0.2074125775273814,0.07504302122872945,0.08849359604832463,-0.2734460355478021,0.4126306147915584,0.3236236205474434,0.050647680815048446,-0.3145965120817492,0.3125026283664722,0.1609925058606099,7.011083465279349,0.1580828508621733,0.6484958154263741,0.08504863153132776,0.2664555530422981
v2vol,100,0.0,60,0.96,60,0.0,20,0.7,,,True,sym,5,0.9,,10,,,60,0.3,0.15,14,85.0,True,fixed,,1.0,0.0,0.85,1.0,0.012193376965997427,-0.268745844144639,0.12986647412369381,0.04537140659721217,0.08379084892131194,-0.1996652214430703,0.4552699349183832,0.4196567049369831,0.04113966704159533,-0.268745844144639,0.29084419113486554,0.15308019803072365,7.068084143858855,0.12048552121761794,0.6494005881022393,0.04161954308979869,0.308979868807962
v2vol,100,0.0,60,0.96,60,0.0,20,0.7,,,True,sym,5,0.9,,10,,,60,0.3,0.15,14,85.0,True,fixed,,1.0,0.0,1.0,1.0,0.007680443176393936,-0.30416393511028217,0.09012905497641216,0.02525099885234323,0.08740332087033154,-0.2071075954650059,0.4605823324333525,0.42201890603814046,0.03999204830684211,-0.30416393511028217,0.2715504075943381,0.13148188752996637,7.068084143858855,0.12894687464421514,0.6494005881022393,0.04161954308979869,0.308979868807962
v2vol,100,0.0,60,0.96,60,0.0,20,0.7,,,True,sym,5,0.9,,10,,,60,0.3,0.25,14,,False,fixed,,1.0,0.0,0.85,1.0,0.012004991308125934,-0.22553521828018552,0.12720140445581216,0.053228898793145324,0.04671890444561844,-0.2445690183861845,0.2018383295760172,0.1910254404008253,0.027559004521441555,-0.24456901838618328,0.17919566342747487,0.11268395605990002,3.135037321872879,0.12595473690364078,0.8563673377064013,0.09522732413481112,0.04840533815878761
v2vol,100,0.0,60,0.96,60,0.0,20,0.7,,,True,sym,5,0.9,,10,,,60,0.3,0.25,14,,False,fixed,,1.0,0.0,1.0,1.0,0.010123117297414774,-0.2630798462432917,0.1126424567510184,0.038479258073053184,0.04831981635520455,-0.2925291199890788,0.20538607555396368,0.16517950881952712,0.027411826070427026,-0.2925291199890784,0.17256802689734224,0.09370631570440047,3.135037321872879,0.1454453316200699,0.8563673377064013,0.09522732413481112,0.04840533815878761
v2vol,100,0.0,60,0.96,60,0.0,20,0.7,,,True,sym,5,0.9,,10,,,60,0.3,0.25,14,,True,fixed,,1.0,0.0,0.85,1.0,0.0026900916596992452,-0.17936386428160267,0.028062714905188864,0.01499795775739856,0.04999105128931247,-0.20135797003735134,0.2450025130353793,0.24826954344066576,0.022820003475257478,-0.2013579700373519,0.15052706230765334,0.11333052012306426,3.8190454648269623,0.09924678492442413,0.8588554625650305,0.049310110834652796,0.09183442660031667
v2vol,100,0.0,60,0.96,60,0.0,20,0.7,,,True,sym,5,0.9,,10,,,60,0.3,0.25,14,,True,fixed,,1.0,0.0,1.0,1.0,-0.00046540722113996846,-0.21979722771888255,0.004200999337289013,-0.0021174389957966965,0.0534132955127109,-0.21813395058475382,0.25938138706135266,0.24486465939632668,0.022506946447411913,-0.21979722771888255,0.1430702059631764,0.1023986820989297,3.8190454648269623,0.11126320849812868,0.8588554625650305,0.049310110834652796,0.09183442660031667
v2vol,100,0.0,60,0.96,60,0.0,20,0.7,,,True,sym,5,0.9,,10,,,60,0.3,0.25,14,75.0,False,fixed,,1.0,0.0,0.85,1.0,0.011604799954502143,-0.2432676731412624,0.1280484126279562,0.047703830947416447,0.040741749316254516,-0.2544954288027208,0.1632311372826718,0.16008833442677123,0.023486274586260292,-0.25449542880272036,0.15140028674744144,0.09228564417346125,3.4200407147704137,0.11115464465978359,0.8574983035512328,0.0651436326622936,0.07735806378647365
v2vol,100,0.0,60,0.96,60,0.0,20,0.7,,,True,sym,5,0.9,,10,,,60,0.3,0.25,14,75.0,False,fixed,,1.0,0.0,1.0,1.0,0.010009222787928485,-0.288726430457693,0.10975333417923029,0.034666804739911516,0.04120436482943979,-0.3034437950135652,0.16405523101472055,0.13578911649057704,0.022645158978750413,-0.3034437950135648,0.1410452206350847,0.07462719406649297,3.4200407147704137,0.12670139208082995,0.8574983035512328,0.0651436326622936,0.07735806378647365
v2vol,100,0.0,60,0.96,60,0.0,20,0.7,,,True,sym,5,0.9,,10,,,60,0.3,0.25,14,75.0,True,fixed,,1.0,0.0,0.85,1.0,0.005873863005313673,-0.18859501309677307,0.061596409760064794,0.031145378177627844,0.038479825694734515,-0.20135797003734923,0.15680109760712468,0.1911015773927251,0.019022804808599636,-0.20135797003734957,0.11773191451785604,0.09447256944967773,3.249038679031893,0.08149907946746265,0.8597602352408957,0.02194073738973083,0.11829902736937345
v2vol,100,0.0,60,0.96,60,0.0,20,0.7,,,True,sym,5,0.9,,10,,,60,0.3,0.25,14,75.0,True,fixed,,1.0,0.0,1.0,1.0,0.003605659162696284,-0.2193500482023517,0.03157196561727475,0.01643792281900956,0.039693559111629195,-0.21813395058475338,0.16460522393170332,0.18196873528958862,0.01802802245779378,-0.2193500482023517,0.10430320150562915,0.08218836788749107,3.249038679031893,0.08781308024546276,0.8597602352408957,0.02194073738973083,0.11829902736937345
v2vol,100,0.0,60,0.96,60,0.0,20,0.7,,,True,sym,5,0.9,,10,,,60,0.3,0.25,14,85.0,False,fixed,,1.0,0.0,0.85,1.0,0.012004991308125934,-0.22553521828018552,0.12720140445581216,0.053228898793145324,0.04671890444561844,-0.2445690183861845,0.2018383295760172,0.1910254404008253,0.027559004521441555,-0.24456901838618328,0.17919566342747487,0.11268395605990002,3.135037321872879,0.12595473690364078,0.8563673377064013,0.09522732413481112,0.04840533815878761
v2vol,100,0.0,60,0.96,60,0.0,20,0.7,,,True,sym,5,0.9,,10,,,60,0.3,0.25,14,85.0,False,fixed,,1.0,0.0,1.0,1.0,0.010123117297414774,-0.2630798462432917,0.1126424567510184,0.038479258073053184,0.04831981635520455,-0.2925291199890788,0.20538607555396368,0.16517950881952712,0.027411826070427026,-0.2925291199890784,0.17256802689734224,0.09370631570440047,3.135037321872879,0.1454453316200699,0.8563673377064013,0.09522732413481112,0.04840533815878761
v2vol,100,0.0,60,0.96,60,0.0,20,0.7,,,True,sym,5,0.9,,10,,,60,0.3,0.25,14,85.0,True,fixed,,1.0,0.0,0.85,1.0,0.0026900916596992452,-0.17936386428160267,0.028062714905188864,0.01499795775739856,0.04999105128931247,-0.20135797003735134,0.2450025130353793,0.24826954344066576,0.022820003475257478,-0.2013579700373519,0.15052706230765334,0.11333052012306426,3.8190454648269623,0.09924678492442413,0.8588554625650305,0.049310110834652796,0.09183442660031667
v2vol,100,0.0,60,0.96,60,0.0,20,0.7,,,True,sym,5,0.9,,10,,,60,0.3,0.25,14,85.0,True,fixed,,1.0,0.0,1.0,1.0,-0.00046540722113996846,-0.21979722771888255,0.004200999337289013,-0.0021174389957966965,0.0534132955127109,-0.21813395058475382,0.25938138706135266,0.24486465939632668,0.022506946447411913,-0.21979722771888255,0.1430702059631764,0.1023986820989297,3.8190454648269623,0.11126320849812868,0.8588554625650305,0.049310110834652796,0.09183442660031667
v2vol,100,0.0,60,0.96,60,0.0,20,0.7,,,True,sym,5,0.9,,10,,,60,0.4,,14,,False,fixed,,1.0,0.0,0.85,1.0,0.12006245726108555,-0.20734397904512136,0.8579722938647524,0.5790496440456467,0.21995163489668434,-0.2034655184526052,1.0118505736221028,1.0810265865659168,0.15764173239928803,-0.20734397904512136,0.9229051836787769,0.7602908612310496,4.788057000678579,0.15873196997715613,0.27324134811128703,0.020809771544899346,0.7059488803438136
v2vol,100,0.0,60,0.96,60,0.0,20,0.7,,,True,sym,5,0.9,,10,,,60,0.4,,14,,False,fixed,,1.0,0.0,1.0,1.0,0.11628269008718561,-0.23542039376897161,0.8150717906623329,0.4939363503116851,0.2224021929950286,-0.20346551845260552,0.9996121931758077,1.0930706818847742,0.15606134060931875,-0.23542039376897161,0.8938245808687839,0.6629049340664539,4.788057000678579,0.16318747638140585,0.27324134811128703,0.020809771544899346,0.7059488803438136
v2vol,100,0.0,60,0.96,60,0.0,20,0.7,,,True,sym,5,0.9,,10,,,60,0.4,,14,,True,fixed,,1.0,0.0,0.85,1.0,0.13801220933606273,-0.18784125382521977,1.0163774906384533,0.7347278966977011,0.19985774352469665,-0.20346551845260463,0.9456844344774317,0.9822683717843406,0.16198453178044891,-0.20346551845260485,0.9787997330264339,0.7961276830215411,4.560054286360551,0.15249102188450228,0.27324134811128703,0.010404885772449673,0.7163537661162633
v2vol,100,0.0,60,0.96,60,0.0,20,0.7,,,True,sym,5,0.9,,10,,,60,0.4,,14,,True,fixed,,1.0,0.0,1.0,1.0,0.1394336050857945,-0.18784125382521977,1.0197523740053136,0.7422949019257131,0.19659336843825947,-0.20346551845260386,0.918794103699546,0.9662244980544691,0.16170905796774693,-0.20346551845260485,0.9676168846384221,0.7947737739425137,4.560054286360551,0.15430219017110225,0.27324134811128703,0.010404885772449673,0.7163537661162633
v2vol,100,0.0,60,0.96,60,0.0,20,0.7,,,True,sym,5,0.9,,10,,,60,0.4,,14,75.0,False,fixed,,1.0,0.0,0.85,1.0,0.13237678598084202,-0.18784125382521977,0.9671210911527985,0.704726907881558,0.2164506613073478,-0.2034655184526042,1.0365007809731466,1.0638198695950951,0.16434234525936753,-0.20346551845260508,0.9944276435986052,0.8077159535887117,4.560054286360551,0.15205186426303177,0.27324134811128703,0.010404885772449673,0.7163537661162633
v2vol,100,0.0,60,0.96,60,0.0,20,0.7,,,True,sym,5,0.9,,10,,,60,0.4,,14,75.0,False,fixed,,1.0,0.0,1.0,1.0,0.13228575559552702,-0.18784125382521977,0.9561003498465519,0.7042422944994535,0.2179261082455879,-0.2034655184526042,1.0357328944064754,1.0710714518261344,0.1648115484906454,-0.20346551845260386,0.9881468951180244,0.8100220113170542,4.560054286360551,0.1536761780762138,0.27324134811128703,0.010404885772449673,0.7163537661162633
v2vol,100,0.0,60,0.96,60,0.0,20,0.7,,,True,sym,5,0.9,,10,,,60,0.4,,14,75.0,True,fixed,,1.0,0.0,0.85,1.0,0.1385114666535454,-0.18784125382521977,1.0296978788112592,0.7373857650163785,0.21123795276551482,-0.2034655184526042,1.0289578141447127,1.0382002531535641,0.1664133530633285,-0.2034655184526043,1.025332602306239,0.817894620813075,4.21805021488351,0.14871811949104105,0.27324134811128703,0.0024881248586292692,0.7242705270300837
v2vol,100,0.0,60,0.96,60,0.0,20,0.7,,,True,sym,5,0.9,,10,,,60,0.4,,14,75.0,True,fixed,,1.0,0.0,1.0,1.0,0.1400302077177591,-0.18784125382521977,1.0380613259144145,0.7454710020624793,0.21123795276551482,-0.2034655184526042,1.0289578141447127,1.0382002531535641,0.16738730186337425,-0.2034655184526043,1.0300787633953052,0.822681421089863,4.21805021488351,0.14886427085816673,0.27324134811128703,0.0024881248586292692,0.7242705270300837
v2vol,100,0.0,60,0.96,60,0.0,20,0.7,,,True,sym,5,0.9,,10,,,60,0.4,,14,85.0,False,fixed,,1.0,0.0,0.85,1.0,0.12006245726108555,-0.20734397904512136,0.8579722938647524,0.5790496440456467,0.21995163489668434,-0.2034655184526052,1.0118505736221028,1.0810265865659168,0.15764173239928803,-0.20734397904512136,0.9229051836787769,0.7602908612310496,4.788057000678579,0.15873196997715613,0.27324134811128703,0.020809771544899346,0.7059488803438136
v2vol,100,0.0,60,0.96,60,0.0,20,0.7,,,True,sym,5,0.9,,10,,,60,0.4,,14,85.0,False,fixed,,1.0,0.0,1.0,1.0,0.11628269008718561,-0.23542039376897161,0.8150717906623329,0.4939363503116851,0.2224021929950286,-0.20346551845260552,0.9996121931758077,1.0930706818847742,0.15606134060931875,-0.23542039376897161,0.8938245808687839,0.6629049340664539,4.788057000678579,0.16318747638140585,0.27324134811128703,0.020809771544899346,0.7059488803438136
v2vol,100,0.0,60,0.96,60,0.0,20,0.7,,,True,sym,5,0.9,,10,,,60,0.4,,14,85.0,True,fixed,,1.0,0.0,0.85,1.0,0.13801220933606273,-0.18784125382521977,1.0163774906384533,0.7347278966977011,0.19985774352469665,-0.20346551845260463,0.9456844344774317,0.9822683717843406,0.16198453178044891,-0.20346551845260485,0.9787997330264339,0.7961276830215411,4.560054286360551,0.15249102188450228,0.27324134811128703,0.010404885772449673,0.7163537661162633
v2vol,100,0.0,60,0.96,60,0.0,20,0.7,,,True,sym,5,0.9,,10,,,60,0.4,,14,85.0,True,fixed,,1.0,0.0,1.0,1.0,0.1394336050857945,-0.18784125382521977,1.0197523740053136,0.7422949019257131,0.19659336843825947,-0.20346551845260386,0.918794103699546,0.9662244980544691,0.16170905796774693,-0.20346551845260485,0.9676168846384221,0.7947737739425137,4.560054286360551,0.15430219017110225,0.27324134811128703,0.010404885772449673,0.7163537661162633
v2vol,100,0.0,60,0.96,60,0.0,20,0.7,,,True,sym,5,0.9,,10,,,60,0.4,0.15,14,,False,fixed,,1.0,0.0,0.85,1.0,0.01971830952382847,-0.24155695606837568,0.20671390603475456,0.08163006292498139,0.08619628236250021,-0.16225242082283853,0.47396687377350366,0.5312480511869644,0.0451911228988533,-0.24155695606837568,0.33264370142771077,0.18708268076561368,5.87106989368921,0.1150794616137458,0.645329111060846,0.020809771544899346,0.33386111739425467
v2vol,100,0.0,60,0.96,60,0.0,20,0.7,,,True,sym,5,0.9,,10,,,60,0.4,0.15,14,,False,fixed,,1.0,0.0,1.0,1.0,0.01627716410557367,-0.2581200378185027,0.16915866680526087,0.06306044367240862,0.08837816156163769,-0.1622524208228372,0.4714132699745027,0.5446954881378163,0.04376424666992329,-0.2581200378185027,0.3107434421159369,0.16954997775374633,5.87106989368921,0.12114888950870306,0.645329111060846,0.020809771544899346,0.33386111739425467
v2vol,100,0.0,60,0.96,60,0.0,20,0.7,,,True,sym,5,0.9,,10,,,60,0.4,0.15,14,,True,fixed,,1.0,0.0,0.85,1.0,0.036059979333051606,-0.2002027708265961,0.39737087450498493,0.1801172840124408,0.06830548285691185,-0.16225242082283997,0.3663542434889121,0.42098282731629116,0.04911207290841513,-0.2002027708265961,0.3860693905345247,0.24531165430748772,5.643067179371183,0.10631710710127576,0.645329111060846,0.010404885772449673,0.34426600316670436
v2vol,100,0.0,60,0.96,60,0.0,20,0.7,,,True,sym,5,0.9,,10,,,60,0.4,0.15,14,,True,fixed,,1.0,0.0,1.0,1.0,0.037354035090107374,-0.20601696732782893,0.4066051955919849,0.1813153332689679,0.06539901346771892,-0.1622524208228392,0.33897780794603666,0.40306956984713993,0.04886335797738872,-0.20601696732782893,0.37734421778069754,0.23718123128972116,5.643067179371183,0.10889913756164298,0.645329111060846,0.010404885772449673,0.34426600316670436
v2vol,100,0.0,60,0.96,60,0.0,20,0.7,,,True,sym,5,0.9,,10,,,60,0.4,0.15,14,75.0,False,fixed,,1.0,0.0,0.85,1.0,0.030929422246718685,-0.22079822341182054,0.3343390668106435,0.1400800322067395,0.08307915510219543,-0.1622524208228412,0.48439747935279603,0.5120364594923807,0.05124085390226374,-0.22079822341182054,0.4067896974866304,0.2320709519781423,5.643067179371183,0.10569418731682122,0.645329111060846,0.010404885772449673,0.34426600316670436
v2vol,100,0.0,60,0.96,60,0.0,20,0.7,,,True,sym,5,0.9,,10,,,60,0.4,0.15,14,75.0,False,fixed,,1.0,0.0,1.0,1.0,0.030846547090938037,-0.23223220903104458,0.3271946750215483,0.13282630871764434,0.08439283421315058,-0.1622524208228412,0.4876173887051858,0.5201329741964018,0.05166447982938882,-0.23223220903104458,0.4040499810252961,0.22246905390493169,5.643067179371183,0.10802045732739539,0.645329111060846,0.010404885772449673,0.34426600316670436
v2vol,100,0.0,60,0.96,60,0.0,20,0.7,,,True,sym,5,0.9,,10,,,60,0.4,0.15,14,75.0,True,fixed,,1.0,0.0,0.85,1.0,0.03651450918940058,-0.17667505806970651,0.41019904290746684,0.2066760842664838,0.07843796730653563,-0.1622524208228412,0.4637300695883424,0.48343172267475637,0.053110688853416965,-0.17667505806970651,0.439054760290882,0.3006122620458533,5.301063107894142,0.10084476740518764,0.645329111060846,0.0024881248586292692,0.3521827640805248
v2vol,100,0.0,60,0.96,60,0.0,20,0.7,,,True,sym,5,0.9,,10,,,60,0.4,0.15,14,75.0,True,fixed,,1.0,0.0,1.0,1.0,0.037897189289572086,-0.17667505806970651,0.42395582313219393,0.2145022036705367,0.07843796730653563,-0.1622524208228412,0.4637300695883424,0.48343172267475637,0.05399003054564866,-0.17667505806970651,0.44658039834075036,0.3055894314428191,5.301063107894142,0.101063816021621,0.645329111060846,0.0024881248586292692,0.3521827640805248
v2vol,100,0.0,60,0.96,60,0.0,20,0.7,,,True,sym,5,0.9,,10,,,60,0.4,0.15,14,85.0,False,fixed,,1.0,0.0,0.85,1.0,0.01971830952382847,-0.24155695606837568,0.20671390603475456,0.08163006292498139,0.08619628236250021,-0.16225242082283853,0.47396687377350366,0.5312480511869644,0.0451911228988533,-0.24155695606837568,0.33264370142771077,0.18708268076561368,5.87106989368921,0.1150794616137458,0.645329111060846,0.020809771544899346,0.33386111739425467
v2vol,100,0.0,60,0.96,60,0.0,20,0.7,,,True,sym,5,0.9,,10,,,60,0.4,0.15,14,85.0,False,fixed,,1.0,0.0,1.0,1.0,0.01627716410557367,-0.2581200378185027,0.16915866680526087,0.06306044367240862,0.08837816156163769,-0.1622524208228372,0.4714132699745027,0.5446954881378163,0.04376424666992329,-0.2581200378185027,0.3107434421159369,0.16954997775374633,5.87106989368921,0.12114888950870306,0.645329111060846,0.020809771544899346,0.33386111739425467
v2vol,100,0.0,60,0.96,60,0.0,20,0.7,,,True,sym,5,0.9,,10,,,60,0.4,0.15,14,85.0,True,fixed,,1.0,0.0,0.85,1.0,0.036059979333051606,-0.2002027708265961,0.39737087450498493,0.1801172840124408,0.06830548285691185,-0.16225242082283997,0.3663542434889121,0.42098282731629116,0.04911207290841513,-0.2002027708265961,0.3860693905345247,0.24531165430748772,5.643067179371183,0.10631710710127576,0.645329111060846,0.010404885772449673,0.34426600316670436
v2vol,100,0.0,60,0.96,60,0.0,20,0.7,,,True,sym,5,0.9,,10,,,60,0.4,0.15,14,85.0,True,fixed,,1.0,0.0,1.0,1.0,0.037354035090107374,-0.20601696732782893,0.4066051955919849,0.1813153332689679,0.06539901346771892,-0.1622524208228392,0.33897780794603666,0.40306956984713993,0.04886335797738872,-0.20601696732782893,0.37734421778069754,0.23718123128972116,5.643067179371183,0.10889913756164298,0.645329111060846,0.010404885772449673,0.34426600316670436
v2vol,100,0.0,60,0.96,60,0.0,20,0.7,,,True,sym,5,0.9,,10,,,60,0.4,0.25,14,,False,fixed,,1.0,0.0,0.85,1.0,0.004583700440878413,-0.17645784985001567,0.04716132353686262,0.02597617756747253,0.03590347083099954,-0.15254816118848546,0.1304059589726255,0.23535826686654013,0.01725905576169917,-0.17645784985001567,0.09535311629825034,0.09780837620071249,3.876046143406469,0.09260238874598868,0.8457362587649853,0.023976475910427505,0.1302872653245872
v2vol,100,0.0,60,0.96,60,0.0,20,0.7,,,True,sym,5,0.9,,10,,,60,0.4,0.25,14,,False,fixed,,1.0,0.0,1.0,1.0,0.002255979247171913,-0.2056282722513092,0.02479960138383406,0.010971153054356074,0.037960764351823606,-0.1525481611884867,0.14595660422100762,0.24884445709522346,0.016536441837940563,-0.2056282722513092,0.08858737511016651,0.08041910607375284,3.876046143406469,0.10141072055035029,0.8457362587649853,0.023976475910427505,0.1302872653245872
v2vol,100,0.0,60,0.96,60,0.0,20,0.7,,,True,sym,5,0.9,,10,,,60,0.4,0.25,14,,True,fixed,,1.0,0.0,0.85,1.0,0.017047977947948434,-0.1283174388984244,0.24980548320341125,0.13285784141502036,0.018546531984093173,-0.14302430720240644,-0.03396969324680792,0.12967398582009088,0.018686914794702636,-0.14302430720240578,0.1154309281861383,0.1306555169552907,3.8190454648269623,0.0775080747842754,0.845510065596019,0.010404885772449673,0.14408504863153132
v2vol,100,0.0,60,0.96,60,0.0,20,0.7,,,True,sym,5,0.9,,10,,,60,0.4,0.25,14,,True,fixed,,1.0,0.0,1.0,1.0,0.018318287406203115,-0.13465421216053575,0.2640471395054199,0.13603946814796938,0.01577543854295116,-0.14302430720240655,-0.05261323164067239,0.11029900337588014,0.018445412811937123,-0.14302430720240578,0.11101598374415984,0.12896697891941866,3.8190454648269623,0.08101363244912348,0.845510065596019,0.010404885772449673,0.14408504863153132
v2vol,100,0.0,60,0.96,60,0.0,20,0.7,,,True,sym,5,0.9,,10,,,60,0.4,0.25,14,75.0,False,fixed,,1.0,0.0,0.85,1.0,0.008598701226454786,-0.1538515225000039,0.10063378940691214,0.05588960763423429,0.03293067208329359,-0.15254816118848447,0.10458880087736189,0.21587065898883778,0.018707448114885006,-0.1538515225000039,0.11432735337725684,0.12159416956620973,3.7050441076679483,0.07990322889821336,0.843248133906356,0.012666817462112644,0.14408504863153132
v2vol,100,0.0,60,0.96,60,0.0,20,0.7,,,True,sym,5,0.9,,10,,,60,0.4,0.25,14,75.0,False,fixed,,1.0,0.0,1.0,1.0,0.008513727457073905,-0.16630323862915686,0.0972376447666096,0.05119399674505947,0.03416005099049357,-0.15254816118848447,0.11646283392937538,0.22392961491214777,0.019106851066184705,-0.16630323862915686,0.11729012850268576,0.11489163544668832,3.7050441076679483,0.08414172596780056,0.843248133906356,0.012666817462112644,0.14408504863153132
v2vol,100,0.0,60,0.96,60,0.0,20,0.7,,,True,sym,5,0.9,,10,,,60,0.4,0.25,14,75.0,True,fixed,,1.0,0.0,0.85,1.0,0.014399124029755628,-0.1052050945914248,0.21215451072419902,0.13686717440515747,0.028207071092202884,-0.14302430720240478,0.05385683712225695,0.1972187220755761,0.02062097755400072,-0.1430243072024081,0.14665908605940936,0.14417813277583577,3.477041393349921,0.07020198456504145,0.8430219407373898,0.0024881248586292692,0.154489934403981
v2vol,100,0.0,60,0.96,60,0.0,20,0.7,,,True,sym,5,0.9,,10,,,60,0.4,0.25,14,75.0,True,fixed,,1.0,0.0,1.0,1.0,0.01575230285165574,-0.1052050945914248,0.2339652769077582,0.14972946807216408,0.028207071092202884,-0.14302430720240478,0.05385683712225695,0.1972187220755761,0.021473190514166074,-0.14302430720240655,0.1581563317317151,0.15013665113425392,3.477041393349921,0.07051792230581759,0.8430219407373898,0.0024881248586292692,0.154489934403981
v2vol,100,0.0,60,0.96,60,0.0,20,0.7,,,True,sym,5,0.9,,10,,,60,0.4,0.25,14,85.0,False,fixed,,1.0,0.0,0.85,1.0,0.004583700440878413,-0.17645784985001567,0.04716132353686262,0.02597617756747253,0.03590347083099954,-0.15254816118848546,0.1304059589726255,0.23535826686654013,0.01725905576169917,-0.17645784985001567,0.09535311629825034,0.09780837620071249,3.876046143406469,0.09260238874598868,0.8457362587649853,0.023976475910427505,0.1302872653245872
v2vol,100,0.0,60,0.96,60,0.0,20,0.7,,,True,sym,5,0.9,,10,,,60,0.4,0.25,14,85.0,False,fixed,,1.0,0.0,1.0,1.0,0.002255979247171913,-0.2056282722513092,0.02479960138383406,0.010971153054356074,0.037960764351823606,-0.1525481611884867,0.14595660422100762,0.24884445709522346,0.016536441837940563,-0.2056282722513092,0.08858737511016651,0.08041910607375284,3.876046143406469,0.10141072055035029,0.8457362587649853,0.023976475910427505,0.1302872653245872
v2vol,100,0.0,60,0.96,60,0.0,20,0.7,,,True,sym,5,0.9,,10,,,60,0.4,0.25,14,85.0,True,fixed,,1.0,0.0,0.85,1.0,0.017047977947948434,-0.1283174388984244,0.24980548320341125,0.13285784141502036,0.018546531984093173,-0.14302430720240644,-0.03396969324680792,0.12967398582009088,0.018686914794702636,-0.14302430720240578,0.1154309281861383,0.1306555169552907,3.8190454648269623,0.0775080747842754,0.845510065596019,0.010404885772449673,0.14408504863153132
v2vol,100,0.0,60,0.96,60,0.0,20,0.7,,,True,sym,5,0.9,,10,,,60,0.4,0.25,14,85.0,True,fixed,,1.0,0.0,1.0,1.0,0.018318287406203115,-0.13465421216053575,0.2640471395054199,0.13603946814796938,0.01577543854295116,-0.14302430720240655,-0.05261323164067239,0.11029900337588014,0.018445412811937123,-0.14302430720240578,0.11101598374415984,0.12896697891941866,3.8190454648269623,0.08101363244912348,0.845510065596019,0.010404885772449673,0.14408504863153132
v2vol,100,0.0,60,0.96,60,0.0,20,0.7,,,True,sym,5,0.9,,10,,,60,0.5,,14,,False,fixed,,1.0,0.0,0.85,1.0,0.13194976996330676,-0.18784125382521977,0.9785877317284029,0.7024536265397897,0.21123795276551482,-0.2034655184526042,1.0289578141447127,1.0382002531535641,0.16219982668472843,-0.2034655184526042,0.997704626120608,0.7971858225329306,4.21805021488351,0.14929376555013463,0.27324134811128703,0.002940511196561864,0.7238181406921511
v2vol,100,0.0,60,0.96,60,0.0,20,0.7,,,True,sym,5,0.9,,10,,,60,0.5,,14,,False,fixed,,1.0,0.0,1.0,1.0,0.13148938007301592,-0.18784125382521977,0.9708369285132158,0.7000026745741516,0.21123795276551482,-0.2034655184526042,1.0289578141447127,1.0382002531535641,0.16190384964166005,-0.20346551845260463,0.9937203856633541,0.7957311434043995,4.21805021488351,0.14969634466426135,0.27324134811128703,0.002940511196561864,0.7238181406921511
v2vol,100,0.0,60,0.96,60,0.0,20,0.7,,,True,sym,5,0.9,,10,,,60,0.5,,14,,True,fixed,,1.0,0.0,0.85,1.0,0.13403815493142268,-0.18784125382521977,0.995724373039791,0.7135714450465757,0.21123795276551482,-0.2034655184526042,1.0289578141447127,1.0382002531535641,0.16354185008456912,-0.2034655184526052,1.0069378608316586,0.8037816497278589,4.21805021488351,0.14903200910029607,0.27324134811128703,0.002035738520696675,0.7247229133680163
v2vol,100,0.0,60,0.96,60,0.0,20,0.7,,,True,sym,5,0.9,,10,,,60,0.5,,14,,True,fixed,,1.0,0.0,1.0,1.0,0.13420996006579533,-0.18784125382521977,0.9935215719203013,0.7144860744523851,0.21123795276551482,-0.2034655184526042,1.0289578141447127,1.0382002531535641,0.1636522131491669,-0.2034655184526044,1.0059586392789654,0.8043240662780328,4.21805021488351,0.1493124610678043,0.27324134811128703,0.002035738520696675,0.7247229133680163
v2vol,100,0.0,60,0.96,60,0.0,20,0.7,,,True,sym,5,0.9,,10,,,60,0.5,,14,75.0,False,fixed,,1.0,0.0,0.85,1.0,0.13346524838414964,-0.18784125382521977,0.999569115438421,0.7105214944334579,0.21123795276551482,-0.2034655184526042,1.0289578141447127,1.0382002531535641,0.16317378491414725,-0.20346551845260452,1.0084900765985128,0.8019726691535555,4.1040488577244965,0.14839583023239578,0.27324134811128703,,0.7267586518887129
v2vol,100,0.0,60,0.96,60,0.0,20,0.7,,,True,sym,5,0.9,,10,,,60,0.5,,14,75.0,False,fixed,,1.0,0.0,1.0,1.0,0.13346524838414964,-0.18784125382521977,0.999569115438421,0.7105214944334579,0.21123795276551482,-0.2034655184526042,1.0289578141447127,1.0382002531535641,0.16317378491414725,-0.20346551845260452,1.0084900765985128,0.8019726691535555,4.1040488577244965,0.14839583023239578,0.27324134811128703,,0.7267586518887129
v2vol,100,0.0,60,0.96,60,0.0,20,0.7,,,True,sym,5,0.9,,10,,,60,0.5,,14,75.0,True,fixed,,1.0,0.0,0.85,1.0,0.13346524838414964,-0.18784125382521977,0.999569115438421,0.7105214944334579,0.21123795276551482,-0.2034655184526042,1.0289578141447127,1.0382002531535641,0.16317378491414725,-0.20346551845260452,1.0084900765985128,0.8019726691535555,4.1040488577244965,0.14839583023239578,0.27324134811128703,,0.7267586518887129
v2vol,100,0.0,60,0.96,60,0.0,20,0.7,,,True,sym,5,0.9,,10,,,60,0.5,,14,75.0,True,fixed,,1.0,0.0,1.0,1.0,0.13346524838414964,-0.18784125382521977,0.999569115438421,0.7105214944334579,0.21123795276551482,-0.2034655184526042,1.0289578141447127,1.0382002531535641,0.16317378491414725,-0.20346551845260452,1.0084900765985128,0.8019726691535555,4.1040488577244965,0.14839583023239578,0.27324134811128703,,0.7267586518887129
v2vol,100,0.0,60,0.96,60,0.0,20,0.7,,,True,sym,5,0.9,,10,,,60,0.5,,14,85.0,False,fixed,,1.0,0.0,0.85,1.0,0.13194976996330676,-0.18784125382521977,0.9785877317284029,0.7024536265397897,0.21123795276551482,-0.2034655184526042,1.0289578141447127,1.0382002531535641,0.16219982668472843,-0.2034655184526042,0.997704626120608,0.7971858225329306,4.21805021488351,0.14929376555013463,0.27324134811128703,0.002940511196561864,0.7238181406921511
v2vol,100,0.0,60,0.96,60,0.0,20,0.7,,,True,sym,5,0.9,,10,,,60,0.5,,14,85.0,False,fixed,,1.0,0.0,1.0,1.0,0.13148938007301592,-0.18784125382521977,0.9708369285132158,0.7000026745741516,0.21123795276551482,-0.2034655184526042,1.0289578141447127,1.0382002531535641,0.16190384964166005,-0.20346551845260463,0.9937203856633541,0.7957311434043995,4.21805021488351,0.14969634466426135,0.27324134811128703,0.002940511196561864,0.7238181406921511
v2vol,100,0.0,60,0.96,60,0.0,20,0.7,,,True,sym,5,0.9,,10,,,60,0.5,,14,85.0,True,fixed,,1.0,0.0,0.85,1.0,0.13403815493142268,-0.18784125382521977,0.995724373039791,0.7135714450465757,0.21123795276551482,-0.2034655184526042,1.0289578141447127,1.0382002531535641,0.16354185008456912,-0.2034655184526052,1.0069378608316586,0.8037816497278589,4.21805021488351,0.14903200910029607,0.27324134811128703,0.002035738520696675,0.7247229133680163
v2vol,100,0.0,60,0.96,60,0.0,20,0.7,,,True,sym,5,0.9,,10,,,60,0.5,,14,85.0,True,fixed,,1.0,0.0,1.0,1.0,0.13420996006579533,-0.18784125382521977,0.9935215719203013,0.7144860744523851,0.21123795276551482,-0.2034655184526042,1.0289578141447127,1.0382002531535641,0.1636522131491669,-0.2034655184526044,1.0059586392789654,0.8043240662780328,4.21805021488351,0.1493124610678043,0.27324134811128703,0.002035738520696675,0.7247229133680163
v2vol,100,0.0,60,0.96,60,0.0,20,0.7,,,True,sym,5,0.9,,10,,,60,0.5,0.15,14,,False,fixed,,1.0,0.0,0.85,1.0,0.030540661737232577,-0.21623299093723014,0.3392710608861848,0.1412396027306405,0.07843796730653563,-0.1622524208228412,0.4637300695883424,0.48343172267475637,0.04930645456939109,-0.21623299093723014,0.40068108127983393,0.22802466152680728,5.301063107894142,0.1016768427995632,0.645329111060846,0.002940511196561864,0.3517303777425922
v2vol,100,0.0,60,0.96,60,0.0,20,0.7,,,True,sym,5,0.9,,10,,,60,0.5,0.15,14,,False,fixed,,1.0,0.0,1.0,1.0,0.03012151725327472,-0.22668745398708479,0.33171151421236733,0.13287686073262286,0.07843796730653563,-0.1622524208228412,0.4637300695883424,0.48343172267475637,0.049039228043826766,-0.22668745398708479,0.3964657715687285,0.21632969615786815,5.301063107894142,0.10226622344229702,0.645329111060846,0.002940511196561864,0.3517303777425922
v2vol,100,0.0,60,0.96,60,0.0,20,0.7,,,True,sym,5,0.9,,10,,,60,0.5,0.15,14,,True,fixed,,1.0,0.0,0.85,1.0,0.03244195248715198,-0.20020277082659854,0.3622628310647832,0.16204547196427618,0.07843796730653563,-0.1622524208228412,0.4637300695883424,0.48343172267475637,0.05051811695592989,-0.20020277082659854,0.4131966196631332,0.25233475414626055,5.301063107894142,0.10129683770177031,0.645329111060846,0.002035738520696675,0.3526351504184574
v2vol,100,0.0,60,0.96,60,0.0,20,0.7,,,True,sym,5,0.9,,10,,,60,0.5,0.15,14,,True,fixed,,1.0,0.0,1.0,1.0,0.03259836594432519,-0.2060169673278236,0.3616136737819228,0.15823146203513028,0.07843796730653563,-0.1622524208228412,0.4637300695883424,0.48343172267475637,0.05061775961063497,-0.2060169673278236,0.41285876991839576,0.24569704266197495,5.301063107894142,0.10170957541590174,0.645329111060846,0.002035738520696675,0.3526351504184574
v2vol,100,0.0,60,0.96,60,0.0,20,0.7,,,True,sym,5,0.9,,10,,,60,0.5,0.15,14,75.0,False,fixed,,1.0,0.0,0.85,1.0,0.03192037148770499,-0.17667505806970651,0.3619824270625233,0.18067276635681603,0.07843796730653563,-0.1622524208228412,0.4637300695883424,0.48343172267475637,0.05018580477504808,-0.17667505806970651,0.4129790402865335,0.2840571007779007,5.187061750735127,0.10035676031217121,0.645329111060846,,0.35467088893915405
v2vol,100,0.0,60,0.96,60,0.0,20,0.7,,,True,sym,5,0.9,,10,,,60,0.5,0.15,14,75.0,False,fixed,,1.0,0.0,1.0,1.0,0.03192037148770499,-0.17667505806970651,0.3619824270625233,0.18067276635681603,0.07843796730653563,-0.1622524208228412,0.4637300695883424,0.48343172267475637,0.05018580477504808,-0.17667505806970651,0.4129790402865335,0.2840571007779007,5.187061750735127,0.10035676031217121,0.645329111060846,,0.35467088893915405
v2vol,100,0.0,60,0.96,60,0.0,20,0.7,,,True,sym,5,0.9,,10,,,60,0.5,0.15,14,75.0,True,fixed,,1.0,0.0,0.85,1.0,0.03192037148770499,-0.17667505806970651,0.3619824270625233,0.18067276635681603,0.07843796730653563,-0.1622524208228412,0.4637300695883424,0.48343172267475637,0.05018580477504808,-0.17667505806970651,0.4129790402865335,0.2840571007779007,5.187061750735127,0.10035676031217121,0.645329111060846,,0.35467088893915405
v2vol,100,0.0,60,0.96,60,0.0,20,0.7,,,True,sym,5,0.9,,10,,,60,0.5,0.15,14,75.0,True,fixed,,1.0,0.0,1.0,1.0,0.03192037148770499,-0.17667505806970651,0.3619824270625233,0.18067276635681603,0.07843796730653563,-0.1622524208228412,0.4637300695883424,0.48343172267475637,0.05018580477504808,-0.17667505806970651,0.4129790402865335,0.2840571007779007,5.187061750735127,0.10035676031217121,0.645329111060846,,0.35467088893915405
v2vol,100,0.0,60,0.96,60,0.0,20,0.7,,,True,sym,5,0.9,,10,,,60,0.5,0.15,14,85.0,False,fixed,,1.0,0.0,0.85,1.0,0.030540661737232577,-0.21623299093723014,0.3392710608861848,0.1412396027306405,0.07843796730653563,-0.1622524208228412,0.4637300695883424,0.48343172267475637,0.04930645456939109,-0.21623299093723014,0.40068108127983393,0.22802466152680728,5.301063107894142,0.1016768427995632,0.645329111060846,0.002940511196561864,0.3517303777425922
v2vol,100,0.0,60,0.96,60,0.0,20,0.7,,,True,sym,5,0.9,,10,,,60,0.5,0.15,14,85.0,False,fixed,,1.0,0.0,1.0,1.0,0.03012151725327472,-0.22668745398708479,0.33171151421236733,0.13287686073262286,0.07843796730653563,-0.1622524208228412,0.4637300695883424,0.48343172267475637,0.049039228043826766,-0.22668745398708479,0.3964657715687285,0.21632969615786815,5.301063107894142,0.10226622344229702,0.645329111060846,0.002940511196561864,0.3517303777425922
v2vol,100,0.0,60,0.96,60,0.0,20,0.7,,,True,sym,5,0.9,,10,,,60,0.5,0.15,14,85.0,True,fixed,,1.0,0.0,0.85,1.0,0.03244195248715198,-0.20020277082659854,0.3622628310647832,0.16204547196427618,0.07843796730653563,-0.1622524208228412,0.4637300695883424,0.48343172267475637,0.05051811695592989,-0.20020277082659854,0.4131966196631332,0.25233475414626055,5.301063107894142,0.10129683770177031,0.645329111060846,0.002035738520696675,0.3526351504184574
v2vol,100,0.0,60,0.96,60,0.0,20,0.7,,,True,sym,5,0.9,,10,,,60,0.5,0.15,14,85.0,True,fixed,,1.0,0.0,1.0,1.0,0.03259836594432519,-0.2060169673278236,0.3616136737819228,0.15823146203513028,0.07843796730653563,-0.1622524208228412,0.4637300695883424,0.48343172267475637,0.05061775961063497,-0.2060169673278236,0.41285876991839576,0.24569704266197495,5.301063107894142,0.10170957541590174,0.645329111060846,0.002035738520696675,0.3526351504184574
v2vol,100,0.0,60,0.96,60,0.0,20,0.7,,,True,sym,5,0.9,,10,,,60,0.5,0.25,14,,False,fixed,,1.0,0.0,0.85,1.0,0.010403602607459872,-0.1457884463130137,0.1378675258983408,0.07136095397520677,0.030948233156692595,-0.14302430720240478,0.08388091933546518,0.216384429766161,0.019116165264756457,-0.1457884463130137,0.1245541591913744,0.13112263521701356,3.477041393349921,0.0716090665719888,0.8398552363718615,0.002940511196561864,0.15720425243157657
v2vol,100,0.0,60,0.96,60,0.0,20,0.7,,,True,sym,5,0.9,,10,,,60,0.5,0.25,14,,False,fixed,,1.0,0.0,1.0,1.0,0.009992648326538456,-0.1571825507107696,0.12899899492908032,0.06357352187855668,0.030948233156692595,-0.14302430720240478,0.08388091933546518,0.216384429766161,0.018856627290121386,-0.1571825507107696,0.12043030290677045,0.11996641615022091,3.477041393349921,0.07244314599452287,0.8398552363718615,0.002940511196561864,0.15720425243157657
v2vol,100,0.0,60,0.96,60,0.0,20,0.7,,,True,sym,5,0.9,,10,,,60,0.5,0.25,14,,True,fixed,,1.0,0.0,0.85,1.0,0.012267741592606018,-0.12831743889841996,0.1713729947736526,0.09560463252635164,0.030948233156692595,-0.14302430720240478,0.08388091933546518,0.216384429766161,0.02029296611219933,-0.143024307202407,0.141198889591462,0.14188473630206694,3.477041393349921,0.07107045002694372,0.8398552363718615,0.002035738520696675,0.15810902510744176
v2vol,100,0.0,60,0.96,60,0.0,20,0.7,,,True,sym,5,0.9,,10,,,60,0.5,0.25,14,,True,fixed,,1.0,0.0,1.0,1.0,0.012421098686111742,-0.13465421216053397,0.17171625830151754,0.09224441246073595,0.030948233156692595,-0.14302430720240478,0.08388091933546518,0.216384429766161,0.0203897418822494,-0.14302430720240833,0.1419436443022714,0.14256137492345125,3.477041393349921,0.07165773992931085,0.8398552363718615,0.002035738520696675,0.15810902510744176
v2vol,100,0.0,60,0.96,60,0.0,20,0.7,,,True,sym,5,0.9,,10,,,60,0.5,0.25,14,75.0,False,fixed,,1.0,0.0,0.85,1.0,0.011756352434992401,-0.1052050945914248,0.16784623130245194,0.11174698792534192,0.030948233156692595,-0.14302430720240478,0.08388091933546518,0.216384429766161,0.019970215104640143,-0.14302430720240378,0.13803857222262,0.1396281198298614,3.363040036190907,0.069723275994884,0.8398552363718615,,0.16014476362813843
v2vol,100,0.0,60,0.96,60,0.0,20,0.7,,,True,sym,5,0.9,,10,,,60,0.5,0.25,14,75.0,False,fixed,,1.0,0.0,1.0,1.0,0.011756352434992401,-0.1052050945914248,0.16784623130245194,0.11174698792534192,0.030948233156692595,-0.14302430720240478,0.08388091933546518,0.216384429766161,0.019970215104640143,-0.14302430720240378,0.13803857222262,0.1396281198298614,3.363040036190907,0.069723275994884,0.8398552363718615,,0.16014476362813843
v2vol,100,0.0,60,0.96,60,0.0,20,0.7,,,True,sym,5,0.9,,10,,,60,0.5,0.25,14,75.0,True,fixed,,1.0,0.0,0.85,1.0,0.011756352434992401,-0.1052050945914248,0.16784623130245194,0.11174698792534192,0.030948233156692595,-0.14302430720240478,0.08388091933546518,0.216384429766161,0.019970215104640143,-0.14302430720240378,0.13803857222262,0.1396281198298614,3.363040036190907,0.069723275994884,0.8398552363718615,,0.16014476362813843
v2vol,100,0.0,60,0.96,60,0.0,20,0.7,,,True,sym,5,0.9,,10,,,60,0.5,0.25,14,75.0,True,fixed,,1.0,0.0,1.0,1.0,0.011756352434992401,-0.1052050945914248,0.16784623130245194,0.11174698792534192,0.030948233156692595,-0.14302430720240478,0.08388091933546518,0.216384429766161,0.019970215104640143,-0.14302430720240378,0.13803857222262,0.1396281198298614,3.363040036190907,0.069723275994884,0.8398552363718615,,0.16014476362813843
v2vol,100,0.0,60,0.96,60,0.0,20,0.7,,,True,sym,5,0.9,,10,,,60,0.5,0.25,14,85.0,False,fixed,,1.0,0.0,0.85,1.0,0.010403602607459872,-0.1457884463130137,0.1378675258983408,0.07136095397520677,0.030948233156692595,-0.14302430720240478,0.08388091933546518,0.216384429766161,0.019116165264756457,-0.1457884463130137,0.1245541591913744,0.13112263521701356,3.477041393349921,0.0716090665719888,0.8398552363718615,0.002940511196561864,0.15720425243157657
v2vol,100,0.0,60,0.96,60,0.0,20,0.7,,,True,sym,5,0.9,,10,,,60,0.5,0.25,14,85.0,False,fixed,,1.0,0.0,1.0,1.0,0.009992648326538456,-0.1571825507107696,0.12899899492908032,0.06357352187855668,0.030948233156692595,-0.14302430720240478,0.08388091933546518,0.216384429766161,0.018856627290121386,-0.1571825507107696,0.12043030290677045,0.11996641615022091,3.477041393349921,0.07244314599452287,0.8398552363718615,0.002940511196561864,0.15720425243157657
v2vol,100,0.0,60,0.96,60,0.0,20,0.7,,,True,sym,5,0.9,,10,,,60,0.5,0.25,14,85.0,True,fixed,,1.0,0.0,0.85,1.0,0.012267741592606018,-0.12831743889841996,0.1713729947736526,0.09560463252635164,0.030948233156692595,-0.14302430720240478,0.08388091933546518,0.216384429766161,0.02029296611219933,-0.143024307202407,0.141198889591462,0.14188473630206694,3.477041393349921,0.07107045002694372,0.8398552363718615,0.002035738520696675,0.15810902510744176
v2vol,100,0.0,60,0.96,60,0.0,20,0.7,,,True,sym,5,0.9,,10,,,60,0.5,0.25,14,85.0,True,fixed,,1.0,0.0,1.0,1.0,0.012421098686111742,-0.13465421216053397,0.17171625830151754,0.09224441246073595,0.030948233156692595,-0.14302430720240478,0.08388091933546518,0.216384429766161,0.0203897418822494,-0.14302430720240833,0.1419436443022714,0.14256137492345125,3.477041393349921,0.07165773992931085,0.8398552363718615,0.002035738520696675,0.15810902510744176
v2vol,100,0.0,60,0.96,60,0.0,20,0.7,,,True,sym,5,0.95,,10,,,10,,,14,,False,fixed,,1.0,0.0,0.85,1.0,0.2741495619325258,-0.3072891112884688,0.9615788893244057,0.8921551459568865,0.3586903761366893,-0.27580103521891386,0.9610505831775493,1.3005403545783756,0.308578149410325,-0.3072891112884688,0.9645839722609,1.004194870805709,8.379099751187514,0.31888686854951936,0.2522053833974214,0.5363040036190907,0.2114906129834879
v2vol,100,0.0,60,0.96,60,0.0,20,0.7,,,True,sym,5,0.95,,10,,,10,,,14,,False,fixed,,1.0,0.0,1.0,1.0,0.3143520237421673,-0.3484210901816275,0.9617379155241659,0.9022187020260444,0.39916704765106203,-0.32197721047907757,0.9541386526424096,1.2397369585789375,0.3496127446805748,-0.3484210901816275,0.9621482487803663,1.0034201560483211,8.379099751187514,0.3704884371072979,0.2522053833974214,0.5363040036190907,0.2114906129834879
v2vol,100,0.0,60,0.96,60,0.0,20,0.7,,,True,sym,5,0.95,,10,,,10,,,14,,True,fixed,,1.0,0.0,0.85,1.0,0.17393532201843365,-0.31451978880198017,0.8240256514257621,0.5530186913865134,0.29540814663834536,-0.27580103521891386,0.9637611566331988,1.0710915077018062,0.22118208053737698,-0.31451978880198017,0.8880540727799375,0.7032374063961742,12.369147251752997,0.24495277301253895,0.2522053833974214,0.283872427052703,0.4639221895498756
v2vol,100,0.0,60,0.96,60,0.0,20,0.7,,,True,sym,5,0.95,,10,,,10,,,14,,True,fixed,,1.0,0.0,1.0,1.0,0.18840633788848926,-0.36217934593231227,0.8044365528015566,0.5202017729738253,0.3210444034756892,-0.31639288334518023,0.9507877615990007,1.0147017217370031,0.2401941458329948,-0.36217934593231227,0.8719350452050366,0.6631911745676539,12.369147251752997,0.276925700036066,0.2522053833974214,0.283872427052703,0.4639221895498756
v2vol,100,0.0,60,0.96,60,0.0,20,0.7,,,True,sym,5,0.95,,10,,,10,,,14,75.0,False,fixed,,1.0,0.0,0.85,1.0,0.27485856307546697,-0.3072891112884687,0.976943785369474,0.8944624231004481,0.38977985691317785,-0.27351063400154896,1.0514493313542028,1.4250994603411669,0.32015419866011596,-0.3072891112884687,1.012197193768385,1.0418663951927998,9.17710925130061,0.30963886333017465,0.2522053833974214,0.5102917891879665,0.23750282741461207
v2vol,100,0.0,60,0.96,60,0.0,20,0.7,,,True,sym,5,0.95,,10,,,10,,,14,75.0,False,fixed,,1.0,0.0,1.0,1.0,0.3159607111954077,-0.3495951300613399,0.978707512778948,0.9037903678462834,0.4418246287633445,-0.32197721047907757,1.0536245054017994,1.372223295263485,0.36589862156612885,-0.3495951300613399,1.0144395554699674,1.0466353507325126,9.17710925130061,0.35891931504207575,0.2522053833974214,0.5102917891879665,0.23750282741461207
v2vol,100,0.0,60,0.96,60,0.0,20,0.7,,,True,sym,5,0.95,,10,,,10,,,14,75.0,True,fixed,,1.0,0.0,0.85,1.0,0.17227127932062358,-0.31451978880198195,0.8380199244858556,0.5477279505267747,0.32200128226442404,-0.2434767525922843,1.10357546069181,1.322513459030865,0.2294035234236269,-0.31451978880198195,0.9560779563352662,0.7293770744837195,11.5711377516399,0.23096336019372665,0.2522053833974214,0.24836009952499435,0.49943451707758424
v2vol,100,0.0,60,0.96,60,0.0,20,0.7,,,True,sym,5,0.95,,10,,,10,,,14,75.0,True,fixed,,1.0,0.0,1.0,1.0,0.1861451896860864,-0.36217934593231194,0.8180802931394566,0.5139586002810753,0.35695855094277285,-0.2548303322832859,1.1104053467805655,1.4007694756915932,0.25120195667716505,-0.36217934593231194,0.9475782197350286,0.6935844340613295,11.5711377516399,0.25887058848287986,0.2522053833974214,0.24836009952499435,0.49943451707758424
v2vol,100,0.0,60,0.96,60,0.0,20,0.7,,,True,sym,5,0.95,,10,,,10,,,14,85.0,False,fixed,,1.0,0.0,0.85,1.0,0.2741495619325258,-0.3072891112884688,0.9615788893244057,0.8921551459568865,0.3586903761366893,-0.27580103521891386,0.9610505831775493,1.3005403545783756,0.308578149410325,-0.3072891112884688,0.9645839722609,1.004194870805709,8.379099751187514,0.31888686854951936,0.2522053833974214,0.5363040036190907,0.2114906129834879
v2vol,100,0.0,60,0.96,60,0.0,20,0.7,,,True,sym,5,0.95,,10,,,10,,,14,85.0,False,fixed,,1.0,0.0,1.0,1.0,0.3143520237421673,-0.3484210901816275,0.9617379155241659,0.9022187020260444,0.39916704765106203,-0.32197721047907757,0.9541386526424096,1.2397369585789375,0.3496127446805748,-0.3484210901816275,0.9621482487803663,1.0034201560483211,8.379099751187514,0.3704884371072979,0.2522053833974214,0.5363040036190907,0.2114906129834879
v2vol,100,0.0,60,0.96,60,0.0,20,0.7,,,True,sym,5,0.95,,10,,,10,,,14,85.0,True,fixed,,1.0,0.0,0.85,1.0,0.17393532201843365,-0.31451978880198017,0.8240256514257621,0.5530186913865134,0.29540814663834536,-0.27580103521891386,0.9637611566331988,1.0710915077018062,0.22118208053737698,-0.31451978880198017,0.8880540727799375,0.7032374063961742,12.369147251752997,0.24495277301253895,0.2522053833974214,0.283872427052703,0.4639221895498756
v2vol,100,0.0,60,0.96,60,0.0,20,0.7,,,True,sym,5,0.95,,10,,,10,,,14,85.0,True,fixed,,1.0,0.0,1.0,1.0,0.18840633788848926,-0.36217934593231227,0.8044365528015566,0.5202017729738253,0.3210444034756892,-0.31639288334518023,0.9507877615990007,1.0147017217370031,0.2401941458329948,-0.36217934593231227,0.8719350452050366,0.6631911745676539,12.369147251752997,0.276925700036066,0.2522053833974214,0.283872427052703,0.4639221895498756
v2vol,100,0.0,60,0.96,60,0.0,20,0.7,,,True,sym,5,0.95,,10,,,10,,0.15,14,,False,fixed,,1.0,0.0,0.85,1.0,0.19568690901001728,-0.312430963588886,0.7726765684788905,0.6263364769041041,0.447594817123679,-0.27306537400193953,1.2111953626587628,1.6391489355237687,0.28768454788153286,-0.312430963588886,0.9597823046885701,0.920793971816712,9.120108572721103,0.2964293054633833,0.3734449219633567,0.4632436100429767,0.16331146799366658
v2vol,100,0.0,60,0.96,60,0.0,20,0.7,,,True,sym,5,0.95,,10,,,10,,0.15,14,,False,fixed,,1.0,0.0,1.0,1.0,0.21882859119756315,-0.36140950540962336,0.765446170790291,0.6054865406750763,0.5101208251081062,-0.3166477716339211,1.2034756975430716,1.6110039949937205,0.32459808732365425,-0.36140950540962336,0.952258451240993,0.8981448535941332,9.120108572721103,0.3449583061774,0.3734449219633567,0.4632436100429767,0.16331146799366658
v2vol,100,0.0,60,0.96,60,0.0,20,0.7,,,True,sym,5,0.95,,10,,,10,,0.15,14,,True,fixed,,1.0,0.0,0.85,1.0,0.1590673511855598,-0.32797578683812545,0.7041040994662126,0.4849972393360505,0.36958265921333733,-0.2730653740019394,1.1349452498442572,1.3534585282523313,0.23696120058309345,-0.32797578683812545,0.8883181396495113,0.7224960198054107,11.115132323003845,0.265152026228133,0.37186156978059265,0.3576114001357159,0.2705270300836915
v2vol,100,0.0,60,0.96,60,0.0,20,0.7,,,True,sym,5,0.95,,10,,,10,,0.15,14,,True,fixed,,1.0,0.0,1.0,1.0,0.17304902944997314,-0.3794979541153871,0.6874462407230532,0.45599463073088725,0.41136410843206517,-0.3166477716339211,1.118536408316821,1.299122069640352,0.2609326790398463,-0.3794979541153871,0.8715875774204263,0.6875733484468514,11.115132323003845,0.30571824714182355,0.37186156978059265,0.3576114001357159,0.2705270300836915
v2vol,100,0.0,60,0.96,60,0.0,20,0.7,,,True,sym,5,0.95,,10,,,10,,0.15,14,75.0,False,fixed,,1.0,0.0,0.85,1.0,0.20365083471566736,-0.312430963588886,0.8234981960522887,0.6518266703669052,0.4599528130497632,-0.2274641430541089,1.290974576230737,2.022089314272053,0.29716410275517346,-0.312430963588886,1.0221928561708393,0.9511352503018826,9.405111965618637,0.28107637869777163,0.3734449219633567,0.4234336123049084,0.2031214657317349
v2vol,100,0.0,60,0.96,60,0.0,20,0.7,,,True,sym,5,0.95,,10,,,10,,0.15,14,75.0,False,fixed,,1.0,0.0,1.0,1.0,0.2301017837629511,-0.36140950540962336,0.8201888435051905,0.6366788374925352,0.5280720108827803,-0.26459962592984254,1.2892500553949011,1.995739823996563,0.3381550254642536,-0.36140950540962336,1.0193494630184994,0.9356561473970835,9.405111965618637,0.3257683321752708,0.3734449219633567,0.4234336123049084,0.2031214657317349
v2vol,100,0.0,60,0.96,60,0.0,20,0.7,,,True,sym,5,0.95,,10,,,10,,0.15,14,75.0,True,fixed,,1.0,0.0,0.85,1.0,0.15677658030196295,-0.3279757868381251,0.7140282980484609,0.4780126661586186,0.3602163979002704,-0.2076680129339128,1.184372568669758,1.7345781510169493,0.23226420895167443,-0.3279757868381251,0.9111148288076586,0.7081748661717828,10.773128251526803,0.24993349279365934,0.3716353766116263,0.31621805021488353,0.31214657317349015
v2vol,100,0.0,60,0.96,60,0.0,20,0.7,,,True,sym,5,0.95,,10,,,10,,0.15,14,75.0,True,fixed,,1.0,0.0,1.0,1.0,0.1701907472481412,-0.37949795411538734,0.696026503921621,0.4484628847205702,0.4026200240110722,-0.2156086039284022,1.1765957311228663,1.8673652937559555,0.2560860137916505,-0.37949795411538734,0.8963285451836492,0.6748020931722517,10.773128251526803,0.28643073601016594,0.3716353766116263,0.31621805021488353,0.31214657317349015
v2vol,100,0.0,60,0.96,60,0.0,20,0.7,,,True,sym,5,0.95,,10,,,10,,0.15,14,85.0,False,fixed,,1.0,0.0,0.85,1.0,0.19568690901001728,-0.312430963588886,0.7726765684788905,0.6263364769041041,0.447594817123679,-0.27306537400193953,1.2111953626587628,1.6391489355237687,0.28768454788153286,-0.312430963588886,0.9597823046885701,0.920793971816712,9.120108572721103,0.2964293054633833,0.3734449219633567,0.4632436100429767,0.16331146799366658
v2vol,100,0.0,60,0.96,60,0.0,20,0.7,,,True,sym,5,0.95,,10,,,10,,0.15,14,85.0,False,fixed,,1.0,0.0,1.0,1.0,0.21882859119756315,-0.36140950540962336,0.765446170790291,0.6054865406750763,0.5101208251081062,-0.3166477716339211,1.2034756975430716,1.6110039949937205,0.32459808732365425,-0.36140950540962336,0.952258451240993,0.8981448535941332,9.120108572721103,0.3449583061774,0.3734449219633567,0.4632436100429767,0.16331146799366658
v2vol,100,0.0,60,0.96,60,0.0,20,0.7,,,True,sym,5,0.95,,10,,,10,,0.15,14,85.0,True,fixed,,1.0,0.0,0.85,1.0,0.1590673511855598,-0.32797578683812545,0.7041040994662126,0.4849972393360505,0.36958265921333733,-0.2730653740019394,1.1349452498442572,1.3534585282523313,0.23696120058309345,-0.32797578683812545,0.8883181396495113,0.7224960198054107,11.115132323003845,0.265152026228133,0.37186156978059265,0.3576114001357159,0.2705270300836915
v2vol,100,0.0,60,0.96,60,0.0,20,0.7,,,True,sym,5,0.95,,10,,,10,,0.15,14,85.0,True,fixed,,1.0,0.0,1.0,1.0,0.17304902944997314,-0.3794979541153871,0.6874462407230532,0.45599463073088725,0.41136410843206517,-0.3166477716339211,1.118536408316821,1.299122069640352,0.2609326790398463,-0.3794979541153871,0.8715875774204263,0.6875733484468514,11.115132323003845,0.30571824714182355,0.37186156978059265,0.3576114001357159,0.2705270300836915
v2vol,100,0.0,60,0.96,60,0.0,20,0.7,,,True,sym,5,0.95,,10,,,10,,0.25,14,,False,fixed,,1.0,0.0,0.85,1.0,0.1106357421316071,-0.25734630275721315,0.5841124614736759,0.4299099732393808,0.18000664399352972,-0.3122702116254962,0.6247584813202206,0.5764451340283799,0.1390883752320775,-0.31227021162549706,0.6056521408719208,0.44541032110640444,10.944130287265324,0.24362056040229033,0.5471612757294729,0.32119429993214205,0.13164442433838497
v2vol,100,0.0,60,0.96,60,0.0,20,0.7,,,True,sym,5,0.95,,10,,,10,,0.25,14,,False,fixed,,1.0,0.0,1.0,1.0,0.11856769654810706,-0.2977552356020946,0.5645260474535722,0.39820524501727006,0.198122366947296,-0.3647813116940102,0.6271552118666047,0.5431264173793179,0.15123020698848633,-0.3647813116940083,0.5961235274955972,0.4145777268199081,10.944130287265324,0.2828102319824475,0.5471612757294729,0.32119429993214205,0.13164442433838497
v2vol,100,0.0,60,0.96,60,0.0,20,0.7,,,True,sym,5,0.95,,10,,,10,,0.25,14,,True,fixed,,1.0,0.0,0.85,1.0,0.10007304985769161,-0.2573908030954226,0.5539057973361632,0.38879807924058374,0.17369916039499844,-0.3122702116254962,0.6142467521027498,0.5562463338748264,0.13002672044326768,-0.31227021162549673,0.584309592028232,0.41639168771950535,11.457136394480885,0.23553412065332405,0.5442207645329111,0.2920153811354897,0.16376385433159918
v2vol,100,0.0,60,0.96,60,0.0,20,0.7,,,True,sym,5,0.95,,10,,,10,,0.25,14,,True,fixed,,1.0,0.0,1.0,1.0,0.10461108006900166,-0.29957395501204087,0.5269413159261563,0.34919951590850745,0.19139696127309302,-0.3647813116940102,0.6179431168632782,0.5246896020639421,0.1398141727933777,-0.36478131169400985,0.5715100509349268,0.38328217019697075,11.457136394480885,0.2725841648840388,0.5442207645329111,0.2920153811354897,0.16376385433159918
v2vol,100,0.0,60,0.96,60,0.0,20,0.7,,,True,sym,5,0.95,,10,,,10,,0.25,14,75.0,False,fixed,,1.0,0.0,0.85,1.0,0.11813231755590325,-0.2386478831432054,0.6658586228919027,0.49500676896855444,0.18205588701535924,-0.24777559178277653,0.6707508638863663,0.7347611833169049,0.14463854402906873,-0.24777559178277742,0.6713408745872946,0.5837481528683908,11.115132323003845,0.21811721974861698,0.5530422981225966,0.2660031667043655,0.18095453517303778
v2vol,100,0.0,60,0.96,60,0.0,20,0.7,,,True,sym,5,0.95,,10,,,10,,0.25,14,75.0,False,fixed,,1.0,0.0,1.0,1.0,0.12863681973431595,-0.2777353104771598,0.649671414395053,0.46316336051513585,0.20301730535524487,-0.29675039994703534,0.6778920960011027,0.6841349005476651,0.1594739369928999,-0.29675039994703467,0.6657928918983619,0.5374009168020112,11.115132323003845,0.2509077870212012,0.5530422981225966,0.2660031667043655,0.18095453517303778
v2vol,100,0.0,60,0.96,60,0.0,20,0.7,,,True,sym,5,0.95,,10,,,10,,0.25,14,75.0,True,fixed,,1.0,0.0,0.85,1.0,0.11729920801521398,-0.2339266349931569,0.6686662424214055,0.5014358797519801,0.16165808685636174,-0.26931629955322045,0.6161222231508721,0.6002536316017366,0.13668241951791527,-0.26931629955322034,0.650139577989447,0.5075163283643183,11.40013571590138,0.2126759156004974,0.5507803664329337,0.24066953178014025,0.20855010178692604
v2vol,100,0.0,60,0.96,60,0.0,20,0.7,,,True,sym,5,0.95,,10,,,10,,0.25,14,75.0,True,fixed,,1.0,0.0,1.0,1.0,0.12701122096751516,-0.2678289681287471,0.6500419716607319,0.47422510662274603,0.17961412514904884,-0.31021016574879834,0.6249372194914042,0.5790078629934281,0.14995013470818375,-0.31021016574879867,0.6439813084912929,0.48338240091593276,11.40013571590138,0.24385387287787444,0.5507803664329337,0.24066953178014025,0.20855010178692604
v2vol,100,0.0,60,0.96,60,0.0,20,0.7,,,True,sym,5,0.95,,10,,,10,,0.25,14,85.0,False,fixed,,1.0,0.0,0.85,1.0,0.1106357421316071,-0.25734630275721315,0.5841124614736759,0.4299099732393808,0.18000664399352972,-0.3122702116254962,0.6247584813202206,0.5764451340283799,0.1390883752320775,-0.31227021162549706,0.6056521408719208,0.44541032110640444,10.944130287265324,0.24362056040229033,0.5471612757294729,0.32119429993214205,0.13164442433838497
v2vol,100,0.0,60,0.96,60,0.0,20,0.7,,,True,sym,5,0.95,,10,,,10,,0.25,14,85.0,False,fixed,,1.0,0.0,1.0,1.0,0.11856769654810706,-0.2977552356020946,0.5645260474535722,0.39820524501727006,0.198122366947296,-0.3647813116940102,0.6271552118666047,0.5431264173793179,0.15123020698848633,-0.3647813116940083,0.5961235274955972,0.4145777268199081,10.944130287265324,0.2828102319824475,0.5471612757294729,0.32119429993214205,0.13164442433838497
v2vol,100,0.0,60,0.96,60,0.0,20,0.7,,,True,sym,5,0.95,,10,,,10,,0.25,14,85.0,True,fixed,,1.0,0.0,0.85,1.0,0.10007304985769161,-0.2573908030954226,0.5539057973361632,0.38879807924058374,0.17369916039499844,-0.3122702116254962,0.6142467521027498,0.5562463338748264,0.13002672044326768,-0.31227021162549673,0.584309592028232,0.41639168771950535,11.457136394480885,0.23553412065332405,0.5442207645329111,0.2920153811354897,0.16376385433159918
v2vol,100,0.0,60,0.96,60,0.0,20,0.7,,,True,sym,5,0.95,,10,,,10,,0.25,14,85.0,True,fixed,,1.0,0.0,1.0,1.0,0.10461108006900166,-0.29957395501204087,0.5269413159261563,0.34919951590850745,0.19139696127309302,-0.3647813116940102,0.6179431168632782,0.5246896020639421,0.1398141727933777,-0.36478131169400985,0.5715100509349268,0.38328217019697075,11.457136394480885,0.2725841648840388,0.5442207645329111,0.2920153811354897,0.16376385433159918
v2vol,100,0.0,60,0.96,60,0.0,20,0.7,,,True,sym,5,0.95,,10,,,10,0.2,,14,,False,fixed,,1.0,0.0,0.85,1.0,0.17785847460368442,-0.33871827381782715,0.764512785744172,0.5250926458704795,0.3203725644384501,-0.27641257234473793,0.9850530053869986,1.1590375999210552,0.232500681039443,-0.33871827381782715,0.8625157367950227,0.6864131610581153,10.260122144311241,0.270570682407423,0.2522053833974214,0.35421850260122145,0.39357611400135717
v2vol,100,0.0,60,0.96,60,0.0,20,0.7,,,True,sym,5,0.95,,10,,,10,0.2,,14,,False,fixed,,1.0,0.0,1.0,1.0,0.1915768871079131,-0.36957859085481504,0.7405380832697926,0.5183657599451479,0.3527065414329602,-0.3443101911052251,0.9760788531185459,1.0243860058303331,0.25331466266873015,-0.36957859085481504,0.8449153734571148,0.6854148723356167,10.260122144311241,0.3096317244495348,0.2522053833974214,0.35421850260122145,0.39357611400135717
v2vol,100,0.0,60,0.96,60,0.0,20,0.7,,,True,sym,5,0.95,,10,,,10,0.2,,14,,True,fixed,,1.0,0.0,0.85,1.0,0.15985499202789222,-0.2952359450102914,0.8302360402986939,0.5414482712202269,0.2784184288210503,-0.27580103521891386,0.9384748465266961,1.009490151478434,0.2060229431835907,-0.2952359450102914,0.8787100462316293,0.6978247285451951,11.514137073060393,0.2290061832182363,0.2522053833974214,0.23139561185252205,0.5163990047500565
v2vol,100,0.0,60,0.96,60,0.0,20,0.7,,,True,sym,5,0.95,,10,,,10,0.2,,14,,True,fixed,,1.0,0.0,1.0,1.0,0.17075510792052895,-0.31630745707145735,0.8086689334606582,0.5398390208737743,0.2991539055344965,-0.31639288334518023,0.9209959115926972,0.945514015269818,0.22097675766985336,-0.31639288334518034,0.8595043822730125,0.6984251836940678,11.514137073060393,0.25630755054728643,0.2522053833974214,0.23139561185252205,0.5163990047500565
v2vol,100,0.0,60,0.96,60,0.0,20,0.7,,,True,sym,5,0.95,,10,,,10,0.2,,14,75.0,False,fixed,,1.0,0.0,0.85,1.0,0.17164520436708397,-0.3387182738178256,0.7769998681211968,0.5067491707264684,0.334454273827933,-0.232649687179587,1.0670714438983022,1.4375874641506008,0.2333082505724673,-0.3387182738178256,0.90447188497242,0.6887973534547136,10.374123501470255,0.25377800287659946,0.2522053833974214,0.31124180049762495,0.4365528161049536
v2vol,100,0.0,60,0.96,60,0.0,20,0.7,,,True,sym,5,0.95,,10,,,10,0.2,,14,75.0,False,fixed,,1.0,0.0,1.0,1.0,0.1838962618823785,-0.36957859085481426,0.7506753228885416,0.49758364373065256,0.3724595858152355,-0.2461660569007208,1.0683453881253016,1.5130420111715448,0.25503491592328964,-0.36957859085481426,0.8896067648385204,0.6900695068223741,10.374123501470255,0.2882653179388497,0.2522053833974214,0.31124180049762495,0.4365528161049536
v2vol,100,0.0,60,0.96,60,0.0,20,0.7,,,True,sym,5,0.95,,10,,,10,0.2,,14,75.0,True,fixed,,1.0,0.0,0.85,1.0,0.15702430602163564,-0.2952359450102908,0.8447444655752248,0.5318603939508868,0.30466278644126477,-0.21995091542733802,1.0848029856157178,1.3851398883671016,0.21336336803103717,-0.2952359450102908,0.9530152608619541,0.7226876389445063,10.716127572947297,0.2139135352088323,0.2522053833974214,0.1945261253110156,0.553268491291563
v2vol,100,0.0,60,0.96,60,0.0,20,0.7,,,True,sym,5,0.95,,10,,,10,0.2,,14,75.0,True,fixed,,1.0,0.0,1.0,1.0,0.1669686959478347,-0.3163074570714579,0.8232435278424428,0.5278683515517446,0.3344729340418242,-0.22007512995001266,1.089377577416441,1.5198125027475644,0.23078488220648108,-0.3163074570714579,0.9437007074631465,0.7296220087354558,10.716127572947297,0.2366019836232402,0.2522053833974214,0.1945261253110156,0.553268491291563
v2vol,100,0.0,60,0.96,60,0.0,20,0.7,,,True,sym,5,0.95,,10,,,10,0.2,,14,85.0,False,fixed,,1.0,0.0,0.85,1.0,0.17785847460368442,-0.33871827381782715,0.764512785744172,0.5250926458704795,0.3203725644384501,-0.27641257234473793,0.9850530053869986,1.1590375999210552,0.232500681039443,-0.33871827381782715,0.8625157367950227,0.6864131610581153,10.260122144311241,0.270570682407423,0.2522053833974214,0.35421850260122145,0.39357611400135717
v2vol,100,0.0,60,0.96,60,0.0,20,0.7,,,True,sym,5,0.95,,10,,,10,0.2,,14,85.0,False,fixed,,1.0,0.0,1.0,1.0,0.1915768871079131,-0.36957859085481504,0.7405380832697926,0.5183657599451479,0.3527065414329602,-0.3443101911052251,0.9760788531185459,1.0243860058303331,0.25331466266873015,-0.36957859085481504,0.8449153734571148,0.6854148723356167,10.260122144311241,0.3096317244495348,0.2522053833974214,0.35421850260122145,0.39357611400135717
v2vol,100,0.0,60,0.96,60,0.0,20,0.7,,,True,sym,5,0.95,,10,,,10,0.2,,14,85.0,True,fixed,,1.0,0.0,0.85,1.0,0.15985499202789222,-0.2952359450102914,0.8302360402986939,0.5414482712202269,0.2784184288210503,-0.27580103521891386,0.9384748465266961,1.009490151478434,0.2060229431835907,-0.2952359450102914,0.8787100462316293,0.6978247285451951,11.514137073060393,0.2290061832182363,0.2522053833974214,0.23139561185252205,0.5163990047500565
v2vol,100,0.0,60,0.96,60,0.0,20,0.7,,,True,sym,5,0.95,,10,,,10,0.2,,14,85.0,True,fixed,,1.0,0.0,1.0,1.0,0.17075510792052895,-0.31630745707145735,0.8086689334606582,0.5398390208737743,0.2991539055344965,-0.31639288334518023,0.9209959115926972,0.945514015269818,0.22097675766985336,-0.31639288334518034,0.8595043822730125,0.6984251836940678,11.514137073060393,0.25630755054728643,0.2522053833974214,0.23139561185252205,0.5163990047500565
v2vol,100,0.0,60,0.96,60,0.0,20,0.7,,,True,sym,5,0.95,,10,,,10,0.2,0.15,14,,False,fixed,,1.0,0.0,0.85,1.0,0.1573562013226737,-0.312430963588886,0.6705416769898654,0.5036511090806343,0.43604026434289533,-0.27306537400193953,1.1948045862494068,1.5968346991508275,0.2579070406438775,-0.312430963588886,0.8964071016347719,0.8254848933066886,9.120108572721103,0.28880024651002034,0.3890522506220312,0.4284098620221669,0.18253788735580184
v2vol,100,0.0,60,0.96,60,0.0,20,0.7,,,True,sym,5,0.95,,10,,,10,0.2,0.15,14,,False,fixed,,1.0,0.0,1.0,1.0,0.1707600835686338,-0.36140950540962324,0.6545703489706657,0.472483653619164,0.49497595326839483,-0.3166477716339211,1.185054954359119,1.5631752300491168,0.2867862714483358,-0.36140950540962324,0.8830945920670122,0.7935216621469069,9.120108572721103,0.3355798617853947,0.3890522506220312,0.4284098620221669,0.18253788735580184
v2vol,100,0.0,60,0.96,60,0.0,20,0.7,,,True,sym,5,0.95,,10,,,10,0.2,0.15,14,,True,fixed,,1.0,0.0,0.85,1.0,0.14845936160050832,-0.28911262014796557,0.6911034121435573,0.5135001077591423,0.367745640888826,-0.2730653740019394,1.1317425185317909,1.3467311343774189,0.22924393966634482,-0.28911262014796557,0.8831956789467938,0.7929226318415972,11.001130965844832,0.2572432579113115,0.38656412576340193,0.32888486767699615,0.2845510065596019
v2vol,100,0.0,60,0.96,60,0.0,20,0.7,,,True,sym,5,0.95,,10,,,10,0.2,0.15,14,,True,fixed,,1.0,0.0,1.0,1.0,0.16071852679886645,-0.33305877391510286,0.6732254438216021,0.4825530488496719,0.4089735375467505,-0.3166477716339211,1.1149147208556016,1.2915724479487822,0.25182403119387686,-0.33305877391510286,0.8659630210554687,0.7560948724865815,11.001130965844832,0.29587634757156106,0.38656412576340193,0.32888486767699615,0.2845510065596019
v2vol,100,0.0,60,0.96,60,0.0,20,0.7,,,True,sym,5,0.95,,10,,,10,0.2,0.15,14,75.0,False,fixed,,1.0,0.0,0.85,1.0,0.16171387005877857,-0.312430963588886,0.7133316151330303,0.5175987302960492,0.4482996200179217,-0.2274641430541089,1.275157830760981,1.9708584131050524,0.2648842469882944,-0.312430963588886,0.9557358324909115,0.8478168871150805,9.348111287039131,0.27149235904203634,0.3890522506220312,0.3811354897082108,0.22981225966975796
v2vol,100,0.0,60,0.96,60,0.0,20,0.7,,,True,sym,5,0.95,,10,,,10,0.2,0.15,14,75.0,False,fixed,,1.0,0.0,1.0,1.0,0.1768380887295613,-0.36140950540962324,0.69824713218882,0.4893011558429604,0.5127471081452699,-0.26459962592984254,1.271449877163589,1.9378224982117798,0.2966814311962569,-0.36140950540962324,0.9455193474048744,0.8209010188041312,9.348111287039131,0.3139193846740743,0.3890522506220312,0.3811354897082108,0.22981225966975796
v2vol,100,0.0,60,0.96,60,0.0,20,0.7,,,True,sym,5,0.95,,10,,,10,0.2,0.15,14,75.0,True,fixed,,1.0,0.0,0.85,1.0,0.1461895562575679,-0.28911262014796557,0.7028244247730473,0.5056491694577333,0.3583919425222526,-0.2076680129339128,1.1811696232080615,1.7257927085588545,0.22457625203405418,-0.28911262014796557,0.9082879754493313,0.7767777550461747,10.65912689436779,0.24152583669583821,0.38633793259443566,0.2874915177561638,0.32617054964940057
v2vol,100,0.0,60,0.96,60,0.0,20,0.7,,,True,sym,5,0.95,,10,,,10,0.2,0.15,14,75.0,True,fixed,,1.0,0.0,1.0,1.0,0.1578902894249854,-0.33305877391510286,0.6837245782352429,0.4740613422939936,0.40024426387056056,-0.21560860392840153,1.1729722049835543,1.8563464378419339,0.2470123769876713,-0.33305877391510286,0.8934169629370294,0.7416480103017347,10.65912689436779,0.27590024031382543,0.38633793259443566,0.2874915177561638,0.32617054964940057
v2vol,100,0.0,60,0.96,60,0.0,20,0.7,,,True,sym,5,0.95,,10,,,10,0.2,0.15,14,85.0,False,fixed,,1.0,0.0,0.85,1.0,0.1573562013226737,-0.312430963588886,0.6705416769898654,0.5036511090806343,0.43604026434289533,-0.27306537400193953,1.1948045862494068,1.5968346991508275,0.2579070406438775,-0.312430963588886,0.8964071016347719,0.8254848933066886,9.120108572721103,0.28880024651002034,0.3890522506220312,0.4284098620221669,0.18253788735580184
v2vol,100,0.0,60,0.96,60,0.0,20,0.7,,,True,sym,5,0.95,,10,,,10,0.2,0.15,14,85.0,False,fixed,,1.0,0.0,1.0,1.0,0.1707600835686338,-0.36140950540962324,0.6545703489706657,0.472483653619164,0.49497595326839483,-0.3166477716339211,1.185054954359119,1.5631752300491168,0.2867862714483358,-0.36140950540962324,0.8830945920670122,0.7935216621469069,9.120108572721103,0.3355798617853947,0.3890522506220312,0.4284098620221669,0.18253788735580184
v2vol,100,0.0,60,0.96,60,0.0,20,0.7,,,True,sym,5,0.95,,10,,,10,0.2,0.15,14,85.0,True,fixed,,1.0,0.0,0.85,1.0,0.14845936160050832,-0.28911262014796557,0.6911034121435573,0.5135001077591423,0.367745640888826,-0.2730653740019394,1.1317425185317909,1.3467311343774189,0.22924393966634482,-0.28911262014796557,0.8831956789467938,0.7929226318415972,11.001130965844832,0.2572432579113115,0.38656412576340193,0.32888486767699615,0.2845510065596019
v2vol,100,0.0,60,0.96,60,0.0,20,0.7,,,True,sym,5,0.95,,10,,,10,0.2,0.15,14,85.0,True,fixed,,1.0,0.0,1.0,1.0,0.16071852679886645,-0.33305877391510286,0.6732254438216021,0.4825530488496719,0.4089735375467505,-0.3166477716339211,1.1149147208556016,1.2915724479487822,0.25182403119387686,-0.33305877391510286,0.8659630210554687,0.7560948724865815,11.001130965844832,0.29587634757156106,0.38656412576340193,0.32888486767699615,0.2845510065596019
v2vol,100,0.0,60,0.96,60,0.0,20,0.7,,,True,sym,5,0.95,,10,,,10,0.2,0.25,14,,False,fixed,,1.0,0.0,0.85,1.0,0.1106357421316071,-0.25734630275721315,0.5841124614736759,0.4299099732393808,0.18000664399352972,-0.3122702116254962,0.6247584813202206,0.5764451340283799,0.1390883752320775,-0.31227021162549706,0.6056521408719208,0.44541032110640444,10.944130287265324,0.24362056040229033,0.5471612757294729,0.32119429993214205,0.13164442433838497
v2vol,100,0.0,60,0.96,60,0.0,20,0.7,,,True,sym,5,0.95,,10,,,10,0.2,0.25,14,,False,fixed,,1.0,0.0,1.0,1.0,0.11856769654810706,-0.2977552356020946,0.5645260474535722,0.39820524501727006,0.198122366947296,-0.3647813116940102,0.6271552118666047,0.5431264173793179,0.15123020698848633,-0.3647813116940083,0.5961235274955972,0.4145777268199081,10.944130287265324,0.2828102319824475,0.5471612757294729,0.32119429993214205,0.13164442433838497
v2vol,100,0.0,60,0.96,60,0.0,20,0.7,,,True,sym,5,0.95,,10,,,10,0.2,0.25,14,,True,fixed,,1.0,0.0,0.85,1.0,0.10007304985769161,-0.2573908030954226,0.5539057973361632,0.38879807924058374,0.17369916039499844,-0.3122702116254962,0.6142467521027498,0.5562463338748264,0.13002672044326768,-0.31227021162549673,0.584309592028232,0.41639168771950535,11.457136394480885,0.23553412065332405,0.5442207645329111,0.2920153811354897,0.16376385433159918
v2vol,100,0.0,60,0.96,60,0.0,20,0.7,,,True,sym,5,0.95,,10,,,10,0.2,0.25,14,,True,fixed,,1.0,0.0,1.0,1.0,0.10461108006900166,-0.29957395501204087,0.5269413159261563,0.34919951590850745,0.19139696127309302,-0.3647813116940102,0.6179431168632782,0.5246896020639421,0.1398141727933777,-0.36478131169400985,0.5715100509349268,0.38328217019697075,11.457136394480885,0.2725841648840388,0.5442207645329111,0.2920153811354897,0.16376385433159918
v2vol,100,0.0,60,0.96,60,0.0,20,0.7,,,True,sym,5,0.95,,10,,,10,0.2,0.25,14,75.0,False,fixed,,1.0,0.0,0.85,1.0,0.11813231755590325,-0.2386478831432054,0.6658586228919027,0.49500676896855444,0.18205588701535924,-0.24777559178277653,0.6707508638863663,0.7347611833169049,0.14463854402906873,-0.24777559178277742,0.6713408745872946,0.5837481528683908,11.115132323003845,0.21811721974861698,0.5530422981225966,0.2660031667043655,0.18095453517303778
v2vol,100,0.0,60,0.96,60,0.0,20,0.7,,,True,sym,5,0.95,,10,,,10,0.2,0.25,14,75.0,False,fixed,,1.0,0.0,1.0,1.0,0.12863681973431595,-0.2777353104771598,0.649671414395053,0.46316336051513585,0.20301730535524487,-0.29675039994703534,0.6778920960011027,0.6841349005476651,0.1594739369928999,-0.29675039994703467,0.6657928918983619,0.5374009168020112,11.115132323003845,0.2509077870212012,0.5530422981225966,0.2660031667043655,0.18095453517303778
v2vol,100,0.0,60,0.96,60,0.0,20,0.7,,,True,sym,5,0.95,,10,,,10,0.2,0.25,14,75.0,True,fixed,,1.0,0.0,0.85,1.0,0.11729920801521398,-0.2339266349931569,0.6686662424214055,0.5014358797519801,0.16165808685636174,-0.26931629955322045,0.6161222231508721,0.6002536316017366,0.13668241951791527,-0.26931629955322034,0.650139577989447,0.5075163283643183,11.40013571590138,0.2126759156004974,0.5507803664329337,0.24066953178014025,0.20855010178692604
v2vol,100,0.0,60,0.96,60,0.0,20,0.7,,,True,sym,5,0.95,,10,,,10,0.2,0.25,14,75.0,True,fixed,,1.0,0.0,1.0,1.0,0.12701122096751516,-0.2678289681287471,0.6500419716607319,0.47422510662274603,0.17961412514904884,-0.31021016574879834,0.6249372194914042,0.5790078629934281,0.14995013470818375,-0.31021016574879867,0.6439813084912929,0.48338240091593276,11.40013571590138,0.24385387287787444,0.5507803664329337,0.24066953178014025,0.20855010178692604
v2vol,100,0.0,60,0.96,60,0.0,20,0.7,,,True,sym,5,0.95,,10,,,10,0.2,0.25,14,85.0,False,fixed,,1.0,0.0,0.85,1.0,0.1106357421316071,-0.25734630275721315,0.5841124614736759,0.4299099732393808,0.18000664399352972,-0.3122702116254962,0.6247584813202206,0.5764451340283799,0.1390883752320775,-0.31227021162549706,0.6056521408719208,0.44541032110640444,10.944130287265324,0.24362056040229033,0.5471612757294729,0.32119429993214205,0.13164442433838497
v2vol,100,0.0,60,0.96,60,0.0,20,0.7,,,True,sym,5,0.95,,10,,,10,0.2,0.25,14,85.0,False,fixed,,1.0,0.0,1.0,1.0,0.11856769654810706,-0.2977552356020946,0.5645260474535722,0.39820524501727006,0.198122366947296,-0.3647813116940102,0.6271552118666047,0.5431264173793179,0.15123020698848633,-0.3647813116940083,0.5961235274955972,0.4145777268199081,10.944130287265324,0.2828102319824475,0.5471612757294729,0.32119429993214205,0.13164442433838497
v2vol,100,0.0,60,0.96,60,0.0,20,0.7,,,True,sym,5,0.95,,10,,,10,0.2,0.25,14,85.0,True,fixed,,1.0,0.0,0.85,1.0,0.10007304985769161,-0.2573908030954226,0.5539057973361632,0.38879807924058374,0.17369916039499844,-0.3122702116254962,0.6142467521027498,0.5562463338748264,0.13002672044326768,-0.31227021162549673,0.584309592028232,0.41639168771950535,11.457136394480885,0.23553412065332405,0.5442207645329111,0.2920153811354897,0.16376385433159918
v2vol,100,0.0,60,0.96,60,0.0,20,0.7,,,True,sym,5,0.95,,10,,,10,0.2,0.25,14,85.0,True,fixed,,1.0,0.0,1.0,1.0,0.10461108006900166,-0.29957395501204087,0.5269413159261563,0.34919951590850745,0.19139696127309302,-0.3647813116940102,0.6179431168632782,0.5246896020639421,0.1398141727933777,-0.36478131169400985,0.5715100509349268,0.38328217019697075,11.457136394480885,0.2725841648840388,0.5442207645329111,0.2920153811354897,0.16376385433159918
v2vol,100,0.0,60,0.96,60,0.0,20,0.7,,,True,sym,5,0.95,,10,,,10,0.3,,14,,False,fixed,,1.0,0.0,0.85,1.0,0.1605167245099577,-0.26322070775221984,0.8029778985250287,0.6098179960106273,0.2582236498825945,-0.27580103521891386,0.8753438332187099,0.9362678775938331,0.19929243321003742,-0.2758010352189141,0.8374208607557397,0.722594942589143,11.40013571590138,0.23537012982259675,0.2522053833974214,0.24587197466636507,0.5019226419362135
v2vol,100,0.0,60,0.96,60,0.0,20,0.7,,,True,sym,5,0.95,,10,,,10,0.3,,14,,False,fixed,,1.0,0.0,1.0,1.0,0.171038149832774,-0.29098289054544835,0.7775154512823238,0.5877945246614412,0.27263249244321197,-0.31639288334518023,0.8486793544228314,0.8616897117302532,0.21178034954094138,-0.31639288334518023,0.8121734832840993,0.6693587646530341,11.40013571590138,0.26458457122582746,0.2522053833974214,0.24587197466636507,0.5019226419362135
v2vol,100,0.0,60,0.96,60,0.0,20,0.7,,,True,sym,5,0.95,,10,,,10,0.3,,14,,True,fixed,,1.0,0.0,0.85,1.0,0.16692856345381069,-0.24678359943056827,0.9151178712566835,0.6764167628601895,0.24480339982035493,-0.27580103521891397,0.8576807643398988,0.8876087054062178,0.19862133832434425,-0.27580103521891397,0.8846364324200978,0.7201616852768185,11.058131644424337,0.21759680678229004,0.2522053833974214,0.19181180728342004,0.5559828093191586
v2vol,100,0.0,60,0.96,60,0.0,20,0.7,,,True,sym,5,0.95,,10,,,10,0.3,,14,,True,fixed,,1.0,0.0,1.0,1.0,0.17994089149555936,-0.25614967813823886,0.9050560197802159,0.7024833792625297,0.25542324415853224,-0.31639288334518045,0.8265938988426604,0.8072976909530195,0.21135794528013863,-0.3163928833451801,0.8641817824576381,0.6680237021941803,11.058131644424337,0.2414220640280325,0.2522053833974214,0.19181180728342004,0.5559828093191586
v2vol,100,0.0,60,0.96,60,0.0,20,0.7,,,True,sym,5,0.95,,10,,,10,0.3,,14,75.0,False,fixed,,1.0,0.0,0.85,1.0,0.17887939476029535,-0.26322070775221984,0.9348277173665736,0.6795794916283018,0.2605481610160856,-0.23264968717958445,0.9457854429148942,1.1199162318880147,0.21197471881099705,-0.26322070775221984,0.943052464839435,0.8053117120653642,10.716127572947297,0.2152486690577428,0.2522053833974214,0.20063334087310564,0.5471612757294729
v2vol,100,0.0,60,0.96,60,0.0,20,0.7,,,True,sym,5,0.95,,10,,,10,0.3,,14,75.0,False,fixed,,1.0,0.0,1.0,1.0,0.19485264510496636,-0.27637303596465956,0.9256713652738796,0.7050349337620715,0.27662206428854175,-0.24108241435190014,0.9272209759636032,1.1474170151820595,0.22858827405758642,-0.27637303596465956,0.9308137168001575,0.827100492129111,10.716127572947297,0.2384053537296714,0.2522053833974214,0.20063334087310564,0.5471612757294729
v2vol,100,0.0,60,0.96,60,0.0,20,0.7,,,True,sym,5,0.95,,10,,,10,0.3,,14,75.0,True,fixed,,1.0,0.0,0.85,1.0,0.17188134838081348,-0.2467835994305686,0.9727896769572081,0.696486106764852,0.26587346405030354,-0.21995091542733958,0.9907397709087497,1.208785439850258,0.2093699583760933,-0.2467835994305686,0.9807961068735123,0.8483949454469261,10.146120787152228,0.20191786554932242,0.2522053833974214,0.15629947975571137,0.5914951368468673
v2vol,100,0.0,60,0.96,60,0.0,20,0.7,,,True,sym,5,0.95,,10,,,10,0.3,,14,75.0,True,fixed,,1.0,0.0,1.0,1.0,0.18610618851864436,-0.2561496781382382,0.9714685881364544,0.726552498021126,0.28359334712525386,-0.22007512995001222,0.9788959534105139,1.2886206051073066,0.22544244971541771,-0.2561496781382382,0.9751225168955997,0.8801199804504596,10.146120787152228,0.2207471744086173,0.2522053833974214,0.15629947975571137,0.5914951368468673
v2vol,100,0.0,60,0.96,60,0.0,20,0.7,,,True,sym,5,0.95,,10,,,10,0.3,,14,85.0,False,fixed,,1.0,0.0,0.85,1.0,0.1605167245099577,-0.26322070775221984,0.8029778985250287,0.6098179960106273,0.2582236498825945,-0.27580103521891386,0.8753438332187099,0.9362678775938331,0.19929243321003742,-0.2758010352189141,0.8374208607557397,0.722594942589143,11.40013571590138,0.23537012982259675,0.2522053833974214,0.24587197466636507,0.5019226419362135
v2vol,100,0.0,60,0.96,60,0.0,20,0.7,,,True,sym,5,0.95,,10,,,10,0.3,,14,85.0,False,fixed,,1.0,0.0,1.0,1.0,0.171038149832774,-0.29098289054544835,0.7775154512823238,0.5877945246614412,0.27263249244321197,-0.31639288334518023,0.8486793544228314,0.8616897117302532,0.21178034954094138,-0.31639288334518023,0.8121734832840993,0.6693587646530341,11.40013571590138,0.26458457122582746,0.2522053833974214,0.24587197466636507,0.5019226419362135
v2vol,100,0.0,60,0.96,60,0.0,20,0.7,,,True,sym,5,0.95,,10,,,10,0.3,,14,85.0,True,fixed,,1.0,0.0,0.85,1.0,0.16692856345381069,-0.24678359943056827,0.9151178712566835,0.6764167628601895,0.24480339982035493,-0.27580103521891397,0.8576807643398988,0.8876087054062178,0.19862133832434425,-0.27580103521891397,0.8846364324200978,0.7201616852768185,11.058131644424337,0.21759680678229004,0.2522053833974214,0.19181180728342004,0.5559828093191586
v2vol,100,0.0,60,0.96,60,0.0,20,0.7,,,True,sym,5,0.95,,10,,,10,0.3,,14,85.0,True,fixed,,1.0,0.0,1.0,1.0,0.17994089149555936,-0.25614967813823886,0.9050560197802159,0.7024833792625297,0.25542324415853224,-0.31639288334518045,0.8265938988426604,0.8072976909530195,0.21135794528013863,-0.3163928833451801,0.8641817824576381,0.6680237021941803,11.058131644424337,0.2414220640280325,0.2522053833974214,0.19181180728342004,0.5559828093191586
v2vol,100,0.0,60,0.96,60,0.0,20,0.7,,,True,sym,5,0.95,,10,,,10,0.3,0.15,14,,False,fixed,,1.0,0.0,0.85,1.0,0.13667134751456933,-0.3058848156689349,0.6465538673522734,0.44680657722641387,0.37822968977194327,-0.2730653740019393,1.1591546740951584,1.3851250498324152,0.22482100790213044,-0.3058848156689349,0.8690740008172917,0.7349858390664891,9.405111965618637,0.2573027129647687,0.41936213526351507,0.3408731056322099,0.23976475910427505
v2vol,100,0.0,60,0.96,60,0.0,20,0.7,,,True,sym,5,0.95,,10,,,10,0.3,0.15,14,,False,fixed,,1.0,0.0,1.0,1.0,0.14685463279667466,-0.35399432294956235,0.6274840783899044,0.41485024836852746,0.4214805730561273,-0.31714447821754044,1.1412882043978994,1.3289860048170825,0.2465537019828512,-0.35399432294956235,0.8506139180324832,0.6964905536577787,9.405111965618637,0.2964853545679547,0.41936213526351507,0.3408731056322099,0.23976475910427505
v2vol,100,0.0,60,0.96,60,0.0,20,0.7,,,True,sym,5,0.95,,10,,,10,0.3,0.15,14,,True,fixed,,1.0,0.0,0.85,1.0,0.14187764392461855,-0.28452100169437833,0.7011728183705358,0.49865438080039565,0.34486983576367836,-0.2730653740019393,1.1178207880483393,1.262957037391453,0.21712856370817768,-0.28452100169437833,0.8847910576936509,0.763137211014774,10.65912689436779,0.24099042418888184,0.40171906808414387,0.2748247002940511,0.32345623162180503
v2vol,100,0.0,60,0.96,60,0.0,20,0.7,,,True,sym,5,0.95,,10,,,10,0.3,0.15,14,,True,fixed,,1.0,0.0,1.0,1.0,0.15273687642975942,-0.32798284924053445,0.6808872976726302,0.46568555881330853,0.3779888827346023,-0.31714447821754044,1.0930410641026274,1.1918507453102385,0.23610752874058427,-0.32798284924053445,0.8629751498248547,0.7198776682601135,10.65912689436779,0.2754801214539407,0.40171906808414387,0.2748247002940511,0.32345623162180503
v2vol,100,0.0,60,0.96,60,0.0,20,0.7,,,True,sym,5,0.95,,10,,,10,0.3,0.15,14,75.0,False,fixed,,1.0,0.0,0.85,1.0,0.14155685775104,-0.284521001694379,0.7008422183503995,0.49752692036103074,0.37752518075033237,-0.2076680129339149,1.2296940041921645,1.8179264847613783,0.2278796494383004,-0.284521001694379,0.9305096081851286,0.8009238266462999,9.348111287039131,0.23767508084582045,0.41936213526351507,0.28997964261479303,0.2906582221216919
v2vol,100,0.0,60,0.96,60,0.0,20,0.7,,,True,sym,5,0.95,,10,,,10,0.3,0.15,14,75.0,False,fixed,,1.0,0.0,1.0,1.0,0.15345301636732578,-0.32798284924053456,0.6837624139365787,0.46786902645262135,0.42177806409998264,-0.2156086039284011,1.2168313429284878,1.9562209318884414,0.25113717983853556,-0.32798284924053456,0.9153058411154501,0.7657021713789606,9.348111287039131,0.2716620175126738,0.41936213526351507,0.28997964261479303,0.2906582221216919
v2vol,100,0.0,60,0.96,60,0.0,20,0.7,,,True,sym,5,0.95,,10,,,10,0.3,0.15,14,75.0,True,fixed,,1.0,0.0,0.85,1.0,0.14327075635146902,-0.284521001694379,0.7324601072540314,0.5035507238420477,0.33567257977545073,-0.20766801293391268,1.175789387064911,1.6163903869117948,0.21493679956774603,-0.284521001694379,0.9252157181572536,0.755433863538209,10.317122822890749,0.2241843073515621,0.40149287491517754,0.23207419135942095,0.3664329337254015
v2vol,100,0.0,60,0.96,60,0.0,20,0.7,,,True,sym,5,0.95,,10,,,10,0.3,0.15,14,75.0,True,fixed,,1.0,0.0,1.0,1.0,0.154534599397675,-0.32798284924053456,0.712901979640836,0.4711667081236407,0.3694515740062345,-0.2156086039284001,1.1612970259979494,1.7135289004001113,0.23444235633603894,-0.32798284924053456,0.9077081146312591,0.7148006576530003,10.317122822890749,0.25396855024634996,0.40149287491517754,0.23207419135942095,0.3664329337254015
v2vol,100,0.0,60,0.96,60,0.0,20,0.7,,,True,sym,5,0.95,,10,,,10,0.3,0.15,14,85.0,False,fixed,,1.0,0.0,0.85,1.0,0.13667134751456933,-0.3058848156689349,0.6465538673522734,0.44680657722641387,0.37822968977194327,-0.2730653740019393,1.1591546740951584,1.3851250498324152,0.22482100790213044,-0.3058848156689349,0.8690740008172917,0.7349858390664891,9.405111965618637,0.2573027129647687,0.41936213526351507,0.3408731056322099,0.23976475910427505
v2vol,100,0.0,60,0.96,60,0.0,20,0.7,,,True,sym,5,0.95,,10,,,10,0.3,0.15,14,85.0,False,fixed,,1.0,0.0,1.0,1.0,0.14685463279667466,-0.35399432294956235,0.6274840783899044,0.41485024836852746,0.4214805730561273,-0.31714447821754044,1.1412882043978994,1.3289860048170825,0.2465537019828512,-0.35399432294956235,0.8506139180324832,0.6964905536577787,9.405111965618637,0.2964853545679547,0.41936213526351507,0.3408731056322099,0.23976475910427505
v2vol,100,0.0,60,0.96,60,0.0,20,0.7,,,True,sym,5,0.95,,10,,,10,0.3,0.15,14,85.0,True,fixed,,1.0,0.0,0.85,1.0,0.14187764392461855,-0.28452100169437833,0.7011728183705358,0.49865438080039565,0.34486983576367836,-0.2730653740019393,1.1178207880483393,1.262957037391453,0.21712856370817768,-0.28452100169437833,0.8847910576936509,0.763137211014774,10.65912689436779,0.24099042418888184,0.40171906808414387,0.2748247002940511,0.32345623162180503
v2vol,100,0.0,60,0.96,60,0.0,20,0.7,,,True,sym,5,0.95,,10,,,10,0.3,0.15,14,85.0,True,fixed,,1.0,0.0,1.0,1.0,0.15273687642975942,-0.32798284924053445,0.6808872976726302,0.46568555881330853,0.3779888827346023,-0.31714447821754044,1.0930410641026274,1.1918507453102385,0.23610752874058427,-0.32798284924053445,0.8629751498248547,0.7198776682601135,10.65912689436779,0.2754801214539407,0.40171906808414387,0.2748247002940511,0.32345623162180503
v2vol,100,0.0,60,0.96,60,0.0,20,0.7,,,True,sym,5,0.95,,10,,,10,0.3,0.25,14,,False,fixed,,1.0,0.0,0.85,1.0,0.11051994372299356,-0.25734630275721304,0.5885831592647639,0.42946000210176266,0.19252297900761572,-0.3232718150782171,0.6852848367169954,0.5955452038435021,0.14351635072799374,-0.32327181507821756,0.6363706613346855,0.4439494692516546,10.374123501470255,0.23450420025474597,0.5724949106536983,0.29540827866998415,0.13209681067631757
v2vol,100,0.0,60,0.96,60,0.0,20,0.7,,,True,sym,5,0.95,,10,,,10,0.3,0.25,14,,False,fixed,,1.0,0.0,1.0,1.0,0.11856407210023256,-0.2977552356020946,0.5688969671574944,0.39819307244248003,0.2140265142708735,-0.3767180273096066,0.6884063513142182,0.5681345164163735,0.15691806838609978,-0.3767180273096058,0.6268831534577582,0.4165398441554713,10.374123501470255,0.2719304873340459,0.5724949106536983,0.29540827866998415,0.13209681067631757
v2vol,100,0.0,60,0.96,60,0.0,20,0.7,,,True,sym,5,0.95,,10,,,10,0.3,0.25,14,,True,fixed,,1.0,0.0,0.85,1.0,0.10026851138392168,-0.2557841074735606,0.5573436989096965,0.39200446178731424,0.19166785980368184,-0.3232718150782171,0.6934816547455185,0.5929000019915343,0.13659085735373844,-0.323271815078217,0.6227562466273093,0.4225263415577683,11.115132323003845,0.22715245751464122,0.5641257634019453,0.27211038226645556,0.16376385433159918
v2vol,100,0.0,60,0.96,60,0.0,20,0.7,,,True,sym,5,0.95,,10,,,10,0.3,0.25,14,,True,fixed,,1.0,0.0,1.0,1.0,0.10490980151400886,-0.2977872544304768,0.5303221975867681,0.35229782320486025,0.21409493320376782,-0.3767180273096066,0.6993326164278993,0.5683161348363438,0.14807985953546443,-0.37671802730960724,0.610527411514851,0.3930787719212715,11.115132323003845,0.26255567100565097,0.5641257634019453,0.27211038226645556,0.16376385433159918
v2vol,100,0.0,60,0.96,60,0.0,20,0.7,,,True,sym,5,0.95,,10,,,10,0.3,0.25,14,75.0,False,fixed,,1.0,0.0,0.85,1.0,0.11801573753053507,-0.2339266349931568,0.6733245264344211,0.5044989320433197,0.18387666224053545,-0.24365213441937128,0.7140927773969635,0.7546687931904139,0.1452226936940073,-0.2436521344193715,0.6978351979574152,0.5960247138408052,10.545125537208776,0.20721433124017197,0.578375933046822,0.2354670888939154,0.18615697805926262
v2vol,100,0.0,60,0.96,60,0.0,20,0.7,,,True,sym,5,0.95,,10,,,10,0.3,0.25,14,75.0,False,fixed,,1.0,0.0,1.0,1.0,0.12863316265988423,-0.26782896812874757,0.6573166082775326,0.4802809925999088,0.20491837421974557,-0.2931890056633979,0.7196142792771402,0.6989292581284805,0.16015632158916637,-0.293189005663398,0.6914845781305459,0.5462562323126036,10.545125537208776,0.23772814758282046,0.578375933046822,0.2354670888939154,0.18615697805926262
v2vol,100,0.0,60,0.96,60,0.0,20,0.7,,,True,sym,5,0.95,,10,,,10,0.3,0.25,14,75.0,True,fixed,,1.0,0.0,0.85,1.0,0.11749773029378674,-0.2339266349931568,0.6737787166328951,0.5022845316319964,0.1794424439409863,-0.2577391280415693,0.7133981874323969,0.6962173159522952,0.14328521827519936,-0.2577391280415686,0.6988028189197043,0.5559311826805361,11.058131644424337,0.20335422900073752,0.5706853653019679,0.2207645329111061,0.20855010178692604
v2vol,100,0.0,60,0.96,60,0.0,20,0.7,,,True,sym,5,0.95,,10,,,10,0.3,0.25,14,75.0,True,fixed,,1.0,0.0,1.0,1.0,0.1273160001124476,-0.26782896812874757,0.65528965881627,0.47536306846108506,0.20208761565807953,-0.2952310750584627,0.7273420234445971,0.6845065873166009,0.15828932526169592,-0.29523107505846247,0.6945704441091884,0.5361540116681519,11.058131644424337,0.23258981049098723,0.5706853653019679,0.2207645329111061,0.20855010178692604
v2vol,100,0.0,60,0.96,60,0.0,20,0.7,,,True,sym,5,0.95,,10,,,10,0.3,0.25,14,85.0,False,fixed,,1.0,0.0,0.85,1.0,0.11051994372299356,-0.25734630275721304,0.5885831592647639,0.42946000210176266,0.19252297900761572,-0.3232718150782171,0.6852848367169954,0.5955452038435021,0.14351635072799374,-0.32327181507821756,0.6363706613346855,0.4439494692516546,10.374123501470255,0.23450420025474597,0.5724949106536983,0.29540827866998415,0.13209681067631757
v2vol,100,0.0,60,0.96,60,0.0,20,0.7,,,True,sym,5,0.95,,10,,,10,0.3,0.25,14,85.0,False,fixed,,1.0,0.0,1.0,1.0,0.11856407210023256,-0.2977552356020946,0.5688969671574944,0.39819307244248003,0.2140265142708735,-0.3767180273096066,0.6884063513142182,0.5681345164163735,0.15691806838609978,-0.3767180273096058,0.6268831534577582,0.4165398441554713,10.374123501470255,0.2719304873340459,0.5724949106536983,0.29540827866998415,0.13209681067631757
v2vol,100,0.0,60,0.96,60,0.0,20,0.7,,,True,sym,5,0.95,,10,,,10,0.3,0.25,14,85.0,True,fixed,,1.0,0.0,0.85,1.0,0.10026851138392168,-0.2557841074735606,0.5573436989096965,0.39200446178731424,0.19166785980368184,-0.3232718150782171,0.6934816547455185,0.5929000019915343,0.13659085735373844,-0.323271815078217,0.6227562466273093,0.4225263415577683,11.115132323003845,0.22715245751464122,0.5641257634019453,0.27211038226645556,0.16376385433159918
v2vol,100,0.0,60,0.96,60,0.0,20,0.7,,,True,sym,5,0.95,,10,,,10,0.3,0.25,14,85.0,True,fixed,,1.0,0.0,1.0,1.0,0.10490980151400886,-0.2977872544304768,0.5303221975867681,0.35229782320486025,0.21409493320376782,-0.3767180273096066,0.6993326164278993,0.5683161348363438,0.14807985953546443,-0.37671802730960724,0.610527411514851,0.3930787719212715,11.115132323003845,0.26255567100565097,0.5641257634019453,0.27211038226645556,0.16376385433159918
v2vol,100,0.0,60,0.96,60,0.0,20,0.7,,,True,sym,5,0.95,,10,,,10,0.4,,14,,False,fixed,,1.0,0.0,0.85,1.0,0.13472256162148755,-0.2363060887152808,0.7690407003008964,0.570118875708748,0.23316821246938302,-0.27580103521891397,0.8391024169554515,0.8454218175225788,0.1736728814043842,-0.2758010352189142,0.800549342931496,0.6297035153132516,11.115132323003845,0.2128549978947262,0.2510744175525899,0.16806152454195883,0.5808640579054513
v2vol,100,0.0,60,0.96,60,0.0,20,0.7,,,True,sym,5,0.95,,10,,,10,0.4,,14,,False,fixed,,1.0,0.0,1.0,1.0,0.13857573257042755,-0.24229053399166522,0.7349987866680022,0.5719403489993321,0.24056486591657333,-0.31639288334518045,0.8037110341350787,0.7603358943257906,0.1793307983658814,-0.31639288334518,0.7664791912892949,0.5667978257596714,11.115132323003845,0.23525196955119138,0.2510744175525899,0.16806152454195883,0.5808640579054513
v2vol,100,0.0,60,0.96,60,0.0,20,0.7,,,True,sym,5,0.95,,10,,,10,0.4,,14,,True,fixed,,1.0,0.0,0.85,1.0,0.140301744886137,-0.2399247971662456,0.8337477325731489,0.5847738397332933,0.23774296058368805,-0.27580103521891397,0.872328717353446,0.8620089492955755,0.17891369087280506,-0.27580103521891397,0.8484978626578729,0.6487056538087116,10.65912689436779,0.20386051804437644,0.2510744175525899,0.14295408278669985,0.6059714996607103
v2vol,100,0.0,60,0.96,60,0.0,20,0.7,,,True,sym,5,0.95,,10,,,10,0.4,,14,,True,fixed,,1.0,0.0,1.0,1.0,0.1461695320677605,-0.24710830851466514,0.8115526164114081,0.5915201028503085,0.2465970861528055,-0.31639288334518045,0.8407743579389022,0.7794014945771437,0.18639913788892093,-0.31639288334518023,0.8217562594076394,0.5891382129653089,10.65912689436779,0.223355813743616,0.2510744175525899,0.14295408278669985,0.6059714996607103
v2vol,100,0.0,60,0.96,60,0.0,20,0.7,,,True,sym,5,0.95,,10,,,10,0.4,,14,75.0,False,fixed,,1.0,0.0,0.85,1.0,0.14157098975303772,-0.24278135900640052,0.8619671147849419,0.5831213332540306,0.26266238273104014,-0.2211991271488829,1.0345546606345921,1.1874476455517362,0.18856037923669633,-0.24278135900640052,0.9412279103255816,0.7766674509459569,9.9181180728342,0.18928752030064172,0.2510744175525899,0.11513232300384528,0.6337932594435648
v2vol,100,0.0,60,0.96,60,0.0,20,0.7,,,True,sym,5,0.95,,10,,,10,0.4,,14,75.0,False,fixed,,1.0,0.0,1.0,1.0,0.14737532643128692,-0.25623938782466826,0.842718221027424,0.5751470438733972,0.27989430273421867,-0.2260158010230202,1.03231724026853,1.2383837832015594,0.19893905108326315,-0.25623938782466826,0.9306436210368365,0.7763796689187658,9.9181180728342,0.20387283266503484,0.2510744175525899,0.11513232300384528,0.6337932594435648
v2vol,100,0.0,60,0.96,60,0.0,20,0.7,,,True,sym,5,0.95,,10,,,10,0.4,,14,75.0,True,fixed,,1.0,0.0,0.85,1.0,0.1362978623999178,-0.2463693848566828,0.8517713177437732,0.5532256472499802,0.2689928443577543,-0.2211991271488829,1.0672830432523084,1.216066481929211,0.18733809502642296,-0.2463693848566828,0.9500268828469888,0.7603951892618503,9.576114001357158,0.1857656828454965,0.2510744175525899,0.10110834652793485,0.6478172359194753
v2vol,100,0.0,60,0.96,60,0.0,20,0.7,,,True,sym,5,0.95,,10,,,10,0.4,,14,75.0,True,fixed,,1.0,0.0,1.0,1.0,0.14079793124431417,-0.26096847079023855,0.8319447677744611,0.5395208502313096,0.28808188835306403,-0.2260158010230202,1.0714659472412746,1.2746095053934847,0.1974829086406764,-0.26096847079023855,0.9420781059986539,0.7567309109896627,9.576114001357158,0.19909371046708696,0.2510744175525899,0.10110834652793485,0.6478172359194753
v2vol,100,0.0,60,0.96,60,0.0,20,0.7,,,True,sym,5,0.95,,10,,,10,0.4,,14,85.0,False,fixed,,1.0,0.0,0.85,1.0,0.13472256162148755,-0.2363060887152808,0.7690407003008964,0.570118875708748,0.23316821246938302,-0.27580103521891397,0.8391024169554515,0.8454218175225788,0.1736728814043842,-0.2758010352189142,0.800549342931496,0.6297035153132516,11.115132323003845,0.2128549978947262,0.2510744175525899,0.16806152454195883,0.5808640579054513
v2vol,100,0.0,60,0.96,60,0.0,20,0.7,,,True,sym,5,0.95,,10,,,10,0.4,,14,85.0,False,fixed,,1.0,0.0,1.0,1.0,0.13857573257042755,-0.24229053399166522,0.7349987866680022,0.5719403489993321,0.24056486591657333,-0.31639288334518045,0.8037110341350787,0.7603358943257906,0.1793307983658814,-0.31639288334518,0.7664791912892949,0.5667978257596714,11.115132323003845,0.23525196955119138,0.2510744175525899,0.16806152454195883,0.5808640579054513
v2vol,100,0.0,60,0.96,60,0.0,20,0.7,,,True,sym,5,0.95,,10,,,10,0.4,,14,85.0,True,fixed,,1.0,0.0,0.85,1.0,0.140301744886137,-0.2399247971662456,0.8337477325731489,0.5847738397332933,0.23774296058368805,-0.27580103521891397,0.872328717353446,0.8620089492955755,0.17891369087280506,-0.27580103521891397,0.8484978626578729,0.6487056538087116,10.65912689436779,0.20386051804437644,0.2510744175525899,0.14295408278669985,0.6059714996607103
v2vol,100,0.0,60,0.96,60,0.0,20,0.7,,,True,sym,5,0.95,,10,,,10,0.4,,14,85.0,True,fixed,,1.0,0.0,1.0,1.0,0.1461695320677605,-0.24710830851466514,0.8115526164114081,0.5915201028503085,0.2465970861528055,-0.31639288334518045,0.8407743579389022,0.7794014945771437,0.18639913788892093,-0.31639288334518023,0.8217562594076394,0.5891382129653089,10.65912689436779,0.223355813743616,0.2510744175525899,0.14295408278669985,0.6059714996607103
v2vol,100,0.0,60,0.96,60,0.0,20,0.7,,,True,sym,5,0.95,,10,,,10,0.4,0.15,14,,False,fixed,,1.0,0.0,0.85,1.0,0.12678812241111115,-0.28452100169437833,0.6206716960280019,0.4456195558713172,0.35213857797866965,-0.2730653740019393,1.147006576526658,1.2895760924128328,0.20946844086699334,-0.28452100169437833,0.8465290792641482,0.7362143378505197,10.317122822890749,0.24576536662910542,0.3992309432255146,0.2931463469803212,0.30762270979416423
v2vol,100,0.0,60,0.96,60,0.0,20,0.7,,,True,sym,5,0.95,,10,,,10,0.4,0.15,14,,False,fixed,,1.0,0.0,1.0,1.0,0.13581714635694841,-0.32798284924053445,0.6027782073559419,0.41409831846830353,0.3893642813488172,-0.3166477716339212,1.1290731475343918,1.2296447858757207,0.22848691603782112,-0.32798284924053445,0.8283013166121562,0.6966428780251692,10.317122822890749,0.28153719073134603,0.3992309432255146,0.2931463469803212,0.30762270979416423
v2vol,100,0.0,60,0.96,60,0.0,20,0.7,,,True,sym,5,0.95,,10,,,10,0.4,0.15,14,,True,fixed,,1.0,0.0,0.85,1.0,0.13479541934563,-0.28452100169437855,0.6980944810709773,0.47376263454330875,0.3220301956751226,-0.2730653740019393,1.1051145716795083,1.1793153813519965,0.20465684036909515,-0.28452100169437855,0.8778487324965308,0.7193031064502212,11.001130965844832,0.22748328995336006,0.3915403754806605,0.23139561185252205,0.37706401266681744
v2vol,100,0.0,60,0.96,60,0.0,20,0.7,,,True,sym,5,0.95,,10,,,10,0.4,0.15,14,,True,fixed,,1.0,0.0,1.0,1.0,0.14519088798033253,-0.327982849240535,0.6803600801609645,0.4426782934428773,0.34920029928776497,-0.3166477716339212,1.0769397107277567,1.102803589887498,0.22135536975434622,-0.327982849240535,0.8561049700278578,0.674899221916355,11.001130965844832,0.25813897016566956,0.3915403754806605,0.23139561185252205,0.37706401266681744
v2vol,100,0.0,60,0.96,60,0.0,20,0.7,,,True,sym,5,0.95,,10,,,10,0.4,0.15,14,75.0,False,fixed,,1.0,0.0,0.85,1.0,0.13151685302276261,-0.284521001694379,0.6745979641219884,0.4622395262196944,0.3107265088791691,-0.20766801293391324,1.1645403003757426,1.49626562362328,0.198622018131269,-0.284521001694379,0.8796121995077768,0.698092643244033,10.08912010857272,0.21911222091248705,0.4008142954082787,0.2194073738973083,0.379778330694413
v2vol,100,0.0,60,0.96,60,0.0,20,0.7,,,True,sym,5,0.95,,10,,,10,0.4,0.15,14,75.0,False,fixed,,1.0,0.0,1.0,1.0,0.14272911547013334,-0.32798284924053456,0.6611568265386745,0.43517249697852134,0.33905037834329055,-0.21560860392840242,1.1520414321170018,1.572527126310227,0.21627196229504175,-0.32798284924053456,0.8648968546224868,0.6594002180169891,10.08912010857272,0.24742996668718698,0.4008142954082787,0.2194073738973083,0.379778330694413
v2vol,100,0.0,60,0.96,60,0.0,20,0.7,,,True,sym,5,0.95,,10,,,10,0.4,0.15,14,75.0,True,fixed,,1.0,0.0,0.85,1.0,0.1334893242673052,-0.2845210016943781,0.7226436055820282,0.4691721295523009,0.3199165183327428,-0.20766801293391324,1.2063491210352535,1.5405189938161095,0.2030685857864818,-0.2845210016943781,0.9313835068698393,0.71372090136464,10.488124858629268,0.2084334039324131,0.3913141823116942,0.18231169418683557,0.42637412350147025
v2vol,100,0.0,60,0.96,60,0.0,20,0.7,,,True,sym,5,0.95,,10,,,10,0.4,0.15,14,75.0,True,fixed,,1.0,0.0,1.0,1.0,0.14355836397302357,-0.32798284924053445,0.7053711760765352,0.43770082583721154,0.35003102223064597,-0.21560860392840242,1.196861906726201,1.6234557241828877,0.22054583978970177,-0.32798284924053445,0.9169044790252615,0.6724310136959599,10.488124858629268,0.2335256409703156,0.3913141823116942,0.18231169418683557,0.42637412350147025
v2vol,100,0.0,60,0.96,60,0.0,20,0.7,,,True,sym,5,0.95,,10,,,10,0.4,0.15,14,85.0,False,fixed,,1.0,0.0,0.85,1.0,0.12678812241111115,-0.28452100169437833,0.6206716960280019,0.4456195558713172,0.35213857797866965,-0.2730653740019393,1.147006576526658,1.2895760924128328,0.20946844086699334,-0.28452100169437833,0.8465290792641482,0.7362143378505197,10.317122822890749,0.24576536662910542,0.3992309432255146,0.2931463469803212,0.30762270979416423
v2vol,100,0.0,60,0.96,60,0.0,20,0.7,,,True,sym,5,0.95,,10,,,10,0.4,0.15,14,85.0,False,fixed,,1.0,0.0,1.0,1.0,0.13581714635694841,-0.32798284924053445,0.6027782073559419,0.41409831846830353,0.3893642813488172,-0.3166477716339212,1.1290731475343918,1.2296447858757207,0.22848691603782112,-0.32798284924053445,0.8283013166121562,0.6966428780251692,10.317122822890749,0.28153719073134603,0.3992309432255146,0.2931463469803212,0.30762270979416423
v2vol,100,0.0,60,0.96,60,0.0,20,0.7,,,True,sym,5,0.95,,10,,,10,0.4,0.15,14,85.0,True,fixed,,1.0,0.0,0.85,1.0,0.13479541934563,-0.28452100169437855,0.6980944810709773,0.47376263454330875,0.3220301956751226,-0.2730653740019393,1.1051145716795083,1.1793153813519965,0.20465684036909515,-0.28452100169437855,0.8778487324965308,0.7193031064502212,11.001130965844832,0.22748328995336006,0.3915403754806605,0.23139561185252205,0.37706401266681744
v2vol,100,0.0,60,0.96,60,0.0,20,0.7,,,True,sym,5,0.95,,10,,,10,0.4,0.15,14,85.0,True,fixed,,1.0,0.0,1.0,1.0,0.14519088798033253,-0.327982849240535,0.6803600801609645,0.4426782934428773,0.34920029928776497,-0.3166477716339212,1.0769397107277567,1.102803589887498,0.22135536975434622,-0.327982849240535,0.8561049700278578,0.674899221916355,11.001130965844832,0.25813897016566956,0.3915403754806605,0.23139561185252205,0.37706401266681744
v2vol,100,0.0,60,0.96,60,0.0,20,0.7,,,True,sym,5,0.95,,10,,,10,0.4,0.25,14,,False,fixed,,1.0,0.0,0.85,1.0,0.09591646959381306,-0.2573463027572128,0.5334655954076684,0.3727136102837395,0.1958879950021133,-0.3091865737876258,0.7334725420100027,0.6335591892054954,0.13527357276356167,-0.30918657378762604,0.6264158891543402,0.43751438203289617,10.08912010857272,0.22217452290049802,0.5887808188192717,0.2623840760009048,0.14883510517982357
v2vol,100,0.0,60,0.96,60,0.0,20,0.7,,,True,sym,5,0.95,,10,,,10,0.4,0.25,14,,False,fixed,,1.0,0.0,1.0,1.0,0.10192987933890896,-0.29775523560209427,0.514349599850636,0.34232774826879325,0.21932584781277464,-0.35755195242729854,0.7388753305415096,0.6134097333935561,0.14798411710284065,-0.3575519524272984,0.617875611137049,0.41388144044026853,10.08912010857272,0.2568741790110944,0.5887808188192717,0.2623840760009048,0.14883510517982357
v2vol,100,0.0,60,0.96,60,0.0,20,0.7,,,True,sym,5,0.95,,10,,,10,0.4,0.25,14,,True,fixed,,1.0,0.0,0.85,1.0,0.08632580997197659,-0.24907870581853586,0.501832992192969,0.3465804500962379,0.20830156421914592,-0.3091865737876258,0.7989889779752927,0.6737083103816279,0.13341077792736944,-0.30918657378762593,0.6360885780909282,0.4314895575608229,10.773128251526803,0.21310194690598758,0.584483148608912,0.2354670888939154,0.18004976249717258
v2vol,100,0.0,60,0.96,60,0.0,20,0.7,,,True,sym,5,0.95,,10,,,10,0.4,0.25,14,,True,fixed,,1.0,0.0,1.0,1.0,0.08912054332955588,-0.29203792198749645,0.47508581082768053,0.3051677080943329,0.2350878951735389,-0.35755195242729854,0.8079495701988982,0.6574929701197467,0.1450966788182082,-0.3575519524272983,0.6246773270713305,0.4058058635484894,10.773128251526803,0.24542355816598102,0.584483148608912,0.2354670888939154,0.18004976249717258
v2vol,100,0.0,60,0.96,60,0.0,20,0.7,,,True,sym,5,0.95,,10,,,10,0.4,0.25,14,75.0,False,fixed,,1.0,0.0,0.85,1.0,0.09873331026556698,-0.23273198887716173,0.5893441732099763,0.42423609552737246,0.18663627880933653,-0.21639161044517996,0.8070546682930314,0.8624931365193497,0.13380252215432908,-0.23273198887716173,0.688963480643183,0.574921061775274,9.975118751413707,0.19050891048061766,0.6016738294503506,0.19249038679031893,0.20583578375933048
v2vol,100,0.0,60,0.96,60,0.0,20,0.7,,,True,sym,5,0.95,,10,,,10,0.4,0.25,14,75.0,False,fixed,,1.0,0.0,1.0,1.0,0.1062507439530227,-0.26782896812874724,0.5725334667849564,0.39671117241487946,0.21250282996472958,-0.22511936543244926,0.8316285100912607,0.9439562409769431,0.1483884579177157,-0.26782896812874724,0.6887017815979732,0.5540418534801074,9.975118751413707,0.21703115447229318,0.6016738294503506,0.19249038679031893,0.20583578375933048
v2vol,100,0.0,60,0.96,60,0.0,20,0.7,,,True,sym,5,0.95,,10,,,10,0.4,0.25,14,75.0,True,fixed,,1.0,0.0,0.85,1.0,0.09519631058495448,-0.2327319888771613,0.5754659376291823,0.40903835800243266,0.1987034325182988,-0.21639161044517863,0.8788098923448534,0.9182584856663794,0.13580461113856912,-0.2327319888771613,0.7084826344352921,0.5835236135512442,10.488124858629268,0.1867321932312486,0.5923999095227324,0.1789187966523411,0.2286812938249265
v2vol,100,0.0,60,0.96,60,0.0,20,0.7,,,True,sym,5,0.95,,10,,,10,0.4,0.25,14,75.0,True,fixed,,1.0,0.0,1.0,1.0,0.10063013630079953,-0.2678289681287471,0.5521683333469547,0.37572536310719745,0.227609312940384,-0.22511936543244992,0.910519417857897,1.0110605655943945,0.15004377129101942,-0.2678289681287471,0.7064875500726873,0.5602223401723013,10.488124858629268,0.21207409744762748,0.5923999095227324,0.1789187966523411,0.2286812938249265
v2vol,100,0.0,60,0.96,60,0.0,20,0.7,,,True,sym,5,0.95,,10,,,10,0.4,0.25,14,85.0,False,fixed,,1.0,0.0,0.85,1.0,0.09591646959381306,-0.2573463027572128,0.5334655954076684,0.3727136102837395,0.1958879950021133,-0.3091865737876258,0.7334725420100027,0.6335591892054954,0.13527357276356167,-0.30918657378762604,0.6264158891543402,0.43751438203289617,10.08912010857272,0.22217452290049802,0.5887808188192717,0.2623840760009048,0.14883510517982357
v2vol,100,0.0,60,0.96,60,0.0,20,0.7,,,True,sym,5,0.95,,10,,,10,0.4,0.25,14,85.0,False,fixed,,1.0,0.0,1.0,1.0,0.10192987933890896,-0.29775523560209427,0.514349599850636,0.34232774826879325,0.21932584781277464,-0.35755195242729854,0.7388753305415096,0.6134097333935561,0.14798411710284065,-0.3575519524272984,0.617875611137049,0.41388144044026853,10.08912010857272,0.2568741790110944,0.5887808188192717,0.2623840760009048,0.14883510517982357
v2vol,100,0.0,60,0.96,60,0.0,20,0.7,,,True,sym,5,0.95,,10,,,10,0.4,0.25,14,85.0,True,fixed,,1.0,0.0,0.85,1.0,0.08632580997197659,-0.24907870581853586,0.501832992192969,0.3465804500962379,0.20830156421914592,-0.3091865737876258,0.7989889779752927,0.6737083103816279,0.13341077792736944,-0.30918657378762593,0.6360885780909282,0.4314895575608229,10.773128251526803,0.21310194690598758,0.584483148608912,0.2354670888939154,0.18004976249717258
v2vol,100,0.0,60,0.96,60,0.0,20,0.7,,,True,sym,5,0.95,,10,,,10,0.4,0.25,14,85.0,True,fixed,,1.0,0.0,1.0,1.0,0.08912054332955588,-0.29203792198749645,0.47508581082768053,0.3051677080943329,0.2350878951735389,-0.35755195242729854,0.8079495701988982,0.6574929701197467,0.1450966788182082,-0.3575519524272983,0.6246773270713305,0.4058058635484894,10.773128251526803,0.24542355816598102,0.584483148608912,0.2354670888939154,0.18004976249717258
v2vol,100,0.0,60,0.96,60,0.0,20,0.7,,,True,sym,5,0.95,,10,,,10,0.5,,14,,False,fixed,,1.0,0.0,0.85,1.0,0.1366362102178711,-0.20807095132308084,0.8448166588119533,0.6566808550113759,0.18972750542310912,-0.2758010352189141,0.7720154275335064,0.68791440638544,0.15926271327385688,-0.2758010352189144,0.81534686306084,0.5774550960167486,9.17710925130061,0.18767311486883106,0.2510744175525899,0.1049536304003619,0.6439719520470482
v2vol,100,0.0,60,0.96,60,0.0,20,0.7,,,True,sym,5,0.95,,10,,,10,0.5,,14,,False,fixed,,1.0,0.0,1.0,1.0,0.14084311666447946,-0.22164606679731502,0.8213366818739508,0.6354415338814647,0.18514545604596022,-0.3163928833451798,0.7178980225321926,0.5851757918460175,0.1607950516248462,-0.31639288334518023,0.7791657600703935,0.5082132376834185,9.17710925130061,0.20171774095886014,0.2510744175525899,0.1049536304003619,0.6439719520470482
v2vol,100,0.0,60,0.96,60,0.0,20,0.7,,,True,sym,5,0.95,,10,,,10,0.5,,14,,True,fixed,,1.0,0.0,0.85,1.0,0.14605262276745568,-0.2080709513230813,0.9159556276415617,0.7019366318976121,0.18972750542310912,-0.2758010352189141,0.7720154275335064,0.68791440638544,0.16526643879526226,-0.2758010352189143,0.8512416790359549,0.5992234172148182,9.063107894141597,0.18528608270311447,0.2510744175525899,0.10088215335896857,0.6480434290884415
v2vol,100,0.0,60,0.96,60,0.0,20,0.7,,,True,sym,5,0.95,,10,,,10,0.5,,14,,True,fixed,,1.0,0.0,1.0,1.0,0.1531293312460169,-0.2216460667973147,0.9080450559532793,0.6908732171911119,0.18514545604596022,-0.3163928833451798,0.7178980225321926,0.5851757918460175,0.16860633374970768,-0.31639288334518,0.8222315424204558,0.5329017895948078,9.063107894141597,0.1984898038224128,0.2510744175525899,0.10088215335896857,0.6480434290884415
v2vol,100,0.0,60,0.96,60,0.0,20,0.7,,,True,sym,5,0.95,,10,,,10,0.5,,14,75.0,False,fixed,,1.0,0.0,0.85,1.0,0.14319910791371915,-0.20807095132308084,0.9483310519066422,0.6882224885460713,0.21087756219520948,-0.21995091542733913,0.9579047086587644,0.9587482815677253,0.17113969923071148,-0.2199509154273397,0.9595288583684074,0.7780813228178953,7.752092286812938,0.16596164386741688,0.2510744175525899,0.059488803438136166,0.6894367790092739
v2vol,100,0.0,60,0.96,60,0.0,20,0.7,,,True,sym,5,0.95,,10,,,10,0.5,,14,75.0,False,fixed,,1.0,0.0,1.0,1.0,0.14915717711753573,-0.20624496915854496,0.9492515588671881,0.7232039536580182,0.21302124097981645,-0.22327304722650776,0.9470472015336422,0.9540839954753205,0.17626483889746503,-0.22327304722650865,0.9578332729413837,0.7894586520272903,7.752092286812938,0.17186188226440233,0.2510744175525899,0.059488803438136166,0.6894367790092739
v2vol,100,0.0,60,0.96,60,0.0,20,0.7,,,True,sym,5,0.95,,10,,,10,0.5,,14,75.0,True,fixed,,1.0,0.0,0.85,1.0,0.14528985784340298,-0.20807095132308084,0.9627124691561173,0.6982707433187302,0.21087756219520948,-0.21995091542733913,0.9579047086587644,0.9587482815677253,0.17248025874772188,-0.21995091542733902,0.9674558252756656,0.7841761349918132,7.6380909296539246,0.1657506380257047,0.2510744175525899,0.05835783759330468,0.6905677448541054
v2vol,100,0.0,60,0.96,60,0.0,20,0.7,,,True,sym,5,0.95,,10,,,10,0.5,,14,75.0,True,fixed,,1.0,0.0,1.0,1.0,0.15178488252590627,-0.20624496915854496,0.9667773116572047,0.7359446542874263,0.21302124097981645,-0.22327304722650776,0.9470472015336422,0.9540839954753205,0.17794814240329382,-0.22327304722650787,0.9675463995159445,0.7969978670231859,7.6380909296539246,0.1715650032691234,0.2510744175525899,0.05835783759330468,0.6905677448541054
v2vol,100,0.0,60,0.96,60,0.0,20,0.7,,,True,sym,5,0.95,,10,,,10,0.5,,14,85.0,False,fixed,,1.0,0.0,0.85,1.0,0.1366362102178711,-0.20807095132308084,0.8448166588119533,0.6566808550113759,0.18972750542310912,-0.2758010352189141,0.7720154275335064,0.68791440638544,0.15926271327385688,-0.2758010352189144,0.81534686306084,0.5774550960167486,9.17710925130061,0.18767311486883106,0.2510744175525899,0.1049536304003619,0.6439719520470482
v2vol,100,0.0,60,0.96,60,0.0,20,0.7,,,True,sym,5,0.95,,10,,,10,0.5,,14,85.0,False,fixed,,1.0,0.0,1.0,1.0,0.14084311666447946,-0.22164606679731502,0.8213366818739508,0.6354415338814647,0.18514545604596022,-0.3163928833451798,0.7178980225321926,0.5851757918460175,0.1607950516248462,-0.31639288334518023,0.7791657600703935,0.5082132376834185,9.17710925130061,0.20171774095886014,0.2510744175525899,0.1049536304003619,0.6439719520470482
v2vol,100,0.0,60,0.96,60,0.0,20,0.7,,,True,sym,5,0.95,,10,,,10,0.5,,14,85.0,True,fixed,,1.0,0.0,0.85,1.0,0.14605262276745568,-0.2080709513230813,0.9159556276415617,0.7019366318976121,0.18972750542310912,-0.2758010352189141,0.7720154275335064,0.68791440638544,0.16526643879526226,-0.2758010352189143,0.8512416790359549,0.5992234172148182,9.063107894141597,0.18528608270311447,0.2510744175525899,0.10088215335896857,0.6480434290884415
v2vol,100,0.0,60,0.96,60,0.0,20,0.7,,,True,sym,5,0.95,,10,,,10,0.5,,14,85.0,True,fixed,,1.0,0.0,1.0,1.0,0.1531293312460169,-0.2216460667973147,0.9080450559532793,0.6908732171911119,0.18514545604596022,-0.3163928833451798,0.7178980225321926,0.5851757918460175,0.16860633374970768,-0.31639288334518,0.8222315424204558,0.5329017895948078,9.063107894141597,0.1984898038224128,0.2510744175525899,0.10088215335896857,0.6480434290884415
v2vol,100,0.0,60,0.96,60,0.0,20,0.7,,,True,sym,5,0.95,,10,,,10,0.5,0.15,14,,False,fixed,,1.0,0.0,0.85,1.0,0.14446871921960658,-0.19877004735599924,0.8028291631740716,0.7268133259578169,0.24377862712645082,-0.30565999942718436,0.9784859293355757,0.7975483464741837,0.18376024052637052,-0.3056599994271849,0.8849125242644793,0.6011916537026178,10.545125537208776,0.19906026310255812,0.3720877629495589,0.16851391087989143,0.45939832617054965
v2vol,100,0.0,60,0.96,60,0.0,20,0.7,,,True,sym,5,0.95,,10,,,10,0.5,0.15,14,,False,fixed,,1.0,0.0,1.0,1.0,0.15803283601858897,-0.2194655608860615,0.79643575788094,0.7200803414465281,0.2510889219842709,-0.3431901089813074,0.9367743555786104,0.7316321636703901,0.19567959227942078,-0.34319010898130775,0.8646039252466847,0.570178414699238,10.545125537208776,0.22069468993030011,0.3720877629495589,0.16851391087989143,0.45939832617054965
v2vol,100,0.0,60,0.96,60,0.0,20,0.7,,,True,sym,5,0.95,,10,,,10,0.5,0.15,14,,True,fixed,,1.0,0.0,0.85,1.0,0.15289588350667738,-0.19877004735599957,0.8637297049762557,0.7692098761381235,0.24582642810732702,-0.30565999942718436,0.9845192213434633,0.8042479505594871,0.18994186468483965,-0.3056599994271847,0.92243388545949,0.6214155108316298,10.83012893010631,0.19591488868808288,0.36145668400814296,0.16014476362813843,0.47839855236371864
v2vol,100,0.0,60,0.96,60,0.0,20,0.7,,,True,sym,5,0.95,,10,,,10,0.5,0.15,14,,True,fixed,,1.0,0.0,1.0,1.0,0.1670086765584673,-0.21946556088606317,0.858057197316928,0.7609789703869339,0.2531487588923247,-0.3431901089813074,0.9424843660463751,0.7376341924414639,0.20221295083069468,-0.34319010898130775,0.9024498157223156,0.5892155558647189,10.83012893010631,0.21640379133018628,0.36145668400814296,0.16014476362813843,0.47839855236371864
v2vol,100,0.0,60,0.96,60,0.0,20,0.7,,,True,sym,5,0.95,,10,,,10,0.5,0.15,14,75.0,False,fixed,,1.0,0.0,0.85,1.0,0.1367304479470357,-0.19740440407816984,0.823793212346974,0.6926413247239005,0.2262388091073071,-0.1834920817694906,1.0634574226250266,1.2329622451584394,0.17249977469708466,-0.19740440407816984,0.9310450648618053,0.8738395452858122,9.576114001357158,0.17370603684760025,0.3734449219633567,0.11015607328658675,0.5163990047500565
v2vol,100,0.0,60,0.96,60,0.0,20,0.7,,,True,sym,5,0.95,,10,,,10,0.5,0.15,14,75.0,False,fixed,,1.0,0.0,1.0,1.0,0.14856612148400883,-0.22535759935686372,0.8219257453774046,0.6592461133238636,0.23174836445118885,-0.18696948719573236,1.0517102338844841,1.2394983156186277,0.18264114073875315,-0.22535759935686372,0.9241471867456208,0.8104503298756428,9.576114001357158,0.18691270761713372,0.3734449219633567,0.11015607328658675,0.5163990047500565
v2vol,100,0.0,60,0.96,60,0.0,20,0.7,,,True,sym,5,0.95,,10,,,10,0.5,0.15,14,75.0,True,fixed,,1.0,0.0,0.85,1.0,0.13811897139108842,-0.19740440407816995,0.8405074291573735,0.6996752277947904,0.22825773191343335,-0.1834920817694906,1.070058818605722,1.2439650240612505,0.1741182523608309,-0.19740440407816995,0.9444143974370679,0.8820383373609132,9.804116715675185,0.17247959563657084,0.36123049083917663,0.10450124406242932,0.534268265098394
v2vol,100,0.0,60,0.96,60,0.0,20,0.7,,,True,sym,5,0.95,,10,,,10,0.5,0.15,14,75.0,True,fixed,,1.0,0.0,1.0,1.0,0.14788943475065697,-0.22535759935686384,0.8303419049274169,0.6562433890523809,0.233776358383472,-0.18696948719573236,1.0581895404598383,1.2503449728069211,0.18293223575561934,-0.22535759935686384,0.9328622116280317,0.811742032563712,9.804116715675185,0.1850572483452488,0.36123049083917663,0.10450124406242932,0.534268265098394
v2vol,100,0.0,60,0.96,60,0.0,20,0.7,,,True,sym,5,0.95,,10,,,10,0.5,0.15,14,85.0,False,fixed,,1.0,0.0,0.85,1.0,0.14446871921960658,-0.19877004735599924,0.8028291631740716,0.7268133259578169,0.24377862712645082,-0.30565999942718436,0.9784859293355757,0.7975483464741837,0.18376024052637052,-0.3056599994271849,0.8849125242644793,0.6011916537026178,10.545125537208776,0.19906026310255812,0.3720877629495589,0.16851391087989143,0.45939832617054965
v2vol,100,0.0,60,0.96,60,0.0,20,0.7,,,True,sym,5,0.95,,10,,,10,0.5,0.15,14,85.0,False,fixed,,1.0,0.0,1.0,1.0,0.15803283601858897,-0.2194655608860615,0.79643575788094,0.7200803414465281,0.2510889219842709,-0.3431901089813074,0.9367743555786104,0.7316321636703901,0.19567959227942078,-0.34319010898130775,0.8646039252466847,0.570178414699238,10.545125537208776,0.22069468993030011,0.3720877629495589,0.16851391087989143,0.45939832617054965
v2vol,100,0.0,60,0.96,60,0.0,20,0.7,,,True,sym,5,0.95,,10,,,10,0.5,0.15,14,85.0,True,fixed,,1.0,0.0,0.85,1.0,0.15289588350667738,-0.19877004735599957,0.8637297049762557,0.7692098761381235,0.24582642810732702,-0.30565999942718436,0.9845192213434633,0.8042479505594871,0.18994186468483965,-0.3056599994271847,0.92243388545949,0.6214155108316298,10.83012893010631,0.19591488868808288,0.36145668400814296,0.16014476362813843,0.47839855236371864
v2vol,100,0.0,60,0.96,60,0.0,20,0.7,,,True,sym,5,0.95,,10,,,10,0.5,0.15,14,85.0,True,fixed,,1.0,0.0,1.0,1.0,0.1670086765584673,-0.21946556088606317,0.858057197316928,0.7609789703869339,0.2531487588923247,-0.3431901089813074,0.9424843660463751,0.7376341924414639,0.20221295083069468,-0.34319010898130775,0.9024498157223156,0.5892155558647189,10.83012893010631,0.21640379133018628,0.36145668400814296,0.16014476362813843,0.47839855236371864
v2vol,100,0.0,60,0.96,60,0.0,20,0.7,,,True,sym,5,0.95,,10,,,10,0.5,0.25,14,,False,fixed,,1.0,0.0,0.85,1.0,0.07781542689359178,-0.25734630275721326,0.5141605628802256,0.3023763157266135,0.1276077242811935,-0.30918657378762615,0.5694321073580172,0.4127207812356192,0.09907004538985364,-0.3091865737876258,0.5491631696865013,0.3204215635116902,10.374123501470255,0.1784404229361467,0.601221443112418,0.15539470707984618,0.2433838498077358
v2vol,100,0.0,60,0.96,60,0.0,20,0.7,,,True,sym,5,0.95,,10,,,10,0.5,0.25,14,,False,fixed,,1.0,0.0,1.0,1.0,0.0800689906515446,-0.30095333278017866,0.4854886986443973,0.2660511844539975,0.13344328641481074,-0.35755195242729854,0.5540643636290317,0.37321369806236454,0.10313135068928991,-0.3575519524272984,0.526805953407877,0.2884373864809472,10.374123501470255,0.20150453806317695,0.601221443112418,0.15539470707984618,0.2433838498077358
v2vol,100,0.0,60,0.96,60,0.0,20,0.7,,,True,sym,5,0.95,,10,,,10,0.5,0.25,14,,True,fixed,,1.0,0.0,0.85,1.0,0.07976526932707673,-0.2073439790451218,0.5366944337402545,0.3847001957540246,0.1294642573920426,-0.30918657378762615,0.5768314889291108,0.4187253534526661,0.10099150291099623,-0.30918657378762593,0.5648387299471356,0.3266361203005059,10.716127572947297,0.17574151342499922,0.5935308753675639,0.15109703686948653,0.25537208776294956
v2vol,100,0.0,60,0.96,60,0.0,20,0.7,,,True,sym,5,0.95,,10,,,10,0.5,0.25,14,,True,fixed,,1.0,0.0,1.0,1.0,0.08165135626067221,-0.24126312847326603,0.5047986755761662,0.3384328006412296,0.13530942740088814,-0.35755195242729854,0.5608119326144768,0.378432914384381,0.10482230954089533,-0.35755195242729854,0.5405802626881174,0.29316665404647446,10.716127572947297,0.1978801657977421,0.5935308753675639,0.15109703686948653,0.25537208776294956
v2vol,100,0.0,60,0.96,60,0.0,20,0.7,,,True,sym,5,0.95,,10,,,10,0.5,0.25,14,75.0,False,fixed,,1.0,0.0,0.85,1.0,0.0766712473163258,-0.16376125102036698,0.5749689138713896,0.46818918907007,0.09472454086976989,-0.1999435228432247,0.5068163118073793,0.473756486445641,0.08625250339620338,-0.19994352284322559,0.5657365988750624,0.4313843337842627,9.804116715675185,0.14191920481701992,0.6071024655055417,0.08889391540375481,0.30400361909070345
v2vol,100,0.0,60,0.96,60,0.0,20,0.7,,,True,sym,5,0.95,,10,,,10,0.5,0.25,14,75.0,False,fixed,,1.0,0.0,1.0,1.0,0.07950955704925877,-0.18958311656841975,0.5519531765847302,0.41939154967190395,0.09766005717961646,-0.20774195695001352,0.5072404166203069,0.47010271113945096,0.08962544931608285,-0.20774195695001574,0.5539134955405133,0.43142680771822806,9.804116715675185,0.15371742138202013,0.6071024655055417,0.08889391540375481,0.30400361909070345
v2vol,100,0.0,60,0.96,60,0.0,20,0.7,,,True,sym,5,0.95,,10,,,10,0.5,0.25,14,75.0,True,fixed,,1.0,0.0,0.85,1.0,0.08166755576644857,-0.1656036762646853,0.6071153488980077,0.49315062085891653,0.09652693394815981,-0.1999435228432247,0.5164551298853303,0.48277099740733476,0.09007610150736634,-0.19994352284322603,0.5889819599690111,0.4505077245137579,10.032119429993214,0.14239684338268158,0.5978285455779235,0.08889391540375481,0.31327753901832167
v2vol,100,0.0,60,0.96,60,0.0,20,0.7,,,True,sym,5,0.95,,10,,,10,0.5,0.25,14,75.0,True,fixed,,1.0,0.0,1.0,1.0,0.08451903671662908,-0.1920968521265275,0.5812914194969878,0.43998137283873523,0.09946728339555033,-0.20774195695001352,0.5165184076418393,0.4788020910936348,0.09346092016365648,-0.20774195695001452,0.5755574909499435,0.44988947603947155,10.032119429993214,0.15415806115573785,0.5978285455779235,0.08889391540375481,0.31327753901832167
v2vol,100,0.0,60,0.96,60,0.0,20,0.7,,,True,sym,5,0.95,,10,,,10,0.5,0.25,14,85.0,False,fixed,,1.0,0.0,0.85,1.0,0.07781542689359178,-0.25734630275721326,0.5141605628802256,0.3023763157266135,0.1276077242811935,-0.30918657378762615,0.5694321073580172,0.4127207812356192,0.09907004538985364,-0.3091865737876258,0.5491631696865013,0.3204215635116902,10.374123501470255,0.1784404229361467,0.601221443112418,0.15539470707984618,0.2433838498077358
v2vol,100,0.0,60,0.96,60,0.0,20,0.7,,,True,sym,5,0.95,,10,,,10,0.5,0.25,14,85.0,False,fixed,,1.0,0.0,1.0,1.0,0.0800689906515446,-0.30095333278017866,0.4854886986443973,0.2660511844539975,0.13344328641481074,-0.35755195242729854,0.5540643636290317,0.37321369806236454,0.10313135068928991,-0.3575519524272984,0.526805953407877,0.2884373864809472,10.374123501470255,0.20150453806317695,0.601221443112418,0.15539470707984618,0.2433838498077358
v2vol,100,0.0,60,0.96,60,0.0,20,0.7,,,True,sym,5,0.95,,10,,,10,0.5,0.25,14,85.0,True,fixed,,1.0,0.0,0.85,1.0,0.07976526932707673,-0.2073439790451218,0.5366944337402545,0.3847001957540246,0.1294642573920426,-0.30918657378762615,0.5768314889291108,0.4187253534526661,0.10099150291099623,-0.30918657378762593,0.5648387299471356,0.3266361203005059,10.716127572947297,0.17574151342499922,0.5935308753675639,0.15109703686948653,0.25537208776294956
v2vol,100,0.0,60,0.96,60,0.0,20,0.7,,,True,sym,5,0.95,,10,,,10,0.5,0.25,14,85.0,True,fixed,,1.0,0.0,1.0,1.0,0.08165135626067221,-0.24126312847326603,0.5047986755761662,0.3384328006412296,0.13530942740088814,-0.35755195242729854,0.5608119326144768,0.378432914384381,0.10482230954089533,-0.35755195242729854,0.5405802626881174,0.29316665404647446,10.716127572947297,0.1978801657977421,0.5935308753675639,0.15109703686948653,0.25537208776294956
v2vol,100,0.0,60,0.96,60,0.0,20,0.7,,,True,sym,5,0.95,,10,,,20,,,14,,False,fixed,,1.0,0.0,0.85,1.0,0.2741495619325258,-0.3072891112884688,0.9615788893244057,0.8921551459568865,0.3586903761366893,-0.27580103521891386,0.9610505831775493,1.3005403545783756,0.308578149410325,-0.3072891112884688,0.9645839722609,1.004194870805709,8.379099751187514,0.31888686854951936,0.2522053833974214,0.5363040036190907,0.2114906129834879
v2vol,100,0.0,60,0.96,60,0.0,20,0.7,,,True,sym,5,0.95,,10,,,20,,,14,,False,fixed,,1.0,0.0,1.0,1.0,0.3143520237421673,-0.3484210901816275,0.9617379155241659,0.9022187020260444,0.39916704765106203,-0.32197721047907757,0.9541386526424096,1.2397369585789375,0.3496127446805748,-0.3484210901816275,0.9621482487803663,1.0034201560483211,8.379099751187514,0.3704884371072979,0.2522053833974214,0.5363040036190907,0.2114906129834879
v2vol,100,0.0,60,0.96,60,0.0,20,0.7,,,True,sym,5,0.95,,10,,,20,,,14,,True,fixed,,1.0,0.0,0.85,1.0,0.17393532201843365,-0.31451978880198017,0.8240256514257621,0.5530186913865134,0.29540814663834536,-0.27580103521891386,0.9637611566331988,1.0710915077018062,0.22118208053737698,-0.31451978880198017,0.8880540727799375,0.7032374063961742,12.369147251752997,0.24495277301253895,0.2522053833974214,0.283872427052703,0.4639221895498756
v2vol,100,0.0,60,0.96,60,0.0,20,0.7,,,True,sym,5,0.95,,10,,,20,,,14,,True,fixed,,1.0,0.0,1.0,1.0,0.18840633788848926,-0.36217934593231227,0.8044365528015566,0.5202017729738253,0.3210444034756892,-0.31639288334518023,0.9507877615990007,1.0147017217370031,0.2401941458329948,-0.36217934593231227,0.8719350452050366,0.6631911745676539,12.369147251752997,0.276925700036066,0.2522053833974214,0.283872427052703,0.4639221895498756
v2vol,100,0.0,60,0.96,60,0.0,20,0.7,,,True,sym,5,0.95,,10,,,20,,,14,75.0,False,fixed,,1.0,0.0,0.85,1.0,0.27485856307546697,-0.3072891112884687,0.976943785369474,0.8944624231004481,0.38977985691317785,-0.27351063400154896,1.0514493313542028,1.4250994603411669,0.32015419866011596,-0.3072891112884687,1.012197193768385,1.0418663951927998,9.17710925130061,0.30963886333017465,0.2522053833974214,0.5102917891879665,0.23750282741461207
v2vol,100,0.0,60,0.96,60,0.0,20,0.7,,,True,sym,5,0.95,,10,,,20,,,14,75.0,False,fixed,,1.0,0.0,1.0,1.0,0.3159607111954077,-0.3495951300613399,0.978707512778948,0.9037903678462834,0.4418246287633445,-0.32197721047907757,1.0536245054017994,1.372223295263485,0.36589862156612885,-0.3495951300613399,1.0144395554699674,1.0466353507325126,9.17710925130061,0.35891931504207575,0.2522053833974214,0.5102917891879665,0.23750282741461207
v2vol,100,0.0,60,0.96,60,0.0,20,0.7,,,True,sym,5,0.95,,10,,,20,,,14,75.0,True,fixed,,1.0,0.0,0.85,1.0,0.17227127932062358,-0.31451978880198195,0.8380199244858556,0.5477279505267747,0.32200128226442404,-0.2434767525922843,1.10357546069181,1.322513459030865,0.2294035234236269,-0.31451978880198195,0.9560779563352662,0.7293770744837195,11.5711377516399,0.23096336019372665,0.2522053833974214,0.24836009952499435,0.49943451707758424
v2vol,100,0.0,60,0.96,60,0.0,20,0.7,,,True,sym,5,0.95,,10,,,20,,,14,75.0,True,fixed,,1.0,0.0,1.0,1.0,0.1861451896860864,-0.36217934593231194,0.8180802931394566,0.5139586002810753,0.35695855094277285,-0.2548303322832859,1.1104053467805655,1.4007694756915932,0.25120195667716505,-0.36217934593231194,0.9475782197350286,0.6935844340613295,11.5711377516399,0.25887058848287986,0.2522053833974214,0.24836009952499435,0.49943451707758424
v2vol,100,0.0,60,0.96,60,0.0,20,0.7,,,True,sym,5,0.95,,10,,,20,,,14,85.0,False,fixed,,1.0,0.0,0.85,1.0,0.2741495619325258,-0.3072891112884688,0.9615788893244057,0.8921551459568865,0.3586903761366893,-0.27580103521891386,0.9610505831775493,1.3005403545783756,0.308578149410325,-0.3072891112884688,0.9645839722609,1.004194870805709,8.379099751187514,0.31888686854951936,0.2522053833974214,0.5363040036190907,0.2114906129834879
v2vol,100,0.0,60,0.96,60,0.0,20,0.7,,,True,sym,5,0.95,,10,,,20,,,14,85.0,False,fixed,,1.0,0.0,1.0,1.0,0.3143520237421673,-0.3484210901816275,0.9617379155241659,0.9022187020260444,0.39916704765106203,-0.32197721047907757,0.9541386526424096,1.2397369585789375,0.3496127446805748,-0.3484210901816275,0.9621482487803663,1.0034201560483211,8.379099751187514,0.3704884371072979,0.2522053833974214,0.5363040036190907,0.2114906129834879
v2vol,100,0.0,60,0.96,60,0.0,20,0.7,,,True,sym,5,0.95,,10,,,20,,,14,85.0,True,fixed,,1.0,0.0,0.85,1.0,0.17393532201843365,-0.31451978880198017,0.8240256514257621,0.5530186913865134,0.29540814663834536,-0.27580103521891386,0.9637611566331988,1.0710915077018062,0.22118208053737698,-0.31451978880198017,0.8880540727799375,0.7032374063961742,12.369147251752997,0.24495277301253895,0.2522053833974214,0.283872427052703,0.4639221895498756
v2vol,100,0.0,60,0.96,60,0.0,20,0.7,,,True,sym,5,0.95,,10,,,20,,,14,85.0,True,fixed,,1.0,0.0,1.0,1.0,0.18840633788848926,-0.36217934593231227,0.8044365528015566,0.5202017729738253,0.3210444034756892,-0.31639288334518023,0.9507877615990007,1.0147017217370031,0.2401941458329948,-0.36217934593231227,0.8719350452050366,0.6631911745676539,12.369147251752997,0.276925700036066,0.2522053833974214,0.283872427052703,0.4639221895498756
v2vol,100,0.0,60,0.96,60,0.0,20,0.7,,,True,sym,5,0.95,,10,,,20,,0.15,14,,False,fixed,,1.0,0.0,0.85,1.0,0.1668383970230074,-0.26171776657086643,0.7525236805193563,0.6374744795089479,0.2862677138732941,-0.31544863541153656,0.9060543132111383,0.9074939046727122,0.21333794054181499,-0.315448635411537,0.8228446134401243,0.6763000900716926,8.550101786926035,0.26168724649537894,0.5283872427052703,0.37819497851164896,0.09341777878308075
v2vol,100,0.0,60,0.96,60,0.0,20,0.7,,,True,sym,5,0.95,,10,,,20,,0.15,14,,False,fixed,,1.0,0.0,1.0,1.0,0.18661072600874684,-0.3028840871969801,0.7417451745311054,0.6161126777432347,0.3238418091718209,-0.3552678456728866,0.9069692213093355,0.9115426941001543,0.24000093547589807,-0.3552678456728863,0.8171789684695556,0.6755492747206836,8.550101786926035,0.305502785098024,0.5283872427052703,0.37819497851164896,0.09341777878308075
v2vol,100,0.0,60,0.96,60,0.0,20,0.7,,,True,sym,5,0.95,,10,,,20,,0.15,14,,True,fixed,,1.0,0.0,0.85,1.0,0.11982993455287039,-0.21535541425242577,0.6683762139496763,0.5564287063264333,0.23652328914946374,-0.3465557422578954,0.8542989993456209,0.6824971002022839,0.16518778542327728,-0.346555742257896,0.7546570909667473,0.4766557447498581,10.773128251526803,0.2176011242339612,0.5297444017190681,0.2449672019904999,0.22528839629043204
v2vol,100,0.0,60,0.96,60,0.0,20,0.7,,,True,sym,5,0.95,,10,,,20,,0.15,14,,True,fixed,,1.0,0.0,1.0,1.0,0.12931999075585043,-0.25270973546368525,0.6468207265557978,0.5117333153729406,0.2605491865563041,-0.3972667243776443,0.8444709515123519,0.6558545444863999,0.18035088792427856,-0.3972667243776433,0.7387222374686152,0.4539793465128891,10.773128251526803,0.2503111538998963,0.5297444017190681,0.2449672019904999,0.22528839629043204
v2vol,100,0.0,60,0.96,60,0.0,20,0.7,,,True,sym,5,0.95,,10,,,20,,0.15,14,75.0,False,fixed,,1.0,0.0,0.85,1.0,0.1810808490001996,-0.26171776657086643,0.8248641509739468,0.6918936049806446,0.3058902952554159,-0.21869684669765554,1.008668375855292,1.3986954996123182,0.2295300765247381,-0.26171776657086643,0.9080613551250566,0.8770137370960152,9.120108572721103,0.2477032866103018,0.5306491743949333,0.3492422528839629,0.12010857272110383
v2vol,100,0.0,60,0.96,60,0.0,20,0.7,,,True,sym,5,0.95,,10,,,20,,0.15,14,75.0,False,fixed,,1.0,0.0,1.0,1.0,0.20580496606141074,-0.3028840871969801,0.8203039884907715,0.6794842474757211,0.350032048580762,-0.25405155409525193,1.0154981188615224,1.3777992810448383,0.261729650985572,-0.3028840871969801,0.9083069283846302,0.8641247990534299,9.120108572721103,0.28811490164944115,0.5306491743949333,0.3492422528839629,0.12010857272110383
v2vol,100,0.0,60,0.96,60,0.0,20,0.7,,,True,sym,5,0.95,,10,,,20,,0.15,14,75.0,True,fixed,,1.0,0.0,0.85,1.0,0.11547906765324822,-0.21535541425242577,0.6700730321794476,0.5362255137820268,0.24656491789121726,-0.22576693559918637,0.968367697532236,1.0921214713608658,0.16587168781345984,-0.2257669355991866,0.8048722320672608,0.734703190142682,10.146120787152228,0.20010566860380286,0.5329111060845962,0.20787152228002714,0.2592173716353766
v2vol,100,0.0,60,0.96,60,0.0,20,0.7,,,True,sym,5,0.95,,10,,,20,,0.15,14,75.0,True,fixed,,1.0,0.0,1.0,1.0,0.12367057544919602,-0.25270973546368525,0.6455609225460257,0.4893779625160807,0.27481424646522146,-0.25405155409525115,0.9689026389523521,1.081726295451772,0.18161161868077258,-0.2540515540952507,0.7911596355955409,0.7148612781667202,10.146120787152228,0.22818945307666064,0.5329111060845962,0.20787152228002714,0.2592173716353766
v2vol,100,0.0,60,0.96,60,0.0,20,0.7,,,True,sym,5,0.95,,10,,,20,,0.15,14,85.0,False,fixed,,1.0,0.0,0.85,1.0,0.1668383970230074,-0.26171776657086643,0.7525236805193563,0.6374744795089479,0.2862677138732941,-0.31544863541153656,0.9060543132111383,0.9074939046727122,0.21333794054181499,-0.315448635411537,0.8228446134401243,0.6763000900716926,8.550101786926035,0.26168724649537894,0.5283872427052703,0.37819497851164896,0.09341777878308075
v2vol,100,0.0,60,0.96,60,0.0,20,0.7,,,True,sym,5,0.95,,10,,,20,,0.15,14,85.0,False,fixed,,1.0,0.0,1.0,1.0,0.18661072600874684,-0.3028840871969801,0.7417451745311054,0.6161126777432347,0.3238418091718209,-0.3552678456728866,0.9069692213093355,0.9115426941001543,0.24000093547589807,-0.3552678456728863,0.8171789684695556,0.6755492747206836,8.550101786926035,0.305502785098024,0.5283872427052703,0.37819497851164896,0.09341777878308075
v2vol,100,0.0,60,0.96,60,0.0,20,0.7,,,True,sym,5,0.95,,10,,,20,,0.15,14,85.0,True,fixed,,1.0,0.0,0.85,1.0,0.11982993455287039,-0.21535541425242577,0.6683762139496763,0.5564287063264333,0.23652328914946374,-0.3465557422578954,0.8542989993456209,0.6824971002022839,0.16518778542327728,-0.346555742257896,0.7546570909667473,0.4766557447498581,10.773128251526803,0.2176011242339612,0.5297444017190681,0.2449672019904999,0.22528839629043204
v2vol,100,0.0,60,0.96,60,0.0,20,0.7,,,True,sym,5,0.95,,10,,,20,,0.15,14,85.0,True,fixed,,1.0,0.0,1.0,1.0,0.12931999075585043,-0.25270973546368525,0.6468207265557978,0.5117333153729406,0.2605491865563041,-0.3972667243776443,0.8444709515123519,0.6558545444863999,0.18035088792427856,-0.3972667243776433,0.7387222374686152,0.4539793465128891,10.773128251526803,0.2503111538998963,0.5297444017190681,0.2449672019904999,0.22528839629043204
v2vol,100,0.0,60,0.96,60,0.0,20,0.7,,,True,sym,5,0.95,,10,,,20,,0.25,14,,False,fixed,,1.0,0.0,0.85,1.0,0.06386823261844587,-0.3120380809259399,0.4024132185343077,0.20468089160439545,0.18934924440502043,-0.3498408030955634,0.7347037704732641,0.5412440250810232,0.1120902118989402,-0.3498408030955633,0.5538656696363317,0.3204034832618463,7.6380909296539246,0.20901448398419153,0.6817462112644198,0.2569554399457136,0.06129834878986654
v2vol,100,0.0,60,0.96,60,0.0,20,0.7,,,True,sym,5,0.95,,10,,,20,,0.25,14,,False,fixed,,1.0,0.0,1.0,1.0,0.06986162190939482,-0.37400135741109797,0.39952628378181676,0.1867951025445176,0.20838647254528309,-0.40268587232263275,0.725802767654199,0.5174913918468026,0.12316060123442729,-0.4026858723226324,0.5481662787645133,0.30584783251534303,7.6380909296539246,0.2439285088121263,0.6817462112644198,0.2569554399457136,0.06129834878986654
v2vol,100,0.0,60,0.96,60,0.0,20,0.7,,,True,sym,5,0.95,,10,,,20,,0.25,14,,True,fixed,,1.0,0.0,0.85,1.0,0.055995655994429905,-0.29337196736065996,0.38091679918532223,0.19086914301389624,0.18657685653990663,-0.36437390920589374,0.7597078778129399,0.5120477943838706,0.10596513895241122,-0.36437390920589163,0.5548576359351611,0.29081428794764497,8.607102465505541,0.19271934204260194,0.6819724044333861,0.20040714770413934,0.11762044786247455
v2vol,100,0.0,60,0.96,60,0.0,20,0.7,,,True,sym,5,0.95,,10,,,20,,0.25,14,,True,fixed,,1.0,0.0,1.0,1.0,0.06035568984523154,-0.35315388800757763,0.3746004739779371,0.17090478653865618,0.20626026324091096,-0.4183367779738376,0.7538571095348439,0.49304836223080123,0.11616678326705032,-0.4183367779738386,0.548602301159946,0.27768723522155875,8.607102465505541,0.22354112695713194,0.6819724044333861,0.20040714770413934,0.11762044786247455
v2vol,100,0.0,60,0.96,60,0.0,20,0.7,,,True,sym,5,0.95,,10,,,20,,0.25,14,75.0,False,fixed,,1.0,0.0,0.85,1.0,0.0762575546153288,-0.3061111510955834,0.4813361236478583,0.24911720576790528,0.16940237934970703,-0.217104281361427,0.7242505673524463,0.7802811546940078,0.11020325272795772,-0.3061111510955834,0.5799192504970447,0.36001057894668687,8.037095679710472,0.18997502802777894,0.6921510970368695,0.2200859534042072,0.08776294955892332
v2vol,100,0.0,60,0.96,60,0.0,20,0.7,,,True,sym,5,0.95,,10,,,20,,0.25,14,75.0,False,fixed,,1.0,0.0,1.0,1.0,0.08646683761727547,-0.3644363981385099,0.48603447971002334,0.23726180496497049,0.18718723777323998,-0.2515960634045702,0.721512719531757,0.7439990723234812,0.12310579808908506,-0.3644363981385099,0.5810533871008337,0.3377977576276471,8.037095679710472,0.22030887541872166,0.6921510970368695,0.2200859534042072,0.08776294955892332
v2vol,100,0.0,60,0.96,60,0.0,20,0.7,,,True,sym,5,0.95,,10,,,20,,0.25,14,75.0,True,fixed,,1.0,0.0,0.85,1.0,0.051482820399824325,-0.27813783926236657,0.3670408486723314,0.1850982251690707,0.15210220954678322,-0.2346044668644086,0.7022713408238704,0.6483346697515858,0.08805249549624272,-0.27813783926236657,0.5031856385101492,0.3165786278118853,8.037095679710472,0.1725375699601837,0.693282062881701,0.15788283193847547,0.14883510517982357
v2vol,100,0.0,60,0.96,60,0.0,20,0.7,,,True,sym,5,0.95,,10,,,20,,0.25,14,75.0,True,fixed,,1.0,0.0,1.0,1.0,0.05459892873121852,-0.33465419380206873,0.35694748731778453,0.16315028988852615,0.1669235309810826,-0.2578830542378726,0.7009439297141895,0.6472838297746835,0.09529254266879161,-0.33465419380206873,0.4955104575505091,0.28474928578110814,8.037095679710472,0.1983430635589496,0.693282062881701,0.15788283193847547,0.14883510517982357
v2vol,100,0.0,60,0.96,60,0.0,20,0.7,,,True,sym,5,0.95,,10,,,20,,0.25,14,85.0,False,fixed,,1.0,0.0,0.85,1.0,0.06386823261844587,-0.3120380809259399,0.4024132185343077,0.20468089160439545,0.18934924440502043,-0.3498408030955634,0.7347037704732641,0.5412440250810232,0.1120902118989402,-0.3498408030955633,0.5538656696363317,0.3204034832618463,7.6380909296539246,0.20901448398419153,0.6817462112644198,0.2569554399457136,0.06129834878986654
v2vol,100,0.0,60,0.96,60,0.0,20,0.7,,,True,sym,5,0.95,,10,,,20,,0.25,14,85.0,False,fixed,,1.0,0.0,1.0,1.0,0.06986162190939482,-0.37400135741109797,0.39952628378181676,0.1867951025445176,0.20838647254528309,-0.40268587232263275,0.725802767654199,0.5174913918468026,0.12316060123442729,-0.4026858723226324,0.5481662787645133,0.30584783251534303,7.6380909296539246,0.2439285088121263,0.6817462112644198,0.2569554399457136,0.06129834878986654
v2vol,100,0.0,60,0.96,60,0.0,20,0.7,,,True,sym,5,0.95,,10,,,20,,0.25,14,85.0,True,fixed,,1.0,0.0,0.85,1.0,0.055995655994429905,-0.29337196736065996,0.38091679918532223,0.19086914301389624,0.18657685653990663,-0.36437390920589374,0.7597078778129399,0.5120477943838706,0.10596513895241122,-0.36437390920589163,0.5548576359351611,0.29081428794764497,8.607102465505541,0.19271934204260194,0.6819724044333861,0.20040714770413934,0.11762044786247455
v2vol,100,0.0,60,0.96,60,0.0,20,0.7,,,True,sym,5,0.95,,10,,,20,,0.25,14,85.0,True,fixed,,1.0,0.0,1.0,1.0,0.06035568984523154,-0.35315388800757763,0.3746004739779371,0.17090478653865618,0.20626026324091096,-0.4183367779738376,0.7538571095348439,0.49304836223080123,0.11616678326705032,-0.4183367779738386,0.548602301159946,0.27768723522155875,8.607102465505541,0.22354112695713194,0.6819724044333861,0.20040714770413934,0.11762044786247455
v2vol,100,0.0,60,0.96,60,0.0,20,0.7,,,True,sym,5,0.95,,10,,,20,0.2,,14,,False,fixed,,1.0,0.0,0.85,1.0,0.17458178999832286,-0.2974799823774886,0.7867934120642978,0.5868690343566931,0.30107852148210057,-0.2758010352189141,0.943067786270787,1.0916511652797922,0.22359969363683185,-0.2974799823774886,0.8579301701423339,0.751646184223226,10.374123501470255,0.2603909987388365,0.2510744175525899,0.31531327753901833,0.43361230490839175
v2vol,100,0.0,60,0.96,60,0.0,20,0.7,,,True,sym,5,0.95,,10,,,20,0.2,,14,,False,fixed,,1.0,0.0,1.0,1.0,0.1878742439900385,-0.31976164040713795,0.7624107198894258,0.5875446590492429,0.3273086085538759,-0.31639288334518,0.9277153075417965,1.0345005396242968,0.242041406945827,-0.31976164040713795,0.8379214303757165,0.7569432238264936,10.374123501470255,0.2966904742858494,0.2510744175525899,0.31531327753901833,0.43361230490839175
v2vol,100,0.0,60,0.96,60,0.0,20,0.7,,,True,sym,5,0.95,,10,,,20,0.2,,14,,True,fixed,,1.0,0.0,0.85,1.0,0.1640234806454226,-0.2689169079356548,0.8525449105368507,0.6099411223509582,0.2693971446022847,-0.2758010352189143,0.948474186020798,0.9767807593196792,0.20553866160557832,-0.27580103521891397,0.8975983719647288,0.7452425312415318,10.773128251526803,0.22193259178828914,0.2510744175525899,0.20108572721103823,0.5478398552363719
v2vol,100,0.0,60,0.96,60,0.0,20,0.7,,,True,sym,5,0.95,,10,,,20,0.2,,14,,True,fixed,,1.0,0.0,1.0,1.0,0.17596095302567405,-0.2834669628684071,0.8333695009529337,0.6207458930844079,0.28784153833775417,-0.31639288334518023,0.9309673248778441,0.9097598381305027,0.22037603192263977,-0.31639288334518023,0.8799645427677487,0.6965265134684226,10.773128251526803,0.2470975491634023,0.2510744175525899,0.20108572721103823,0.5478398552363719
v2vol,100,0.0,60,0.96,60,0.0,20,0.7,,,True,sym,5,0.95,,10,,,20,0.2,,14,75.0,False,fixed,,1.0,0.0,0.85,1.0,0.18862407496870404,-0.2974799823774893,0.8564615117178722,0.6340731684236427,0.32060808341870817,-0.22947898364777664,1.0446587797585711,1.397113052892042,0.23962440895296666,-0.2974799823774893,0.9413429904229244,0.8055143981045878,10.83012893010631,0.24758527892018703,0.2510744175525899,0.28726532458719745,0.46166025786021264
v2vol,100,0.0,60,0.96,60,0.0,20,0.7,,,True,sym,5,0.95,,10,,,20,0.2,,14,75.0,False,fixed,,1.0,0.0,1.0,1.0,0.20653271687979458,-0.31976164040713917,0.839966554568859,0.6458958510996662,0.354272807852243,-0.2640624828077266,1.0421132259922992,1.3416249218189842,0.26368737881468474,-0.31976164040713917,0.9310611588852749,0.8246373094625815,10.83012893010631,0.2803177845149578,0.2510744175525899,0.28726532458719745,0.46166025786021264
v2vol,100,0.0,60,0.96,60,0.0,20,0.7,,,True,sym,5,0.95,,10,,,20,0.2,,14,75.0,True,fixed,,1.0,0.0,0.85,1.0,0.1652319999602161,-0.2689169079356555,0.8841171493756914,0.6144351473792479,0.29687077832459696,-0.2434767525922864,1.1171709602594844,1.219298249889678,0.2160186747329551,-0.2689169079356555,0.9894274608372899,0.8032915311693325,9.975118751413707,0.20668936468278076,0.2510744175525899,0.16647817235919476,0.5824474100882153
v2vol,100,0.0,60,0.96,60,0.0,20,0.7,,,True,sym,5,0.95,,10,,,20,0.2,,14,75.0,True,fixed,,1.0,0.0,1.0,1.0,0.17738893669380085,-0.283466962868406,0.8679627832257317,0.6257834595566263,0.3246982986265927,-0.25483033228328533,1.1292492573766684,1.274174450573795,0.23425700173293307,-0.283466962868406,0.9857407739562055,0.8263996599902977,9.975118751413707,0.2270822320866959,0.2510744175525899,0.16647817235919476,0.5824474100882153
v2vol,100,0.0,60,0.96,60,0.0,20,0.7,,,True,sym,5,0.95,,10,,,20,0.2,,14,85.0,False,fixed,,1.0,0.0,0.85,1.0,0.17458178999832286,-0.2974799823774886,0.7867934120642978,0.5868690343566931,0.30107852148210057,-0.2758010352189141,0.943067786270787,1.0916511652797922,0.22359969363683185,-0.2974799823774886,0.8579301701423339,0.751646184223226,10.374123501470255,0.2603909987388365,0.2510744175525899,0.31531327753901833,0.43361230490839175
v2vol,100,0.0,60,0.96,60,0.0,20,0.7,,,True,sym,5,0.95,,10,,,20,0.2,,14,85.0,False,fixed,,1.0,0.0,1.0,1.0,0.1878742439900385,-0.31976164040713795,0.7624107198894258,0.5875446590492429,0.3273086085538759,-0.31639288334518,0.9277153075417965,1.0345005396242968,0.242041406945827,-0.31976164040713795,0.8379214303757165,0.7569432238264936,10.374123501470255,0.2966904742858494,0.2510744175525899,0.31531327753901833,0.43361230490839175
v2vol,100,0.0,60,0.96,60,0.0,20,0.7,,,True,sym,5,0.95,,10,,,20,0.2,,14,85.0,True,fixed,,1.0,0.0,0.85,1.0,0.1640234806454226,-0.2689169079356548,0.8525449105368507,0.6099411223509582,0.2693971446022847,-0.2758010352189143,0.948474186020798,0.9767807593196792,0.20553866160557832,-0.27580103521891397,0.8975983719647288,0.7452425312415318,10.773128251526803,0.22193259178828914,0.2510744175525899,0.20108572721103823,0.5478398552363719
v2vol,100,0.0,60,0.96,60,0.0,20,0.7,,,True,sym,5,0.95,,10,,,20,0.2,,14,85.0,True,fixed,,1.0,0.0,1.0,1.0,0.17596095302567405,-0.2834669628684071,0.8333695009529337,0.6207458930844079,0.28784153833775417,-0.31639288334518023,0.9309673248778441,0.9097598381305027,0.22037603192263977,-0.31639288334518023,0.8799645427677487,0.6965265134684226,10.773128251526803,0.2470975491634023,0.2510744175525899,0.20108572721103823,0.5478398552363719
v2vol,100,0.0,60,0.96,60,0.0,20,0.7,,,True,sym,5,0.95,,10,,,20,0.2,0.15,14,,False,fixed,,1.0,0.0,0.85,1.0,0.14887935424800158,-0.26171776657086643,0.6963741849810389,0.5688545955388508,0.2689508151570106,-0.3154486354115368,0.8798624503909998,0.8525978082172878,0.19553747618732675,-0.31544863541153656,0.7799997582862939,0.6198710478878032,8.379099751187514,0.25489186825243954,0.5351730377742592,0.36145668400814296,0.10337027821759782
v2vol,100,0.0,60,0.96,60,0.0,20,0.7,,,True,sym,5,0.95,,10,,,20,0.2,0.15,14,,False,fixed,,1.0,0.0,1.0,1.0,0.1641135814303376,-0.3028840871969801,0.6813377465202823,0.5418362613536928,0.2995448342316567,-0.3552678456728865,0.872128448161956,0.8431521115126842,0.21677236228082442,-0.35526784567288616,0.768173113864703,0.6101660055112844,8.379099751187514,0.29714469160017276,0.5351730377742592,0.36145668400814296,0.10337027821759782
v2vol,100,0.0,60,0.96,60,0.0,20,0.7,,,True,sym,5,0.95,,10,,,20,0.2,0.15,14,,True,fixed,,1.0,0.0,0.85,1.0,0.1147451872500842,-0.21535541425242521,0.6520738932415633,0.5328177498968638,0.23215091012935374,-0.363091583118912,0.850230282621041,0.639372877044425,0.1603346177255216,-0.36309158311891165,0.7440880064918479,0.4415817528687036,10.602126215788283,0.21405295635132324,0.5367563899570233,0.23184799819045465,0.23139561185252205
v2vol,100,0.0,60,0.96,60,0.0,20,0.7,,,True,sym,5,0.95,,10,,,20,0.2,0.15,14,,True,fixed,,1.0,0.0,1.0,1.0,0.12316147748984063,-0.2527097354636847,0.6290524415314156,0.48736340633595965,0.253761965406579,-0.41676918431482257,0.8357249283168354,0.608878906975258,0.17394452024378304,-0.41676918431482224,0.7253146768607617,0.4173641593241873,10.602126215788283,0.2459369762683734,0.5367563899570233,0.23184799819045465,0.23139561185252205
v2vol,100,0.0,60,0.96,60,0.0,20,0.7,,,True,sym,5,0.95,,10,,,20,0.2,0.15,14,75.0,False,fixed,,1.0,0.0,0.85,1.0,0.16290259780273186,-0.26171776657086643,0.7686691571743964,0.6224361453834355,0.28864816978585384,-0.21869684669765588,0.9884483777314786,1.319855197477558,0.21161122904852636,-0.26171776657086643,0.8671049178504375,0.8085474357402003,8.949106536982583,0.24045874538784143,0.5383397421397874,0.33159918570459174,0.1300610721556209
v2vol,100,0.0,60,0.96,60,0.0,20,0.7,,,True,sym,5,0.95,,10,,,20,0.2,0.15,14,75.0,False,fixed,,1.0,0.0,1.0,1.0,0.18294391478295924,-0.3028840871969801,0.7598123238778329,0.6040063592511613,0.32567465388580774,-0.2540515540952516,0.9866743499235795,1.281923486142905,0.23824082504689104,-0.3028840871969801,0.8611358409624854,0.7865742543679806,8.949106536982583,0.27917256359992987,0.5383397421397874,0.33159918570459174,0.1300610721556209
v2vol,100,0.0,60,0.96,60,0.0,20,0.7,,,True,sym,5,0.95,,10,,,20,0.2,0.15,14,75.0,True,fixed,,1.0,0.0,0.85,1.0,0.11314480942046767,-0.21535541425242521,0.6654879091677368,0.5253864167438432,0.24248383908401916,-0.24535941742235934,0.9700713979336774,0.9882801387101837,0.16291685897642028,-0.245359417422359,0.8029366476242419,0.6639926874947579,9.975118751413707,0.1965490252855362,0.5408278669984167,0.1954308979868808,0.26374123501470254
v2vol,100,0.0,60,0.96,60,0.0,20,0.7,,,True,sym,5,0.95,,10,,,20,0.2,0.15,14,75.0,True,fixed,,1.0,0.0,1.0,1.0,0.12103287454123701,-0.2527097354636847,0.6408933519431986,0.47894029218605183,0.2683523050683241,-0.271329595250028,0.9662038215477734,0.9890270348910507,0.17763450266550418,-0.27132959525002665,0.7872263996768475,0.6546816336117567,9.975118751413707,0.22378049342426012,0.5408278669984167,0.1954308979868808,0.26374123501470254
v2vol,100,0.0,60,0.96,60,0.0,20,0.7,,,True,sym,5,0.95,,10,,,20,0.2,0.15,14,85.0,False,fixed,,1.0,0.0,0.85,1.0,0.14887935424800158,-0.26171776657086643,0.6963741849810389,0.5688545955388508,0.2689508151570106,-0.3154486354115368,0.8798624503909998,0.8525978082172878,0.19553747618732675,-0.31544863541153656,0.7799997582862939,0.6198710478878032,8.379099751187514,0.25489186825243954,0.5351730377742592,0.36145668400814296,0.10337027821759782
v2vol,100,0.0,60,0.96,60,0.0,20,0.7,,,True,sym,5,0.95,,10,,,20,0.2,0.15,14,85.0,False,fixed,,1.0,0.0,1.0,1.0,0.1641135814303376,-0.3028840871969801,0.6813377465202823,0.5418362613536928,0.2995448342316567,-0.3552678456728865,0.872128448161956,0.8431521115126842,0.21677236228082442,-0.35526784567288616,0.768173113864703,0.6101660055112844,8.379099751187514,0.29714469160017276,0.5351730377742592,0.36145668400814296,0.10337027821759782
v2vol,100,0.0,60,0.96,60,0.0,20,0.7,,,True,sym,5,0.95,,10,,,20,0.2,0.15,14,85.0,True,fixed,,1.0,0.0,0.85,1.0,0.1147451872500842,-0.21535541425242521,0.6520738932415633,0.5328177498968638,0.23215091012935374,-0.363091583118912,0.850230282621041,0.639372877044425,0.1603346177255216,-0.36309158311891165,0.7440880064918479,0.4415817528687036,10.602126215788283,0.21405295635132324,0.5367563899570233,0.23184799819045465,0.23139561185252205
v2vol,100,0.0,60,0.96,60,0.0,20,0.7,,,True,sym,5,0.95,,10,,,20,0.2,0.15,14,85.0,True,fixed,,1.0,0.0,1.0,1.0,0.12316147748984063,-0.2527097354636847,0.6290524415314156,0.48736340633595965,0.253761965406579,-0.41676918431482257,0.8357249283168354,0.608878906975258,0.17394452024378304,-0.41676918431482224,0.7253146768607617,0.4173641593241873,10.602126215788283,0.2459369762683734,0.5367563899570233,0.23184799819045465,0.23139561185252205
v2vol,100,0.0,60,0.96,60,0.0,20,0.7,,,True,sym,5,0.95,,10,,,20,0.2,0.25,14,,False,fixed,,1.0,0.0,0.85,1.0,0.06386823261844587,-0.3120380809259399,0.4024132185343077,0.20468089160439545,0.18934924440502043,-0.3498408030955634,0.7347037704732641,0.5412440250810232,0.1120902118989402,-0.3498408030955633,0.5538656696363317,0.3204034832618463,7.6380909296539246,0.20901448398419153,0.6817462112644198,0.2569554399457136,0.06129834878986654
v2vol,100,0.0,60,0.96,60,0.0,20,0.7,,,True,sym,5,0.95,,10,,,20,0.2,0.25,14,,False,fixed,,1.0,0.0,1.0,1.0,0.06986162190939482,-0.37400135741109797,0.39952628378181676,0.1867951025445176,0.20838647254528309,-0.40268587232263275,0.725802767654199,0.5174913918468026,0.12316060123442729,-0.4026858723226324,0.5481662787645133,0.30584783251534303,7.6380909296539246,0.2439285088121263,0.6817462112644198,0.2569554399457136,0.06129834878986654
v2vol,100,0.0,60,0.96,60,0.0,20,0.7,,,True,sym,5,0.95,,10,,,20,0.2,0.25,14,,True,fixed,,1.0,0.0,0.85,1.0,0.055995655994429905,-0.29337196736065996,0.38091679918532223,0.19086914301389624,0.18657685653990663,-0.36437390920589374,0.7597078778129399,0.5120477943838706,0.10596513895241122,-0.36437390920589163,0.5548576359351611,0.29081428794764497,8.607102465505541,0.19271934204260194,0.6819724044333861,0.20040714770413934,0.11762044786247455
v2vol,100,0.0,60,0.96,60,0.0,20,0.7,,,True,sym,5,0.95,,10,,,20,0.2,0.25,14,,True,fixed,,1.0,0.0,1.0,1.0,0.06035568984523154,-0.35315388800757763,0.3746004739779371,0.17090478653865618,0.20626026324091096,-0.4183367779738376,0.7538571095348439,0.49304836223080123,0.11616678326705032,-0.4183367779738386,0.548602301159946,0.27768723522155875,8.607102465505541,0.22354112695713194,0.6819724044333861,0.20040714770413934,0.11762044786247455
v2vol,100,0.0,60,0.96,60,0.0,20,0.7,,,True,sym,5,0.95,,10,,,20,0.2,0.25,14,75.0,False,fixed,,1.0,0.0,0.85,1.0,0.0762575546153288,-0.3061111510955834,0.4813361236478583,0.24911720576790528,0.16940237934970703,-0.217104281361427,0.7242505673524463,0.7802811546940078,0.11020325272795772,-0.3061111510955834,0.5799192504970447,0.36001057894668687,8.037095679710472,0.18997502802777894,0.6921510970368695,0.2200859534042072,0.08776294955892332
v2vol,100,0.0,60,0.96,60,0.0,20,0.7,,,True,sym,5,0.95,,10,,,20,0.2,0.25,14,75.0,False,fixed,,1.0,0.0,1.0,1.0,0.08646683761727547,-0.3644363981385099,0.48603447971002334,0.23726180496497049,0.18718723777323998,-0.2515960634045702,0.721512719531757,0.7439990723234812,0.12310579808908506,-0.3644363981385099,0.5810533871008337,0.3377977576276471,8.037095679710472,0.22030887541872166,0.6921510970368695,0.2200859534042072,0.08776294955892332
v2vol,100,0.0,60,0.96,60,0.0,20,0.7,,,True,sym,5,0.95,,10,,,20,0.2,0.25,14,75.0,True,fixed,,1.0,0.0,0.85,1.0,0.051482820399824325,-0.27813783926236657,0.3670408486723314,0.1850982251690707,0.15210220954678322,-0.2346044668644086,0.7022713408238704,0.6483346697515858,0.08805249549624272,-0.27813783926236657,0.5031856385101492,0.3165786278118853,8.037095679710472,0.1725375699601837,0.693282062881701,0.15788283193847547,0.14883510517982357
v2vol,100,0.0,60,0.96,60,0.0,20,0.7,,,True,sym,5,0.95,,10,,,20,0.2,0.25,14,75.0,True,fixed,,1.0,0.0,1.0,1.0,0.05459892873121852,-0.33465419380206873,0.35694748731778453,0.16315028988852615,0.1669235309810826,-0.2578830542378726,0.7009439297141895,0.6472838297746835,0.09529254266879161,-0.33465419380206873,0.4955104575505091,0.28474928578110814,8.037095679710472,0.1983430635589496,0.693282062881701,0.15788283193847547,0.14883510517982357
v2vol,100,0.0,60,0.96,60,0.0,20,0.7,,,True,sym,5,0.95,,10,,,20,0.2,0.25,14,85.0,False,fixed,,1.0,0.0,0.85,1.0,0.06386823261844587,-0.3120380809259399,0.4024132185343077,0.20468089160439545,0.18934924440502043,-0.3498408030955634,0.7347037704732641,0.5412440250810232,0.1120902118989402,-0.3498408030955633,0.5538656696363317,0.3204034832618463,7.6380909296539246,0.20901448398419153,0.6817462112644198,0.2569554399457136,0.06129834878986654
v2vol,100,0.0,60,0.96,60,0.0,20,0.7,,,True,sym,5,0.95,,10,,,20,0.2,0.25,14,85.0,False,fixed,,1.0,0.0,1.0,1.0,0.06986162190939482,-0.37400135741109797,0.39952628378181676,0.1867951025445176,0.20838647254528309,-0.40268587232263275,0.725802767654199,0.5174913918468026,0.12316060123442729,-0.4026858723226324,0.5481662787645133,0.30584783251534303,7.6380909296539246,0.2439285088121263,0.6817462112644198,0.2569554399457136,0.06129834878986654
v2vol,100,0.0,60,0.96,60,0.0,20,0.7,,,True,sym,5,0.95,,10,,,20,0.2,0.25,14,85.0,True,fixed,,1.0,0.0,0.85,1.0,0.055995655994429905,-0.29337196736065996,0.38091679918532223,0.19086914301389624,0.18657685653990663,-0.36437390920589374,0.7597078778129399,0.5120477943838706,0.10596513895241122,-0.36437390920589163,0.5548576359351611,0.29081428794764497,8.607102465505541,0.19271934204260194,0.6819724044333861,0.20040714770413934,0.11762044786247455
v2vol,100,0.0,60,0.96,60,0.0,20,0.7,,,True,sym,5,0.95,,10,,,20,0.2,0.25,14,85.0,True,fixed,,1.0,0.0,1.0,1.0,0.06035568984523154,-0.35315388800757763,0.3746004739779371,0.17090478653865618,0.20626026324091096,-0.4183367779738376,0.7538571095348439,0.49304836223080123,0.11616678326705032,-0.4183367779738386,0.548602301159946,0.27768723522155875,8.607102465505541,0.22354112695713194,0.6819724044333861,0.20040714770413934,0.11762044786247455
v2vol,100,0.0,60,0.96,60,0.0,20,0.7,,,True,sym,5,0.95,,10,,,20,0.3,,14,,False,fixed,,1.0,0.0,0.85,1.0,0.17095180512691233,-0.23043400772248668,0.8705374131499823,0.7418688188281254,0.2829659843309771,-0.27580103521891397,0.9641921254177791,1.0259786882466775,0.21484620645446362,-0.27580103521891397,0.9134132091400617,0.7789898478224777,9.462112644198145,0.22802369538278094,0.2510744175525899,0.210812033476589,0.5381135489708211
v2vol,100,0.0,60,0.96,60,0.0,20,0.7,,,True,sym,5,0.95,,10,,,20,0.3,,14,,False,fixed,,1.0,0.0,1.0,1.0,0.1836939682740708,-0.2661621405887882,0.8497812310302704,0.6901581414536037,0.3045169338060145,-0.31639288334518023,0.9479207798152101,0.9624645490960388,0.23130307786733906,-0.31639288334518045,0.8953185863130968,0.7310628337205375,9.462112644198145,0.25507946854026836,0.2510744175525899,0.210812033476589,0.5381135489708211
v2vol,100,0.0,60,0.96,60,0.0,20,0.7,,,True,sym,5,0.95,,10,,,20,0.3,,14,,True,fixed,,1.0,0.0,0.85,1.0,0.15284224192413753,-0.22786341591656467,0.8464099092979553,0.6707625324993057,0.2533525427640082,-0.2758010352189141,0.9239326968647896,0.9186062066914011,0.19258982097121513,-0.27580103521891386,0.8826794306380268,0.6982925963941694,9.405111965618637,0.21064061067528156,0.2510744175525899,0.15064465053155396,0.5982809319158562
v2vol,100,0.0,60,0.96,60,0.0,20,0.7,,,True,sym,5,0.95,,10,,,20,0.3,,14,,True,fixed,,1.0,0.0,1.0,1.0,0.16110185096095142,-0.2623999928936912,0.8222154031057863,0.6139552413258649,0.2667967409473213,-0.31639288334518023,0.9005196062566293,0.8432450759527665,0.20326295373163705,-0.3163928833451801,0.8596508581011593,0.6424384505193819,9.405111965618637,0.2323306595896575,0.2510744175525899,0.15064465053155396,0.5982809319158562
v2vol,100,0.0,60,0.96,60,0.0,20,0.7,,,True,sym,5,0.95,,10,,,20,0.3,,14,75.0,False,fixed,,1.0,0.0,0.85,1.0,0.1766483817832727,-0.23149002665745833,0.9289048457518694,0.7630928396093012,0.28482332696828006,-0.23264968717958534,1.044670782904923,1.2242583706911292,0.21727458235731323,-0.23264968717958556,0.9769072020092237,0.9339130647082965,9.519113322777653,0.21139630187679895,0.2510744175525899,0.17620447862474553,0.5727211038226645
v2vol,100,0.0,60,0.96,60,0.0,20,0.7,,,True,sym,5,0.95,,10,,,20,0.3,,14,75.0,False,fixed,,1.0,0.0,1.0,1.0,0.19139842134015095,-0.2670719590549737,0.9165473970355559,0.7166548746540394,0.3082050986077314,-0.24108241435189992,1.0414719681240618,1.2784221505176014,0.23510673824894224,-0.2670719590549737,0.9683683889973587,0.8803123288602088,9.519113322777653,0.23334653416807488,0.2510744175525899,0.17620447862474553,0.5727211038226645
v2vol,100,0.0,60,0.96,60,0.0,20,0.7,,,True,sym,5,0.95,,10,,,20,0.3,,14,75.0,True,fixed,,1.0,0.0,0.85,1.0,0.1546967661410581,-0.22892296228602593,0.8855934367790196,0.6757590614600447,0.25565121158811976,-0.24347675259228485,1.0146304752905764,1.0500025520556442,0.1927197650356407,-0.24347675259228552,0.9400972611271918,0.7915325097109372,8.379099751187514,0.19426373145788944,0.2510744175525899,0.11173942546935083,0.6371861569780592
v2vol,100,0.0,60,0.96,60,0.0,20,0.7,,,True,sym,5,0.95,,10,,,20,0.3,,14,75.0,True,fixed,,1.0,0.0,1.0,1.0,0.16333938335323994,-0.26372902888698324,0.866335856683919,0.6193454851844784,0.2704851110912394,-0.25483033228328567,1.0075985925353028,1.0614321641685531,0.20357490411321244,-0.26372902888698324,0.9260403749667048,0.7719093532189478,8.379099751187514,0.21058005221953244,0.2510744175525899,0.11173942546935083,0.6371861569780592
v2vol,100,0.0,60,0.96,60,0.0,20,0.7,,,True,sym,5,0.95,,10,,,20,0.3,,14,85.0,False,fixed,,1.0,0.0,0.85,1.0,0.17095180512691233,-0.23043400772248668,0.8705374131499823,0.7418688188281254,0.2829659843309771,-0.27580103521891397,0.9641921254177791,1.0259786882466775,0.21484620645446362,-0.27580103521891397,0.9134132091400617,0.7789898478224777,9.462112644198145,0.22802369538278094,0.2510744175525899,0.210812033476589,0.5381135489708211
v2vol,100,0.0,60,0.96,60,0.0,20,0.7,,,True,sym,5,0.95,,10,,,20,0.3,,14,85.0,False,fixed,,1.0,0.0,1.0,1.0,0.1836939682740708,-0.2661621405887882,0.8497812310302704,0.6901581414536037,0.3045169338060145,-0.31639288334518023,0.9479207798152101,0.9624645490960388,0.23130307786733906,-0.31639288334518045,0.8953185863130968,0.7310628337205375,9.462112644198145,0.25507946854026836,0.2510744175525899,0.210812033476589,0.5381135489708211
v2vol,100,0.0,60,0.96,60,0.0,20,0.7,,,True,sym,5,0.95,,10,,,20,0.3,,14,85.0,True,fixed,,1.0,0.0,0.85,1.0,0.15284224192413753,-0.22786341591656467,0.8464099092979553,0.6707625324993057,0.2533525427640082,-0.2758010352189141,0.9239326968647896,0.9186062066914011,0.19258982097121513,-0.27580103521891386,0.8826794306380268,0.6982925963941694,9.405111965618637,0.21064061067528156,0.2510744175525899,0.15064465053155396,0.5982809319158562
v2vol,100,0.0,60,0.96,60,0.0,20,0.7,,,True,sym,5,0.95,,10,,,20,0.3,,14,85.0,True,fixed,,1.0,0.0,1.0,1.0,0.16110185096095142,-0.2623999928936912,0.8222154031057863,0.6139552413258649,0.2667967409473213,-0.31639288334518023,0.9005196062566293,0.8432450759527665,0.20326295373163705,-0.3163928833451801,0.8596508581011593,0.6424384505193819,9.405111965618637,0.2323306595896575,0.2510744175525899,0.15064465053155396,0.5982809319158562
v2vol,100,0.0,60,0.96,60,0.0,20,0.7,,,True,sym,5,0.95,,10,,,20,0.3,0.15,14,,False,fixed,,1.0,0.0,0.85,1.0,0.13773811404731506,-0.24625418181701642,0.7084029523973385,0.5593330965224536,0.25689556845091377,-0.32882515761536213,0.9276652659627596,0.7812527797870417,0.18403196606332806,-0.32882515761536135,0.8080253564647029,0.5596651040873122,9.063107894141597,0.22515389894689813,0.5641257634019453,0.2578602126215788,0.17801402397647592
v2vol,100,0.0,60,0.96,60,0.0,20,0.7,,,True,sym,5,0.95,,10,,,20,0.3,0.15,14,,False,fixed,,1.0,0.0,1.0,1.0,0.15176678656805476,-0.2872734663418218,0.6920505258580193,0.5283007459779457,0.29044145369827756,-0.37020819200006083,0.9329059270077409,0.784535458627101,0.20550351986767978,-0.3702081920000605,0.8007400681429139,0.5551025728454064,9.063107894141597,0.2605225975061711,0.5641257634019453,0.2578602126215788,0.17801402397647592
v2vol,100,0.0,60,0.96,60,0.0,20,0.7,,,True,sym,5,0.95,,10,,,20,0.3,0.15,14,,True,fixed,,1.0,0.0,0.85,1.0,0.1112707923386671,-0.21535541425242577,0.6815906417835081,0.5166844433650627,0.20939258931416216,-0.35818764105809864,0.833227748922243,0.5845890960827381,0.1500246292611196,-0.3581876410580982,0.7540243446117278,0.4188436787431913,10.260122144311241,0.1938573992119949,0.5553042298122597,0.16489482017643067,0.27980095001130967
v2vol,100,0.0,60,0.96,60,0.0,20,0.7,,,True,sym,5,0.95,,10,,,20,0.3,0.15,14,,True,fixed,,1.0,0.0,1.0,1.0,0.12003118902985332,-0.2527097354636848,0.6617537838438178,0.47497651330928714,0.2287686389776158,-0.4031092270576817,0.8237941229191658,0.5675103014818383,0.16310510783609966,-0.4031092270576808,0.7393510645765546,0.40461764923272514,10.260122144311241,0.22060394144536705,0.5553042298122597,0.16489482017643067,0.27980095001130967
v2vol,100,0.0,60,0.96,60,0.0,20,0.7,,,True,sym,5,0.95,,10,,,20,0.3,0.15,14,75.0,False,fixed,,1.0,0.0,0.85,1.0,0.14355066351244639,-0.24625418181701653,0.7618122288889714,0.5829369574690684,0.2568006555148592,-0.20475886227271578,1.0152897011665423,1.254161371402961,0.1859039421523654,-0.24625418181701653,0.8676276432245202,0.7549270464389699,9.291110608459624,0.20681758390910854,0.5652567292467767,0.2212169192490387,0.21352635150418459
v2vol,100,0.0,60,0.96,60,0.0,20,0.7,,,True,sym,5,0.95,,10,,,20,0.3,0.15,14,75.0,False,fixed,,1.0,0.0,1.0,1.0,0.15980756511227656,-0.2872734663418224,0.7493249255143479,0.5562907258623181,0.2920040072013399,-0.2131577425235901,1.0316479780278849,1.3698963206510029,0.20885349645100915,-0.2872734663418224,0.8653305832566114,0.72701979445083,9.291110608459624,0.2374162363782366,0.5652567292467767,0.2212169192490387,0.21352635150418459
v2vol,100,0.0,60,0.96,60,0.0,20,0.7,,,True,sym,5,0.95,,10,,,20,0.3,0.15,14,75.0,True,fixed,,1.0,0.0,0.85,1.0,0.1096249445155224,-0.21535541425242644,0.7011033425014533,0.5090419709022349,0.19496224208097712,-0.23954898440622496,0.8773766464435167,0.8138721295948471,0.14200412479850844,-0.2395489844062243,0.7775347060242963,0.5927978578180885,9.405111965618637,0.17423936809423987,0.5571137751639901,0.12418004976249718,0.3187061750735128
v2vol,100,0.0,60,0.96,60,0.0,20,0.7,,,True,sym,5,0.95,,10,,,20,0.3,0.15,14,75.0,True,fixed,,1.0,0.0,1.0,1.0,0.11803180772763011,-0.252709735463685,0.681622914891116,0.4670647433153265,0.21103345503633775,-0.2542632703650246,0.8721466640471042,0.829980101858104,0.15315939369967269,-0.25426327036502505,0.7632008099765809,0.6023653887554983,9.405111965618637,0.1953936878649582,0.5571137751639901,0.12418004976249718,0.3187061750735128
v2vol,100,0.0,60,0.96,60,0.0,20,0.7,,,True,sym,5,0.95,,10,,,20,0.3,0.15,14,85.0,False,fixed,,1.0,0.0,0.85,1.0,0.13773811404731506,-0.24625418181701642,0.7084029523973385,0.5593330965224536,0.25689556845091377,-0.32882515761536213,0.9276652659627596,0.7812527797870417,0.18403196606332806,-0.32882515761536135,0.8080253564647029,0.5596651040873122,9.063107894141597,0.22515389894689813,0.5641257634019453,0.2578602126215788,0.17801402397647592
v2vol,100,0.0,60,0.96,60,0.0,20,0.7,,,True,sym,5,0.95,,10,,,20,0.3,0.15,14,85.0,False,fixed,,1.0,0.0,1.0,1.0,0.15176678656805476,-0.2872734663418218,0.6920505258580193,0.5283007459779457,0.29044145369827756,-0.37020819200006083,0.9329059270077409,0.784535458627101,0.20550351986767978,-0.3702081920000605,0.8007400681429139,0.5551025728454064,9.063107894141597,0.2605225975061711,0.5641257634019453,0.2578602126215788,0.17801402397647592
v2vol,100,0.0,60,0.96,60,0.0,20,0.7,,,True,sym,5,0.95,,10,,,20,0.3,0.15,14,85.0,True,fixed,,1.0,0.0,0.85,1.0,0.1112707923386671,-0.21535541425242577,0.6815906417835081,0.5166844433650627,0.20939258931416216,-0.35818764105809864,0.833227748922243,0.5845890960827381,0.1500246292611196,-0.3581876410580982,0.7540243446117278,0.4188436787431913,10.260122144311241,0.1938573992119949,0.5553042298122597,0.16489482017643067,0.27980095001130967
v2vol,100,0.0,60,0.96,60,0.0,20,0.7,,,True,sym,5,0.95,,10,,,20,0.3,0.15,14,85.0,True,fixed,,1.0,0.0,1.0,1.0,0.12003118902985332,-0.2527097354636848,0.6617537838438178,0.47497651330928714,0.2287686389776158,-0.4031092270576817,0.8237941229191658,0.5675103014818383,0.16310510783609966,-0.4031092270576808,0.7393510645765546,0.40461764923272514,10.260122144311241,0.22060394144536705,0.5553042298122597,0.16489482017643067,0.27980095001130967
v2vol,100,0.0,60,0.96,60,0.0,20,0.7,,,True,sym,5,0.95,,10,,,20,0.3,0.25,14,,False,fixed,,1.0,0.0,0.85,1.0,0.07117433708472598,-0.2850221826248963,0.4516393519681145,0.24971507982027852,0.1828806016126845,-0.3396317754228916,0.7256782812621689,0.5384672897139003,0.11459071888894057,-0.3396317754228909,0.5789985741140891,0.3373969315628918,6.954082786699842,0.20094013633111188,0.7039131418231169,0.23184799819045465,0.0642388599864284
v2vol,100,0.0,60,0.96,60,0.0,20,0.7,,,True,sym,5,0.95,,10,,,20,0.3,0.25,14,,False,fixed,,1.0,0.0,1.0,1.0,0.0786907331876805,-0.3419873997787787,0.44809296449658165,0.23009834057799544,0.2006201825791991,-0.3909139137982055,0.7153392251813957,0.5132080887833572,0.12623660968273098,-0.39091391379820517,0.5724318771503835,0.3229268778289021,6.954082786699842,0.23431273379215067,0.7039131418231169,0.23184799819045465,0.0642388599864284
v2vol,100,0.0,60,0.96,60,0.0,20,0.7,,,True,sym,5,0.95,,10,,,20,0.3,0.25,14,,True,fixed,,1.0,0.0,0.85,1.0,0.0474764786859021,-0.2890986083150493,0.3447489222870212,0.16422243940435693,0.1891672727319138,-0.3396317754228916,0.7865245294332344,0.556977545744572,0.10126797465777426,-0.3396317754228898,0.5492332705574998,0.29816990631009493,7.923094322551458,0.1838774678834178,0.7036869486541506,0.17575209228681293,0.12056095905903642
v2vol,100,0.0,60,0.96,60,0.0,20,0.7,,,True,sym,5,0.95,,10,,,20,0.3,0.25,14,,True,fixed,,1.0,0.0,1.0,1.0,0.051044177542231006,-0.34588476197720597,0.33967309532823686,0.14757567592872117,0.20944878275317147,-0.3909139137982055,0.7805281047337221,0.5357926012868692,0.11111600418617673,-0.39091391379820584,0.5436170939700835,0.2842467363378016,7.923094322551458,0.21294472032196432,0.7036869486541506,0.17575209228681293,0.12056095905903642
v2vol,100,0.0,60,0.96,60,0.0,20,0.7,,,True,sym,5,0.95,,10,,,20,0.3,0.25,14,75.0,False,fixed,,1.0,0.0,0.85,1.0,0.07595008267287295,-0.28703239382876056,0.49888480817153824,0.2646045683546913,0.16009789898033566,-0.22950324950921874,0.6987648617447962,0.6975844539138205,0.10669418578095358,-0.28703239382876056,0.5804781164719189,0.3717147892533893,7.2390861795973755,0.1816546063858887,0.7122822890748699,0.1958832843248134,0.09183442660031667
v2vol,100,0.0,60,0.96,60,0.0,20,0.7,,,True,sym,5,0.95,,10,,,20,0.3,0.25,14,75.0,False,fixed,,1.0,0.0,1.0,1.0,0.08567805325396405,-0.3441178620942854,0.5005066452364771,0.24897880258970392,0.1763545636380528,-0.2667709495405375,0.6958053364227641,0.6610710946667551,0.118754279571881,-0.3441178620942854,0.5798906177124176,0.34509769080032043,7.2390861795973755,0.2103139218470395,0.7122822890748699,0.1958832843248134,0.09183442660031667
v2vol,100,0.0,60,0.96,60,0.0,20,0.7,,,True,sym,5,0.95,,10,,,20,0.3,0.25,14,75.0,True,fixed,,1.0,0.0,0.85,1.0,0.03910920978233423,-0.27533423264951185,0.3042904253272844,0.14204267085131583,0.15718368390007487,-0.22950324950921963,0.7402759812312898,0.6848865287798919,0.081796794649728,-0.27533423264951185,0.4856832592846046,0.2970818189318713,7.410088215335897,0.16384075286388675,0.7127346754128026,0.13571590137977832,0.15154942320741913
v2vol,100,0.0,60,0.96,60,0.0,20,0.7,,,True,sym,5,0.95,,10,,,20,0.3,0.25,14,75.0,True,fixed,,1.0,0.0,1.0,1.0,0.040751915569851915,-0.3295338701885735,0.29471353182397053,0.12366533232693777,0.17295125701668046,-0.2667709495405377,0.7399704169980236,0.6483136837596303,0.08836070891708303,-0.3295338701885735,0.47854883326922526,0.2681384734944521,7.410088215335897,0.18781310485752195,0.7127346754128026,0.13571590137977832,0.15154942320741913
v2vol,100,0.0,60,0.96,60,0.0,20,0.7,,,True,sym,5,0.95,,10,,,20,0.3,0.25,14,85.0,False,fixed,,1.0,0.0,0.85,1.0,0.07117433708472598,-0.2850221826248963,0.4516393519681145,0.24971507982027852,0.1828806016126845,-0.3396317754228916,0.7256782812621689,0.5384672897139003,0.11459071888894057,-0.3396317754228909,0.5789985741140891,0.3373969315628918,6.954082786699842,0.20094013633111188,0.7039131418231169,0.23184799819045465,0.0642388599864284
v2vol,100,0.0,60,0.96,60,0.0,20,0.7,,,True,sym,5,0.95,,10,,,20,0.3,0.25,14,85.0,False,fixed,,1.0,0.0,1.0,1.0,0.0786907331876805,-0.3419873997787787,0.44809296449658165,0.23009834057799544,0.2006201825791991,-0.3909139137982055,0.7153392251813957,0.5132080887833572,0.12623660968273098,-0.39091391379820517,0.5724318771503835,0.3229268778289021,6.954082786699842,0.23431273379215067,0.7039131418231169,0.23184799819045465,0.0642388599864284
v2vol,100,0.0,60,0.96,60,0.0,20,0.7,,,True,sym,5,0.95,,10,,,20,0.3,0.25,14,85.0,True,fixed,,1.0,0.0,0.85,1.0,0.0474764786859021,-0.2890986083150493,0.3447489222870212,0.16422243940435693,0.1891672727319138,-0.3396317754228916,0.7865245294332344,0.556977545744572,0.10126797465777426,-0.3396317754228898,0.5492332705574998,0.29816990631009493,7.923094322551458,0.1838774678834178,0.7036869486541506,0.17575209228681293,0.12056095905903642
v2vol,100,0.0,60,0.96,60,0.0,20,0.7,,,True,sym,5,0.95,,10,,,20,0.3,0.25,14,85.0,True,fixed,,1.0,0.0,1.0,1.0,0.051044177542231006,-0.34588476197720597,0.33967309532823686,0.14757567592872117,0.20944878275317147,-0.3909139137982055,0.7805281047337221,0.5357926012868692,0.11111600418617673,-0.39091391379820584,0.5436170939700835,0.2842467363378016,7.923094322551458,0.21294472032196432,0.7036869486541506,0.17575209228681293,0.12056095905903642
v2vol,100,0.0,60,0.96,60,0.0,20,0.7,,,True,sym,5,0.95,,10,,,20,0.4,,14,,False,fixed,,1.0,0.0,0.85,1.0,0.15487944749624694,-0.212604051194071,0.8878800672944063,0.7284877528268198,0.22443995675905604,-0.27580103521891397,0.8394584698141063,0.8137748887741098,0.18166443054162107,-0.27580103521891397,0.8588208137330929,0.6586792917489486,8.664103144085049,0.2042652453433465,0.2510744175525899,0.1309658448314861,0.617959737615924
v2vol,100,0.0,60,0.96,60,0.0,20,0.7,,,True,sym,5,0.95,,10,,,20,0.4,,14,,False,fixed,,1.0,0.0,1.0,1.0,0.16360356625084838,-0.23315720054065714,0.8693226708158481,0.701687813507264,0.22906795835882,-0.31639288334518,0.8006992000273735,0.7239984538745462,0.188921295440017,-0.3163928833451801,0.8301012998482916,0.597109813098756,8.664103144085049,0.2238959156071411,0.2510744175525899,0.1309658448314861,0.617959737615924
v2vol,100,0.0,60,0.96,60,0.0,20,0.7,,,True,sym,5,0.95,,10,,,20,0.4,,14,,True,fixed,,1.0,0.0,0.85,1.0,0.14604528284428198,-0.21260405119407055,0.8864714822972379,0.6869355594309349,0.20437447525168562,-0.27580103521891386,0.7969820091680928,0.7410214217994714,0.16875402720966703,-0.27580103521891386,0.8378299812147142,0.6118687229571872,8.151097036869487,0.19372637803427278,0.2510744175525899,0.098167835331373,0.6507577471160371
v2vol,100,0.0,60,0.96,60,0.0,20,0.7,,,True,sym,5,0.95,,10,,,20,0.4,,14,,True,fixed,,1.0,0.0,1.0,1.0,0.15248729939237893,-0.2345159559185358,0.8689600305685363,0.6502214264915462,0.20361557038158984,-0.31639288334518023,0.7493100063088788,0.6435529403467906,0.1725866174782018,-0.31639288334518034,0.804974176557759,0.5454819832022333,8.151097036869487,0.20984928569778274,0.2510744175525899,0.098167835331373,0.6507577471160371
v2vol,100,0.0,60,0.96,60,0.0,20,0.7,,,True,sym,5,0.95,,10,,,20,0.4,,14,75.0,False,fixed,,1.0,0.0,0.85,1.0,0.16516486779585993,-0.21260405119406922,0.983367086329888,0.7768660421484356,0.22079385718941413,-0.2514002103612283,0.9146163476988738,0.8782564536129984,0.18691838895847646,-0.25140021036122906,0.9513751145843108,0.7435092782535834,7.923094322551458,0.18501326673920723,0.2510744175525899,0.09138204026238407,0.657543542185026
v2vol,100,0.0,60,0.96,60,0.0,20,0.7,,,True,sym,5,0.95,,10,,,20,0.4,,14,75.0,False,fixed,,1.0,0.0,1.0,1.0,0.17665311445474807,-0.23315720054065725,0.9816698491382079,0.7576566970486671,0.22558023923447434,-0.27863999282359997,0.8891094790950882,0.8095759583847089,0.1959805882882304,-0.27863999282360097,0.939782125432125,0.703346947084872,7.923094322551458,0.19808705032705626,0.2510744175525899,0.09138204026238407,0.657543542185026
v2vol,100,0.0,60,0.96,60,0.0,20,0.7,,,True,sym,5,0.95,,10,,,20,0.4,,14,75.0,True,fixed,,1.0,0.0,0.85,1.0,0.14864734434551563,-0.21260405119407033,0.9491127581520318,0.6991745618705384,0.2065543819218958,-0.2619627119396297,0.8823140358998146,0.7884877217544496,0.17120639260151949,-0.26196271193963006,0.9158443870747377,0.6535525278917346,6.783080750961321,0.17579450028199045,0.2510744175525899,0.06107215562090025,0.6878534268265099
v2vol,100,0.0,60,0.96,60,0.0,20,0.7,,,True,sym,5,0.95,,10,,,20,0.4,,14,75.0,True,fixed,,1.0,0.0,1.0,1.0,0.15552204647621415,-0.23451595591853658,0.9445866655064818,0.6631618981620064,0.20714417738861024,-0.2917075489920039,0.8496346294723766,0.7101090736403546,0.17580513005292264,-0.29170754899200235,0.8986845659364755,0.6026759700268938,6.783080750961321,0.1854834189139969,0.2510744175525899,0.06107215562090025,0.6878534268265099
v2vol,100,0.0,60,0.96,60,0.0,20,0.7,,,True,sym,5,0.95,,10,,,20,0.4,,14,85.0,False,fixed,,1.0,0.0,0.85,1.0,0.15487944749624694,-0.212604051194071,0.8878800672944063,0.7284877528268198,0.22443995675905604,-0.27580103521891397,0.8394584698141063,0.8137748887741098,0.18166443054162107,-0.27580103521891397,0.8588208137330929,0.6586792917489486,8.664103144085049,0.2042652453433465,0.2510744175525899,0.1309658448314861,0.617959737615924
v2vol,100,0.0,60,0.96,60,0.0,20,0.7,,,True,sym,5,0.95,,10,,,20,0.4,,14,85.0,False,fixed,,1.0,0.0,1.0,1.0,0.16360356625084838,-0.23315720054065714,0.8693226708158481,0.701687813507264,0.22906795835882,-0.31639288334518,0.8006992000273735,0.7239984538745462,0.188921295440017,-0.3163928833451801,0.8301012998482916,0.597109813098756,8.664103144085049,0.2238959156071411,0.2510744175525899,0.1309658448314861,0.617959737615924
v2vol,100,0.0,60,0.96,60,0.0,20,0.7,,,True,sym,5,0.95,,10,,,20,0.4,,14,85.0,True,fixed,,1.0,0.0,0.85,1.0,0.14604528284428198,-0.21260405119407055,0.8864714822972379,0.6869355594309349,0.20437447525168562,-0.27580103521891386,0.7969820091680928,0.7410214217994714,0.16875402720966703,-0.27580103521891386,0.8378299812147142,0.6118687229571872,8.151097036869487,0.19372637803427278,0.2510744175525899,0.098167835331373,0.6507577471160371
v2vol,100,0.0,60,0.96,60,0.0,20,0.7,,,True,sym,5,0.95,,10,,,20,0.4,,14,85.0,True,fixed,,1.0,0.0,1.0,1.0,0.15248729939237893,-0.2345159559185358,0.8689600305685363,0.6502214264915462,0.20361557038158984,-0.31639288334518023,0.7493100063088788,0.6435529403467906,0.1725866174782018,-0.31639288334518034,0.804974176557759,0.5454819832022333,8.151097036869487,0.20984928569778274,0.2510744175525899,0.098167835331373,0.6507577471160371
v2vol,100,0.0,60,0.96,60,0.0,20,0.7,,,True,sym,5,0.95,,10,,,20,0.4,0.15,14,,False,fixed,,1.0,0.0,0.85,1.0,0.11561475726664461,-0.215355414252427,0.7066025992976839,0.5368555866959898,0.15268189822100342,-0.30633417704326205,0.6307611065238637,0.4984161404864757,0.1305297890441346,-0.3063341770432628,0.672875650025027,0.42610259914191745,10.146120787152228,0.19103361967611207,0.5435421850260123,0.15335896855914952,0.30309884641483825
v2vol,100,0.0,60,0.96,60,0.0,20,0.7,,,True,sym,5,0.95,,10,,,20,0.4,0.15,14,,False,fixed,,1.0,0.0,1.0,1.0,0.12494254088612555,-0.2527097354636866,0.6871769928337733,0.49441126855233214,0.16105919013093728,-0.3466612794569994,0.6133178714993819,0.46460103759847626,0.13951991315981505,-0.34666127945699965,0.6538798137879726,0.4024675423178356,10.146120787152228,0.2169348795939232,0.5435421850260123,0.15335896855914952,0.30309884641483825
v2vol,100,0.0,60,0.96,60,0.0,20,0.7,,,True,sym,5,0.95,,10,,,20,0.4,0.15,14,,True,fixed,,1.0,0.0,0.85,1.0,0.10173523740896862,-0.21535541425242632,0.7102064535118315,0.4724062209539847,0.14577037021963068,-0.30633417704326205,0.6231757866075963,0.4758540872801283,0.11918351942871142,-0.3063341770432618,0.6646176587681502,0.38906373614289796,9.975118751413707,0.17332772219355466,0.5435421850260123,0.10812033476589007,0.34833748020809774
v2vol,100,0.0,60,0.96,60,0.0,20,0.7,,,True,sym,5,0.95,,10,,,20,0.4,0.15,14,,True,fixed,,1.0,0.0,1.0,1.0,0.10753695375305594,-0.25270973546368425,0.6874481872373747,0.42553546089446,0.1524381675785138,-0.3466612794569994,0.6030707081682858,0.4397323168520254,0.12530869889436547,-0.34666127945699965,0.6415993746390658,0.36147301795760245,9.975118751413707,0.19414218402362382,0.5435421850260123,0.10812033476589007,0.34833748020809774
v2vol,100,0.0,60,0.96,60,0.0,20,0.7,,,True,sym,5,0.95,,10,,,20,0.4,0.15,14,75.0,False,fixed,,1.0,0.0,0.85,1.0,0.13146270894498846,-0.21535541425242566,0.8671009130483233,0.6104453394001805,0.14967007186841985,-0.2107702408103742,0.7005285978248398,0.7101100767023132,0.1394431771915874,-0.21535541425242566,0.7990259551944426,0.6475025374943262,9.576114001357158,0.16472687039883047,0.5451255372087763,0.10857272110382267,0.346301741687401
v2vol,100,0.0,60,0.96,60,0.0,20,0.7,,,True,sym,5,0.95,,10,,,20,0.4,0.15,14,75.0,False,fixed,,1.0,0.0,1.0,1.0,0.14531553293174726,-0.25270973546368514,0.8648727498413992,0.5750294212651311,0.15808162401089199,-0.23233530549120252,0.6891451931144654,0.680402936078425,0.1512915154826011,-0.25270973546368514,0.7934390961153633,0.5986770363437066,9.576114001357158,0.18295213286784356,0.5451255372087763,0.10857272110382267,0.346301741687401
v2vol,100,0.0,60,0.96,60,0.0,20,0.7,,,True,sym,5,0.95,,10,,,20,0.4,0.15,14,75.0,True,fixed,,1.0,0.0,0.85,1.0,0.10150778900437962,-0.215355414252426,0.7604593041445932,0.47135006731429846,0.13421145782454857,-0.2107702408103742,0.6500075300716714,0.6367666389169995,0.11480443350409653,-0.215355414252426,0.7120725635273543,0.5330928590888828,8.721103822664555,0.15108557140090217,0.5451255372087763,0.06921510970368695,0.38565935308753674
v2vol,100,0.0,60,0.96,60,0.0,20,0.7,,,True,sym,5,0.95,,10,,,20,0.4,0.15,14,75.0,True,fixed,,1.0,0.0,1.0,1.0,0.1070045691853676,-0.252709735463687,0.7424597434972733,0.42342875706402516,0.13797279047761402,-0.23233530549120252,0.6282233123147769,0.5938520199756658,0.1196694508610836,-0.252709735463687,0.6920706830254573,0.4735450759010408,8.721103822664555,0.16494096039372716,0.5451255372087763,0.06921510970368695,0.38565935308753674
v2vol,100,0.0,60,0.96,60,0.0,20,0.7,,,True,sym,5,0.95,,10,,,20,0.4,0.15,14,85.0,False,fixed,,1.0,0.0,0.85,1.0,0.11561475726664461,-0.215355414252427,0.7066025992976839,0.5368555866959898,0.15268189822100342,-0.30633417704326205,0.6307611065238637,0.4984161404864757,0.1305297890441346,-0.3063341770432628,0.672875650025027,0.42610259914191745,10.146120787152228,0.19103361967611207,0.5435421850260123,0.15335896855914952,0.30309884641483825
v2vol,100,0.0,60,0.96,60,0.0,20,0.7,,,True,sym,5,0.95,,10,,,20,0.4,0.15,14,85.0,False,fixed,,1.0,0.0,1.0,1.0,0.12494254088612555,-0.2527097354636866,0.6871769928337733,0.49441126855233214,0.16105919013093728,-0.3466612794569994,0.6133178714993819,0.46460103759847626,0.13951991315981505,-0.34666127945699965,0.6538798137879726,0.4024675423178356,10.146120787152228,0.2169348795939232,0.5435421850260123,0.15335896855914952,0.30309884641483825
v2vol,100,0.0,60,0.96,60,0.0,20,0.7,,,True,sym,5,0.95,,10,,,20,0.4,0.15,14,85.0,True,fixed,,1.0,0.0,0.85,1.0,0.10173523740896862,-0.21535541425242632,0.7102064535118315,0.4724062209539847,0.14577037021963068,-0.30633417704326205,0.6231757866075963,0.4758540872801283,0.11918351942871142,-0.3063341770432618,0.6646176587681502,0.38906373614289796,9.975118751413707,0.17332772219355466,0.5435421850260123,0.10812033476589007,0.34833748020809774
v2vol,100,0.0,60,0.96,60,0.0,20,0.7,,,True,sym,5,0.95,,10,,,20,0.4,0.15,14,85.0,True,fixed,,1.0,0.0,1.0,1.0,0.10753695375305594,-0.25270973546368425,0.6874481872373747,0.42553546089446,0.1524381675785138,-0.3466612794569994,0.6030707081682858,0.4397323168520254,0.12530869889436547,-0.34666127945699965,0.6415993746390658,0.36147301795760245,9.975118751413707,0.19414218402362382,0.5435421850260123,0.10812033476589007,0.34833748020809774
v2vol,100,0.0,60,0.96,60,0.0,20,0.7,,,True,sym,5,0.95,,10,,,20,0.4,0.25,14,,False,fixed,,1.0,0.0,0.85,1.0,0.040253850656752466,-0.2908964656691435,0.30535030122004203,0.1383786171624922,0.13748648665621888,-0.31804462615488094,0.5943835699256078,0.4322867778601167,0.07561600214109299,-0.3180446261548827,0.4290281541046047,0.23775280549550673,7.752092286812938,0.17809174699325203,0.7233657543542185,0.16353766116263288,0.1130965844831486
v2vol,100,0.0,60,0.96,60,0.0,20,0.7,,,True,sym,5,0.95,,10,,,20,0.4,0.25,14,,False,fixed,,1.0,0.0,1.0,1.0,0.04326613610692065,-0.3271590409050015,0.3027405438051532,0.13224802220729098,0.14919887214431693,-0.3609794841288114,0.58863213814607,0.4133167637058205,0.08170029869409134,-0.3609794841288103,0.4247340399524142,0.2263294793366644,7.752092286812938,0.20622322093287196,0.7233657543542185,0.16353766116263288,0.1130965844831486
v2vol,100,0.0,60,0.96,60,0.0,20,0.7,,,True,sym,5,0.95,,10,,,20,0.4,0.25,14,,True,fixed,,1.0,0.0,0.85,1.0,0.030529494457415707,-0.2951659515882079,0.26016565242292483,0.10343162649060564,0.139735849173529,-0.31804462615488094,0.6237906098345863,0.439359252388313,0.07009967130014405,-0.31804462615488227,0.42191747244736766,0.2204082871879958,7.923094322551458,0.16248430254334206,0.7233657543542185,0.11920380004523863,0.15743044560054287
v2vol,100,0.0,60,0.96,60,0.0,20,0.7,,,True,sym,5,0.95,,10,,,20,0.4,0.25,14,,True,fixed,,1.0,0.0,1.0,1.0,0.03216753085979307,-0.3304846449377903,0.2559732592796544,0.09733441886792718,0.1526098924630772,-0.3609794841288114,0.6209157794788142,0.4227661104657685,0.0756723786526523,-0.36097948412881176,0.4183236553143532,0.2096306908833894,7.923094322551458,0.18660848114294962,0.7233657543542185,0.11920380004523863,0.15743044560054287
v2vol,100,0.0,60,0.96,60,0.0,20,0.7,,,True,sym,5,0.95,,10,,,20,0.4,0.25,14,75.0,False,fixed,,1.0,0.0,0.85,1.0,0.057518274980910444,-0.27584659260864586,0.4405095864157294,0.20851544489626458,0.10871344512795789,-0.2921221584029059,0.5275583484950802,0.3721506294569281,0.07751849436723379,-0.29212215840290745,0.4817083863168471,0.26536328086525,7.52408957249491,0.15367976156682633,0.7256276860438815,0.12101334539696901,0.15335896855914952
v2vol,100,0.0,60,0.96,60,0.0,20,0.7,,,True,sym,5,0.95,,10,,,20,0.4,0.25,14,75.0,False,fixed,,1.0,0.0,1.0,1.0,0.06505320775260182,-0.3080309339684776,0.4464197551505493,0.2111905025722483,0.11482634360936794,-0.3265351705967312,0.5166906982238179,0.3516507682756714,0.08454632085458047,-0.32653517059672654,0.47982229135935645,0.25891949311333395,7.52408957249491,0.17542328377208857,0.7256276860438815,0.12101334539696901,0.15335896855914952
v2vol,100,0.0,60,0.96,60,0.0,20,0.7,,,True,sym,5,0.95,,10,,,20,0.4,0.25,14,75.0,True,fixed,,1.0,0.0,0.85,1.0,0.024927033529809073,-0.27997049982918387,0.23098018968599549,0.08903450022419362,0.11435065363169272,-0.2921221584029059,0.5844625266233234,0.3914480649358204,0.05861109033810252,-0.2921221584029069,0.390940832191475,0.20063897466231814,7.068084143858855,0.13819017169433903,0.7265324587197467,0.07735806378647365,0.1961094774937797
v2vol,100,0.0,60,0.96,60,0.0,20,0.7,,,True,sym,5,0.95,,10,,,20,0.4,0.25,14,75.0,True,fixed,,1.0,0.0,1.0,1.0,0.02446979551556616,-0.3113366140461916,0.21610248765189594,0.07859594539027037,0.12234785584257324,-0.3265351705967312,0.5807524132333867,0.3746850779319942,0.06114879718854138,-0.3265351705967293,0.3791976489615228,0.18726557717134887,7.068084143858855,0.15567202622706428,0.7265324587197467,0.07735806378647365,0.1961094774937797
v2vol,100,0.0,60,0.96,60,0.0,20,0.7,,,True,sym,5,0.95,,10,,,20,0.4,0.25,14,85.0,False,fixed,,1.0,0.0,0.85,1.0,0.040253850656752466,-0.2908964656691435,0.30535030122004203,0.1383786171624922,0.13748648665621888,-0.31804462615488094,0.5943835699256078,0.4322867778601167,0.07561600214109299,-0.3180446261548827,0.4290281541046047,0.23775280549550673,7.752092286812938,0.17809174699325203,0.7233657543542185,0.16353766116263288,0.1130965844831486
v2vol,100,0.0,60,0.96,60,0.0,20,0.7,,,True,sym,5,0.95,,10,,,20,0.4,0.25,14,85.0,False,fixed,,1.0,0.0,1.0,1.0,0.04326613610692065,-0.3271590409050015,0.3027405438051532,0.13224802220729098,0.14919887214431693,-0.3609794841288114,0.58863213814607,0.4133167637058205,0.08170029869409134,-0.3609794841288103,0.4247340399524142,0.2263294793366644,7.752092286812938,0.20622322093287196,0.7233657543542185,0.16353766116263288,0.1130965844831486
v2vol,100,0.0,60,0.96,60,0.0,20,0.7,,,True,sym,5,0.95,,10,,,20,0.4,0.25,14,85.0,True,fixed,,1.0,0.0,0.85,1.0,0.030529494457415707,-0.2951659515882079,0.26016565242292483,0.10343162649060564,0.139735849173529,-0.31804462615488094,0.6237906098345863,0.439359252388313,0.07009967130014405,-0.31804462615488227,0.42191747244736766,0.2204082871879958,7.923094322551458,0.16248430254334206,0.7233657543542185,0.11920380004523863,0.15743044560054287
v2vol,100,0.0,60,0.96,60,0.0,20,0.7,,,True,sym,5,0.95,,10,,,20,0.4,0.25,14,85.0,True,fixed,,1.0,0.0,1.0,1.0,0.03216753085979307,-0.3304846449377903,0.2559732592796544,0.09733441886792718,0.1526098924630772,-0.3609794841288114,0.6209157794788142,0.4227661104657685,0.0756723786526523,-0.36097948412881176,0.4183236553143532,0.2096306908833894,7.923094322551458,0.18660848114294962,0.7233657543542185,0.11920380004523863,0.15743044560054287
v2vol,100,0.0,60,0.96,60,0.0,20,0.7,,,True,sym,5,0.95,,10,,,20,0.5,,14,,False,fixed,,1.0,0.0,0.85,1.0,0.13506665474181556,-0.2225937801072655,0.8709474977131716,0.6067853947973229,0.20524080582804816,-0.2758010352189141,0.8391594777321353,0.7441625651083597,0.1620438461233027,-0.2758010352189141,0.8492808952028427,0.5875389336181503,6.726080072381814,0.18164282755360076,0.2510744175525899,0.05881022393123728,0.6901153585161728
v2vol,100,0.0,60,0.96,60,0.0,20,0.7,,,True,sym,5,0.95,,10,,,20,0.5,,14,,False,fixed,,1.0,0.0,1.0,1.0,0.13847798567215097,-0.24222620853214327,0.851919527964759,0.5716886975662463,0.20461689186143017,-0.31639288334518,0.7958728836730935,0.646717744400705,0.16400384713459193,-0.31639288334518023,0.8178029171421759,0.5183550445275534,6.726080072381814,0.19351072712075884,0.2510744175525899,0.05881022393123728,0.6901153585161728
v2vol,100,0.0,60,0.96,60,0.0,20,0.7,,,True,sym,5,0.95,,10,,,20,0.5,,14,,True,fixed,,1.0,0.0,0.85,1.0,0.13505900245629676,-0.2189279965487485,0.9026239345240221,0.6169106034194366,0.20439028825747507,-0.2758010352189141,0.8384552890507393,0.7410787566306359,0.16173226607492408,-0.27580103521891375,0.8622679039728991,0.5864092059935564,6.384076000904773,0.17777916235634314,0.2510744175525899,0.04795295182085501,0.7009726306265551
v2vol,100,0.0,60,0.96,60,0.0,20,0.7,,,True,sym,5,0.95,,10,,,20,0.5,,14,,True,fixed,,1.0,0.0,1.0,1.0,0.13856610854125195,-0.23800996588867052,0.8931365599672728,0.5821861619276331,0.20345331102827746,-0.31639288334518,0.7946278986987803,0.6430400989971474,0.16363971785064546,-0.3163928833451799,0.8336810601721146,0.5172041675542903,6.384076000904773,0.18822192212170652,0.2510744175525899,0.04795295182085501,0.7009726306265551
v2vol,100,0.0,60,0.96,60,0.0,20,0.7,,,True,sym,5,0.95,,10,,,20,0.5,,14,75.0,False,fixed,,1.0,0.0,0.85,1.0,0.14049127021306274,-0.21260405119407078,0.9473275385403268,0.6608118209601682,0.20000582231804476,-0.21995091542733913,0.9279584563881875,0.9093202541551447,0.16362241944888,-0.21995091542733813,0.9384689377253753,0.7439042439581638,5.70006785795069,0.1621547621769667,0.2510744175525899,0.025107441755258992,0.7238181406921511
v2vol,100,0.0,60,0.96,60,0.0,20,0.7,,,True,sym,5,0.95,,10,,,20,0.5,,14,75.0,False,fixed,,1.0,0.0,1.0,1.0,0.14526870361985722,-0.21260405119407055,0.9476263495024739,0.6832828575183271,0.1987072629618396,-0.21995091542733913,0.9098177904684794,0.9034163944067903,0.1661996632414564,-0.21995091542733836,0.9318214085924074,0.7556216027496422,5.70006785795069,0.16645551020494265,0.2510744175525899,0.025107441755258992,0.7238181406921511
v2vol,100,0.0,60,0.96,60,0.0,20,0.7,,,True,sym,5,0.95,,10,,,20,0.5,,14,75.0,True,fixed,,1.0,0.0,0.85,1.0,0.13416380628938507,-0.21260405119407022,0.9359319347425925,0.6310500930526345,0.19915899898470246,-0.21995091542733913,0.9283596479180702,0.9054701981928996,0.1592702001180062,-0.21995091542733802,0.930575846253,0.7241170140554472,5.130061072155621,0.15893658118201856,0.2510744175525899,0.01719068084143859,0.7317349016059715
v2vol,100,0.0,60,0.96,60,0.0,20,0.7,,,True,sym,5,0.95,,10,,,20,0.5,,14,75.0,True,fixed,,1.0,0.0,1.0,1.0,0.13707213625769343,-0.21260405119406955,0.9364369417306305,0.6447296534936253,0.19754939044222963,-0.21995091542733913,0.9104334014574492,0.8981521629878833,0.16054754293971873,-0.21995091542733913,0.9234276652405056,0.7299244134892254,5.130061072155621,0.16187824360138223,0.2510744175525899,0.01719068084143859,0.7317349016059715
v2vol,100,0.0,60,0.96,60,0.0,20,0.7,,,True,sym,5,0.95,,10,,,20,0.5,,14,85.0,False,fixed,,1.0,0.0,0.85,1.0,0.13506665474181556,-0.2225937801072655,0.8709474977131716,0.6067853947973229,0.20524080582804816,-0.2758010352189141,0.8391594777321353,0.7441625651083597,0.1620438461233027,-0.2758010352189141,0.8492808952028427,0.5875389336181503,6.726080072381814,0.18164282755360076,0.2510744175525899,0.05881022393123728,0.6901153585161728
v2vol,100,0.0,60,0.96,60,0.0,20,0.7,,,True,sym,5,0.95,,10,,,20,0.5,,14,85.0,False,fixed,,1.0,0.0,1.0,1.0,0.13847798567215097,-0.24222620853214327,0.851919527964759,0.5716886975662463,0.20461689186143017,-0.31639288334518,0.7958728836730935,0.646717744400705,0.16400384713459193,-0.31639288334518023,0.8178029171421759,0.5183550445275534,6.726080072381814,0.19351072712075884,0.2510744175525899,0.05881022393123728,0.6901153585161728
v2vol,100,0.0,60,0.96,60,0.0,20,0.7,,,True,sym,5,0.95,,10,,,20,0.5,,14,85.0,True,fixed,,1.0,0.0,0.85,1.0,0.13505900245629676,-0.2189279965487485,0.9026239345240221,0.6169106034194366,0.20439028825747507,-0.2758010352189141,0.8384552890507393,0.7410787566306359,0.16173226607492408,-0.27580103521891375,0.8622679039728991,0.5864092059935564,6.384076000904773,0.17777916235634314,0.2510744175525899,0.04795295182085501,0.7009726306265551
v2vol,100,0.0,60,0.96,60,0.0,20,0.7,,,True,sym,5,0.95,,10,,,20,0.5,,14,85.0,True,fixed,,1.0,0.0,1.0,1.0,0.13856610854125195,-0.23800996588867052,0.8931365599672728,0.5821861619276331,0.20345331102827746,-0.31639288334518,0.7946278986987803,0.6430400989971474,0.16363971785064546,-0.3163928833451799,0.8336810601721146,0.5172041675542903,6.384076000904773,0.18822192212170652,0.2510744175525899,0.04795295182085501,0.7009726306265551
v2vol,100,0.0,60,0.96,60,0.0,20,0.7,,,True,sym,5,0.95,,10,,,20,0.5,0.15,14,,False,fixed,,1.0,0.0,0.85,1.0,0.10186604654717524,-0.2086391724406883,0.7473211468000568,0.4882402731736946,0.15126605770701973,-0.3079824078610143,0.6944787260475414,0.491151617254979,0.12127099949971698,-0.3079824078610143,0.7203027570748379,0.393759501855846,9.348111287039131,0.15928394825757847,0.5340420719294278,0.06808414385885546,0.3978737842117168
v2vol,100,0.0,60,0.96,60,0.0,20,0.7,,,True,sym,5,0.95,,10,,,20,0.5,0.15,14,,False,fixed,,1.0,0.0,1.0,1.0,0.10770846882139096,-0.2376187689517042,0.729151318079144,0.45328266490296737,0.15483188589661712,-0.343719296370091,0.663497495405923,0.45046026665289635,0.12629125755944304,-0.3437192963700909,0.6956373716224654,0.3674255675871691,9.348111287039131,0.17532725230882282,0.5340420719294278,0.06808414385885546,0.3978737842117168
v2vol,100,0.0,60,0.96,60,0.0,20,0.7,,,True,sym,5,0.95,,10,,,20,0.5,0.15,14,,True,fixed,,1.0,0.0,0.85,1.0,0.09979883504030163,-0.13866514553974885,0.8114815187621168,0.7197110322989849,0.15045362918174132,-0.3079824078610143,0.6934865962855763,0.48851371163263896,0.11965788857143145,-0.30798240786101383,0.7431578307253748,0.388521829550182,9.120108572721103,0.15060202780561435,0.5335896855914951,0.05134584935534947,0.4150644650531554
v2vol,100,0.0,60,0.96,60,0.0,20,0.7,,,True,sym,5,0.95,,10,,,20,0.5,0.15,14,,True,fixed,,1.0,0.0,1.0,1.0,0.10514661306107431,-0.15032878098128488,0.8070130830196163,0.699444327125652,0.15371639411078708,-0.343719296370091,0.661801949162932,0.4472149097654292,0.12425335336334431,-0.3437192963700909,0.7214074190980129,0.3614965894424435,9.120108572721103,0.16378040761623228,0.5335896855914951,0.05134584935534947,0.4150644650531554
v2vol,100,0.0,60,0.96,60,0.0,20,0.7,,,True,sym,5,0.95,,10,,,20,0.5,0.15,14,75.0,False,fixed,,1.0,0.0,0.85,1.0,0.10724094366590675,-0.1386651455397484,0.8739050768566511,0.7733806736254866,0.1324769787573743,-0.18006334184897266,0.7380455794504099,0.7357243145497587,0.11779397893028642,-0.18006334184897277,0.8205928375909473,0.6541807883865975,8.43610042976702,0.1308878494386645,0.534946844605293,0.028952725627686044,0.436100429767021
v2vol,100,0.0,60,0.96,60,0.0,20,0.7,,,True,sym,5,0.95,,10,,,20,0.5,0.15,14,75.0,False,fixed,,1.0,0.0,1.0,1.0,0.11469503962895655,-0.1386651455397494,0.8818843875136091,0.8271367630453202,0.13125149422296478,-0.18006334184897266,0.7151683189307212,0.7289184621101357,0.12204525566725266,-0.18006334184897255,0.8178556345154137,0.6777906841783358,8.43610042976702,0.1369738758736808,0.534946844605293,0.028952725627686044,0.436100429767021
v2vol,100,0.0,60,0.96,60,0.0,20,0.7,,,True,sym,5,0.95,,10,,,20,0.5,0.15,14,75.0,True,fixed,,1.0,0.0,0.85,1.0,0.09621565340085714,-0.13866514553974874,0.8418914685098124,0.6938704966294263,0.131677809359819,-0.18006334184897266,0.7386411474492321,0.7312860463861832,0.11051903555090026,-0.18006334184897266,0.7982247207601745,0.6137786537561744,7.980095001130966,0.12549603284992394,0.5344944582673603,0.01877403302420267,0.44673150870843703
v2vol,100,0.0,60,0.96,60,0.0,20,0.7,,,True,sym,5,0.95,,10,,,20,0.5,0.15,14,75.0,True,fixed,,1.0,0.0,1.0,1.0,0.10026870946382327,-0.13866514553974962,0.8466076631783812,0.7230995869476107,0.13015877954741328,-0.18006334184897266,0.7158636972158424,0.7228499605243548,0.11252913553999178,-0.18006334184897288,0.791901691414464,0.6249419475640686,7.980095001130966,0.12941938203827114,0.5344944582673603,0.01877403302420267,0.44673150870843703
v2vol,100,0.0,60,0.96,60,0.0,20,0.7,,,True,sym,5,0.95,,10,,,20,0.5,0.15,14,85.0,False,fixed,,1.0,0.0,0.85,1.0,0.10186604654717524,-0.2086391724406883,0.7473211468000568,0.4882402731736946,0.15126605770701973,-0.3079824078610143,0.6944787260475414,0.491151617254979,0.12127099949971698,-0.3079824078610143,0.7203027570748379,0.393759501855846,9.348111287039131,0.15928394825757847,0.5340420719294278,0.06808414385885546,0.3978737842117168
v2vol,100,0.0,60,0.96,60,0.0,20,0.7,,,True,sym,5,0.95,,10,,,20,0.5,0.15,14,85.0,False,fixed,,1.0,0.0,1.0,1.0,0.10770846882139096,-0.2376187689517042,0.729151318079144,0.45328266490296737,0.15483188589661712,-0.343719296370091,0.663497495405923,0.45046026665289635,0.12629125755944304,-0.3437192963700909,0.6956373716224654,0.3674255675871691,9.348111287039131,0.17532725230882282,0.5340420719294278,0.06808414385885546,0.3978737842117168
v2vol,100,0.0,60,0.96,60,0.0,20,0.7,,,True,sym,5,0.95,,10,,,20,0.5,0.15,14,85.0,True,fixed,,1.0,0.0,0.85,1.0,0.09979883504030163,-0.13866514553974885,0.8114815187621168,0.7197110322989849,0.15045362918174132,-0.3079824078610143,0.6934865962855763,0.48851371163263896,0.11965788857143145,-0.30798240786101383,0.7431578307253748,0.388521829550182,9.120108572721103,0.15060202780561435,0.5335896855914951,0.05134584935534947,0.4150644650531554
v2vol,100,0.0,60,0.96,60,0.0,20,0.7,,,True,sym,5,0.95,,10,,,20,0.5,0.15,14,85.0,True,fixed,,1.0,0.0,1.0,1.0,0.10514661306107431,-0.15032878098128488,0.8070130830196163,0.699444327125652,0.15371639411078708,-0.343719296370091,0.661801949162932,0.4472149097654292,0.12425335336334431,-0.3437192963700909,0.7214074190980129,0.3614965894424435,9.120108572721103,0.16378040761623228,0.5335896855914951,0.05134584935534947,0.4150644650531554
v2vol,100,0.0,60,0.96,60,0.0,20,0.7,,,True,sym,5,0.95,,10,,,20,0.5,0.25,14,,False,fixed,,1.0,0.0,0.85,1.0,0.03645889777750422,-0.20824405646885624,0.32834564736643035,0.17507773520996886,0.10859535580213975,-0.28341413988700015,0.5272234382027702,0.38316844687226165,0.06399094234893732,-0.2834141398869997,0.4210075635246382,0.22578599068646046,8.493101108346528,0.14166475049404137,0.6896629721782402,0.0655960190002262,0.2447410088215336
v2vol,100,0.0,60,0.96,60,0.0,20,0.7,,,True,sym,5,0.95,,10,,,20,0.5,0.25,14,,False,fixed,,1.0,0.0,1.0,1.0,0.039742518929075654,-0.23713374466651838,0.3307364206357961,0.16759537528058535,0.10953450928195596,-0.3208660196698946,0.4942567211462068,0.34137148394412264,0.06643778694262203,-0.3208660196698946,0.4063863405195492,0.20705772150934806,8.493101108346528,0.15903391010712156,0.6896629721782402,0.0655960190002262,0.2447410088215336
v2vol,100,0.0,60,0.96,60,0.0,20,0.7,,,True,sym,5,0.95,,10,,,20,0.5,0.25,14,,True,fixed,,1.0,0.0,0.85,1.0,0.03688941804852419,-0.2064453322158304,0.36616274322785297,0.17868855474997017,0.10781303925244612,-0.28341413988700015,0.5254470960164351,0.38040811688306087,0.06398675885833871,-0.28341413988699815,0.4391585056057639,0.22577122963537133,8.379099751187514,0.1330611930722825,0.6894367790092739,0.05134584935534947,0.2592173716353766
v2vol,100,0.0,60,0.96,60,0.0,20,0.7,,,True,sym,5,0.95,,10,,,20,0.5,0.25,14,,True,fixed,,1.0,0.0,1.0,1.0,0.041188950768968446,-0.22168610074606976,0.38213547870659287,0.18579852607064576,0.10846277178811459,-0.3208660196698946,0.4915169371139716,0.33803134373562077,0.06698080499647285,-0.3208660196698945,0.42874581503339665,0.20875007289766118,8.379099751187514,0.1478338744112109,0.6894367790092739,0.05134584935534947,0.2592173716353766
v2vol,100,0.0,60,0.96,60,0.0,20,0.7,,,True,sym,5,0.95,,10,,,20,0.5,0.25,14,75.0,False,fixed,,1.0,0.0,0.85,1.0,0.0458003352380254,-0.19731589975801023,0.46100435774491183,0.23211679998517754,0.0935705655719623,-0.15002768582869208,0.5779275280222764,0.6236886548980374,0.06453968064072457,-0.19731589975801023,0.517385860861815,0.32708808930185834,7.695091608233431,0.10797483150832546,0.6957701877403303,0.02691698710698937,0.2773128251526804
v2vol,100,0.0,60,0.96,60,0.0,20,0.7,,,True,sym,5,0.95,,10,,,20,0.5,0.25,14,75.0,False,fixed,,1.0,0.0,1.0,1.0,0.051906397866674725,-0.21277570718253014,0.48833694712036,0.2439488913184375,0.09243871988865493,-0.15002768582869208,0.5521950642794721,0.6161444094672323,0.06801337201953173,-0.21277570718253014,0.5220836551156803,0.3196482010100255,7.695091608233431,0.11468694466036423,0.6957701877403303,0.02691698710698937,0.2773128251526804
v2vol,100,0.0,60,0.96,60,0.0,20,0.7,,,True,sym,5,0.95,,10,,,20,0.5,0.25,14,75.0,True,fixed,,1.0,0.0,0.85,1.0,0.033511197408066185,-0.2081138245758608,0.3645868478794965,0.1610234085907677,0.09279885175661295,-0.15002768582869208,0.5782658352636819,0.6185448455332077,0.056411376052348805,-0.2081138245758608,0.46440702611135903,0.27106020547801696,7.296086858176883,0.10253197453175318,0.695543994571364,0.018095453517303777,0.28636055191133225
v2vol,100,0.0,60,0.96,60,0.0,20,0.7,,,True,sym,5,0.95,,10,,,20,0.5,0.25,14,75.0,True,fixed,,1.0,0.0,1.0,1.0,0.03659334393422742,-0.223365662466388,0.38130113880576627,0.16382707856779005,0.09138349580501148,-0.15002768582869208,0.5522522115165645,0.6091108804368082,0.05787003715083072,-0.223365662466388,0.4617169684322206,0.2590820653086684,7.296086858176883,0.1071843246814006,0.695543994571364,0.018095453517303777,0.28636055191133225
v2vol,100,0.0,60,0.96,60,0.0,20,0.7,,,True,sym,5,0.95,,10,,,20,0.5,0.25,14,85.0,False,fixed,,1.0,0.0,0.85,1.0,0.03645889777750422,-0.20824405646885624,0.32834564736643035,0.17507773520996886,0.10859535580213975,-0.28341413988700015,0.5272234382027702,0.38316844687226165,0.06399094234893732,-0.2834141398869997,0.4210075635246382,0.22578599068646046,8.493101108346528,0.14166475049404137,0.6896629721782402,0.0655960190002262,0.2447410088215336
v2vol,100,0.0,60,0.96,60,0.0,20,0.7,,,True,sym,5,0.95,,10,,,20,0.5,0.25,14,85.0,False,fixed,,1.0,0.0,1.0,1.0,0.039742518929075654,-0.23713374466651838,0.3307364206357961,0.16759537528058535,0.10953450928195596,-0.3208660196698946,0.4942567211462068,0.34137148394412264,0.06643778694262203,-0.3208660196698946,0.4063863405195492,0.20705772150934806,8.493101108346528,0.15903391010712156,0.6896629721782402,0.0655960190002262,0.2447410088215336
v2vol,100,0.0,60,0.96,60,0.0,20,0.7,,,True,sym,5,0.95,,10,,,20,0.5,0.25,14,85.0,True,fixed,,1.0,0.0,0.85,1.0,0.03688941804852419,-0.2064453322158304,0.36616274322785297,0.17868855474997017,0.10781303925244612,-0.28341413988700015,0.5254470960164351,0.38040811688306087,0.06398675885833871,-0.28341413988699815,0.4391585056057639,0.22577122963537133,8.379099751187514,0.1330611930722825,0.6894367790092739,0.05134584935534947,0.2592173716353766
v2vol,100,0.0,60,0.96,60,0.0,20,0.7,,,True,sym,5,0.95,,10,,,20,0.5,0.25,14,85.0,True,fixed,,1.0,0.0,1.0,1.0,0.041188950768968446,-0.22168610074606976,0.38213547870659287,0.18579852607064576,0.10846277178811459,-0.3208660196698946,0.4915169371139716,0.33803134373562077,0.06698080499647285,-0.3208660196698945,0.42874581503339665,0.20875007289766118,8.379099751187514,0.1478338744112109,0.6894367790092739,0.05134584935534947,0.2592173716353766
v2vol,100,0.0,60,0.96,60,0.0,20,0.7,,,True,sym,5,0.95,,10,,,30,,,14,,False,fixed,,1.0,0.0,0.85,1.0,0.2741495619325258,-0.3072891112884688,0.9615788893244057,0.8921551459568865,0.3586903761366893,-0.27580103521891386,0.9610505831775493,1.3005403545783756,0.308578149410325,-0.3072891112884688,0.9645839722609,1.004194870805709,8.379099751187514,0.31888686854951936,0.2522053833974214,0.5363040036190907,0.2114906129834879
v2vol,100,0.0,60,0.96,60,0.0,20,0.7,,,True,sym,5,0.95,,10,,,30,,,14,,False,fixed,,1.0,0.0,1.0,1.0,0.3143520237421673,-0.3484210901816275,0.9617379155241659,0.9022187020260444,0.39916704765106203,-0.32197721047907757,0.9541386526424096,1.2397369585789375,0.3496127446805748,-0.3484210901816275,0.9621482487803663,1.0034201560483211,8.379099751187514,0.3704884371072979,0.2522053833974214,0.5363040036190907,0.2114906129834879
v2vol,100,0.0,60,0.96,60,0.0,20,0.7,,,True,sym,5,0.95,,10,,,30,,,14,,True,fixed,,1.0,0.0,0.85,1.0,0.17393532201843365,-0.31451978880198017,0.8240256514257621,0.5530186913865134,0.29540814663834536,-0.27580103521891386,0.9637611566331988,1.0710915077018062,0.22118208053737698,-0.31451978880198017,0.8880540727799375,0.7032374063961742,12.369147251752997,0.24495277301253895,0.2522053833974214,0.283872427052703,0.4639221895498756
v2vol,100,0.0,60,0.96,60,0.0,20,0.7,,,True,sym,5,0.95,,10,,,30,,,14,,True,fixed,,1.0,0.0,1.0,1.0,0.18840633788848926,-0.36217934593231227,0.8044365528015566,0.5202017729738253,0.3210444034756892,-0.31639288334518023,0.9507877615990007,1.0147017217370031,0.2401941458329948,-0.36217934593231227,0.8719350452050366,0.6631911745676539,12.369147251752997,0.276925700036066,0.2522053833974214,0.283872427052703,0.4639221895498756
v2vol,100,0.0,60,0.96,60,0.0,20,0.7,,,True,sym,5,0.95,,10,,,30,,,14,75.0,False,fixed,,1.0,0.0,0.85,1.0,0.27485856307546697,-0.3072891112884687,0.976943785369474,0.8944624231004481,0.38977985691317785,-0.27351063400154896,1.0514493313542028,1.4250994603411669,0.32015419866011596,-0.3072891112884687,1.012197193768385,1.0418663951927998,9.17710925130061,0.30963886333017465,0.2522053833974214,0.5102917891879665,0.23750282741461207
v2vol,100,0.0,60,0.96,60,0.0,20,0.7,,,True,sym,5,0.95,,10,,,30,,,14,75.0,False,fixed,,1.0,0.0,1.0,1.0,0.3159607111954077,-0.3495951300613399,0.978707512778948,0.9037903678462834,0.4418246287633445,-0.32197721047907757,1.0536245054017994,1.372223295263485,0.36589862156612885,-0.3495951300613399,1.0144395554699674,1.0466353507325126,9.17710925130061,0.35891931504207575,0.2522053833974214,0.5102917891879665,0.23750282741461207
v2vol,100,0.0,60,0.96,60,0.0,20,0.7,,,True,sym,5,0.95,,10,,,30,,,14,75.0,True,fixed,,1.0,0.0,0.85,1.0,0.17227127932062358,-0.31451978880198195,0.8380199244858556,0.5477279505267747,0.32200128226442404,-0.2434767525922843,1.10357546069181,1.322513459030865,0.2294035234236269,-0.31451978880198195,0.9560779563352662,0.7293770744837195,11.5711377516399,0.23096336019372665,0.2522053833974214,0.24836009952499435,0.49943451707758424
v2vol,100,0.0,60,0.96,60,0.0,20,0.7,,,True,sym,5,0.95,,10,,,30,,,14,75.0,True,fixed,,1.0,0.0,1.0,1.0,0.1861451896860864,-0.36217934593231194,0.8180802931394566,0.5139586002810753,0.35695855094277285,-0.2548303322832859,1.1104053467805655,1.4007694756915932,0.25120195667716505,-0.36217934593231194,0.9475782197350286,0.6935844340613295,11.5711377516399,0.25887058848287986,0.2522053833974214,0.24836009952499435,0.49943451707758424
v2vol,100,0.0,60,0.96,60,0.0,20,0.7,,,True,sym,5,0.95,,10,,,30,,,14,85.0,False,fixed,,1.0,0.0,0.85,1.0,0.2741495619325258,-0.3072891112884688,0.9615788893244057,0.8921551459568865,0.3586903761366893,-0.27580103521891386,0.9610505831775493,1.3005403545783756,0.308578149410325,-0.3072891112884688,0.9645839722609,1.004194870805709,8.379099751187514,0.31888686854951936,0.2522053833974214,0.5363040036190907,0.2114906129834879
v2vol,100,0.0,60,0.96,60,0.0,20,0.7,,,True,sym,5,0.95,,10,,,30,,,14,85.0,False,fixed,,1.0,0.0,1.0,1.0,0.3143520237421673,-0.3484210901816275,0.9617379155241659,0.9022187020260444,0.39916704765106203,-0.32197721047907757,0.9541386526424096,1.2397369585789375,0.3496127446805748,-0.3484210901816275,0.9621482487803663,1.0034201560483211,8.379099751187514,0.3704884371072979,0.2522053833974214,0.5363040036190907,0.2114906129834879
v2vol,100,0.0,60,0.96,60,0.0,20,0.7,,,True,sym,5,0.95,,10,,,30,,,14,85.0,True,fixed,,1.0,0.0,0.85,1.0,0.17393532201843365,-0.31451978880198017,0.8240256514257621,0.5530186913865134,0.29540814663834536,-0.27580103521891386,0.9637611566331988,1.0710915077018062,0.22118208053737698,-0.31451978880198017,0.8880540727799375,0.7032374063961742,12.369147251752997,0.24495277301253895,0.2522053833974214,0.283872427052703,0.4639221895498756
v2vol,100,0.0,60,0.96,60,0.0,20,0.7,,,True,sym,5,0.95,,10,,,30,,,14,85.0,True,fixed,,1.0,0.0,1.0,1.0,0.18840633788848926,-0.36217934593231227,0.8044365528015566,0.5202017729738253,0.3210444034756892,-0.31639288334518023,0.9507877615990007,1.0147017217370031,0.2401941458329948,-0.36217934593231227,0.8719350452050366,0.6631911745676539,12.369147251752997,0.276925700036066,0.2522053833974214,0.283872427052703,0.4639221895498756
v2vol,100,0.0,60,0.96,60,0.0,20,0.7,,,True,sym,5,0.95,,10,,,30,,0.15,14,,False,fixed,,1.0,0.0,0.85,1.0,0.1135439565985028,-0.382118482277956,0.5572559087030743,0.29714332560315687,0.3006426404488909,-0.3011827564552686,0.9621191082203615,0.9982066835009595,0.18324440045367818,-0.382118482277956,0.7343686565191949,0.47954864512516504,7.8660936439719515,0.25758167947138155,0.5720425243157656,0.3567066274598507,0.07125084822438363
v2vol,100,0.0,60,0.96,60,0.0,20,0.7,,,True,sym,5,0.95,,10,,,30,,0.15,14,,False,fixed,,1.0,0.0,1.0,1.0,0.12540173016225498,-0.4428210291434065,0.5518328853366905,0.28318829032314075,0.3390728581615208,-0.35256100005983904,0.9572599061947565,0.9617423881370062,0.2046996462580637,-0.4428210291434065,0.7288819161960475,0.46226270386037205,7.8660936439719515,0.3010381599780406,0.5720425243157656,0.3567066274598507,0.07125084822438363
v2vol,100,0.0,60,0.96,60,0.0,20,0.7,,,True,sym,5,0.95,,10,,,30,,0.15,14,,True,fixed,,1.0,0.0,0.85,1.0,0.07429152419891283,-0.315626491729354,0.4479016956604311,0.23537797411066794,0.205661321172812,-0.2730653740019393,0.809095427496344,0.7531578177002822,0.12461294850014415,-0.315626491729354,0.6083500011630447,0.3948114361927461,10.146120787152228,0.20844899565716063,0.578375933046822,0.21669305586971274,0.2049310110834653
v2vol,100,0.0,60,0.96,60,0.0,20,0.7,,,True,sym,5,0.95,,10,,,30,,0.15,14,,True,fixed,,1.0,0.0,1.0,1.0,0.07984506777412181,-0.3638504382019673,0.4390052729435848,0.21944474814621814,0.21905592018863995,-0.3166477716339212,0.7819562230416817,0.6917968159330428,0.1334305491688894,-0.3638504382019673,0.5914632301892834,0.3667181214024658,10.146120787152228,0.2395819060468504,0.578375933046822,0.21669305586971274,0.2049310110834653
v2vol,100,0.0,60,0.96,60,0.0,20,0.7,,,True,sym,5,0.95,,10,,,30,,0.15,14,75.0,False,fixed,,1.0,0.0,0.85,1.0,0.11540164886712923,-0.3809551846147765,0.5745932290336008,0.30292709884976066,0.3207347887516834,-0.28863234100714175,1.0700107998354407,1.1112226288728584,0.19128856758098944,-0.3809551846147765,0.7864306573818739,0.5021287944260983,8.664103144085049,0.2450416899437799,0.5745306491743949,0.3291110608459625,0.09635828997964262
v2vol,100,0.0,60,0.96,60,0.0,20,0.7,,,True,sym,5,0.95,,10,,,30,,0.15,14,75.0,False,fixed,,1.0,0.0,1.0,1.0,0.12834259114989144,-0.4415546890868455,0.5706806098686479,0.29066069123919747,0.36812393249526476,-0.3323984105055944,1.0765937173723679,1.1074780169235168,0.21639210691365451,-0.4415546890868455,0.7860056640179581,0.4900686421452412,8.664103144085049,0.285464484102065,0.5745306491743949,0.3291110608459625,0.09635828997964262
v2vol,100,0.0,60,0.96,60,0.0,20,0.7,,,True,sym,5,0.95,,10,,,30,,0.15,14,75.0,True,fixed,,1.0,0.0,0.85,1.0,0.06416629289989317,-0.315626491729354,0.41124998082280545,0.20329818497908286,0.22146969643102254,-0.25734977966615125,0.9702000063797154,0.8605785352461759,0.12342326323101616,-0.315626491729354,0.644455252557267,0.39104215414481164,9.462112644198145,0.18899767779892776,0.5815426374123501,0.17597828545577923,0.2424790771318706
v2vol,100,0.0,60,0.96,60,0.0,20,0.7,,,True,sym,5,0.95,,10,,,30,,0.15,14,75.0,True,fixed,,1.0,0.0,1.0,1.0,0.06715584924512608,-0.3638504382019673,0.39686539506700796,0.18456992817430384,0.2415126693015759,-0.2975265575920276,0.9629973755254547,0.8117348288375026,0.13277807492877525,-0.3638504382019673,0.6298815023333764,0.3649248729365893,9.462112644198145,0.2149148456188357,0.5815426374123501,0.17597828545577923,0.2424790771318706
v2vol,100,0.0,60,0.96,60,0.0,20,0.7,,,True,sym,5,0.95,,10,,,30,,0.15,14,85.0,False,fixed,,1.0,0.0,0.85,1.0,0.1135439565985028,-0.382118482277956,0.5572559087030743,0.29714332560315687,0.3006426404488909,-0.3011827564552686,0.9621191082203615,0.9982066835009595,0.18324440045367818,-0.382118482277956,0.7343686565191949,0.47954864512516504,7.8660936439719515,0.25758167947138155,0.5720425243157656,0.3567066274598507,0.07125084822438363
v2vol,100,0.0,60,0.96,60,0.0,20,0.7,,,True,sym,5,0.95,,10,,,30,,0.15,14,85.0,False,fixed,,1.0,0.0,1.0,1.0,0.12540173016225498,-0.4428210291434065,0.5518328853366905,0.28318829032314075,0.3390728581615208,-0.35256100005983904,0.9572599061947565,0.9617423881370062,0.2046996462580637,-0.4428210291434065,0.7288819161960475,0.46226270386037205,7.8660936439719515,0.3010381599780406,0.5720425243157656,0.3567066274598507,0.07125084822438363
v2vol,100,0.0,60,0.96,60,0.0,20,0.7,,,True,sym,5,0.95,,10,,,30,,0.15,14,85.0,True,fixed,,1.0,0.0,0.85,1.0,0.07429152419891283,-0.315626491729354,0.4479016956604311,0.23537797411066794,0.205661321172812,-0.2730653740019393,0.809095427496344,0.7531578177002822,0.12461294850014415,-0.315626491729354,0.6083500011630447,0.3948114361927461,10.146120787152228,0.20844899565716063,0.578375933046822,0.21669305586971274,0.2049310110834653
v2vol,100,0.0,60,0.96,60,0.0,20,0.7,,,True,sym,5,0.95,,10,,,30,,0.15,14,85.0,True,fixed,,1.0,0.0,1.0,1.0,0.07984506777412181,-0.3638504382019673,0.4390052729435848,0.21944474814621814,0.21905592018863995,-0.3166477716339212,0.7819562230416817,0.6917968159330428,0.1334305491688894,-0.3638504382019673,0.5914632301892834,0.3667181214024658,10.146120787152228,0.2395819060468504,0.578375933046822,0.21669305586971274,0.2049310110834653
v2vol,100,0.0,60,0.96,60,0.0,20,0.7,,,True,sym,5,0.95,,10,,,30,,0.25,14,,False,fixed,,1.0,0.0,0.85,1.0,0.03447928826232749,-0.38779239410735833,0.25784966724845676,0.08891171870890814,0.12103034829158976,-0.3220739094703621,0.4807048935753779,0.37578439213104664,0.06884971551939478,-0.38779239410735833,0.36643342042718396,0.17754271761280108,6.042071929427731,0.20595376929965173,0.7231395611852522,0.23727663424564577,0.039583804569102016
v2vol,100,0.0,60,0.96,60,0.0,20,0.7,,,True,sym,5,0.95,,10,,,30,,0.25,14,,False,fixed,,1.0,0.0,1.0,1.0,0.0359443119006595,-0.44273526886962233,0.25565167590813787,0.0811869178446781,0.13005189980119014,-0.36962684720070604,0.47905152997002703,0.3518464656615498,0.07349179830540598,-0.44273526886962233,0.3643313555494192,0.16599490366566663,6.042071929427731,0.2408610104028023,0.7231395611852522,0.23727663424564577,0.039583804569102016
v2vol,100,0.0,60,0.96,60,0.0,20,0.7,,,True,sym,5,0.95,,10,,,30,,0.25,14,,True,fixed,,1.0,0.0,0.85,1.0,0.006920868606147934,-0.35422036929461087,0.09481951903496506,0.019538313451397636,0.06304393532706754,-0.3351333254478128,0.268529508395766,0.18811598411714736,0.030268224318615866,-0.35422036929461087,0.1871228529372564,0.08545026470073291,7.35308753675639,0.17539997455338233,0.7335444469577018,0.1470255598280932,0.11942999321420493
v2vol,100,0.0,60,0.96,60,0.0,20,0.7,,,True,sym,5,0.95,,10,,,30,,0.25,14,,True,fixed,,1.0,0.0,1.0,1.0,0.0033320122280844355,-0.39801113525972487,0.08380708260863187,0.008371655797795979,0.0587399484219262,-0.3834822969261009,0.2473478398031342,0.1531751241003068,0.026872165051949004,-0.39801113525972487,0.17173891759534304,0.06751611367459202,7.35308753675639,0.20282842680117794,0.7335444469577018,0.1470255598280932,0.11942999321420493
v2vol,100,0.0,60,0.96,60,0.0,20,0.7,,,True,sym,5,0.95,,10,,,30,,0.25,14,75.0,False,fixed,,1.0,0.0,0.85,1.0,0.04119881397413794,-0.36467770043097003,0.299740897232888,0.112973219710034,0.11793641941768174,-0.30616846401251296,0.508698730970627,0.3852010683009525,0.07208294244468227,-0.36467770043097003,0.40007503279258255,0.19766205161296085,6.6120787152227996,0.18635670027967705,0.7353539923094322,0.20176430671793713,0.06288170097263063
v2vol,100,0.0,60,0.96,60,0.0,20,0.7,,,True,sym,5,0.95,,10,,,30,,0.25,14,75.0,False,fixed,,1.0,0.0,1.0,1.0,0.044609833967880874,-0.4163671891973264,0.29978877518050295,0.1071406083987545,0.1305922592398947,-0.34440153447217836,0.5179340361460019,0.37918605513775455,0.07929809388096198,-0.4163671891973264,0.4035705523240585,0.19045231213783445,6.6120787152227996,0.2167974496823214,0.7353539923094322,0.20176430671793713,0.06288170097263063
v2vol,100,0.0,60,0.96,60,0.0,20,0.7,,,True,sym,5,0.95,,10,,,30,,0.25,14,75.0,True,fixed,,1.0,0.0,0.85,1.0,0.006224395548674044,-0.32972608420261407,0.08396334136172956,0.018877473899969657,0.05784471553273307,-0.28007824254350744,0.2598092587338688,0.20653055734505138,0.027935879169212585,-0.32972608420261407,0.17616595062109047,0.0847245046953768,6.441076679484279,0.14643536349616698,0.7482470029405112,0.09884641483827189,0.15290658222121692
v2vol,100,0.0,60,0.96,60,0.0,20,0.7,,,True,sym,5,0.95,,10,,,30,,0.25,14,75.0,True,fixed,,1.0,0.0,1.0,1.0,0.001997898138501597,-0.3711582861679944,0.06475713405212725,0.005382873595868757,0.056085681939985754,-0.315605677102582,0.24190262633761772,0.17770808958470066,0.025054556660343952,-0.3711582861679944,0.15732368447716474,0.06750369746293017,6.441076679484279,0.1667052715293334,0.7482470029405112,0.09884641483827189,0.15290658222121692
v2vol,100,0.0,60,0.96,60,0.0,20,0.7,,,True,sym,5,0.95,,10,,,30,,0.25,14,85.0,False,fixed,,1.0,0.0,0.85,1.0,0.03447928826232749,-0.38779239410735833,0.25784966724845676,0.08891171870890814,0.12103034829158976,-0.3220739094703621,0.4807048935753779,0.37578439213104664,0.06884971551939478,-0.38779239410735833,0.36643342042718396,0.17754271761280108,6.042071929427731,0.20595376929965173,0.7231395611852522,0.23727663424564577,0.039583804569102016
v2vol,100,0.0,60,0.96,60,0.0,20,0.7,,,True,sym,5,0.95,,10,,,30,,0.25,14,85.0,False,fixed,,1.0,0.0,1.0,1.0,0.0359443119006595,-0.44273526886962233,0.25565167590813787,0.0811869178446781,0.13005189980119014,-0.36962684720070604,0.47905152997002703,0.3518464656615498,0.07349179830540598,-0.44273526886962233,0.3643313555494192,0.16599490366566663,6.042071929427731,0.2408610104028023,0.7231395611852522,0.23727663424564577,0.039583804569102016
v2vol,100,0.0,60,0.96,60,0.0,20,0.7,,,True,sym,5,0.95,,10,,,30,,0.25,14,85.0,True,fixed,,1.0,0.0,0.85,1.0,0.006920868606147934,-0.35422036929461087,0.09481951903496506,0.019538313451397636,0.06304393532706754,-0.3351333254478128,0.268529508395766,0.18811598411714736,0.030268224318615866,-0.35422036929461087,0.1871228529372564,0.08545026470073291,7.35308753675639,0.17539997455338233,0.7335444469577018,0.1470255598280932,0.11942999321420493
v2vol,100,0.0,60,0.96,60,0.0,20,0.7,,,True,sym,5,0.95,,10,,,30,,0.25,14,85.0,True,fixed,,1.0,0.0,1.0,1.0,0.0033320122280844355,-0.39801113525972487,0.08380708260863187,0.008371655797795979,0.0587399484219262,-0.3834822969261009,0.2473478398031342,0.1531751241003068,0.026872165051949004,-0.39801113525972487,0.17173891759534304,0.06751611367459202,7.35308753675639,0.20282842680117794,0.7335444469577018,0.1470255598280932,0.11942999321420493
v2vol,100,0.0,60,0.96,60,0.0,20,0.7,,,True,sym,5,0.95,,10,,,30,0.2,,14,,False,fixed,,1.0,0.0,0.85,1.0,0.13867637563319501,-0.3056636044141319,0.6465155567740688,0.45368952544741875,0.30310226729865963,-0.2758010352189141,0.961640075440544,1.0989888673118122,0.2007428917203533,-0.3056636044141319,0.7853063406211797,0.6567445021958666,9.804116715675185,0.2605155192498503,0.2510744175525899,0.2913368016285908,0.45758878081881926
v2vol,100,0.0,60,0.96,60,0.0,20,0.7,,,True,sym,5,0.95,,10,,,30,0.2,,14,,False,fixed,,1.0,0.0,1.0,1.0,0.1412228492147587,-0.35210969668807424,0.6057826503256937,0.4010762854391503,0.32977476081524326,-0.3163928833451801,0.947139448125462,1.042295127907361,0.21211355938087517,-0.35210969668807424,0.755598428447337,0.6024076058569373,9.804116715675185,0.2968209405732775,0.2510744175525899,0.2913368016285908,0.45758878081881926
v2vol,100,0.0,60,0.96,60,0.0,20,0.7,,,True,sym,5,0.95,,10,,,30,0.2,,14,,True,fixed,,1.0,0.0,0.85,1.0,0.13158492660324161,-0.2826787578438583,0.7088601633410976,0.4654928004032211,0.2094477264142829,-0.27580103521891386,0.7932275469358478,0.7594160270212046,0.16316212761420879,-0.2826787578438583,0.7521773709163667,0.5771998181212249,9.9181180728342,0.2153582680620739,0.2510744175525899,0.16331146799366658,0.5856141144537435
v2vol,100,0.0,60,0.96,60,0.0,20,0.7,,,True,sym,5,0.95,,10,,,30,0.2,,14,,True,fixed,,1.0,0.0,1.0,1.0,0.1338072639721628,-0.32414412737040355,0.6668159509666238,0.41280175290437876,0.210183746060572,-0.31639288334518023,0.7475394058779816,0.6643124960281248,0.1653818870640218,-0.32414412737040355,0.7097536449460392,0.5102109620361496,9.9181180728342,0.23847688772908757,0.2510744175525899,0.16331146799366658,0.5856141144537435
v2vol,100,0.0,60,0.96,60,0.0,20,0.7,,,True,sym,5,0.95,,10,,,30,0.2,,14,75.0,False,fixed,,1.0,0.0,0.85,1.0,0.1434118584721762,-0.30566360441413143,0.6755950978002271,0.46918199092448437,0.31979221379135847,-0.259368128166256,1.0609315802749932,1.2329665022927196,0.2096091232769921,-0.30566360441413143,0.8413279839917173,0.6857510028999104,10.374123501470255,0.24803184430730602,0.2510744175525899,0.25808640579054515,0.49083917665686494
v2vol,100,0.0,60,0.96,60,0.0,20,0.7,,,True,sym,5,0.95,,10,,,30,0.2,,14,75.0,False,fixed,,1.0,0.0,1.0,1.0,0.14765521732932552,-0.3521096966880747,0.6371121928495472,0.419344365458159,0.3531514359471495,-0.2846843072141989,1.0599309527612508,1.2405019419684251,0.22433815827394676,-0.3521096966880747,0.8172944194421601,0.6371257604776571,10.374123501470255,0.28086077338358123,0.2510744175525899,0.25808640579054515,0.49083917665686494
v2vol,100,0.0,60,0.96,60,0.0,20,0.7,,,True,sym,5,0.95,,10,,,30,0.2,,14,75.0,True,fixed,,1.0,0.0,0.85,1.0,0.12616749459672483,-0.2826787578438583,0.7060700331674077,0.44632817675820996,0.23112342074753434,-0.2701823718113372,0.9505992563308351,0.8554348649693663,0.1674002410967479,-0.2826787578438583,0.8159640074723455,0.5921925028028241,9.00610721556209,0.1986103932643894,0.2510744175525899,0.1219181180728342,0.6270074643745759
v2vol,100,0.0,60,0.96,60,0.0,20,0.7,,,True,sym,5,0.95,,10,,,30,0.2,,14,75.0,True,fixed,,1.0,0.0,1.0,1.0,0.1267249539654145,-0.3241441273704031,0.6601748156869578,0.3909524907745883,0.23904813226859756,-0.3006692203391912,0.9329702175596273,0.7950535541979402,0.17109458189288884,-0.3241441273704031,0.7809771345443266,0.5278348964113028,9.00610721556209,0.21632316425793505,0.2510744175525899,0.1219181180728342,0.6270074643745759
v2vol,100,0.0,60,0.96,60,0.0,20,0.7,,,True,sym,5,0.95,,10,,,30,0.2,,14,85.0,False,fixed,,1.0,0.0,0.85,1.0,0.13867637563319501,-0.3056636044141319,0.6465155567740688,0.45368952544741875,0.30310226729865963,-0.2758010352189141,0.961640075440544,1.0989888673118122,0.2007428917203533,-0.3056636044141319,0.7853063406211797,0.6567445021958666,9.804116715675185,0.2605155192498503,0.2510744175525899,0.2913368016285908,0.45758878081881926
v2vol,100,0.0,60,0.96,60,0.0,20,0.7,,,True,sym,5,0.95,,10,,,30,0.2,,14,85.0,False,fixed,,1.0,0.0,1.0,1.0,0.1412228492147587,-0.35210969668807424,0.6057826503256937,0.4010762854391503,0.32977476081524326,-0.3163928833451801,0.947139448125462,1.042295127907361,0.21211355938087517,-0.35210969668807424,0.755598428447337,0.6024076058569373,9.804116715675185,0.2968209405732775,0.2510744175525899,0.2913368016285908,0.45758878081881926
v2vol,100,0.0,60,0.96,60,0.0,20,0.7,,,True,sym,5,0.95,,10,,,30,0.2,,14,85.0,True,fixed,,1.0,0.0,0.85,1.0,0.13158492660324161,-0.2826787578438583,0.7088601633410976,0.4654928004032211,0.2094477264142829,-0.27580103521891386,0.7932275469358478,0.7594160270212046,0.16316212761420879,-0.2826787578438583,0.7521773709163667,0.5771998181212249,9.9181180728342,0.2153582680620739,0.2510744175525899,0.16331146799366658,0.5856141144537435
v2vol,100,0.0,60,0.96,60,0.0,20,0.7,,,True,sym,5,0.95,,10,,,30,0.2,,14,85.0,True,fixed,,1.0,0.0,1.0,1.0,0.1338072639721628,-0.32414412737040355,0.6668159509666238,0.41280175290437876,0.210183746060572,-0.31639288334518023,0.7475394058779816,0.6643124960281248,0.1653818870640218,-0.32414412737040355,0.7097536449460392,0.5102109620361496,9.9181180728342,0.23847688772908757,0.2510744175525899,0.16331146799366658,0.5856141144537435
v2vol,100,0.0,60,0.96,60,0.0,20,0.7,,,True,sym,5,0.95,,10,,,30,0.2,0.15,14,,False,fixed,,1.0,0.0,0.85,1.0,0.09384437785008415,-0.325639794666846,0.4964957063975767,0.2881846119148122,0.1885668498832509,-0.3595595716935951,0.6701747205894003,0.5244384094548354,0.13132863912133463,-0.35955957169359565,0.5776181678648248,0.36524862487390103,7.581090251074417,0.24379553639831886,0.6080072381814069,0.3094322551458946,0.08256050667269849
v2vol,100,0.0,60,0.96,60,0.0,20,0.7,,,True,sym,5,0.95,,10,,,30,0.2,0.15,14,,False,fixed,,1.0,0.0,1.0,1.0,0.10240100272313657,-0.3800619452645071,0.4896366004629072,0.26943240174143135,0.20198430753048768,-0.41555455840133115,0.6540684775771053,0.4860596603910113,0.14215777559767062,-0.4155545584013308,0.5668900294395773,0.34209172471735627,7.581090251074417,0.28444128556654363,0.6080072381814069,0.3094322551458946,0.08256050667269849
v2vol,100,0.0,60,0.96,60,0.0,20,0.7,,,True,sym,5,0.95,,10,,,30,0.2,0.15,14,,True,fixed,,1.0,0.0,0.85,1.0,0.059708294887014235,-0.3260380682382764,0.3885682108605096,0.18313289368215122,0.13481194248331052,-0.3687247475730886,0.5710084722033055,0.3656167462873864,0.09006555163659491,-0.3687247475730886,0.47567936992935045,0.24426229112474238,9.633114679936666,0.19540808406842047,0.6043881474779461,0.17552589911784663,0.2200859534042072
v2vol,100,0.0,60,0.96,60,0.0,20,0.7,,,True,sym,5,0.95,,10,,,30,0.2,0.15,14,,True,fixed,,1.0,0.0,1.0,1.0,0.0633772791443894,-0.37519640557147926,0.38001233730554235,0.16891760742711937,0.1364527837067535,-0.4226309395953841,0.5373993324941506,0.32286510740881835,0.09351003808103964,-0.4226309395953842,0.45686014211625925,0.22125696280202226,9.633114679936666,0.22348045027176572,0.6043881474779461,0.17552589911784663,0.2200859534042072
v2vol,100,0.0,60,0.96,60,0.0,20,0.7,,,True,sym,5,0.95,,10,,,30,0.2,0.15,14,75.0,False,fixed,,1.0,0.0,0.85,1.0,0.09102972065036452,-0.3243701634697599,0.49438289195612756,0.2806353077503411,0.19753375736068057,-0.3062185911016383,0.7391545853541959,0.6450743459110108,0.13268371429382664,-0.3243701634697599,0.6041086873588325,0.40905030498033573,8.322099072608006,0.229245824744538,0.6145668400814296,0.2748247002940511,0.11060845962451935
v2vol,100,0.0,60,0.96,60,0.0,20,0.7,,,True,sym,5,0.95,,10,,,30,0.2,0.15,14,75.0,False,fixed,,1.0,0.0,1.0,1.0,0.09970749453546124,-0.3786529681990404,0.48864496101559474,0.2633215712257394,0.21639236884437874,-0.35173735796882966,0.7312132692801864,0.6152100820168072,0.145501855618422,-0.3786529681990404,0.5971045625381418,0.3842617590203027,8.322099072608006,0.2663460505114608,0.6145668400814296,0.2748247002940511,0.11060845962451935
v2vol,100,0.0,60,0.96,60,0.0,20,0.7,,,True,sym,5,0.95,,10,,,30,0.2,0.15,14,75.0,True,fixed,,1.0,0.0,0.85,1.0,0.04578130497673438,-0.32839249825030403,0.3252761504922568,0.13941032520736638,0.14555768954732562,-0.2660759981250308,0.6972904857471542,0.547053062181607,0.08489012004779295,-0.32839249825030403,0.4834133686006136,0.25850200750654434,8.892105858403076,0.17410591244014106,0.6116263288848677,0.1307396516625198,0.25763401945261255
v2vol,100,0.0,60,0.96,60,0.0,20,0.7,,,True,sym,5,0.95,,10,,,30,0.2,0.15,14,75.0,True,fixed,,1.0,0.0,1.0,1.0,0.04624874960604508,-0.37524000546769687,0.3099090966529311,0.12325111643786733,0.15252875767587448,-0.2933810189542436,0.6813269809465855,0.519899883842394,0.0881484440030027,-0.37524000546769687,0.46520075658192966,0.2349121701273163,8.892105858403076,0.19630999992206652,0.6116263288848677,0.1307396516625198,0.25763401945261255
v2vol,100,0.0,60,0.96,60,0.0,20,0.7,,,True,sym,5,0.95,,10,,,30,0.2,0.15,14,85.0,False,fixed,,1.0,0.0,0.85,1.0,0.09384437785008415,-0.325639794666846,0.4964957063975767,0.2881846119148122,0.1885668498832509,-0.3595595716935951,0.6701747205894003,0.5244384094548354,0.13132863912133463,-0.35955957169359565,0.5776181678648248,0.36524862487390103,7.581090251074417,0.24379553639831886,0.6080072381814069,0.3094322551458946,0.08256050667269849
v2vol,100,0.0,60,0.96,60,0.0,20,0.7,,,True,sym,5,0.95,,10,,,30,0.2,0.15,14,85.0,False,fixed,,1.0,0.0,1.0,1.0,0.10240100272313657,-0.3800619452645071,0.4896366004629072,0.26943240174143135,0.20198430753048768,-0.41555455840133115,0.6540684775771053,0.4860596603910113,0.14215777559767062,-0.4155545584013308,0.5668900294395773,0.34209172471735627,7.581090251074417,0.28444128556654363,0.6080072381814069,0.3094322551458946,0.08256050667269849
v2vol,100,0.0,60,0.96,60,0.0,20,0.7,,,True,sym,5,0.95,,10,,,30,0.2,0.15,14,85.0,True,fixed,,1.0,0.0,0.85,1.0,0.059708294887014235,-0.3260380682382764,0.3885682108605096,0.18313289368215122,0.13481194248331052,-0.3687247475730886,0.5710084722033055,0.3656167462873864,0.09006555163659491,-0.3687247475730886,0.47567936992935045,0.24426229112474238,9.633114679936666,0.19540808406842047,0.6043881474779461,0.17552589911784663,0.2200859534042072
v2vol,100,0.0,60,0.96,60,0.0,20,0.7,,,True,sym,5,0.95,,10,,,30,0.2,0.15,14,85.0,True,fixed,,1.0,0.0,1.0,1.0,0.0633772791443894,-0.37519640557147926,0.38001233730554235,0.16891760742711937,0.1364527837067535,-0.4226309395953841,0.5373993324941506,0.32286510740881835,0.09351003808103964,-0.4226309395953842,0.45686014211625925,0.22125696280202226,9.633114679936666,0.22348045027176572,0.6043881474779461,0.17552589911784663,0.2200859534042072
v2vol,100,0.0,60,0.96,60,0.0,20,0.7,,,True,sym,5,0.95,,10,,,30,0.2,0.25,14,,False,fixed,,1.0,0.0,0.85,1.0,0.03447928826232749,-0.38779239410735833,0.25784966724845676,0.08891171870890814,0.12103034829158976,-0.3220739094703621,0.4807048935753779,0.37578439213104664,0.06884971551939478,-0.38779239410735833,0.36643342042718396,0.17754271761280108,6.042071929427731,0.20595376929965173,0.7231395611852522,0.23727663424564577,0.039583804569102016
v2vol,100,0.0,60,0.96,60,0.0,20,0.7,,,True,sym,5,0.95,,10,,,30,0.2,0.25,14,,False,fixed,,1.0,0.0,1.0,1.0,0.0359443119006595,-0.44273526886962233,0.25565167590813787,0.0811869178446781,0.13005189980119014,-0.36962684720070604,0.47905152997002703,0.3518464656615498,0.07349179830540598,-0.44273526886962233,0.3643313555494192,0.16599490366566663,6.042071929427731,0.2408610104028023,0.7231395611852522,0.23727663424564577,0.039583804569102016
v2vol,100,0.0,60,0.96,60,0.0,20,0.7,,,True,sym,5,0.95,,10,,,30,0.2,0.25,14,,True,fixed,,1.0,0.0,0.85,1.0,0.006920868606147934,-0.35422036929461087,0.09481951903496506,0.019538313451397636,0.06304393532706754,-0.3351333254478128,0.268529508395766,0.18811598411714736,0.030268224318615866,-0.35422036929461087,0.1871228529372564,0.08545026470073291,7.35308753675639,0.17539997455338233,0.7335444469577018,0.1470255598280932,0.11942999321420493
v2vol,100,0.0,60,0.96,60,0.0,20,0.7,,,True,sym,5,0.95,,10,,,30,0.2,0.25,14,,True,fixed,,1.0,0.0,1.0,1.0,0.0033320122280844355,-0.39801113525972487,0.08380708260863187,0.008371655797795979,0.0587399484219262,-0.3834822969261009,0.2473478398031342,0.1531751241003068,0.026872165051949004,-0.39801113525972487,0.17173891759534304,0.06751611367459202,7.35308753675639,0.20282842680117794,0.7335444469577018,0.1470255598280932,0.11942999321420493
v2vol,100,0.0,60,0.96,60,0.0,20,0.7,,,True,sym,5,0.95,,10,,,30,0.2,0.25,14,75.0,False,fixed,,1.0,0.0,0.85,1.0,0.04119881397413794,-0.36467770043097003,0.299740897232888,0.112973219710034,0.11793641941768174,-0.30616846401251296,0.508698730970627,0.3852010683009525,0.07208294244468227,-0.36467770043097003,0.40007503279258255,0.19766205161296085,6.6120787152227996,0.18635670027967705,0.7353539923094322,0.20176430671793713,0.06288170097263063
v2vol,100,0.0,60,0.96,60,0.0,20,0.7,,,True,sym,5,0.95,,10,,,30,0.2,0.25,14,75.0,False,fixed,,1.0,0.0,1.0,1.0,0.044609833967880874,-0.4163671891973264,0.29978877518050295,0.1071406083987545,0.1305922592398947,-0.34440153447217836,0.5179340361460019,0.37918605513775455,0.07929809388096198,-0.4163671891973264,0.4035705523240585,0.19045231213783445,6.6120787152227996,0.2167974496823214,0.7353539923094322,0.20176430671793713,0.06288170097263063
v2vol,100,0.0,60,0.96,60,0.0,20,0.7,,,True,sym,5,0.95,,10,,,30,0.2,0.25,14,75.0,True,fixed,,1.0,0.0,0.85,1.0,0.006224395548674044,-0.32972608420261407,0.08396334136172956,0.018877473899969657,0.05784471553273307,-0.28007824254350744,0.2598092587338688,0.20653055734505138,0.027935879169212585,-0.32972608420261407,0.17616595062109047,0.0847245046953768,6.441076679484279,0.14643536349616698,0.7482470029405112,0.09884641483827189,0.15290658222121692
v2vol,100,0.0,60,0.96,60,0.0,20,0.7,,,True,sym,5,0.95,,10,,,30,0.2,0.25,14,75.0,True,fixed,,1.0,0.0,1.0,1.0,0.001997898138501597,-0.3711582861679944,0.06475713405212725,0.005382873595868757,0.056085681939985754,-0.315605677102582,0.24190262633761772,0.17770808958470066,0.025054556660343952,-0.3711582861679944,0.15732368447716474,0.06750369746293017,6.441076679484279,0.1667052715293334,0.7482470029405112,0.09884641483827189,0.15290658222121692
v2vol,100,0.0,60,0.96,60,0.0,20,0.7,,,True,sym,5,0.95,,10,,,30,0.2,0.25,14,85.0,False,fixed,,1.0,0.0,0.85,1.0,0.03447928826232749,-0.38779239410735833,0.25784966724845676,0.08891171870890814,0.12103034829158976,-0.3220739094703621,0.4807048935753779,0.37578439213104664,0.06884971551939478,-0.38779239410735833,0.36643342042718396,0.17754271761280108,6.042071929427731,0.20595376929965173,0.7231395611852522,0.23727663424564577,0.039583804569102016
v2vol,100,0.0,60,0.96,60,0.0,20,0.7,,,True,sym,5,0.95,,10,,,30,0.2,0.25,14,85.0,False,fixed,,1.0,0.0,1.0,1.0,0.0359443119006595,-0.44273526886962233,0.25565167590813787,0.0811869178446781,0.13005189980119014,-0.36962684720070604,0.47905152997002703,0.3518464656615498,0.07349179830540598,-0.44273526886962233,0.3643313555494192,0.16599490366566663,6.042071929427731,0.2408610104028023,0.7231395611852522,0.23727663424564577,0.039583804569102016
v2vol,100,0.0,60,0.96,60,0.0,20,0.7,,,True,sym,5,0.95,,10,,,30,0.2,0.25,14,85.0,True,fixed,,1.0,0.0,0.85,1.0,0.006920868606147934,-0.35422036929461087,0.09481951903496506,0.019538313451397636,0.06304393532706754,-0.3351333254478128,0.268529508395766,0.18811598411714736,0.030268224318615866,-0.35422036929461087,0.1871228529372564,0.08545026470073291,7.35308753675639,0.17539997455338233,0.7335444469577018,0.1470255598280932,0.11942999321420493
v2vol,100,0.0,60,0.96,60,0.0,20,0.7,,,True,sym,5,0.95,,10,,,30,0.2,0.25,14,85.0,True,fixed,,1.0,0.0,1.0,1.0,0.0033320122280844355,-0.39801113525972487,0.08380708260863187,0.008371655797795979,0.0587399484219262,-0.3834822969261009,0.2473478398031342,0.1531751241003068,0.026872165051949004,-0.39801113525972487,0.17173891759534304,0.06751611367459202,7.35308753675639,0.20282842680117794,0.7335444469577018,0.1470255598280932,0.11942999321420493
v2vol,100,0.0,60,0.96,60,0.0,20,0.7,,,True,sym,5,0.95,,10,,,30,0.3,,14,,False,fixed,,1.0,0.0,0.85,1.0,0.14838304095701393,-0.2499685725411379,0.7865650468156553,0.5936067860394498,0.23539473235928643,-0.2758010352189142,0.8477175450978442,0.8534947382356427,0.18329736126710294,-0.27580103521891397,0.8172853737645326,0.6645999755643148,8.43610042976702,0.22067084110838078,0.2510744175525899,0.18118072834200408,0.567744854105406
v2vol,100,0.0,60,0.96,60,0.0,20,0.7,,,True,sym,5,0.95,,10,,,30,0.3,,14,,False,fixed,,1.0,0.0,1.0,1.0,0.15434578907326602,-0.2932057790059789,0.7514979760719606,0.526407731786619,0.2426376200416147,-0.31639288334518034,0.8113918466730469,0.7668870977002993,0.19027431176892406,-0.3163928833451801,0.7827013461944367,0.6013861935109884,8.43610042976702,0.24550575664758745,0.2510744175525899,0.18118072834200408,0.567744854105406
v2vol,100,0.0,60,0.96,60,0.0,20,0.7,,,True,sym,5,0.95,,10,,,30,0.3,,14,,True,fixed,,1.0,0.0,0.85,1.0,0.1316811904442372,-0.2499685725411367,0.7805781946433902,0.5267909845849392,0.1802525512375408,-0.2758010352189141,0.7132491414451839,0.6535600966634055,0.152644886062401,-0.27580103521891397,0.7548131230578033,0.553460163560448,8.379099751187514,0.19772042070082763,0.2510744175525899,0.106536982583126,0.6423885998642841
v2vol,100,0.0,60,0.96,60,0.0,20,0.7,,,True,sym,5,0.95,,10,,,30,0.3,,14,,True,fixed,,1.0,0.0,1.0,1.0,0.1338354011177867,-0.2603548720407294,0.7431961539079228,0.5140499198987517,0.17248959384199725,-0.3163928833451798,0.6494986493965502,0.5451753276441864,0.1516931815475897,-0.3163928833451801,0.706985582713337,0.4794456181939295,8.379099751187514,0.21517671564934457,0.2510744175525899,0.106536982583126,0.6423885998642841
v2vol,100,0.0,60,0.96,60,0.0,20,0.7,,,True,sym,5,0.95,,10,,,30,0.3,,14,75.0,False,fixed,,1.0,0.0,0.85,1.0,0.16385887947856004,-0.24996857254113958,0.8962584406630122,0.6555179229644651,0.24580360893938624,-0.2562127412728462,0.947842689658048,0.9593730886225714,0.19700564802497023,-0.2562127412728463,0.9243817102233733,0.7689143289528088,8.379099751187514,0.20351940004598312,0.2510744175525899,0.14747794616602578,0.6014476362813843
v2vol,100,0.0,60,0.96,60,0.0,20,0.7,,,True,sym,5,0.95,,10,,,30,0.3,,14,75.0,False,fixed,,1.0,0.0,1.0,1.0,0.17482717580530172,-0.2603548720407296,0.8779376239663638,0.6714956952215281,0.2571449567515829,-0.284588294841824,0.9267955756143262,0.9035682823656036,0.208687512822348,-0.284588294841824,0.9062739006505028,0.7332961917437182,8.379099751187514,0.22294196518651038,0.2510744175525899,0.14747794616602578,0.6014476362813843
v2vol,100,0.0,60,0.96,60,0.0,20,0.7,,,True,sym,5,0.95,,10,,,30,0.3,,14,75.0,True,fixed,,1.0,0.0,0.85,1.0,0.13342838786196154,-0.24996857254113825,0.8409338412333284,0.5337806529258903,0.20998526888348112,-0.262329300681594,0.9027208560853356,0.8004644099530224,0.16454163491816254,-0.26232930068159366,0.8747438018705826,0.6272331550103034,6.954082786699842,0.1780047978435407,0.2510744175525899,0.0642388599864284,0.6846867224609817
v2vol,100,0.0,60,0.96,60,0.0,20,0.7,,,True,sym,5,0.95,,10,,,30,0.3,,14,75.0,True,fixed,,1.0,0.0,1.0,1.0,0.1360514791136267,-0.2603548720407294,0.8135830113923675,0.5225616791697414,0.21145150068853624,-0.29085333220473664,0.8742579691238632,0.7270038788474045,0.16728246972543448,-0.2908533322047365,0.848888831788135,0.5751437277936412,6.954082786699842,0.18850448359287902,0.2510744175525899,0.0642388599864284,0.6846867224609817
v2vol,100,0.0,60,0.96,60,0.0,20,0.7,,,True,sym,5,0.95,,10,,,30,0.3,,14,85.0,False,fixed,,1.0,0.0,0.85,1.0,0.14838304095701393,-0.2499685725411379,0.7865650468156553,0.5936067860394498,0.23539473235928643,-0.2758010352189142,0.8477175450978442,0.8534947382356427,0.18329736126710294,-0.27580103521891397,0.8172853737645326,0.6645999755643148,8.43610042976702,0.22067084110838078,0.2510744175525899,0.18118072834200408,0.567744854105406
v2vol,100,0.0,60,0.96,60,0.0,20,0.7,,,True,sym,5,0.95,,10,,,30,0.3,,14,85.0,False,fixed,,1.0,0.0,1.0,1.0,0.15434578907326602,-0.2932057790059789,0.7514979760719606,0.526407731786619,0.2426376200416147,-0.31639288334518034,0.8113918466730469,0.7668870977002993,0.19027431176892406,-0.3163928833451801,0.7827013461944367,0.6013861935109884,8.43610042976702,0.24550575664758745,0.2510744175525899,0.18118072834200408,0.567744854105406
v2vol,100,0.0,60,0.96,60,0.0,20,0.7,,,True,sym,5,0.95,,10,,,30,0.3,,14,85.0,True,fixed,,1.0,0.0,0.85,1.0,0.1316811904442372,-0.2499685725411367,0.7805781946433902,0.5267909845849392,0.1802525512375408,-0.2758010352189141,0.7132491414451839,0.6535600966634055,0.152644886062401,-0.27580103521891397,0.7548131230578033,0.553460163560448,8.379099751187514,0.19772042070082763,0.2510744175525899,0.106536982583126,0.6423885998642841
v2vol,100,0.0,60,0.96,60,0.0,20,0.7,,,True,sym,5,0.95,,10,,,30,0.3,,14,85.0,True,fixed,,1.0,0.0,1.0,1.0,0.1338354011177867,-0.2603548720407294,0.7431961539079228,0.5140499198987517,0.17248959384199725,-0.3163928833451798,0.6494986493965502,0.5451753276441864,0.1516931815475897,-0.3163928833451801,0.706985582713337,0.4794456181939295,8.379099751187514,0.21517671564934457,0.2510744175525899,0.106536982583126,0.6423885998642841
v2vol,100,0.0,60,0.96,60,0.0,20,0.7,,,True,sym,5,0.95,,10,,,30,0.3,0.15,14,,False,fixed,,1.0,0.0,0.85,1.0,0.08533940332275369,-0.2646234837763637,0.5087280700197775,0.3224936884092834,0.21114699622796795,-0.29677551917472533,0.8130067192223863,0.7114703962615463,0.13376296502553364,-0.29677551917472567,0.6474152760029974,0.4507210210515414,9.00610721556209,0.2083391512223836,0.5914951368468673,0.2033476589007012,0.20515720425243159
v2vol,100,0.0,60,0.96,60,0.0,20,0.7,,,True,sym,5,0.95,,10,,,30,0.3,0.15,14,,False,fixed,,1.0,0.0,1.0,1.0,0.09542752612574512,-0.3003478534396037,0.5106956503119927,0.3177233498854835,0.22901220546952827,-0.34345188039344954,0.7962028421700456,0.6667956081858625,0.14712691119416554,-0.34345188039345,0.6413834609576331,0.42837707286860854,9.00610721556209,0.2396694703230081,0.5914951368468673,0.2033476589007012,0.20515720425243159
v2vol,100,0.0,60,0.96,60,0.0,20,0.7,,,True,sym,5,0.95,,10,,,30,0.3,0.15,14,,True,fixed,,1.0,0.0,0.85,1.0,0.06228185694621291,-0.25453004698455395,0.4366885519144186,0.24469353494439286,0.12784133379269114,-0.33813097970774963,0.5641015107014656,0.37808228605135746,0.08921010661335949,-0.3381309797077502,0.5026487639355435,0.26383298770927355,9.74711603709568,0.17624275941625442,0.5865188871296086,0.11490612983487898,0.29857498303551233
v2vol,100,0.0,60,0.96,60,0.0,20,0.7,,,True,sym,5,0.95,,10,,,30,0.3,0.15,14,,True,fixed,,1.0,0.0,1.0,1.0,0.06570948402457177,-0.29422400803616267,0.4237606648865317,0.22333148291724553,0.12267399216582175,-0.3834075937837502,0.5064719941782048,0.3199571269707621,0.09002804827351985,-0.38340759378374967,0.47128032201724923,0.23481028997119355,9.74711603709568,0.19867765983728397,0.5865188871296086,0.11490612983487898,0.29857498303551233
v2vol,100,0.0,60,0.96,60,0.0,20,0.7,,,True,sym,5,0.95,,10,,,30,0.3,0.15,14,75.0,False,fixed,,1.0,0.0,0.85,1.0,0.09374559495350221,-0.2571892612844272,0.5808110916220476,0.36450042464964494,0.21410928444285804,-0.21908660758353438,0.9076215369318382,0.9772814815310947,0.14029404002916523,-0.2571892612844272,0.7275471093152445,0.5454894941123268,9.120108572721103,0.18748805416594141,0.592852295860665,0.16534720651436327,0.24180049762497172
v2vol,100,0.0,60,0.96,60,0.0,20,0.7,,,True,sym,5,0.95,,10,,,30,0.3,0.15,14,75.0,False,fixed,,1.0,0.0,1.0,1.0,0.1068674216522767,-0.29422400803616267,0.5909148786362017,0.3632178841066626,0.2339785428986887,-0.23964669636978242,0.8993110498251878,0.9763478756145773,0.15635521649400497,-0.29422400803616267,0.7296802711244934,0.5314155616926663,9.120108572721103,0.21320919576476827,0.592852295860665,0.16534720651436327,0.24180049762497172
v2vol,100,0.0,60,0.96,60,0.0,20,0.7,,,True,sym,5,0.95,,10,,,30,0.3,0.15,14,75.0,True,fixed,,1.0,0.0,0.85,1.0,0.058688469363360474,-0.25453004698455384,0.4486681903275335,0.23057580061234179,0.14939744207221617,-0.22971020869535574,0.7609000366159469,0.6503735420411756,0.09462299517923878,-0.25453004698455384,0.592284225362387,0.37175569760917454,8.493101108346528,0.1507710121151963,0.588328432481339,0.06853653019678806,0.3431350373218729
v2vol,100,0.0,60,0.96,60,0.0,20,0.7,,,True,sym,5,0.95,,10,,,30,0.3,0.15,14,75.0,True,fixed,,1.0,0.0,1.0,1.0,0.06090185528543257,-0.29422400803616255,0.4321314771266921,0.2069914542050125,0.15122774921563287,-0.2607377121024258,0.7264703904116976,0.5799995251788739,0.09720192753871038,-0.29422400803616255,0.5680981090116086,0.3303670838674846,8.493101108346528,0.16545485137616586,0.588328432481339,0.06853653019678806,0.3431350373218729
v2vol,100,0.0,60,0.96,60,0.0,20,0.7,,,True,sym,5,0.95,,10,,,30,0.3,0.15,14,85.0,False,fixed,,1.0,0.0,0.85,1.0,0.08533940332275369,-0.2646234837763637,0.5087280700197775,0.3224936884092834,0.21114699622796795,-0.29677551917472533,0.8130067192223863,0.7114703962615463,0.13376296502553364,-0.29677551917472567,0.6474152760029974,0.4507210210515414,9.00610721556209,0.2083391512223836,0.5914951368468673,0.2033476589007012,0.20515720425243159
v2vol,100,0.0,60,0.96,60,0.0,20,0.7,,,True,sym,5,0.95,,10,,,30,0.3,0.15,14,85.0,False,fixed,,1.0,0.0,1.0,1.0,0.09542752612574512,-0.3003478534396037,0.5106956503119927,0.3177233498854835,0.22901220546952827,-0.34345188039344954,0.7962028421700456,0.6667956081858625,0.14712691119416554,-0.34345188039345,0.6413834609576331,0.42837707286860854,9.00610721556209,0.2396694703230081,0.5914951368468673,0.2033476589007012,0.20515720425243159
v2vol,100,0.0,60,0.96,60,0.0,20,0.7,,,True,sym,5,0.95,,10,,,30,0.3,0.15,14,85.0,True,fixed,,1.0,0.0,0.85,1.0,0.06228185694621291,-0.25453004698455395,0.4366885519144186,0.24469353494439286,0.12784133379269114,-0.33813097970774963,0.5641015107014656,0.37808228605135746,0.08921010661335949,-0.3381309797077502,0.5026487639355435,0.26383298770927355,9.74711603709568,0.17624275941625442,0.5865188871296086,0.11490612983487898,0.29857498303551233
v2vol,100,0.0,60,0.96,60,0.0,20,0.7,,,True,sym,5,0.95,,10,,,30,0.3,0.15,14,85.0,True,fixed,,1.0,0.0,1.0,1.0,0.06570948402457177,-0.29422400803616267,0.4237606648865317,0.22333148291724553,0.12267399216582175,-0.3834075937837502,0.5064719941782048,0.3199571269707621,0.09002804827351985,-0.38340759378374967,0.47128032201724923,0.23481028997119355,9.74711603709568,0.19867765983728397,0.5865188871296086,0.11490612983487898,0.29857498303551233
v2vol,100,0.0,60,0.96,60,0.0,20,0.7,,,True,sym,5,0.95,,10,,,30,0.3,0.25,14,,False,fixed,,1.0,0.0,0.85,1.0,0.026117456965037977,-0.31591263010348347,0.21658036458366506,0.08267303829062701,0.10223111906874371,-0.3335588629410289,0.4196822901286763,0.3064859922094696,0.05672904082679575,-0.33355886294102566,0.31904396013856323,0.1700720536297836,5.130061072155621,0.19202269212781808,0.7581995023750283,0.20108572721103823,0.040714770413933496
v2vol,100,0.0,60,0.96,60,0.0,20,0.7,,,True,sym,5,0.95,,10,,,30,0.3,0.25,14,,False,fixed,,1.0,0.0,1.0,1.0,0.02671240343983361,-0.36411118489646943,0.21412718575162368,0.07336331469034371,0.10745924733839374,-0.3819361359402704,0.41433797442809966,0.281353967918864,0.05946197902692085,-0.3819361359402682,0.3151930522045411,0.15568565901871154,5.130061072155621,0.22435265591890038,0.7581995023750283,0.20108572721103823,0.040714770413933496
v2vol,100,0.0,60,0.96,60,0.0,20,0.7,,,True,sym,5,0.95,,10,,,30,0.3,0.25,14,,True,fixed,,1.0,0.0,0.85,1.0,0.006618472429747113,-0.2811806334389192,0.08815385025085047,0.02353815178805635,0.06279793455293214,-0.3374826818972323,0.2696266013746373,0.18607750240664173,0.029985359553795776,-0.3374826818972284,0.18640692876254003,0.08885006894346964,6.669079393802307,0.1651702348057437,0.7548066048405339,0.1216919249038679,0.12350147025559828
v2vol,100,0.0,60,0.96,60,0.0,20,0.7,,,True,sym,5,0.95,,10,,,30,0.3,0.25,14,,True,fixed,,1.0,0.0,1.0,1.0,0.0038066083826868713,-0.31219508461166323,0.07889227872325608,0.012193043934121765,0.05809760323001156,-0.385684966992321,0.24487566378249823,0.15063486576381985,0.0269432004205703,-0.385684966992321,0.17033278513695463,0.06985805184651322,6.669079393802307,0.19047663516763716,0.7548066048405339,0.1216919249038679,0.12350147025559828
v2vol,100,0.0,60,0.96,60,0.0,20,0.7,,,True,sym,5,0.95,,10,,,30,0.3,0.25,14,75.0,False,fixed,,1.0,0.0,0.85,1.0,0.03854240385646279,-0.29008402253499377,0.3048157767226869,0.13286634513561774,0.09771896596714646,-0.28007824254350766,0.4366474391885814,0.3488988115596544,0.06309060936736288,-0.29008402253499377,0.37500495136105233,0.21749081116576166,5.472065143632662,0.16724023632851423,0.7656638769509161,0.16082334313503732,0.0735127799140466
v2vol,100,0.0,60,0.96,60,0.0,20,0.7,,,True,sym,5,0.95,,10,,,30,0.3,0.25,14,75.0,False,fixed,,1.0,0.0,1.0,1.0,0.042517091163197795,-0.3340228516453131,0.3063582134595344,0.1272879713282167,0.10426217714033315,-0.3156056771025826,0.434551125353753,0.3303558354764461,0.06848819051878863,-0.3340228516453131,0.3750281898620374,0.205040434154229,5.472065143632662,0.19357313869698314,0.7656638769509161,0.16082334313503732,0.0735127799140466
v2vol,100,0.0,60,0.96,60,0.0,20,0.7,,,True,sym,5,0.95,,10,,,30,0.3,0.25,14,75.0,True,fixed,,1.0,0.0,0.85,1.0,0.008892475626362195,-0.29201455327242587,0.10057738889829257,0.030452165916765927,0.0760451565988467,-0.2800782425435093,0.3707619289252533,0.2715139737676457,0.036229889654440184,-0.29201455327242587,0.2398185234468638,0.12406878098517453,5.70006785795069,0.13343747849369253,0.7647591042750509,0.07147704139334993,0.16376385433159918
v2vol,100,0.0,60,0.96,60,0.0,20,0.7,,,True,sym,5,0.95,,10,,,30,0.3,0.25,14,75.0,True,fixed,,1.0,0.0,1.0,1.0,0.0059612238586650435,-0.33530212176285323,0.08150166114749093,0.01777866429035363,0.07752250408227823,-0.31560567710258236,0.3579288520679151,0.2456308923019811,0.03534112332430461,-0.33530212176285323,0.22334681966418563,0.10540083414473612,5.70006785795069,0.15042524928186068,0.7647591042750509,0.07147704139334993,0.16376385433159918
v2vol,100,0.0,60,0.96,60,0.0,20,0.7,,,True,sym,5,0.95,,10,,,30,0.3,0.25,14,85.0,False,fixed,,1.0,0.0,0.85,1.0,0.026117456965037977,-0.31591263010348347,0.21658036458366506,0.08267303829062701,0.10223111906874371,-0.3335588629410289,0.4196822901286763,0.3064859922094696,0.05672904082679575,-0.33355886294102566,0.31904396013856323,0.1700720536297836,5.130061072155621,0.19202269212781808,0.7581995023750283,0.20108572721103823,0.040714770413933496
v2vol,100,0.0,60,0.96,60,0.0,20,0.7,,,True,sym,5,0.95,,10,,,30,0.3,0.25,14,85.0,False,fixed,,1.0,0.0,1.0,1.0,0.02671240343983361,-0.36411118489646943,0.21412718575162368,0.07336331469034371,0.10745924733839374,-0.3819361359402704,0.41433797442809966,0.281353967918864,0.05946197902692085,-0.3819361359402682,0.3151930522045411,0.15568565901871154,5.130061072155621,0.22435265591890038,0.7581995023750283,0.20108572721103823,0.040714770413933496
v2vol,100,0.0,60,0.96,60,0.0,20,0.7,,,True,sym,5,0.95,,10,,,30,0.3,0.25,14,85.0,True,fixed,,1.0,0.0,0.85,1.0,0.006618472429747113,-0.2811806334389192,0.08815385025085047,0.02353815178805635,0.06279793455293214,-0.3374826818972323,0.2696266013746373,0.18607750240664173,0.029985359553795776,-0.3374826818972284,0.18640692876254003,0.08885006894346964,6.669079393802307,0.1651702348057437,0.7548066048405339,0.1216919249038679,0.12350147025559828
v2vol,100,0.0,60,0.96,60,0.0,20,0.7,,,True,sym,5,0.95,,10,,,30,0.3,0.25,14,85.0,True,fixed,,1.0,0.0,1.0,1.0,0.0038066083826868713,-0.31219508461166323,0.07889227872325608,0.012193043934121765,0.05809760323001156,-0.385684966992321,0.24487566378249823,0.15063486576381985,0.0269432004205703,-0.385684966992321,0.17033278513695463,0.06985805184651322,6.669079393802307,0.19047663516763716,0.7548066048405339,0.1216919249038679,0.12350147025559828
v2vol,100,0.0,60,0.96,60,0.0,20,0.7,,,True,sym,5,0.95,,10,,,30,0.4,,14,,False,fixed,,1.0,0.0,0.85,1.0,0.13996457874731294,-0.21260405119406978,0.8390005486685257,0.6583344859197914,0.21412268604183904,-0.232649687179585,0.8963340869137701,0.9203652437175006,0.168383958880165,-0.23264968717958556,0.8637258697570005,0.7237661091295045,7.2390861795973755,0.1857298980641751,0.2510744175525899,0.08595340420719294,0.6629721782402171
v2vol,100,0.0,60,0.96,60,0.0,20,0.7,,,True,sym,5,0.95,,10,,,30,0.4,,14,,False,fixed,,1.0,0.0,1.0,1.0,0.1442709697741218,-0.2355890578838089,0.8106522739638535,0.6123840006409609,0.21686694830027142,-0.24108241435190036,0.8665213565970667,0.8995552366740347,0.17213452326140222,-0.24108241435190092,0.8350959365446362,0.7140069661412238,7.2390861795973755,0.19906142474882677,0.2510744175525899,0.08595340420719294,0.6629721782402171
v2vol,100,0.0,60,0.96,60,0.0,20,0.7,,,True,sym,5,0.95,,10,,,30,0.4,,14,,True,fixed,,1.0,0.0,0.85,1.0,0.12420106075322401,-0.21260405119407078,0.8044551718195682,0.5841895300473362,0.18545228066874486,-0.24347675259228485,0.8077376733419785,0.7616837282994934,0.14793902734332476,-0.24347675259228418,0.8049717277231367,0.6076104834166947,6.783080750961321,0.17491040991217335,0.2510744175525899,0.0565482922415743,0.6923772902058358
v2vol,100,0.0,60,0.96,60,0.0,20,0.7,,,True,sym,5,0.95,,10,,,30,0.4,,14,,True,fixed,,1.0,0.0,1.0,1.0,0.12429048419022859,-0.2140348855583455,0.7700800523810877,0.5807019910142043,0.1799942389448954,-0.2548303322832858,0.758083455856595,0.7063297266543695,0.1460170746024534,-0.2548303322832849,0.7643901314969674,0.5729972303302259,6.783080750961321,0.1842496347555748,0.2510744175525899,0.0565482922415743,0.6923772902058358
v2vol,100,0.0,60,0.96,60,0.0,20,0.7,,,True,sym,5,0.95,,10,,,30,0.4,,14,75.0,False,fixed,,1.0,0.0,0.85,1.0,0.14866361604392986,-0.2126040511940711,0.964111424330785,0.6992510970932789,0.20943697512829162,-0.23264968717958523,0.9293273998569399,0.9002246152457732,0.17226222631714738,-0.23264968717958523,0.9472270785565629,0.7404360968866294,6.156073286586745,0.16983900577095717,0.2510744175525899,0.04546482696222574,0.7034607554851844
v2vol,100,0.0,60,0.96,60,0.0,20,0.7,,,True,sym,5,0.95,,10,,,30,0.4,,14,75.0,False,fixed,,1.0,0.0,1.0,1.0,0.15570604528959175,-0.21260405119407033,0.9647570858991379,0.7323757210414554,0.21082928828230707,-0.2410824143518998,0.9082399251392284,0.8745112697210952,0.1772632862533039,-0.24108241435190025,0.9389754144048694,0.7352808653830651,6.156073286586745,0.17725987127568063,0.2510744175525899,0.04546482696222574,0.7034607554851844
v2vol,100,0.0,60,0.96,60,0.0,20,0.7,,,True,sym,5,0.95,,10,,,30,0.4,,14,75.0,True,fixed,,1.0,0.0,0.85,1.0,0.13322275626356506,-0.21260405119407066,0.9198314367195126,0.6266237896941849,0.19684026868415572,-0.2434767525922843,0.9029865108786842,0.8084561116755815,0.1578296696484014,-0.24347675259228485,0.9099916991333461,0.6482330159573625,5.130061072155621,0.16167214813036251,0.2510744175525899,0.01967880570006786,0.7292467767473423
v2vol,100,0.0,60,0.96,60,0.0,20,0.7,,,True,sym,5,0.95,,10,,,30,0.4,,14,75.0,True,fixed,,1.0,0.0,1.0,1.0,0.13564456319587337,-0.21260405119407066,0.913706266820821,0.6380149504867778,0.19452245492978748,-0.25483033228328555,0.8767875418672949,0.7633410559365593,0.15853826839788887,-0.25483033228328644,0.8952829828385901,0.6221326440121231,5.130061072155621,0.16578390594615347,0.2510744175525899,0.01967880570006786,0.7292467767473423
v2vol,100,0.0,60,0.96,60,0.0,20,0.7,,,True,sym,5,0.95,,10,,,30,0.4,,14,85.0,False,fixed,,1.0,0.0,0.85,1.0,0.13996457874731294,-0.21260405119406978,0.8390005486685257,0.6583344859197914,0.21412268604183904,-0.232649687179585,0.8963340869137701,0.9203652437175006,0.168383958880165,-0.23264968717958556,0.8637258697570005,0.7237661091295045,7.2390861795973755,0.1857298980641751,0.2510744175525899,0.08595340420719294,0.6629721782402171
v2vol,100,0.0,60,0.96,60,0.0,20,0.7,,,True,sym,5,0.95,,10,,,30,0.4,,14,85.0,False,fixed,,1.0,0.0,1.0,1.0,0.1442709697741218,-0.2355890578838089,0.8106522739638535,0.6123840006409609,0.21686694830027142,-0.24108241435190036,0.8665213565970667,0.8995552366740347,0.17213452326140222,-0.24108241435190092,0.8350959365446362,0.7140069661412238,7.2390861795973755,0.19906142474882677,0.2510744175525899,0.08595340420719294,0.6629721782402171
v2vol,100,0.0,60,0.96,60,0.0,20,0.7,,,True,sym,5,0.95,,10,,,30,0.4,,14,85.0,True,fixed,,1.0,0.0,0.85,1.0,0.12420106075322401,-0.21260405119407078,0.8044551718195682,0.5841895300473362,0.18545228066874486,-0.24347675259228485,0.8077376733419785,0.7616837282994934,0.14793902734332476,-0.24347675259228418,0.8049717277231367,0.6076104834166947,6.783080750961321,0.17491040991217335,0.2510744175525899,0.0565482922415743,0.6923772902058358
v2vol,100,0.0,60,0.96,60,0.0,20,0.7,,,True,sym,5,0.95,,10,,,30,0.4,,14,85.0,True,fixed,,1.0,0.0,1.0,1.0,0.12429048419022859,-0.2140348855583455,0.7700800523810877,0.5807019910142043,0.1799942389448954,-0.2548303322832858,0.758083455856595,0.7063297266543695,0.1460170746024534,-0.2548303322832849,0.7643901314969674,0.5729972303302259,6.783080750961321,0.1842496347555748,0.2510744175525899,0.0565482922415743,0.6923772902058358
v2vol,100,0.0,60,0.96,60,0.0,20,0.7,,,True,sym,5,0.95,,10,,,30,0.4,0.15,14,,False,fixed,,1.0,0.0,0.85,1.0,0.06341222708465422,-0.25453004698455395,0.4407081531813218,0.24913454358692025,0.16811892466045064,-0.14746030643724928,0.8177324964920314,1.140096129747245,0.10258329699109625,-0.25453004698455395,0.5962042481608616,0.403030204906698,9.234109929880118,0.16594972546017292,0.5752092286812939,0.09319158561411445,0.33159918570459174
v2vol,100,0.0,60,0.96,60,0.0,20,0.7,,,True,sym,5,0.95,,10,,,30,0.4,0.15,14,,False,fixed,,1.0,0.0,1.0,1.0,0.06486153966689989,-0.2942240080361629,0.41686483072322056,0.22044951429975695,0.17257831202493024,-0.15581589387494554,0.7839125567606996,1.107578358876777,0.10509717345915859,-0.2942240080361629,0.5651681743376555,0.35720121604162625,9.234109929880118,0.18506578569742735,0.5752092286812939,0.09319158561411445,0.33159918570459174
v2vol,100,0.0,60,0.96,60,0.0,20,0.7,,,True,sym,5,0.95,,10,,,30,0.4,0.15,14,,True,fixed,,1.0,0.0,0.85,1.0,0.05102233059339145,-0.25453004698455395,0.39728678777614324,0.2004570037913352,0.13386963338057667,-0.15847924273580272,0.683935193563425,0.8447139894765134,0.08241176895397317,-0.25453004698455395,0.5207407571487985,0.3237801192052359,9.17710925130061,0.1495852586479774,0.5731734901605972,0.06016738294503506,0.3666591268943678
v2vol,100,0.0,60,0.96,60,0.0,20,0.7,,,True,sym,5,0.95,,10,,,30,0.4,0.15,14,,True,fixed,,1.0,0.0,1.0,1.0,0.050208074952827975,-0.2942240080361629,0.3680114069038813,0.17064574467579455,0.12862359802945011,-0.17110842896632483,0.6223223548387873,0.7517081350490572,0.08001238869697591,-0.2942240080361629,0.4763438659288022,0.2719437792688272,9.17710925130061,0.16348352340421796,0.5731734901605972,0.06016738294503506,0.3666591268943678
v2vol,100,0.0,60,0.96,60,0.0,20,0.7,,,True,sym,5,0.95,,10,,,30,0.4,0.15,14,75.0,False,fixed,,1.0,0.0,0.85,1.0,0.06539077695319184,-0.25453004698455395,0.5129963196462762,0.25690788858872937,0.15994383081405927,-0.1649607534699158,0.8510712486600653,0.969587174219767,0.10097238742225523,-0.25453004698455395,0.6579610610622085,0.3967012485106825,8.379099751187514,0.14268809723040266,0.5792807057226872,0.04750056548292242,0.3732187287943904
v2vol,100,0.0,60,0.96,60,0.0,20,0.7,,,True,sym,5,0.95,,10,,,30,0.4,0.15,14,75.0,False,fixed,,1.0,0.0,1.0,1.0,0.0677638996591472,-0.2942240080361629,0.4946344013561677,0.23031397101632298,0.16310981178064554,-0.16776863579275392,0.8262678306473413,0.9722306616484415,0.1036313664056685,-0.2942240080361629,0.6346617381178818,0.3522192736662442,8.379099751187514,0.15450191247019365,0.5792807057226872,0.04750056548292242,0.3732187287943904
v2vol,100,0.0,60,0.96,60,0.0,20,0.7,,,True,sym,5,0.95,,10,,,30,0.4,0.15,14,75.0,True,fixed,,1.0,0.0,0.85,1.0,0.052963356280063545,-0.25453004698455395,0.45189515365319655,0.20808292344077398,0.14163056460651613,-0.17448775584834686,0.7954391690334913,0.8116934275297345,0.08643029588177242,-0.25453004698455395,0.6007307727582512,0.3395681449232491,7.6380909296539246,0.1316076968207187,0.5758878081881927,0.02103596471386564,0.40307622709794166
v2vol,100,0.0,60,0.96,60,0.0,20,0.7,,,True,sym,5,0.95,,10,,,30,0.4,0.15,14,75.0,True,fixed,,1.0,0.0,1.0,1.0,0.052672672679675125,-0.2942240080361629,0.426794388470769,0.17902234773853384,0.13941967055967575,-0.1806062273488509,0.7586153335962881,0.771953839057714,0.08545548532050695,-0.2942240080361629,0.5684517495045646,0.29044361774177063,7.6380909296539246,0.1393582249679453,0.5758878081881927,0.02103596471386564,0.40307622709794166
v2vol,100,0.0,60,0.96,60,0.0,20,0.7,,,True,sym,5,0.95,,10,,,30,0.4,0.15,14,85.0,False,fixed,,1.0,0.0,0.85,1.0,0.06341222708465422,-0.25453004698455395,0.4407081531813218,0.24913454358692025,0.16811892466045064,-0.14746030643724928,0.8177324964920314,1.140096129747245,0.10258329699109625,-0.25453004698455395,0.5962042481608616,0.403030204906698,9.234109929880118,0.16594972546017292,0.5752092286812939,0.09319158561411445,0.33159918570459174
v2vol,100,0.0,60,0.96,60,0.0,20,0.7,,,True,sym,5,0.95,,10,,,30,0.4,0.15,14,85.0,False,fixed,,1.0,0.0,1.0,1.0,0.06486153966689989,-0.2942240080361629,0.41686483072322056,0.22044951429975695,0.17257831202493024,-0.15581589387494554,0.7839125567606996,1.107578358876777,0.10509717345915859,-0.2942240080361629,0.5651681743376555,0.35720121604162625,9.234109929880118,0.18506578569742735,0.5752092286812939,0.09319158561411445,0.33159918570459174
v2vol,100,0.0,60,0.96,60,0.0,20,0.7,,,True,sym,5,0.95,,10,,,30,0.4,0.15,14,85.0,True,fixed,,1.0,0.0,0.85,1.0,0.05102233059339145,-0.25453004698455395,0.39728678777614324,0.2004570037913352,0.13386963338057667,-0.15847924273580272,0.683935193563425,0.8447139894765134,0.08241176895397317,-0.25453004698455395,0.5207407571487985,0.3237801192052359,9.17710925130061,0.1495852586479774,0.5731734901605972,0.06016738294503506,0.3666591268943678
v2vol,100,0.0,60,0.96,60,0.0,20,0.7,,,True,sym,5,0.95,,10,,,30,0.4,0.15,14,85.0,True,fixed,,1.0,0.0,1.0,1.0,0.050208074952827975,-0.2942240080361629,0.3680114069038813,0.17064574467579455,0.12862359802945011,-0.17110842896632483,0.6223223548387873,0.7517081350490572,0.08001238869697591,-0.2942240080361629,0.4763438659288022,0.2719437792688272,9.17710925130061,0.16348352340421796,0.5731734901605972,0.06016738294503506,0.3666591268943678
v2vol,100,0.0,60,0.96,60,0.0,20,0.7,,,True,sym,5,0.95,,10,,,30,0.4,0.25,14,,False,fixed,,1.0,0.0,0.85,1.0,0.022391708664913912,-0.2722796994387142,0.20512178523775487,0.08223789254605786,0.09447160225417206,-0.21985053857107706,0.4633221744209053,0.42970830487017275,0.04988103253292686,-0.2722796994387142,0.3218083840017749,0.1831977655174189,6.441076679484279,0.14523797513119285,0.7568423433612305,0.09454874462791224,0.14860891201085727
v2vol,100,0.0,60,0.96,60,0.0,20,0.7,,,True,sym,5,0.95,,10,,,30,0.4,0.25,14,,False,fixed,,1.0,0.0,1.0,1.0,0.022861017209756307,-0.30702607179858554,0.19997333508456902,0.07445953067058596,0.09789108595507989,-0.24303748851872287,0.4474609053408259,0.40278183646363125,0.0514083431037502,-0.30702607179858554,0.31028964021391403,0.1674396666139642,6.441076679484279,0.1657470457522213,0.7568423433612305,0.09454874462791224,0.14860891201085727
v2vol,100,0.0,60,0.96,60,0.0,20,0.7,,,True,sym,5,0.95,,10,,,30,0.4,0.25,14,,True,fixed,,1.0,0.0,0.85,1.0,0.007196667647815902,-0.24751780634903886,0.08538738699329121,0.02907535321991127,0.06468562888852847,-0.2198505385710755,0.3091090476452884,0.2942254738558043,0.02940925571743014,-0.24751780634903886,0.19183690004911977,0.11881672737499331,6.726080072381814,0.12999641587191516,0.7468898439267134,0.06220312146573174,0.19090703460755484
v2vol,100,0.0,60,0.96,60,0.0,20,0.7,,,True,sym,5,0.95,,10,,,30,0.4,0.25,14,,True,fixed,,1.0,0.0,1.0,1.0,0.004200935096195346,-0.2829467089633013,0.06656566975761936,0.014847089445172571,0.05968527073465646,-0.24303748851872276,0.266901014712694,0.24558051146113005,0.025684221603446078,-0.2829467089633013,0.16142629959940408,0.09077406023753175,6.726080072381814,0.14594503632024328,0.7468898439267134,0.06220312146573174,0.19090703460755484
v2vol,100,0.0,60,0.96,60,0.0,20,0.7,,,True,sym,5,0.95,,10,,,30,0.4,0.25,14,75.0,False,fixed,,1.0,0.0,0.85,1.0,0.026872954624509227,-0.2130807573018988,0.26832666335772665,0.12611629020275572,0.07707023464607055,-0.23609617673992,0.3892349344361643,0.3264357589787231,0.04647005381644176,-0.23609617673991845,0.32741239258852045,0.196826795156589,5.87106989368921,0.12400485246180457,0.7620447862474553,0.05134584935534947,0.1866093643971952
v2vol,100,0.0,60,0.96,60,0.0,20,0.7,,,True,sym,5,0.95,,10,,,30,0.4,0.25,14,75.0,False,fixed,,1.0,0.0,1.0,1.0,0.028478229977958014,-0.24629913667506753,0.2640637516863372,0.11562456272645481,0.07926414215579447,-0.24237794029866333,0.3803872860769653,0.32702704733823335,0.04829126559022212,-0.24629913667506753,0.32028071452247325,0.19606753901833943,5.87106989368921,0.1379863700515498,0.7620447862474553,0.05134584935534947,0.1866093643971952
v2vol,100,0.0,60,0.96,60,0.0,20,0.7,,,True,sym,5,0.95,,10,,,30,0.4,0.25,14,75.0,True,fixed,,1.0,0.0,0.85,1.0,0.013449403397703064,-0.2130807573018988,0.148278095195954,0.0631188079487045,0.06236433433976707,-0.23400362998311264,0.3105551708212075,0.26651011501089844,0.032562815207680895,-0.23400362998311375,0.22991537884357877,0.13915517126820087,5.415064465053155,0.11242931572165017,0.7511875141370731,0.0244288622483601,0.22438362361456685
v2vol,100,0.0,60,0.96,60,0.0,20,0.7,,,True,sym,5,0.95,,10,,,30,0.4,0.25,14,75.0,True,fixed,,1.0,0.0,1.0,1.0,0.011320545285441241,-0.24629913667506753,0.12327178709761627,0.04596258613921159,0.060232495660983654,-0.2403026010535375,0.2848372864145476,0.25065269954179287,0.030430063723514644,-0.24629913667506753,0.20405758706662314,0.12354920985232601,5.415064465053155,0.12240701248533348,0.7511875141370731,0.0244288622483601,0.22438362361456685
v2vol,100,0.0,60,0.96,60,0.0,20,0.7,,,True,sym,5,0.95,,10,,,30,0.4,0.25,14,85.0,False,fixed,,1.0,0.0,0.85,1.0,0.022391708664913912,-0.2722796994387142,0.20512178523775487,0.08223789254605786,0.09447160225417206,-0.21985053857107706,0.4633221744209053,0.42970830487017275,0.04988103253292686,-0.2722796994387142,0.3218083840017749,0.1831977655174189,6.441076679484279,0.14523797513119285,0.7568423433612305,0.09454874462791224,0.14860891201085727
v2vol,100,0.0,60,0.96,60,0.0,20,0.7,,,True,sym,5,0.95,,10,,,30,0.4,0.25,14,85.0,False,fixed,,1.0,0.0,1.0,1.0,0.022861017209756307,-0.30702607179858554,0.19997333508456902,0.07445953067058596,0.09789108595507989,-0.24303748851872287,0.4474609053408259,0.40278183646363125,0.0514083431037502,-0.30702607179858554,0.31028964021391403,0.1674396666139642,6.441076679484279,0.1657470457522213,0.7568423433612305,0.09454874462791224,0.14860891201085727
v2vol,100,0.0,60,0.96,60,0.0,20,0.7,,,True,sym,5,0.95,,10,,,30,0.4,0.25,14,85.0,True,fixed,,1.0,0.0,0.85,1.0,0.007196667647815902,-0.24751780634903886,0.08538738699329121,0.02907535321991127,0.06468562888852847,-0.2198505385710755,0.3091090476452884,0.2942254738558043,0.02940925571743014,-0.24751780634903886,0.19183690004911977,0.11881672737499331,6.726080072381814,0.12999641587191516,0.7468898439267134,0.06220312146573174,0.19090703460755484
v2vol,100,0.0,60,0.96,60,0.0,20,0.7,,,True,sym,5,0.95,,10,,,30,0.4,0.25,14,85.0,True,fixed,,1.0,0.0,1.0,1.0,0.004200935096195346,-0.2829467089633013,0.06656566975761936,0.014847089445172571,0.05968527073465646,-0.24303748851872276,0.266901014712694,0.24558051146113005,0.025684221603446078,-0.2829467089633013,0.16142629959940408,0.09077406023753175,6.726080072381814,0.14594503632024328,0.7468898439267134,0.06220312146573174,0.19090703460755484
v2vol,100,0.0,60,0.96,60,0.0,20,0.7,,,True,sym,5,0.95,,10,,,30,0.5,,14,,False,fixed,,1.0,0.0,0.85,1.0,0.1336660581203173,-0.21260405119407066,0.9062552019751929,0.6287088951014548,0.18594031241127618,-0.2334394452940287,0.8503344347063791,0.7965248211461221,0.1541583374908364,-0.23343944529402894,0.8804704602540623,0.6603782719611336,6.042071929427731,0.16387264777440086,0.2510744175525899,0.0327980095001131,0.716127572947297
v2vol,100,0.0,60,0.96,60,0.0,20,0.7,,,True,sym,5,0.95,,10,,,30,0.5,,14,,False,fixed,,1.0,0.0,1.0,1.0,0.1366102696109075,-0.21260405119407066,0.8975399602556324,0.6425572271254887,0.18069410572162758,-0.24186753940557448,0.8112231166986443,0.7470787777711315,0.15411939518807638,-0.24186753940557326,0.8591815667638236,0.6372057844837242,6.042071929427731,0.16886900719463122,0.2510744175525899,0.0327980095001131,0.716127572947297
v2vol,100,0.0,60,0.96,60,0.0,20,0.7,,,True,sym,5,0.95,,10,,,30,0.5,,14,,True,fixed,,1.0,0.0,0.85,1.0,0.13208560905655697,-0.21260405119407044,0.9276595676995693,0.6212751277066957,0.18024026142017324,-0.24425536747446197,0.8258459993541626,0.7379173005850862,0.15107523040536375,-0.24425536747446186,0.8785036023043005,0.618513451587341,5.586066500791675,0.16058778427060091,0.2510744175525899,0.02352408957249491,0.7254014928749152
v2vol,100,0.0,60,0.96,60,0.0,20,0.7,,,True,sym,5,0.95,,10,,,30,0.5,,14,,True,fixed,,1.0,0.0,1.0,1.0,0.134573520847606,-0.212604051194071,0.9277110948681224,0.6329772179400451,0.17338784494428827,-0.2556012346663983,0.7804953542609853,0.678352924118649,0.15015161044152747,-0.25560123466639806,0.8578138409116269,0.5874447775555552,5.586066500791675,0.16422068522437985,0.2510744175525899,0.02352408957249491,0.7254014928749152
v2vol,100,0.0,60,0.96,60,0.0,20,0.7,,,True,sym,5,0.95,,10,,,30,0.5,,14,75.0,False,fixed,,1.0,0.0,0.85,1.0,0.12877495313885468,-0.21260405119407078,0.9178804446402664,0.6057031952853306,0.19885308920268874,-0.23343944529402982,0.9318998365762311,0.8518401376092303,0.15570821298358828,-0.23343944529403016,0.9213531015192462,0.6670175761746906,5.016059714996607,0.15682162687256285,0.2510744175525899,0.01221443112418005,0.7367111513232301
v2vol,100,0.0,60,0.96,60,0.0,20,0.7,,,True,sym,5,0.95,,10,,,30,0.5,,14,75.0,False,fixed,,1.0,0.0,1.0,1.0,0.12987542078597136,-0.2126040511940701,0.9139450187338916,0.61087933205665,0.19735522955869422,-0.24186753940557293,0.9164200942017092,0.8159641018539543,0.15587309888385792,-0.24186753940557393,0.9124652466454051,0.6444564626858967,5.016059714996607,0.15885900794685745,0.2510744175525899,0.01221443112418005,0.7367111513232301
v2vol,100,0.0,60,0.96,60,0.0,20,0.7,,,True,sym,5,0.95,,10,,,30,0.5,,14,75.0,True,fixed,,1.0,0.0,0.85,1.0,0.12979992056727974,-0.21260405119406967,0.9468116224728449,0.6105242107959434,0.19478648362892592,-0.2442553674744633,0.9176833087988664,0.7974706375666062,0.15489698242678895,-0.24425536747446241,0.929497992096339,0.6341599942240117,4.560054286360551,0.15426187991927615,0.2510744175525899,0.004523863379325944,0.7444017190680842
v2vol,100,0.0,60,0.96,60,0.0,20,0.7,,,True,sym,5,0.95,,10,,,30,0.5,,14,75.0,True,fixed,,1.0,0.0,1.0,1.0,0.13118920315072646,-0.21260405119407022,0.9541871834270785,0.6170588115038962,0.19203440697134866,-0.25560123466639795,0.898357479395225,0.7513046923344695,0.15478980992902014,-0.25560123466639884,0.924305903391266,0.6055910102744457,4.560054286360551,0.15518175007524995,0.2510744175525899,0.004523863379325944,0.7444017190680842
v2vol,100,0.0,60,0.96,60,0.0,20,0.7,,,True,sym,5,0.95,,10,,,30,0.5,,14,85.0,False,fixed,,1.0,0.0,0.85,1.0,0.1336660581203173,-0.21260405119407066,0.9062552019751929,0.6287088951014548,0.18594031241127618,-0.2334394452940287,0.8503344347063791,0.7965248211461221,0.1541583374908364,-0.23343944529402894,0.8804704602540623,0.6603782719611336,6.042071929427731,0.16387264777440086,0.2510744175525899,0.0327980095001131,0.716127572947297
v2vol,100,0.0,60,0.96,60,0.0,20,0.7,,,True,sym,5,0.95,,10,,,30,0.5,,14,85.0,False,fixed,,1.0,0.0,1.0,1.0,0.1366102696109075,-0.21260405119407066,0.8975399602556324,0.6425572271254887,0.18069410572162758,-0.24186753940557448,0.8112231166986443,0.7470787777711315,0.15411939518807638,-0.24186753940557326,0.8591815667638236,0.6372057844837242,6.042071929427731,0.16886900719463122,0.2510744175525899,0.0327980095001131,0.716127572947297
v2vol,100,0.0,60,0.96,60,0.0,20,0.7,,,True,sym,5,0.95,,10,,,30,0.5,,14,85.0,True,fixed,,1.0,0.0,0.85,1.0,0.13208560905655697,-0.21260405119407044,0.9276595676995693,0.6212751277066957,0.18024026142017324,-0.24425536747446197,0.8258459993541626,0.7379173005850862,0.15107523040536375,-0.24425536747446186,0.8785036023043005,0.618513451587341,5.586066500791675,0.16058778427060091,0.2510744175525899,0.02352408957249491,0.7254014928749152
v2vol,100,0.0,60,0.96,60,0.0,20,0.7,,,True,sym,5,0.95,,10,,,30,0.5,,14,85.0,True,fixed,,1.0,0.0,1.0,1.0,0.134573520847606,-0.212604051194071,0.9277110948681224,0.6329772179400451,0.17338784494428827,-0.2556012346663983,0.7804953542609853,0.678352924118649,0.15015161044152747,-0.25560123466639806,0.8578138409116269,0.5874447775555552,5.586066500791675,0.16422068522437985,0.2510744175525899,0.02352408957249491,0.7254014928749152
v2vol,100,0.0,60,0.96,60,0.0,20,0.7,,,True,sym,5,0.95,,10,,,30,0.5,0.15,14,,False,fixed,,1.0,0.0,0.85,1.0,0.0677105497122934,-0.18988943095735344,0.5834871149589997,0.35657882258597245,0.13844860088339805,-0.15031114163310555,0.7671295716699762,0.9210800967857541,0.09478913212033202,-0.18988943095735344,0.6659773583343939,0.4991806634125959,8.664103144085049,0.12988709403911294,0.56932820628817,0.03370278217597829,0.3969690115358516
v2vol,100,0.0,60,0.96,60,0.0,20,0.7,,,True,sym,5,0.95,,10,,,30,0.5,0.15,14,,False,fixed,,1.0,0.0,1.0,1.0,0.07155888378342645,-0.21403988566397503,0.5837945241394944,0.33432499536917154,0.1334124817775122,-0.15965320550514317,0.7137814118248353,0.8356392303893602,0.09544064784987083,-0.21403988566397503,0.6430652753050112,0.44590122795946907,8.664103144085049,0.13688798341447989,0.56932820628817,0.03370278217597829,0.3969690115358516
v2vol,100,0.0,60,0.96,60,0.0,20,0.7,,,True,sym,5,0.95,,10,,,30,0.5,0.15,14,,True,fixed,,1.0,0.0,0.85,1.0,0.06214327658332852,-0.1677321439934102,0.5813849894719916,0.37049115991607423,0.13297681195112787,-0.1622999773659881,0.7359547745612112,0.8193273598015592,0.0892475968868709,-0.1677321439934102,0.6511513839874088,0.5320840404351906,8.2650983940285,0.1238915820377917,0.56932820628817,0.02352408957249491,0.407147704139335
v2vol,100,0.0,60,0.96,60,0.0,20,0.7,,,True,sym,5,0.95,,10,,,30,0.5,0.15,14,,True,fixed,,1.0,0.0,1.0,1.0,0.06447748060505254,-0.17469465443089083,0.5856918159358615,0.3690867406052188,0.12639880472091547,-0.17487622705991834,0.6751890024516476,0.7227900947200049,0.08837358726571765,-0.17487622705991657,0.6258425786164065,0.505349347658552,8.2650983940285,0.12856524658201024,0.56932820628817,0.02352408957249491,0.407147704139335
v2vol,100,0.0,60,0.96,60,0.0,20,0.7,,,True,sym,5,0.95,,10,,,30,0.5,0.15,14,75.0,False,fixed,,1.0,0.0,0.85,1.0,0.06310400411533212,-0.17875504723962365,0.5862910584560308,0.35301942568782585,0.15084427756110053,-0.15031114163310733,0.8806377723547304,1.0035468823016096,0.09625928295708208,-0.17875504723962365,0.7174214487147946,0.5384982658869775,7.6380909296539246,0.1208698844046796,0.56932820628817,0.013119203800045238,0.4175525899117847
v2vol,100,0.0,60,0.96,60,0.0,20,0.7,,,True,sym,5,0.95,,10,,,30,0.5,0.15,14,75.0,False,fixed,,1.0,0.0,1.0,1.0,0.06520948920003189,-0.20001075493197618,0.5869228713342259,0.326029913852431,0.14940640063071853,-0.15965320550514328,0.8571442889731461,0.9358183580341914,0.09710518820908676,-0.20001075493197618,0.7070281416523531,0.4854998334570174,7.6380909296539246,0.12432900640003011,0.56932820628817,0.013119203800045238,0.4175525899117847
v2vol,100,0.0,60,0.96,60,0.0,20,0.7,,,True,sym,5,0.95,,10,,,30,0.5,0.15,14,75.0,True,fixed,,1.0,0.0,0.85,1.0,0.05999880213561193,-0.14264979895819307,0.5985122925588642,0.42060207987531767,0.14694052171660776,-0.16229997736598978,0.8636813002775655,0.9053637844030864,0.09286407137548336,-0.16229997736599155,0.7180564284445424,0.5721755041657951,7.2390861795973755,0.11557908171932296,0.56932820628817,0.004523863379325944,0.426147930332504
v2vol,100,0.0,60,0.96,60,0.0,20,0.7,,,True,sym,5,0.95,,10,,,30,0.5,0.15,14,75.0,True,fixed,,1.0,0.0,1.0,1.0,0.06130225228414932,-0.1426497989581944,0.6088807508553126,0.42973949302315406,0.1442986536667965,-0.17487622705991646,0.8357483279591301,0.8251473404521508,0.09276265542753848,-0.17487622705991734,0.7109351825095838,0.5304474884156523,7.2390861795973755,0.1168040935734101,0.56932820628817,0.004523863379325944,0.426147930332504
v2vol,100,0.0,60,0.96,60,0.0,20,0.7,,,True,sym,5,0.95,,10,,,30,0.5,0.15,14,85.0,False,fixed,,1.0,0.0,0.85,1.0,0.0677105497122934,-0.18988943095735344,0.5834871149589997,0.35657882258597245,0.13844860088339805,-0.15031114163310555,0.7671295716699762,0.9210800967857541,0.09478913212033202,-0.18988943095735344,0.6659773583343939,0.4991806634125959,8.664103144085049,0.12988709403911294,0.56932820628817,0.03370278217597829,0.3969690115358516
v2vol,100,0.0,60,0.96,60,0.0,20,0.7,,,True,sym,5,0.95,,10,,,30,0.5,0.15,14,85.0,False,fixed,,1.0,0.0,1.0,1.0,0.07155888378342645,-0.21403988566397503,0.5837945241394944,0.33432499536917154,0.1334124817775122,-0.15965320550514317,0.7137814118248353,0.8356392303893602,0.09544064784987083,-0.21403988566397503,0.6430652753050112,0.44590122795946907,8.664103144085049,0.13688798341447989,0.56932820628817,0.03370278217597829,0.3969690115358516
v2vol,100,0.0,60,0.96,60,0.0,20,0.7,,,True,sym,5,0.95,,10,,,30,0.5,0.15,14,85.0,True,fixed,,1.0,0.0,0.85,1.0,0.06214327658332852,-0.1677321439934102,0.5813849894719916,0.37049115991607423,0.13297681195112787,-0.1622999773659881,0.7359547745612112,0.8193273598015592,0.0892475968868709,-0.1677321439934102,0.6511513839874088,0.5320840404351906,8.2650983940285,0.1238915820377917,0.56932820628817,0.02352408957249491,0.407147704139335
v2vol,100,0.0,60,0.96,60,0.0,20,0.7,,,True,sym,5,0.95,,10,,,30,0.5,0.15,14,85.0,True,fixed,,1.0,0.0,1.0,1.0,0.06447748060505254,-0.17469465443089083,0.5856918159358615,0.3690867406052188,0.12639880472091547,-0.17487622705991834,0.6751890024516476,0.7227900947200049,0.08837358726571765,-0.17487622705991657,0.6258425786164065,0.505349347658552,8.2650983940285,0.12856524658201024,0.56932820628817,0.02352408957249491,0.407147704139335
v2vol,100,0.0,60,0.96,60,0.0,20,0.7,,,True,sym,5,0.95,,10,,,30,0.5,0.25,14,,False,fixed,,1.0,0.0,0.85,1.0,0.02966164157006479,-0.23083079973289045,0.31257824463538114,0.12849949661998414,0.057701604533487494,-0.21985053857107562,0.2753857465927205,0.2624583269548512,0.04116031820340682,-0.23083079973289045,0.2980918933520143,0.1783138049646587,7.125084822438362,0.115644441839041,0.7281158109025108,0.036190907034607554,0.2356932820628817
v2vol,100,0.0,60,0.96,60,0.0,20,0.7,,,True,sym,5,0.95,,10,,,30,0.5,0.25,14,,False,fixed,,1.0,0.0,1.0,1.0,0.03334443988581026,-0.2543988031057536,0.3276827786335809,0.1310715281626108,0.052261634599101825,-0.23608116686438718,0.2326082292618718,0.22137146852176748,0.04148042029376331,-0.2543988031057536,0.2861223279430755,0.163052733689631,7.125084822438362,0.12583691238017566,0.7281158109025108,0.036190907034607554,0.2356932820628817
v2vol,100,0.0,60,0.96,60,0.0,20,0.7,,,True,sym,5,0.95,,10,,,30,0.5,0.25,14,,True,fixed,,1.0,0.0,0.85,1.0,0.02429276365593025,-0.19738723093459698,0.2855214826070411,0.12307160671390899,0.05490071549441655,-0.21985053857107562,0.25690951184468025,0.24971835798649938,0.036729637622091804,-0.21985053857107506,0.27034921045116284,0.16706639820314814,6.726080072381814,0.10899306607430857,0.7281158109025108,0.026238407600090476,0.24564578149739877
v2vol,100,0.0,60,0.96,60,0.0,20,0.7,,,True,sym,5,0.95,,10,,,30,0.5,0.25,14,,True,fixed,,1.0,0.0,1.0,1.0,0.0265155770844252,-0.20478218042400154,0.29963713972477524,0.12948185740343565,0.048668676221118146,-0.23608116686438718,0.2105402326327651,0.2061523029029886,0.035840304391558275,-0.23608116686438674,0.25235647702935754,0.1518134837589404,6.726080072381814,0.11689518098099422,0.7281158109025108,0.026238407600090476,0.24564578149739877
v2vol,100,0.0,60,0.96,60,0.0,20,0.7,,,True,sym,5,0.95,,10,,,30,0.5,0.25,14,75.0,False,fixed,,1.0,0.0,0.85,1.0,0.023519315670667895,-0.2101768180808149,0.27364942014310156,0.11190252038940139,0.06921809030290249,-0.2198505385710754,0.364269317215318,0.31484157715867955,0.041475779985244765,-0.21985053857107695,0.319068383652934,0.18865443885112787,6.156073286586745,0.10545053044322629,0.7285681972404433,0.015607328658674507,0.25582447410088216
v2vol,100,0.0,60,0.96,60,0.0,20,0.7,,,True,sym,5,0.95,,10,,,30,0.5,0.25,14,75.0,False,fixed,,1.0,0.0,1.0,1.0,0.025532020579411396,-0.23073776755568232,0.2849515665765388,0.11065384245450817,0.067110409839098,-0.23608116686438574,0.33687270831517097,0.28426837570507624,0.041988548639322554,-0.23608116686438674,0.3109278960001171,0.17785640928927737,6.156073286586745,0.1120791716913817,0.7285681972404433,0.015607328658674507,0.25582447410088216
v2vol,100,0.0,60,0.96,60,0.0,20,0.7,,,True,sym,5,0.95,,10,,,30,0.5,0.25,14,75.0,True,fixed,,1.0,0.0,0.85,1.0,0.021376896997419514,-0.15483970766802047,0.2759591268288899,0.1380582366071888,0.06790215318244197,-0.2198505385710754,0.35705944304886666,0.30885597835590434,0.039631523123810686,-0.21985053857107462,0.3143422019304245,0.1802657540954732,5.814069215109703,0.09946420552156438,0.729020583578376,0.007238181406921511,0.26374123501470254
v2vol,100,0.0,60,0.96,60,0.0,20,0.7,,,True,sym,5,0.95,,10,,,30,0.5,0.25,14,75.0,True,fixed,,1.0,0.0,1.0,1.0,0.02263285489607214,-0.15483970766802624,0.29144181306881717,0.14616957908882525,0.06533329875086702,-0.23608116686438574,0.3273032913535967,0.27674083290344387,0.03949526602952513,-0.23608116686438718,0.30405021611637045,0.16729528472812286,5.814069215109703,0.10384026020289336,0.729020583578376,0.007238181406921511,0.26374123501470254
v2vol,100,0.0,60,0.96,60,0.0,20,0.7,,,True,sym,5,0.95,,10,,,30,0.5,0.25,14,85.0,False,fixed,,1.0,0.0,0.85,1.0,0.02966164157006479,-0.23083079973289045,0.31257824463538114,0.12849949661998414,0.057701604533487494,-0.21985053857107562,0.2753857465927205,0.2624583269548512,0.04116031820340682,-0.23083079973289045,0.2980918933520143,0.1783138049646587,7.125084822438362,0.115644441839041,0.7281158109025108,0.036190907034607554,0.2356932820628817
v2vol,100,0.0,60,0.96,60,0.0,20,0.7,,,True,sym,5,0.95,,10,,,30,0.5,0.25,14,85.0,False,fixed,,1.0,0.0,1.0,1.0,0.03334443988581026,-0.2543988031057536,0.3276827786335809,0.1310715281626108,0.052261634599101825,-0.23608116686438718,0.2326082292618718,0.22137146852176748,0.04148042029376331,-0.2543988031057536,0.2861223279430755,0.163052733689631,7.125084822438362,0.12583691238017566,0.7281158109025108,0.036190907034607554,0.2356932820628817
v2vol,100,0.0,60,0.96,60,0.0,20,0.7,,,True,sym,5,0.95,,10,,,30,0.5,0.25,14,85.0,True,fixed,,1.0,0.0,0.85,1.0,0.02429276365593025,-0.19738723093459698,0.2855214826070411,0.12307160671390899,0.05490071549441655,-0.21985053857107562,0.25690951184468025,0.24971835798649938,0.036729637622091804,-0.21985053857107506,0.27034921045116284,0.16706639820314814,6.726080072381814,0.10899306607430857,0.7281158109025108,0.026238407600090476,0.24564578149739877
v2vol,100,0.0,60,0.96,60,0.0,20,0.7,,,True,sym,5,0.95,,10,,,30,0.5,0.25,14,85.0,True,fixed,,1.0,0.0,1.0,1.0,0.0265155770844252,-0.20478218042400154,0.29963713972477524,0.12948185740343565,0.048668676221118146,-0.23608116686438718,0.2105402326327651,0.2061523029029886,0.035840304391558275,-0.23608116686438674,0.25235647702935754,0.1518134837589404,6.726080072381814,0.11689518098099422,0.7281158109025108,0.026238407600090476,0.24564578149739877
v2vol,100,0.0,60,0.96,60,0.0,20,0.7,,,True,sym,5,0.95,,10,,,60,,,14,,False,fixed,,1.0,0.0,0.85,1.0,0.2741495619325258,-0.3072891112884688,0.9615788893244057,0.8921551459568865,0.3586903761366893,-0.27580103521891386,0.9610505831775493,1.3005403545783756,0.308578149410325,-0.3072891112884688,0.9645839722609,1.004194870805709,8.379099751187514,0.31888686854951936,0.2522053833974214,0.5363040036190907,0.2114906129834879
v2vol,100,0.0,60,0.96,60,0.0,20,0.7,,,True,sym,5,0.95,,10,,,60,,,14,,False,fixed,,1.0,0.0,1.0,1.0,0.3143520237421673,-0.3484210901816275,0.9617379155241659,0.9022187020260444,0.39916704765106203,-0.32197721047907757,0.9541386526424096,1.2397369585789375,0.3496127446805748,-0.3484210901816275,0.9621482487803663,1.0034201560483211,8.379099751187514,0.3704884371072979,0.2522053833974214,0.5363040036190907,0.2114906129834879
v2vol,100,0.0,60,0.96,60,0.0,20,0.7,,,True,sym,5,0.95,,10,,,60,,,14,,True,fixed,,1.0,0.0,0.85,1.0,0.17393532201843365,-0.31451978880198017,0.8240256514257621,0.5530186913865134,0.29540814663834536,-0.27580103521891386,0.9637611566331988,1.0710915077018062,0.22118208053737698,-0.31451978880198017,0.8880540727799375,0.7032374063961742,12.369147251752997,0.24495277301253895,0.2522053833974214,0.283872427052703,0.4639221895498756
v2vol,100,0.0,60,0.96,60,0.0,20,0.7,,,True,sym,5,0.95,,10,,,60,,,14,,True,fixed,,1.0,0.0,1.0,1.0,0.18840633788848926,-0.36217934593231227,0.8044365528015566,0.5202017729738253,0.3210444034756892,-0.31639288334518023,0.9507877615990007,1.0147017217370031,0.2401941458329948,-0.36217934593231227,0.8719350452050366,0.6631911745676539,12.369147251752997,0.276925700036066,0.2522053833974214,0.283872427052703,0.4639221895498756
v2vol,100,0.0,60,0.96,60,0.0,20,0.7,,,True,sym,5,0.95,,10,,,60,,,14,75.0,False,fixed,,1.0,0.0,0.85,1.0,0.27485856307546697,-0.3072891112884687,0.976943785369474,0.8944624231004481,0.38977985691317785,-0.27351063400154896,1.0514493313542028,1.4250994603411669,0.32015419866011596,-0.3072891112884687,1.012197193768385,1.0418663951927998,9.17710925130061,0.30963886333017465,0.2522053833974214,0.5102917891879665,0.23750282741461207
v2vol,100,0.0,60,0.96,60,0.0,20,0.7,,,True,sym,5,0.95,,10,,,60,,,14,75.0,False,fixed,,1.0,0.0,1.0,1.0,0.3159607111954077,-0.3495951300613399,0.978707512778948,0.9037903678462834,0.4418246287633445,-0.32197721047907757,1.0536245054017994,1.372223295263485,0.36589862156612885,-0.3495951300613399,1.0144395554699674,1.0466353507325126,9.17710925130061,0.35891931504207575,0.2522053833974214,0.5102917891879665,0.23750282741461207
v2vol,100,0.0,60,0.96,60,0.0,20,0.7,,,True,sym,5,0.95,,10,,,60,,,14,75.0,True,fixed,,1.0,0.0,0.85,1.0,0.17227127932062358,-0.31451978880198195,0.8380199244858556,0.5477279505267747,0.32200128226442404,-0.2434767525922843,1.10357546069181,1.322513459030865,0.2294035234236269,-0.31451978880198195,0.9560779563352662,0.7293770744837195,11.5711377516399,0.23096336019372665,0.2522053833974214,0.24836009952499435,0.49943451707758424
v2vol,100,0.0,60,0.96,60,0.0,20,0.7,,,True,sym,5,0.95,,10,,,60,,,14,75.0,True,fixed,,1.0,0.0,1.0,1.0,0.1861451896860864,-0.36217934593231194,0.8180802931394566,0.5139586002810753,0.35695855094277285,-0.2548303322832859,1.1104053467805655,1.4007694756915932,0.25120195667716505,-0.36217934593231194,0.9475782197350286,0.6935844340613295,11.5711377516399,0.25887058848287986,0.2522053833974214,0.24836009952499435,0.49943451707758424
v2vol,100,0.0,60,0.96,60,0.0,20,0.7,,,True,sym,5,0.95,,10,,,60,,,14,85.0,False,fixed,,1.0,0.0,0.85,1.0,0.2741495619325258,-0.3072891112884688,0.9615788893244057,0.8921551459568865,0.3586903761366893,-0.27580103521891386,0.9610505831775493,1.3005403545783756,0.308578149410325,-0.3072891112884688,0.9645839722609,1.004194870805709,8.379099751187514,0.31888686854951936,0.2522053833974214,0.5363040036190907,0.2114906129834879
v2vol,100,0.0,60,0.96,60,0.0,20,0.7,,,True,sym,5,0.95,,10,,,60,,,14,85.0,False,fixed,,1.0,0.0,1.0,1.0,0.3143520237421673,-0.3484210901816275,0.9617379155241659,0.9022187020260444,0.39916704765106203,-0.32197721047907757,0.9541386526424096,1.2397369585789375,0.3496127446805748,-0.3484210901816275,0.9621482487803663,1.0034201560483211,8.379099751187514,0.3704884371072979,0.2522053833974214,0.5363040036190907,0.2114906129834879
v2vol,100,0.0,60,0.96,60,0.0,20,0.7,,,True,sym,5,0.95,,10,,,60,,,14,85.0,True,fixed,,1.0,0.0,0.85,1.0,0.17393532201843365,-0.31451978880198017,0.8240256514257621,0.5530186913865134,0.29540814663834536,-0.27580103521891386,0.9637611566331988,1.0710915077018062,0.22118208053737698,-0.31451978880198017,0.8880540727799375,0.7032374063961742,12.369147251752997,0.24495277301253895,0.2522053833974214,0.283872427052703,0.4639221895498756
v2vol,100,0.0,60,0.96,60,0.0,20,0.7,,,True,sym,5,0.95,,10,,,60,,,14,85.0,True,fixed,,1.0,0.0,1.0,1.0,0.18840633788848926,-0.36217934593231227,0.8044365528015566,0.5202017729738253,0.3210444034756892,-0.31639288334518023,0.9507877615990007,1.0147017217370031,0.2401941458329948,-0.36217934593231227,0.8719350452050366,0.6631911745676539,12.369147251752997,0.276925700036066,0.2522053833974214,0.283872427052703,0.4639221895498756
v2vol,100,0.0,60,0.96,60,0.0,20,0.7,,,True,sym,5,0.95,,10,,,60,,0.15,14,,False,fixed,,1.0,0.0,0.85,1.0,0.046498493777748395,-0.42187681991829873,0.3016298598891629,0.11021817644959342,0.1474560083398042,-0.32639679289231716,0.5416692807475268,0.4517691703804578,0.08602801388563108,-0.42187681991829873,0.41361137810400767,0.20391737546113908,5.87106989368921,0.23843148921515148,0.6403528613435874,0.31214657317349015,0.04750056548292242
v2vol,100,0.0,60,0.96,60,0.0,20,0.7,,,True,sym,5,0.95,,10,,,60,,0.15,14,,False,fixed,,1.0,0.0,1.0,1.0,0.04883605822171355,-0.4826704775265298,0.300708517179754,0.1011788797855972,0.1641419156807573,-0.37360350985314705,0.5524192202142234,0.43934789516639405,0.09392550086130069,-0.4826704775265298,0.41753490303854135,0.194595495756498,5.87106989368921,0.2792037614427476,0.6403528613435874,0.31214657317349015,0.04750056548292242
v2vol,100,0.0,60,0.96,60,0.0,20,0.7,,,True,sym,5,0.95,,10,,,60,,0.15,14,,True,fixed,,1.0,0.0,0.85,1.0,0.02917429597560628,-0.3192738377764809,0.2350524540491292,0.09137703289058965,0.12420789421271028,-0.30117533834000787,0.5145488666023605,0.4124105741768519,0.06654272584899079,-0.3192738377764809,0.3708345854798442,0.20841897448414304,8.43610042976702,0.18803089843884527,0.644650531553947,0.17145442207645328,0.18389504636959964
v2vol,100,0.0,60,0.96,60,0.0,20,0.7,,,True,sym,5,0.95,,10,,,60,,0.15,14,,True,fixed,,1.0,0.0,1.0,1.0,0.02823823594234809,-0.36991210245920747,0.22267336700248538,0.07633769145323407,0.13662174444810193,-0.34792226197041054,0.5223897940114136,0.3926789383190464,0.07080355636291014,-0.36991210245920747,0.3678920155662133,0.1914064338317184,8.43610042976702,0.21619459349010572,0.644650531553947,0.17145442207645328,0.18389504636959964
v2vol,100,0.0,60,0.96,60,0.0,20,0.7,,,True,sym,5,0.95,,10,,,60,,0.15,14,75.0,False,fixed,,1.0,0.0,0.85,1.0,0.04331753698593621,-0.43365233398248915,0.2911513683517401,0.09989001232421678,0.16702656797405968,-0.25894735398089674,0.6357653724181398,0.6450213350563208,0.09083589546127313,-0.43365233398248915,0.44620482775263076,0.20946709689550772,6.726080072381814,0.2224502543702161,0.6498529744401719,0.27980095001130967,0.07034607554851843
v2vol,100,0.0,60,0.96,60,0.0,20,0.7,,,True,sym,5,0.95,,10,,,60,,0.15,14,75.0,False,fixed,,1.0,0.0,1.0,1.0,0.04619735192650665,-0.49635969241164224,0.2929043557534582,0.09307232765426518,0.19416469721674456,-0.2982252005706104,0.6645317017080461,0.6510673707159513,0.10264944573851276,-0.49635969241164224,0.45869773107198325,0.20680455586507066,6.726080072381814,0.259602645895583,0.6498529744401719,0.27980095001130967,0.07034607554851843
v2vol,100,0.0,60,0.96,60,0.0,20,0.7,,,True,sym,5,0.95,,10,,,60,,0.15,14,75.0,True,fixed,,1.0,0.0,0.85,1.0,0.023795081875258584,-0.3216271061699718,0.2055784561513248,0.073983446726917,0.12885064812664448,-0.1856446130646041,0.5927658060922273,0.6940715704032016,0.06468843896366483,-0.3216271061699718,0.38419589058275655,0.2011286913407063,7.923094322551458,0.16695000524743867,0.6584483148608912,0.13413254919701426,0.20741913594209455
v2vol,100,0.0,60,0.96,60,0.0,20,0.7,,,True,sym,5,0.95,,10,,,60,,0.15,14,75.0,True,fixed,,1.0,0.0,1.0,1.0,0.022358109756639877,-0.3620983160867063,0.1925442423119472,0.06174596446144785,0.14853771151890394,-0.2075532041752608,0.6293494361878298,0.7156608933556942,0.07113414031053833,-0.3620983160867063,0.3915252501540896,0.19644979595404938,7.923094322551458,0.18979771000785248,0.6584483148608912,0.13413254919701426,0.20741913594209455
v2vol,100,0.0,60,0.96,60,0.0,20,0.7,,,True,sym,5,0.95,,10,,,60,,0.15,14,85.0,False,fixed,,1.0,0.0,0.85,1.0,0.046498493777748395,-0.42187681991829873,0.3016298598891629,0.11021817644959342,0.1474560083398042,-0.32639679289231716,0.5416692807475268,0.4517691703804578,0.08602801388563108,-0.42187681991829873,0.41361137810400767,0.20391737546113908,5.87106989368921,0.23843148921515148,0.6403528613435874,0.31214657317349015,0.04750056548292242
v2vol,100,0.0,60,0.96,60,0.0,20,0.7,,,True,sym,5,0.95,,10,,,60,,0.15,14,85.0,False,fixed,,1.0,0.0,1.0,1.0,0.04883605822171355,-0.4826704775265298,0.300708517179754,0.1011788797855972,0.1641419156807573,-0.37360350985314705,0.5524192202142234,0.43934789516639405,0.09392550086130069,-0.4826704775265298,0.41753490303854135,0.194595495756498,5.87106989368921,0.2792037614427476,0.6403528613435874,0.31214657317349015,0.04750056548292242
v2vol,100,0.0,60,0.96,60,0.0,20,0.7,,,True,sym,5,0.95,,10,,,60,,0.15,14,85.0,True,fixed,,1.0,0.0,0.85,1.0,0.02917429597560628,-0.3192738377764809,0.2350524540491292,0.09137703289058965,0.12420789421271028,-0.30117533834000787,0.5145488666023605,0.4124105741768519,0.06654272584899079,-0.3192738377764809,0.3708345854798442,0.20841897448414304,8.43610042976702,0.18803089843884527,0.644650531553947,0.17145442207645328,0.18389504636959964
v2vol,100,0.0,60,0.96,60,0.0,20,0.7,,,True,sym,5,0.95,,10,,,60,,0.15,14,85.0,True,fixed,,1.0,0.0,1.0,1.0,0.02823823594234809,-0.36991210245920747,0.22267336700248538,0.07633769145323407,0.13662174444810193,-0.34792226197041054,0.5223897940114136,0.3926789383190464,0.07080355636291014,-0.36991210245920747,0.3678920155662133,0.1914064338317184,8.43610042976702,0.21619459349010572,0.644650531553947,0.17145442207645328,0.18389504636959964
v2vol,100,0.0,60,0.96,60,0.0,20,0.7,,,True,sym,5,0.95,,10,,,60,,0.25,14,,False,fixed,,1.0,0.0,0.85,1.0,0.018250583046129698,-0.27316054053961736,0.17071270921509826,0.06681266265645992,0.05877522992461204,-0.3357122526148574,0.25502015142397705,0.17507621323562875,0.03595139262140745,-0.33571225261485704,0.2222899651999683,0.10708990315778666,3.477041393349921,0.1619356637805728,0.8425695543994571,0.14295408278669985,0.014476362813843022
v2vol,100,0.0,60,0.96,60,0.0,20,0.7,,,True,sym,5,0.95,,10,,,60,,0.25,14,,False,fixed,,1.0,0.0,1.0,1.0,0.018386300320063498,-0.3159143182506926,0.1691404441402481,0.05820027538439432,0.05947721034439035,-0.3916301198215162,0.2521147929483561,0.151870878500093,0.03676177080779075,-0.39163011982151474,0.22016986362132354,0.09386859934201412,3.477041393349921,0.18965473005459607,0.8425695543994571,0.14295408278669985,0.014476362813843022
v2vol,100,0.0,60,0.96,60,0.0,20,0.7,,,True,sym,5,0.95,,10,,,60,,0.25,14,,True,fixed,,1.0,0.0,0.85,1.0,-4.793071082964673e-05,-0.3268693444618671,0.025313923238771904,-0.00014663568683247495,0.04393857909776511,-0.37430260230816514,0.18194298603141543,0.1173878536425196,0.01886575548931102,-0.37430260230816514,0.1140666358755562,0.050402416047801754,4.446052929201538,0.13665166717310248,0.8439267134132549,0.08866772223478851,0.06740556435195658
v2vol,100,0.0,60,0.96,60,0.0,20,0.7,,,True,sym,5,0.95,,10,,,60,,0.25,14,,True,fixed,,1.0,0.0,1.0,1.0,-0.003755775932984262,-0.3827403951154382,0.012996934794205856,-0.009812854825139331,0.04150063970271489,-0.4323743628509725,0.16953972403854037,0.09598311849266376,0.016068309403219905,-0.4323743628509713,0.10185744602625423,0.037162955956198195,4.446052929201538,0.15818119015294435,0.8439267134132549,0.08866772223478851,0.06740556435195658
v2vol,100,0.0,60,0.96,60,0.0,20,0.7,,,True,sym,5,0.95,,10,,,60,,0.25,14,75.0,False,fixed,,1.0,0.0,0.85,1.0,0.007511463906921811,-0.2930395965746829,0.09171088109139792,0.025632931503874322,0.09194094918543882,-0.25420752795648305,0.4474924753190771,0.36167673681629875,0.04103391522296884,-0.2930395965746829,0.2633865942614062,0.14002856850272485,4.1040488577244965,0.14502796499456114,0.8466410314408505,0.11581090251074418,0.03754806604840534
v2vol,100,0.0,60,0.96,60,0.0,20,0.7,,,True,sym,5,0.95,,10,,,60,,0.25,14,75.0,False,fixed,,1.0,0.0,1.0,1.0,0.005955762336410819,-0.34544945878632094,0.08855493629610156,0.01724061851865508,0.10355616401556156,-0.29638926605877247,0.4663540628787426,0.3493924236616143,0.04462060906679022,-0.34544945878632094,0.2690684054742258,0.1291668229082115,4.1040488577244965,0.16863016943646905,0.8466410314408505,0.11581090251074418,0.03754806604840534
v2vol,100,0.0,60,0.96,60,0.0,20,0.7,,,True,sym,5,0.95,,10,,,60,,0.25,14,75.0,True,fixed,,1.0,0.0,0.85,1.0,-0.012066820793975919,-0.31935448973868397,-0.09629636774685596,-0.03778503569450285,0.06186707063399077,-0.258642787257063,0.31915016606503366,0.23919890165930505,0.01763952048703521,-0.31935448973868397,0.10075753745228883,0.05523492248838894,4.1040488577244965,0.11710008078036871,0.849355349468446,0.060393576114001354,0.09025107441755259
v2vol,100,0.0,60,0.96,60,0.0,20,0.7,,,True,sym,5,0.95,,10,,,60,,0.25,14,75.0,True,fixed,,1.0,0.0,1.0,1.0,-0.01789546206141024,-0.37238257265065033,-0.11518017888768185,-0.04805665832863456,0.06847952859164308,-0.29082621897827354,0.342826273920015,0.2354654571112067,0.016690465781957542,-0.37238257265065033,0.09695516864470992,0.04482074889582885,4.1040488577244965,0.13335252179754112,0.849355349468446,0.060393576114001354,0.09025107441755259
v2vol,100,0.0,60,0.96,60,0.0,20,0.7,,,True,sym,5,0.95,,10,,,60,,0.25,14,85.0,False,fixed,,1.0,0.0,0.85,1.0,0.018250583046129698,-0.27316054053961736,0.17071270921509826,0.06681266265645992,0.05877522992461204,-0.3357122526148574,0.25502015142397705,0.17507621323562875,0.03595139262140745,-0.33571225261485704,0.2222899651999683,0.10708990315778666,3.477041393349921,0.1619356637805728,0.8425695543994571,0.14295408278669985,0.014476362813843022
v2vol,100,0.0,60,0.96,60,0.0,20,0.7,,,True,sym,5,0.95,,10,,,60,,0.25,14,85.0,False,fixed,,1.0,0.0,1.0,1.0,0.018386300320063498,-0.3159143182506926,0.1691404441402481,0.05820027538439432,0.05947721034439035,-0.3916301198215162,0.2521147929483561,0.151870878500093,0.03676177080779075,-0.39163011982151474,0.22016986362132354,0.09386859934201412,3.477041393349921,0.18965473005459607,0.8425695543994571,0.14295408278669985,0.014476362813843022
v2vol,100,0.0,60,0.96,60,0.0,20,0.7,,,True,sym,5,0.95,,10,,,60,,0.25,14,85.0,True,fixed,,1.0,0.0,0.85,1.0,-4.793071082964673e-05,-0.3268693444618671,0.025313923238771904,-0.00014663568683247495,0.04393857909776511,-0.37430260230816514,0.18194298603141543,0.1173878536425196,0.01886575548931102,-0.37430260230816514,0.1140666358755562,0.050402416047801754,4.446052929201538,0.13665166717310248,0.8439267134132549,0.08866772223478851,0.06740556435195658
v2vol,100,0.0,60,0.96,60,0.0,20,0.7,,,True,sym,5,0.95,,10,,,60,,0.25,14,85.0,True,fixed,,1.0,0.0,1.0,1.0,-0.003755775932984262,-0.3827403951154382,0.012996934794205856,-0.009812854825139331,0.04150063970271489,-0.4323743628509725,0.16953972403854037,0.09598311849266376,0.016068309403219905,-0.4323743628509713,0.10185744602625423,0.037162955956198195,4.446052929201538,0.15818119015294435,0.8439267134132549,0.08866772223478851,0.06740556435195658
v2vol,100,0.0,60,0.96,60,0.0,20,0.7,,,True,sym,5,0.95,,10,,,60,0.2,,14,,False,fixed,,1.0,0.0,0.85,1.0,0.1220879612859529,-0.29542913536424087,0.6339629648182374,0.4132563334873118,0.28918548298927305,-0.27580103521891386,0.9661847798551574,1.0485293601589836,0.18499385572638305,-0.29542913536424087,0.7832397108414451,0.6261869043427291,8.037095679710472,0.23670220039183468,0.2510744175525899,0.22438362361456685,0.5245419588328433
v2vol,100,0.0,60,0.96,60,0.0,20,0.7,,,True,sym,5,0.95,,10,,,60,0.2,,14,,False,fixed,,1.0,0.0,1.0,1.0,0.1208730810747356,-0.3467386056282462,0.5835726618341832,0.34860000909252364,0.3118252967470343,-0.31639288334518023,0.9493037297224879,0.9855635608808471,0.1924609273013902,-0.3467386056282462,0.7481534905902864,0.5550605677515358,8.037095679710472,0.2662818000195699,0.2510744175525899,0.22438362361456685,0.5245419588328433
v2vol,100,0.0,60,0.96,60,0.0,20,0.7,,,True,sym,5,0.95,,10,,,60,0.2,,14,,True,fixed,,1.0,0.0,0.85,1.0,0.11187975762270219,-0.24427556168191233,0.678856212562356,0.4580063468174044,0.2466468211214461,-0.27580103521891386,0.9303265980384802,0.8942925864135102,0.16354350450195843,-0.2758010352189141,0.7946909811265089,0.5929763982653203,8.721103822664555,0.20031067923321957,0.2510744175525899,0.11920380004523863,0.6297217824021715
v2vol,100,0.0,60,0.96,60,0.0,20,0.7,,,True,sym,5,0.95,,10,,,60,0.2,,14,,True,fixed,,1.0,0.0,1.0,1.0,0.10906782028222839,-0.25314001835459754,0.6258999395016345,0.4308596522634624,0.2579174703649647,-0.31639288334518023,0.9061762828661345,0.8151810105146402,0.16614157333116641,-0.3163928833451801,0.7562629868387839,0.5251116004082441,8.721103822664555,0.21864749439025855,0.2510744175525899,0.11920380004523863,0.6297217824021715
v2vol,100,0.0,60,0.96,60,0.0,20,0.7,,,True,sym,5,0.95,,10,,,60,0.2,,14,75.0,False,fixed,,1.0,0.0,0.85,1.0,0.1196964564492271,-0.3167233034257566,0.6431425612017602,0.37792121752507946,0.32074358172295936,-0.2199509154273398,1.110086012914106,1.4582507242572316,0.19416141389787622,-0.3167233034257566,0.8497446290208133,0.6130316645405594,8.607102465505541,0.22358664254292968,0.2510744175525899,0.1945261253110156,0.5543994571363945
v2vol,100,0.0,60,0.96,60,0.0,20,0.7,,,True,sym,5,0.95,,10,,,60,0.2,,14,75.0,False,fixed,,1.0,0.0,1.0,1.0,0.11837415813653651,-0.387750474761523,0.5924014900275206,0.3052843667292472,0.35449627552549656,-0.2554305516189793,1.115573086813555,1.387838194290445,0.20513338382354585,-0.387750474761523,0.823388897950206,0.5290345136255691,8.607102465505541,0.24927190749985118,0.2510744175525899,0.1945261253110156,0.5543994571363945
v2vol,100,0.0,60,0.96,60,0.0,20,0.7,,,True,sym,5,0.95,,10,,,60,0.2,,14,75.0,True,fixed,,1.0,0.0,0.85,1.0,0.11298856634028454,-0.24427556168191,0.7134370271995986,0.4625455185214788,0.2720204593178934,-0.2199509154273388,1.1040767673102023,1.2367325627601486,0.1730742508453449,-0.24427556168191,0.8901200215204039,0.7085205317047564,7.695091608233431,0.18446163963751536,0.2510744175525899,0.08731056322099072,0.6616150192264194
v2vol,100,0.0,60,0.96,60,0.0,20,0.7,,,True,sym,5,0.95,,10,,,60,0.2,,14,75.0,True,fixed,,1.0,0.0,1.0,1.0,0.11032465386308266,-0.25314001835459776,0.6634661698121298,0.4358246261503395,0.29179988342260366,-0.21995091542733947,1.116387668019797,1.326659099625341,0.17862371719329428,-0.25314001835459776,0.868599344661019,0.7056320780662927,7.695091608233431,0.1973267475334993,0.2510744175525899,0.08731056322099072,0.6616150192264194
v2vol,100,0.0,60,0.96,60,0.0,20,0.7,,,True,sym,5,0.95,,10,,,60,0.2,,14,85.0,False,fixed,,1.0,0.0,0.85,1.0,0.1220879612859529,-0.29542913536424087,0.6339629648182374,0.4132563334873118,0.28918548298927305,-0.27580103521891386,0.9661847798551574,1.0485293601589836,0.18499385572638305,-0.29542913536424087,0.7832397108414451,0.6261869043427291,8.037095679710472,0.23670220039183468,0.2510744175525899,0.22438362361456685,0.5245419588328433
v2vol,100,0.0,60,0.96,60,0.0,20,0.7,,,True,sym,5,0.95,,10,,,60,0.2,,14,85.0,False,fixed,,1.0,0.0,1.0,1.0,0.1208730810747356,-0.3467386056282462,0.5835726618341832,0.34860000909252364,0.3118252967470343,-0.31639288334518023,0.9493037297224879,0.9855635608808471,0.1924609273013902,-0.3467386056282462,0.7481534905902864,0.5550605677515358,8.037095679710472,0.2662818000195699,0.2510744175525899,0.22438362361456685,0.5245419588328433
v2vol,100,0.0,60,0.96,60,0.0,20,0.7,,,True,sym,5,0.95,,10,,,60,0.2,,14,85.0,True,fixed,,1.0,0.0,0.85,1.0,0.11187975762270219,-0.24427556168191233,0.678856212562356,0.4580063468174044,0.2466468211214461,-0.27580103521891386,0.9303265980384802,0.8942925864135102,0.16354350450195843,-0.2758010352189141,0.7946909811265089,0.5929763982653203,8.721103822664555,0.20031067923321957,0.2510744175525899,0.11920380004523863,0.6297217824021715
v2vol,100,0.0,60,0.96,60,0.0,20,0.7,,,True,sym,5,0.95,,10,,,60,0.2,,14,85.0,True,fixed,,1.0,0.0,1.0,1.0,0.10906782028222839,-0.25314001835459754,0.6258999395016345,0.4308596522634624,0.2579174703649647,-0.31639288334518023,0.9061762828661345,0.8151810105146402,0.16614157333116641,-0.3163928833451801,0.7562629868387839,0.5251116004082441,8.721103822664555,0.21864749439025855,0.2510744175525899,0.11920380004523863,0.6297217824021715
v2vol,100,0.0,60,0.96,60,0.0,20,0.7,,,True,sym,5,0.95,,10,,,60,0.2,0.15,14,,False,fixed,,1.0,0.0,0.85,1.0,0.036551941745844196,-0.40672384691690455,0.26293143763744575,0.08986918771279205,0.14228970572078659,-0.37758492657036224,0.5525120694483485,0.37684159432214825,0.0777337571725889,-0.40672384691690455,0.39811984344965073,0.19112171012797843,6.441076679484279,0.2149305569753655,0.6618412123953856,0.24609816783533137,0.09206061976928297
v2vol,100,0.0,60,0.96,60,0.0,20,0.7,,,True,sym,5,0.95,,10,,,60,0.2,0.15,14,,False,fixed,,1.0,0.0,1.0,1.0,0.03826882908131446,-0.4709310711794501,0.2626837236555447,0.08126206025325514,0.15939783031296817,-0.435732109460937,0.5653949416051988,0.3658161215389109,0.08535344781320697,-0.4709310711794501,0.40321236646946473,0.1812440355643527,6.441076679484279,0.2505476232465048,0.6618412123953856,0.24609816783533137,0.09206061976928297
v2vol,100,0.0,60,0.96,60,0.0,20,0.7,,,True,sym,5,0.95,,10,,,60,0.2,0.15,14,,True,fixed,,1.0,0.0,0.85,1.0,0.017889823361659785,-0.3602022359296886,0.16842849823904651,0.049666053059015086,0.11011900041408573,-0.3560760580242832,0.47985304493544617,0.30925696331589914,0.0542230512432158,-0.3602022359296886,0.32289003206094685,0.15053502125900223,8.09409635828998,0.16969073520572717,0.659805473874689,0.1287039131418231,0.2114906129834879
v2vol,100,0.0,60,0.96,60,0.0,20,0.7,,,True,sym,5,0.95,,10,,,60,0.2,0.15,14,,True,fixed,,1.0,0.0,1.0,1.0,0.0153040799919677,-0.4137080934031877,0.15125469732406333,0.036992459746376764,0.11942221534853714,-0.4049780956789235,0.48426022116998385,0.29488561634014393,0.056310918709165936,-0.4137080934031877,0.3162811601022562,0.13611268333173984,8.09409635828998,0.19345950176543192,0.659805473874689,0.1287039131418231,0.2114906129834879
v2vol,100,0.0,60,0.96,60,0.0,20,0.7,,,True,sym,5,0.95,,10,,,60,0.2,0.15,14,75.0,False,fixed,,1.0,0.0,0.85,1.0,0.03736480663795594,-0.44475960085623356,0.27165251045864086,0.08401124240156412,0.15768797481780217,-0.25339423725504495,0.6449425077206439,0.6223029241943137,0.08367473126704761,-0.44475960085623356,0.44090260723257807,0.18813473864523741,7.182085501017869,0.19873050218389646,0.6661388826057453,0.21443112418004975,0.11942999321420493
v2vol,100,0.0,60,0.96,60,0.0,20,0.7,,,True,sym,5,0.95,,10,,,60,0.2,0.15,14,75.0,False,fixed,,1.0,0.0,1.0,1.0,0.038995659748368494,-0.513652321392503,0.2686327648067227,0.07591839484469164,0.1841959684929959,-0.29613492573476385,0.6796612183742129,0.6220001508973407,0.09445522625597058,-0.513652321392503,0.45292243227450635,0.1838894176510368,7.182085501017869,0.23046970297728697,0.6661388826057453,0.21443112418004975,0.11942999321420493
v2vol,100,0.0,60,0.96,60,0.0,20,0.7,,,True,sym,5,0.95,,10,,,60,0.2,0.15,14,75.0,True,fixed,,1.0,0.0,0.85,1.0,0.02053019360787145,-0.31927056437095447,0.19104185617008937,0.06430343382366376,0.116679556941234,-0.22759369692086462,0.5696568493959604,0.5126660295069772,0.058263315715057384,-0.31927056437095447,0.37187395180928023,0.1824888424332233,7.467088893915403,0.14814249435962545,0.6668174621126441,0.09500113096584484,0.23818140692151096
v2vol,100,0.0,60,0.96,60,0.0,20,0.7,,,True,sym,5,0.95,,10,,,60,0.2,0.15,14,75.0,True,fixed,,1.0,0.0,1.0,1.0,0.01811872217955446,-0.3702766190979634,0.16944699213848283,0.04893293620238231,0.1332945516097268,-0.2577725156852555,0.6074813689242508,0.5171014887113942,0.06302740069775403,-0.3702766190979634,0.37592604420442793,0.17021706866422207,7.467088893915403,0.16607774979620185,0.6668174621126441,0.09500113096584484,0.23818140692151096
v2vol,100,0.0,60,0.96,60,0.0,20,0.7,,,True,sym,5,0.95,,10,,,60,0.2,0.15,14,85.0,False,fixed,,1.0,0.0,0.85,1.0,0.036551941745844196,-0.40672384691690455,0.26293143763744575,0.08986918771279205,0.14228970572078659,-0.37758492657036224,0.5525120694483485,0.37684159432214825,0.0777337571725889,-0.40672384691690455,0.39811984344965073,0.19112171012797843,6.441076679484279,0.2149305569753655,0.6618412123953856,0.24609816783533137,0.09206061976928297
v2vol,100,0.0,60,0.96,60,0.0,20,0.7,,,True,sym,5,0.95,,10,,,60,0.2,0.15,14,85.0,False,fixed,,1.0,0.0,1.0,1.0,0.03826882908131446,-0.4709310711794501,0.2626837236555447,0.08126206025325514,0.15939783031296817,-0.435732109460937,0.5653949416051988,0.3658161215389109,0.08535344781320697,-0.4709310711794501,0.40321236646946473,0.1812440355643527,6.441076679484279,0.2505476232465048,0.6618412123953856,0.24609816783533137,0.09206061976928297
v2vol,100,0.0,60,0.96,60,0.0,20,0.7,,,True,sym,5,0.95,,10,,,60,0.2,0.15,14,85.0,True,fixed,,1.0,0.0,0.85,1.0,0.017889823361659785,-0.3602022359296886,0.16842849823904651,0.049666053059015086,0.11011900041408573,-0.3560760580242832,0.47985304493544617,0.30925696331589914,0.0542230512432158,-0.3602022359296886,0.32289003206094685,0.15053502125900223,8.09409635828998,0.16969073520572717,0.659805473874689,0.1287039131418231,0.2114906129834879
v2vol,100,0.0,60,0.96,60,0.0,20,0.7,,,True,sym,5,0.95,,10,,,60,0.2,0.15,14,85.0,True,fixed,,1.0,0.0,1.0,1.0,0.0153040799919677,-0.4137080934031877,0.15125469732406333,0.036992459746376764,0.11942221534853714,-0.4049780956789235,0.48426022116998385,0.29488561634014393,0.056310918709165936,-0.4137080934031877,0.3162811601022562,0.13611268333173984,8.09409635828998,0.19345950176543192,0.659805473874689,0.1287039131418231,0.2114906129834879
v2vol,100,0.0,60,0.96,60,0.0,20,0.7,,,True,sym,5,0.95,,10,,,60,0.2,0.25,14,,False,fixed,,1.0,0.0,0.85,1.0,0.018250583046129698,-0.27316054053961736,0.17071270921509826,0.06681266265645992,0.05877522992461204,-0.3357122526148574,0.25502015142397705,0.17507621323562875,0.03595139262140745,-0.33571225261485704,0.2222899651999683,0.10708990315778666,3.477041393349921,0.1619356637805728,0.8425695543994571,0.14295408278669985,0.014476362813843022
v2vol,100,0.0,60,0.96,60,0.0,20,0.7,,,True,sym,5,0.95,,10,,,60,0.2,0.25,14,,False,fixed,,1.0,0.0,1.0,1.0,0.018386300320063498,-0.3159143182506926,0.1691404441402481,0.05820027538439432,0.05947721034439035,-0.3916301198215162,0.2521147929483561,0.151870878500093,0.03676177080779075,-0.39163011982151474,0.22016986362132354,0.09386859934201412,3.477041393349921,0.18965473005459607,0.8425695543994571,0.14295408278669985,0.014476362813843022
v2vol,100,0.0,60,0.96,60,0.0,20,0.7,,,True,sym,5,0.95,,10,,,60,0.2,0.25,14,,True,fixed,,1.0,0.0,0.85,1.0,-4.793071082964673e-05,-0.3268693444618671,0.025313923238771904,-0.00014663568683247495,0.04393857909776511,-0.37430260230816514,0.18194298603141543,0.1173878536425196,0.01886575548931102,-0.37430260230816514,0.1140666358755562,0.050402416047801754,4.446052929201538,0.13665166717310248,0.8439267134132549,0.08866772223478851,0.06740556435195658
v2vol,100,0.0,60,0.96,60,0.0,20,0.7,,,True,sym,5,0.95,,10,,,60,0.2,0.25,14,,True,fixed,,1.0,0.0,1.0,1.0,-0.003755775932984262,-0.3827403951154382,0.012996934794205856,-0.009812854825139331,0.04150063970271489,-0.4323743628509725,0.16953972403854037,0.09598311849266376,0.016068309403219905,-0.4323743628509713,0.10185744602625423,0.037162955956198195,4.446052929201538,0.15818119015294435,0.8439267134132549,0.08866772223478851,0.06740556435195658
v2vol,100,0.0,60,0.96,60,0.0,20,0.7,,,True,sym,5,0.95,,10,,,60,0.2,0.25,14,75.0,False,fixed,,1.0,0.0,0.85,1.0,0.007511463906921811,-0.2930395965746829,0.09171088109139792,0.025632931503874322,0.09194094918543882,-0.25420752795648305,0.4474924753190771,0.36167673681629875,0.04103391522296884,-0.2930395965746829,0.2633865942614062,0.14002856850272485,4.1040488577244965,0.14502796499456114,0.8466410314408505,0.11581090251074418,0.03754806604840534
v2vol,100,0.0,60,0.96,60,0.0,20,0.7,,,True,sym,5,0.95,,10,,,60,0.2,0.25,14,75.0,False,fixed,,1.0,0.0,1.0,1.0,0.005955762336410819,-0.34544945878632094,0.08855493629610156,0.01724061851865508,0.10355616401556156,-0.29638926605877247,0.4663540628787426,0.3493924236616143,0.04462060906679022,-0.34544945878632094,0.2690684054742258,0.1291668229082115,4.1040488577244965,0.16863016943646905,0.8466410314408505,0.11581090251074418,0.03754806604840534
v2vol,100,0.0,60,0.96,60,0.0,20,0.7,,,True,sym,5,0.95,,10,,,60,0.2,0.25,14,75.0,True,fixed,,1.0,0.0,0.85,1.0,-0.012066820793975919,-0.31935448973868397,-0.09629636774685596,-0.03778503569450285,0.06186707063399077,-0.258642787257063,0.31915016606503366,0.23919890165930505,0.01763952048703521,-0.31935448973868397,0.10075753745228883,0.05523492248838894,4.1040488577244965,0.11710008078036871,0.849355349468446,0.060393576114001354,0.09025107441755259
v2vol,100,0.0,60,0.96,60,0.0,20,0.7,,,True,sym,5,0.95,,10,,,60,0.2,0.25,14,75.0,True,fixed,,1.0,0.0,1.0,1.0,-0.01789546206141024,-0.37238257265065033,-0.11518017888768185,-0.04805665832863456,0.06847952859164308,-0.29082621897827354,0.342826273920015,0.2354654571112067,0.016690465781957542,-0.37238257265065033,0.09695516864470992,0.04482074889582885,4.1040488577244965,0.13335252179754112,0.849355349468446,0.060393576114001354,0.09025107441755259
v2vol,100,0.0,60,0.96,60,0.0,20,0.7,,,True,sym,5,0.95,,10,,,60,0.2,0.25,14,85.0,False,fixed,,1.0,0.0,0.85,1.0,0.018250583046129698,-0.27316054053961736,0.17071270921509826,0.06681266265645992,0.05877522992461204,-0.3357122526148574,0.25502015142397705,0.17507621323562875,0.03595139262140745,-0.33571225261485704,0.2222899651999683,0.10708990315778666,3.477041393349921,0.1619356637805728,0.8425695543994571,0.14295408278669985,0.014476362813843022
v2vol,100,0.0,60,0.96,60,0.0,20,0.7,,,True,sym,5,0.95,,10,,,60,0.2,0.25,14,85.0,False,fixed,,1.0,0.0,1.0,1.0,0.018386300320063498,-0.3159143182506926,0.1691404441402481,0.05820027538439432,0.05947721034439035,-0.3916301198215162,0.2521147929483561,0.151870878500093,0.03676177080779075,-0.39163011982151474,0.22016986362132354,0.09386859934201412,3.477041393349921,0.18965473005459607,0.8425695543994571,0.14295408278669985,0.014476362813843022
v2vol,100,0.0,60,0.96,60,0.0,20,0.7,,,True,sym,5,0.95,,10,,,60,0.2,0.25,14,85.0,True,fixed,,1.0,0.0,0.85,1.0,-4.793071082964673e-05,-0.3268693444618671,0.025313923238771904,-0.00014663568683247495,0.04393857909776511,-0.37430260230816514,0.18194298603141543,0.1173878536425196,0.01886575548931102,-0.37430260230816514,0.1140666358755562,0.050402416047801754,4.446052929201538,0.13665166717310248,0.8439267134132549,0.08866772223478851,0.06740556435195658
v2vol,100,0.0,60,0.96,60,0.0,20,0.7,,,True,sym,5,0.95,,10,,,60,0.2,0.25,14,85.0,True,fixed,,1.0,0.0,1.0,1.0,-0.003755775932984262,-0.3827403951154382,0.012996934794205856,-0.009812854825139331,0.04150063970271489,-0.4323743628509725,0.16953972403854037,0.09598311849266376,0.016068309403219905,-0.4323743628509713,0.10185744602625423,0.037162955956198195,4.446052929201538,0.15818119015294435,0.8439267134132549,0.08866772223478851,0.06740556435195658
v2vol,100,0.0,60,0.96,60,0.0,20,0.7,,,True,sym,5,0.95,,10,,,60,0.3,,14,,False,fixed,,1.0,0.0,0.85,1.0,0.11788572414875853,-0.24680989156614996,0.7373012627844046,0.4776377616014746,0.21936986214389775,-0.2199509154273388,0.9191295575205718,0.9973582593083911,0.15785733322477014,-0.24680989156614996,0.8233027652333856,0.6395907887770423,6.099072608007238,0.1832595890475823,0.2510744175525899,0.08504863153132776,0.6638769509160823
v2vol,100,0.0,60,0.96,60,0.0,20,0.7,,,True,sym,5,0.95,,10,,,60,0.3,,14,,False,fixed,,1.0,0.0,1.0,1.0,0.11616488999742614,-0.2566095448286527,0.6900499715575316,0.4526912281263487,0.2234193653055101,-0.24452058098363538,0.8934569911742242,0.913703723452475,0.15869800394015154,-0.2566095448286527,0.7869144927299562,0.6184415472390936,6.099072608007238,0.19568615613160567,0.2510744175525899,0.08504863153132776,0.6638769509160823
v2vol,100,0.0,60,0.96,60,0.0,20,0.7,,,True,sym,5,0.95,,10,,,60,0.3,,14,,True,fixed,,1.0,0.0,0.85,1.0,0.10595050011801499,-0.252240493922393,0.7257549357692105,0.4200376334127099,0.21813368248090792,-0.21995091542733936,0.9804930716058278,0.991738006896217,0.1496658498998622,-0.252240493922393,0.8444121828101038,0.5933458485294196,6.099072608007238,0.16688115828993572,0.2510744175525899,0.04161954308979869,0.7073060393576114
v2vol,100,0.0,60,0.96,60,0.0,20,0.7,,,True,sym,5,0.95,,10,,,60,0.3,,14,,True,fixed,,1.0,0.0,1.0,1.0,0.10101954374624733,-0.27885141435462024,0.6738978418849632,0.36227015014447445,0.22219394351974042,-0.21995091542733936,0.9737747428017265,1.0101978574994477,0.14839860583086972,-0.27885141435462024,0.8139864204438644,0.5321780639855339,6.099072608007238,0.17308922138841354,0.2510744175525899,0.04161954308979869,0.7073060393576114
v2vol,100,0.0,60,0.96,60,0.0,20,0.7,,,True,sym,5,0.95,,10,,,60,0.3,,14,75.0,False,fixed,,1.0,0.0,0.85,1.0,0.12191146859661806,-0.24680989156614908,0.80976757359507,0.49394887629106143,0.21389371557205017,-0.21995091542734013,0.9161360860626515,0.97246112914092,0.1566829497342841,-0.24680989156614908,0.8535976023330245,0.6348325374645307,6.042071929427731,0.1735130904468477,0.2510744175525899,0.0565482922415743,0.6923772902058358
v2vol,100,0.0,60,0.96,60,0.0,20,0.7,,,True,sym,5,0.95,,10,,,60,0.3,,14,75.0,False,fixed,,1.0,0.0,1.0,1.0,0.12155102411702212,-0.2682387502470879,0.7774599947100181,0.45314490917160744,0.21660611876478808,-0.2523883731010753,0.8909931500414926,0.8582254249804236,0.15741575962939702,-0.2682387502470879,0.8244180893674916,0.5868494372434767,6.042071929427731,0.18235198515132975,0.2510744175525899,0.0565482922415743,0.6923772902058358
v2vol,100,0.0,60,0.96,60,0.0,20,0.7,,,True,sym,5,0.95,,10,,,60,0.3,,14,75.0,True,fixed,,1.0,0.0,0.85,1.0,0.11823746735902008,-0.24427556168191067,0.8430502557231747,0.48403314087139776,0.20916465861524847,-0.21995091542733847,0.9791523733876675,0.9509606186856118,0.1526264545141447,-0.24427556168191067,0.9010909080805063,0.6248126233474428,5.130061072155621,0.1575285994909317,0.2510744175525899,0.016512101334539696,0.7324134811128704
v2vol,100,0.0,60,0.96,60,0.0,20,0.7,,,True,sym,5,0.95,,10,,,60,0.3,,14,75.0,True,fixed,,1.0,0.0,1.0,1.0,0.11645173276692122,-0.25314001835459765,0.819369255850709,0.4600289338835239,0.21063972503523054,-0.2199509154273378,0.9766261346130458,0.9576669623128562,0.15199868260529148,-0.25314001835459765,0.8869105332254986,0.6004529966983421,5.130061072155621,0.15985912533217098,0.2510744175525899,0.016512101334539696,0.7324134811128704
v2vol,100,0.0,60,0.96,60,0.0,20,0.7,,,True,sym,5,0.95,,10,,,60,0.3,,14,85.0,False,fixed,,1.0,0.0,0.85,1.0,0.11788572414875853,-0.24680989156614996,0.7373012627844046,0.4776377616014746,0.21936986214389775,-0.2199509154273388,0.9191295575205718,0.9973582593083911,0.15785733322477014,-0.24680989156614996,0.8233027652333856,0.6395907887770423,6.099072608007238,0.1832595890475823,0.2510744175525899,0.08504863153132776,0.6638769509160823
v2vol,100,0.0,60,0.96,60,0.0,20,0.7,,,True,sym,5,0.95,,10,,,60,0.3,,14,85.0,False,fixed,,1.0,0.0,1.0,1.0,0.11616488999742614,-0.2566095448286527,0.6900499715575316,0.4526912281263487,0.2234193653055101,-0.24452058098363538,0.8934569911742242,0.913703723452475,0.15869800394015154,-0.2566095448286527,0.7869144927299562,0.6184415472390936,6.099072608007238,0.19568615613160567,0.2510744175525899,0.08504863153132776,0.6638769509160823
v2vol,100,0.0,60,0.96,60,0.0,20,0.7,,,True,sym,5,0.95,,10,,,60,0.3,,14,85.0,True,fixed,,1.0,0.0,0.85,1.0,0.10595050011801499,-0.252240493922393,0.7257549357692105,0.4200376334127099,0.21813368248090792,-0.21995091542733936,0.9804930716058278,0.991738006896217,0.1496658498998622,-0.252240493922393,0.8444121828101038,0.5933458485294196,6.099072608007238,0.16688115828993572,0.2510744175525899,0.04161954308979869,0.7073060393576114
v2vol,100,0.0,60,0.96,60,0.0,20,0.7,,,True,sym,5,0.95,,10,,,60,0.3,,14,85.0,True,fixed,,1.0,0.0,1.0,1.0,0.10101954374624733,-0.27885141435462024,0.6738978418849632,0.36227015014447445,0.22219394351974042,-0.21995091542733936,0.9737747428017265,1.0101978574994477,0.14839860583086972,-0.27885141435462024,0.8139864204438644,0.5321780639855339,6.099072608007238,0.17308922138841354,0.2510744175525899,0.04161954308979869,0.7073060393576114
v2vol,100,0.0,60,0.96,60,0.0,20,0.7,,,True,sym,5,0.95,,10,,,60,0.3,0.15,14,,False,fixed,,1.0,0.0,0.85,1.0,0.027114007496956694,-0.2753187638111041,0.24202747822786597,0.09848223608747417,0.08546153380275379,-0.22914544708232543,0.4163332071194228,0.3729575904340351,0.051327678000026467,-0.2753187638111041,0.3331968463641619,0.18643000313353988,7.011083465279349,0.14353860558964085,0.6396742818366885,0.08504863153132776,0.2752770866319837
v2vol,100,0.0,60,0.96,60,0.0,20,0.7,,,True,sym,5,0.95,,10,,,60,0.3,0.15,14,,False,fixed,,1.0,0.0,1.0,1.0,0.025518689657131333,-0.3020805919433903,0.22029802568694806,0.08447642893229472,0.08906633005810294,-0.27344603554780156,0.41290991859958653,0.32571812525887983,0.05208187185618063,-0.3020805919433903,0.32008845028145894,0.1724105197262747,7.011083465279349,0.1591072884222105,0.6396742818366885,0.08504863153132776,0.2752770866319837
v2vol,100,0.0,60,0.96,60,0.0,20,0.7,,,True,sym,5,0.95,,10,,,60,0.3,0.15,14,,True,fixed,,1.0,0.0,0.85,1.0,0.01408248963507508,-0.2553926605427742,0.14713738874532392,0.05514054164730582,0.08436110848087108,-0.206004168837146,0.4531204588786343,0.40951165676439144,0.04256087912848727,-0.2553926605427742,0.3001788448553712,0.16664879498899696,7.068084143858855,0.12182724038669153,0.6405790545125537,0.04161954308979869,0.3178014023976476
v2vol,100,0.0,60,0.96,60,0.0,20,0.7,,,True,sym,5,0.95,,10,,,60,0.3,0.15,14,,True,fixed,,1.0,0.0,1.0,1.0,0.009561133106703812,-0.29145750922966385,0.1062842951051183,0.032804552306695905,0.08797548120868415,-0.21338759650478656,0.4588998665276115,0.4122802011442626,0.041411693831947316,-0.29145750922966385,0.2806653087535485,0.1420848409135191,7.068084143858855,0.13020143038253115,0.6405790545125537,0.04161954308979869,0.3178014023976476
v2vol,100,0.0,60,0.96,60,0.0,20,0.7,,,True,sym,5,0.95,,10,,,60,0.3,0.15,14,75.0,False,fixed,,1.0,0.0,0.85,1.0,0.030996698448582993,-0.2655340207025141,0.29411289431875093,0.11673343538645674,0.08058676475871973,-0.23540086668217663,0.39916137326112167,0.34233843695878524,0.05037861180368841,-0.2655340207025141,0.34519352553389765,0.18972563918703705,6.954082786699842,0.13084929757930513,0.6401266681746212,0.0565482922415743,0.3033250395838046
v2vol,100,0.0,60,0.96,60,0.0,20,0.7,,,True,sym,5,0.95,,10,,,60,0.3,0.15,14,75.0,False,fixed,,1.0,0.0,1.0,1.0,0.03065169968996373,-0.29674698629444596,0.277171237621352,0.10329237062427893,0.08300129821676783,-0.2810125891964168,0.393190233813452,0.29536505269788166,0.05103528566604654,-0.29674698629444596,0.3328252816865558,0.1719824902127464,6.954082786699842,0.14236723004994867,0.6401266681746212,0.0565482922415743,0.3033250395838046
v2vol,100,0.0,60,0.96,60,0.0,20,0.7,,,True,sym,5,0.95,,10,,,60,0.3,0.15,14,75.0,True,fixed,,1.0,0.0,0.85,1.0,0.025348815142856473,-0.2140441925049268,0.2701963828819663,0.11842795100489822,0.07637704170656523,-0.20600416883714712,0.4267921826085022,0.3707548353885194,0.04524566840850919,-0.2140441925049268,0.3460644979746124,0.21138470462106904,6.099072608007238,0.10866770834903981,0.6405790545125537,0.016512101334539696,0.34290884415290657
v2vol,100,0.0,60,0.96,60,0.0,20,0.7,,,True,sym,5,0.95,,10,,,60,0.3,0.15,14,75.0,True,fixed,,1.0,0.0,1.0,1.0,0.023711416198879842,-0.2349254100316489,0.24752064457115172,0.10093167953047508,0.07769011980403362,-0.2133875965047859,0.4292135713805734,0.3640798297397345,0.04467638087749015,-0.2349254100316489,0.33420325655430294,0.19017262062656992,6.099072608007238,0.11201879777983875,0.6405790545125537,0.016512101334539696,0.34290884415290657
v2vol,100,0.0,60,0.96,60,0.0,20,0.7,,,True,sym,5,0.95,,10,,,60,0.3,0.15,14,85.0,False,fixed,,1.0,0.0,0.85,1.0,0.027114007496956694,-0.2753187638111041,0.24202747822786597,0.09848223608747417,0.08546153380275379,-0.22914544708232543,0.4163332071194228,0.3729575904340351,0.051327678000026467,-0.2753187638111041,0.3331968463641619,0.18643000313353988,7.011083465279349,0.14353860558964085,0.6396742818366885,0.08504863153132776,0.2752770866319837
v2vol,100,0.0,60,0.96,60,0.0,20,0.7,,,True,sym,5,0.95,,10,,,60,0.3,0.15,14,85.0,False,fixed,,1.0,0.0,1.0,1.0,0.025518689657131333,-0.3020805919433903,0.22029802568694806,0.08447642893229472,0.08906633005810294,-0.27344603554780156,0.41290991859958653,0.32571812525887983,0.05208187185618063,-0.3020805919433903,0.32008845028145894,0.1724105197262747,7.011083465279349,0.1591072884222105,0.6396742818366885,0.08504863153132776,0.2752770866319837
v2vol,100,0.0,60,0.96,60,0.0,20,0.7,,,True,sym,5,0.95,,10,,,60,0.3,0.15,14,85.0,True,fixed,,1.0,0.0,0.85,1.0,0.01408248963507508,-0.2553926605427742,0.14713738874532392,0.05514054164730582,0.08436110848087108,-0.206004168837146,0.4531204588786343,0.40951165676439144,0.04256087912848727,-0.2553926605427742,0.3001788448553712,0.16664879498899696,7.068084143858855,0.12182724038669153,0.6405790545125537,0.04161954308979869,0.3178014023976476
v2vol,100,0.0,60,0.96,60,0.0,20,0.7,,,True,sym,5,0.95,,10,,,60,0.3,0.15,14,85.0,True,fixed,,1.0,0.0,1.0,1.0,0.009561133106703812,-0.29145750922966385,0.1062842951051183,0.032804552306695905,0.08797548120868415,-0.21338759650478656,0.4588998665276115,0.4122802011442626,0.041411693831947316,-0.29145750922966385,0.2806653087535485,0.1420848409135191,7.068084143858855,0.13020143038253115,0.6405790545125537,0.04161954308979869,0.3178014023976476
v2vol,100,0.0,60,0.96,60,0.0,20,0.7,,,True,sym,5,0.95,,10,,,60,0.3,0.25,14,,False,fixed,,1.0,0.0,0.85,1.0,0.012004991308125934,-0.22553521828018552,0.12720140445581216,0.053228898793145324,0.05179879354473105,-0.2445690183861845,0.2352299284984023,0.2117962196787274,0.02942076876234867,-0.24456901838618328,0.193497254275873,0.12029638486708165,3.249038679031893,0.12608928666136932,0.8559149513684686,0.09522732413481112,0.0488577244967202
v2vol,100,0.0,60,0.96,60,0.0,20,0.7,,,True,sym,5,0.95,,10,,,60,0.3,0.25,14,,False,fixed,,1.0,0.0,1.0,1.0,0.010123117297414774,-0.2630798462432917,0.1126424567510184,0.038479258073053184,0.053407474927977594,-0.2925291199890788,0.23472684205967856,0.18257148187493774,0.02927332364871349,-0.2925291199890784,0.1849834333880335,0.1000697764715062,3.249038679031893,0.14556174037282785,0.8559149513684686,0.09522732413481112,0.0488577244967202
v2vol,100,0.0,60,0.96,60,0.0,20,0.7,,,True,sym,5,0.95,,10,,,60,0.3,0.25,14,,True,fixed,,1.0,0.0,0.85,1.0,0.0026900916596992452,-0.17936386428160267,0.028062714905188864,0.01499795775739856,0.05508682062428538,-0.20135797003735134,0.28581612211357155,0.27357655926937946,0.02467318144263042,-0.2013579700373519,0.16865742047813428,0.12253392025184574,3.9330468219859758,0.09941804446431367,0.858403076227098,0.049310110834652796,0.09228681293824927
v2vol,100,0.0,60,0.96,60,0.0,20,0.7,,,True,sym,5,0.95,,10,,,60,0.3,0.25,14,,True,fixed,,1.0,0.0,1.0,1.0,-0.00046540722113996846,-0.21979722771888255,0.004200999337289013,-0.0021174389957966965,0.05852567352939486,-0.21813395058475382,0.2965682416825601,0.26830153386258543,0.024359557208057714,-0.21979722771888255,0.15928243152472818,0.11082740879340496,3.9330468219859758,0.11141593514535837,0.858403076227098,0.049310110834652796,0.09228681293824927
v2vol,100,0.0,60,0.96,60,0.0,20,0.7,,,True,sym,5,0.95,,10,,,60,0.3,0.25,14,75.0,False,fixed,,1.0,0.0,0.85,1.0,0.011604799954502143,-0.2432676731412624,0.1280484126279562,0.047703830947416447,0.04579263035498293,-0.2544954288027208,0.19859776512105587,0.17993498182036252,0.025340659724923276,-0.25449542880272036,0.16761192640268358,0.09957216066370621,3.5340420719294277,0.11130746065048597,0.8570459172133001,0.0651436326622936,0.07781045012440624
v2vol,100,0.0,60,0.96,60,0.0,20,0.7,,,True,sym,5,0.95,,10,,,60,0.3,0.25,14,75.0,False,fixed,,1.0,0.0,1.0,1.0,0.010009222787928485,-0.288726430457693,0.10975333417923029,0.034666804739911516,0.04625749101296539,-0.3034437950135652,0.19537262106625233,0.15244171004023163,0.02449802015727731,-0.3034437950135648,0.15530461122098715,0.08073330402482667,3.5340420719294277,0.12683541855046895,0.8570459172133001,0.0651436326622936,0.07781045012440624
v2vol,100,0.0,60,0.96,60,0.0,20,0.7,,,True,sym,5,0.95,,10,,,60,0.3,0.25,14,75.0,True,fixed,,1.0,0.0,0.85,1.0,0.005873863005313673,-0.18859501309677307,0.061596409760064794,0.031145378177627844,0.043519729267498475,-0.20135797003734923,0.20394017559600863,0.2161311482203865,0.02086910289008581,-0.20135797003734957,0.13981111870887902,0.10364180214080841,3.363040036190907,0.08170802104540667,0.8593078489029631,0.02194073738973083,0.11875141370730603
v2vol,100,0.0,60,0.96,60,0.0,20,0.7,,,True,sym,5,0.95,,10,,,60,0.3,0.25,14,75.0,True,fixed,,1.0,0.0,1.0,1.0,0.003605659162696284,-0.2193500482023517,0.03157196561727475,0.01643792281900956,0.044739353120810677,-0.21813395058475338,0.20907814064003483,0.20510036608642324,0.01987251816082769,-0.2193500482023517,0.1248509351395464,0.09059728194130678,3.363040036190907,0.08800706859657693,0.8593078489029631,0.02194073738973083,0.11875141370730603
v2vol,100,0.0,60,0.96,60,0.0,20,0.7,,,True,sym,5,0.95,,10,,,60,0.3,0.25,14,85.0,False,fixed,,1.0,0.0,0.85,1.0,0.012004991308125934,-0.22553521828018552,0.12720140445581216,0.053228898793145324,0.05179879354473105,-0.2445690183861845,0.2352299284984023,0.2117962196787274,0.02942076876234867,-0.24456901838618328,0.193497254275873,0.12029638486708165,3.249038679031893,0.12608928666136932,0.8559149513684686,0.09522732413481112,0.0488577244967202
v2vol,100,0.0,60,0.96,60,0.0,20,0.7,,,True,sym,5,0.95,,10,,,60,0.3,0.25,14,85.0,False,fixed,,1.0,0.0,1.0,1.0,0.010123117297414774,-0.2630798462432917,0.1126424567510184,0.038479258073053184,0.053407474927977594,-0.2925291199890788,0.23472684205967856,0.18257148187493774,0.02927332364871349,-0.2925291199890784,0.1849834333880335,0.1000697764715062,3.249038679031893,0.14556174037282785,0.8559149513684686,0.09522732413481112,0.0488577244967202
v2vol,100,0.0,60,0.96,60,0.0,20,0.7,,,True,sym,5,0.95,,10,,,60,0.3,0.25,14,85.0,True,fixed,,1.0,0.0,0.85,1.0,0.0026900916596992452,-0.17936386428160267,0.028062714905188864,0.01499795775739856,0.05508682062428538,-0.20135797003735134,0.28581612211357155,0.27357655926937946,0.02467318144263042,-0.2013579700373519,0.16865742047813428,0.12253392025184574,3.9330468219859758,0.09941804446431367,0.858403076227098,0.049310110834652796,0.09228681293824927
v2vol,100,0.0,60,0.96,60,0.0,20,0.7,,,True,sym,5,0.95,,10,,,60,0.3,0.25,14,85.0,True,fixed,,1.0,0.0,1.0,1.0,-0.00046540722113996846,-0.21979722771888255,0.004200999337289013,-0.0021174389957966965,0.05852567352939486,-0.21813395058475382,0.2965682416825601,0.26830153386258543,0.024359557208057714,-0.21979722771888255,0.15928243152472818,0.11082740879340496,3.9330468219859758,0.11141593514535837,0.858403076227098,0.049310110834652796,0.09228681293824927
v2vol,100,0.0,60,0.96,60,0.0,20,0.7,,,True,sym,5,0.95,,10,,,60,0.4,,14,,False,fixed,,1.0,0.0,0.85,1.0,0.11185909887639345,-0.21260405119406978,0.7884561554370599,0.526138134471793,0.213010843932816,-0.2199509154273389,0.9658851257038713,0.9684471806764743,0.14987030589443107,-0.2199509154273379,0.8645358263693468,0.6813806871558196,4.902058357837593,0.16230836706983473,0.2510744175525899,0.020809771544899346,0.7281158109025108
v2vol,100,0.0,60,0.96,60,0.0,20,0.7,,,True,sym,5,0.95,,10,,,60,0.4,,14,,False,fixed,,1.0,0.0,1.0,1.0,0.1081070147879648,-0.2354203937689715,0.7489047460161957,0.45920836787850683,0.21544745982966784,-0.2199509154273379,0.9556176154444183,0.9795251791113467,0.148300523516943,-0.2354203937689715,0.8381231422487697,0.629939153285407,4.902058357837593,0.16666820105292005,0.2510744175525899,0.020809771544899346,0.7281158109025108
v2vol,100,0.0,60,0.96,60,0.0,20,0.7,,,True,sym,5,0.95,,10,,,60,0.4,,14,,True,fixed,,1.0,0.0,0.85,1.0,0.129677386631472,-0.21260405119406978,0.9378774389715454,0.6099478627201678,0.19303127471563686,-0.2199509154273387,0.899146700761848,0.8776106902787827,0.15418395139726204,-0.21995091542733836,0.9159659061449417,0.7009925423483737,4.674055643519566,0.15621080154626812,0.2510744175525899,0.010404885772449673,0.7385206966749605
v2vol,100,0.0,60,0.96,60,0.0,20,0.7,,,True,sym,5,0.95,,10,,,60,0.4,,14,,True,fixed,,1.0,0.0,1.0,1.0,0.13108837205215007,-0.21260405119406978,0.941848705991466,0.6165845444426158,0.18978547195981887,-0.21995091542733802,0.8738175072060754,0.862853748942525,0.15391032688251616,-0.21995091542733847,0.906012601314946,0.6997485169974705,4.674055643519566,0.1579793371844257,0.2510744175525899,0.010404885772449673,0.7385206966749605
v2vol,100,0.0,60,0.96,60,0.0,20,0.7,,,True,sym,5,0.95,,10,,,60,0.4,,14,75.0,False,fixed,,1.0,0.0,0.85,1.0,0.12408323722230064,-0.21260405119406978,0.8913322436235364,0.5836353377341557,0.20952978877725825,-0.21995091542733913,0.986838970120421,0.9526206716174205,0.156525936512663,-0.21995091542733858,0.9309806253127213,0.7116403048768933,4.674055643519566,0.1557824369059818,0.2510744175525899,0.010404885772449673,0.7385206966749605
v2vol,100,0.0,60,0.96,60,0.0,20,0.7,,,True,sym,5,0.95,,10,,,60,0.4,,14,75.0,False,fixed,,1.0,0.0,1.0,1.0,0.12399287354523003,-0.21260405119406978,0.881810477627944,0.5832103050192893,0.21099684130994656,-0.21995091542733913,0.9866924219726728,0.9592905803551859,0.15699198991068464,-0.2199509154273388,0.925731293994903,0.7137592021641176,4.674055643519566,0.15736835070108934,0.2510744175525899,0.010404885772449673,0.7385206966749605
v2vol,100,0.0,60,0.96,60,0.0,20,0.7,,,True,sym,5,0.95,,10,,,60,0.4,,14,75.0,True,fixed,,1.0,0.0,0.85,1.0,0.13017298737902472,-0.21260405119406978,0.9496815257027259,0.6122789601041039,0.20434673741142295,-0.21995091542733913,0.978088079406363,0.9290560896934706,0.15858304132359158,-0.21995091542733858,0.9592208958763034,0.7209928679563962,4.332051572042524,0.15253045503684837,0.2510744175525899,0.0024881248586292692,0.7464374575887808
v2vol,100,0.0,60,0.96,60,0.0,20,0.7,,,True,sym,5,0.95,,10,,,60,0.4,,14,75.0,True,fixed,,1.0,0.0,1.0,1.0,0.1316806051552799,-0.21260405119406978,0.9580210378623543,0.6193701597674585,0.20434673741142295,-0.21995091542733913,0.978088079406363,0.9290560896934706,0.15955045185596162,-0.2199509154273389,0.9639338572533496,0.7253911698706674,4.332051572042524,0.15267309416925443,0.2510744175525899,0.0024881248586292692,0.7464374575887808
v2vol,100,0.0,60,0.96,60,0.0,20,0.7,,,True,sym,5,0.95,,10,,,60,0.4,,14,85.0,False,fixed,,1.0,0.0,0.85,1.0,0.11185909887639345,-0.21260405119406978,0.7884561554370599,0.526138134471793,0.213010843932816,-0.2199509154273389,0.9658851257038713,0.9684471806764743,0.14987030589443107,-0.2199509154273379,0.8645358263693468,0.6813806871558196,4.902058357837593,0.16230836706983473,0.2510744175525899,0.020809771544899346,0.7281158109025108
v2vol,100,0.0,60,0.96,60,0.0,20,0.7,,,True,sym,5,0.95,,10,,,60,0.4,,14,85.0,False,fixed,,1.0,0.0,1.0,1.0,0.1081070147879648,-0.2354203937689715,0.7489047460161957,0.45920836787850683,0.21544745982966784,-0.2199509154273379,0.9556176154444183,0.9795251791113467,0.148300523516943,-0.2354203937689715,0.8381231422487697,0.629939153285407,4.902058357837593,0.16666820105292005,0.2510744175525899,0.020809771544899346,0.7281158109025108
v2vol,100,0.0,60,0.96,60,0.0,20,0.7,,,True,sym,5,0.95,,10,,,60,0.4,,14,85.0,True,fixed,,1.0,0.0,0.85,1.0,0.129677386631472,-0.21260405119406978,0.9378774389715454,0.6099478627201678,0.19303127471563686,-0.2199509154273387,0.899146700761848,0.8776106902787827,0.15418395139726204,-0.21995091542733836,0.9159659061449417,0.7009925423483737,4.674055643519566,0.15621080154626812,0.2510744175525899,0.010404885772449673,0.7385206966749605
v2vol,100,0.0,60,0.96,60,0.0,20,0.7,,,True,sym,5,0.95,,10,,,60,0.4,,14,85.0,True,fixed,,1.0,0.0,1.0,1.0,0.13108837205215007,-0.21260405119406978,0.941848705991466,0.6165845444426158,0.18978547195981887,-0.21995091542733802,0.8738175072060754,0.862853748942525,0.15391032688251616,-0.21995091542733847,0.906012601314946,0.6997485169974705,4.674055643519566,0.1579793371844257,0.2510744175525899,0.010404885772449673,0.7385206966749605
v2vol,100,0.0,60,0.96,60,0.0,20,0.7,,,True,sym,5,0.95,,10,,,60,0.4,0.15,14,,False,fixed,,1.0,0.0,0.85,1.0,0.02162146639211948,-0.2277072854222988,0.2250411646366757,0.0949528968825964,0.08676780759192027,-0.16888769143233806,0.4713783148255303,0.5137603981441258,0.04661786544262414,-0.2277072854222988,0.3417468900111059,0.20472715818542261,5.87106989368921,0.11648329875492375,0.6365075774711604,0.020809771544899346,0.3426826509839403
v2vol,100,0.0,60,0.96,60,0.0,20,0.7,,,True,sym,5,0.95,,10,,,60,0.4,0.15,14,,False,fixed,,1.0,0.0,1.0,1.0,0.01817389857321161,-0.24457281997881186,0.18673468130336823,0.0743087419721704,0.08895083483311095,-0.1688876914323374,0.46940835817615506,0.5266863089827237,0.04518904145028935,-0.24457281997881186,0.31982793488598754,0.18476722578659485,5.87106989368921,0.12248321312414678,0.6365075774711604,0.020809771544899346,0.3426826509839403
v2vol,100,0.0,60,0.96,60,0.0,20,0.7,,,True,sym,5,0.95,,10,,,60,0.4,0.15,14,,True,fixed,,1.0,0.0,0.85,1.0,0.037993635566555994,-0.185597945459251,0.4166816104437278,0.2047093542578988,0.06886759446242507,-0.16888769143233928,0.36534342889665283,0.40777154260537213,0.050544167761508385,-0.185597945459251,0.3947991104488816,0.27233150472889056,5.643067179371183,0.10783492109490234,0.6365075774711604,0.010404885772449673,0.35308753675638993
v2vol,100,0.0,60,0.96,60,0.0,20,0.7,,,True,sym,5,0.95,,10,,,60,0.4,0.15,14,,True,fixed,,1.0,0.0,1.0,1.0,0.039290106491681964,-0.19151831302666578,0.42561758878647826,0.20515065045613398,0.06595959577266997,-0.16888769143233828,0.338768262869862,0.39055300722785624,0.05029511332111758,-0.19151831302666578,0.38611390182538197,0.26261255399693717,5.643067179371183,0.11038145012490876,0.6365075774711604,0.010404885772449673,0.35308753675638993
v2vol,100,0.0,60,0.96,60,0.0,20,0.7,,,True,sym,5,0.95,,10,,,60,0.4,0.15,14,75.0,False,fixed,,1.0,0.0,0.85,1.0,0.03285350303682266,-0.2065694846041659,0.3534396574871112,0.1590433509565919,0.0836490401889447,-0.16888769143234073,0.4803919261226473,0.49529388127408874,0.0526758546568169,-0.2065694846041659,0.41524277299780193,0.25500307926776217,5.643067179371183,0.10722070940710221,0.6365075774711604,0.010404885772449673,0.35308753675638993
v2vol,100,0.0,60,0.96,60,0.0,20,0.7,,,True,sym,5,0.95,,10,,,60,0.4,0.15,14,75.0,False,fixed,,1.0,0.0,1.0,1.0,0.03277047320653992,-0.21821226234859903,0.34587331152532513,0.15017704712757318,0.08496341052004808,-0.16888769143234073,0.48379436855895847,0.503076392361523,0.053100058856298205,-0.21821226234859903,0.4124838825614599,0.24334131494164,5.643067179371183,0.10951452231303885,0.6365075774711604,0.010404885772449673,0.35308753675638993
v2vol,100,0.0,60,0.96,60,0.0,20,0.7,,,True,sym,5,0.95,,10,,,60,0.4,0.15,14,75.0,True,fixed,,1.0,0.0,0.85,1.0,0.03844901373719889,-0.1616406011362922,0.42987324618372647,0.23786730231706718,0.07900541033381292,-0.16888769143234073,0.4596086753682416,0.4677985095525083,0.054548242034044625,-0.16888769143233617,0.44711167294817117,0.3229853020751311,5.301063107894142,0.10244350120261671,0.6365075774711604,0.0024881248586292692,0.36100429767021036
v2vol,100,0.0,60,0.96,60,0.0,20,0.7,,,True,sym,5,0.95,,10,,,60,0.4,0.15,14,75.0,True,fixed,,1.0,0.0,1.0,1.0,0.03983427440997045,-0.1616406011362922,0.44347920309433586,0.24643730677778763,0.07900541033381292,-0.16888769143234073,0.4596086753682416,0.4677985095525083,0.05542878407535601,-0.1688876914323384,0.4545182050111182,0.32819907481275795,5.301063107894142,0.10265908802305346,0.6365075774711604,0.0024881248586292692,0.36100429767021036
v2vol,100,0.0,60,0.96,60,0.0,20,0.7,,,True,sym,5,0.95,,10,,,60,0.4,0.15,14,85.0,False,fixed,,1.0,0.0,0.85,1.0,0.02162146639211948,-0.2277072854222988,0.2250411646366757,0.0949528968825964,0.08676780759192027,-0.16888769143233806,0.4713783148255303,0.5137603981441258,0.04661786544262414,-0.2277072854222988,0.3417468900111059,0.20472715818542261,5.87106989368921,0.11648329875492375,0.6365075774711604,0.020809771544899346,0.3426826509839403
v2vol,100,0.0,60,0.96,60,0.0,20,0.7,,,True,sym,5,0.95,,10,,,60,0.4,0.15,14,85.0,False,fixed,,1.0,0.0,1.0,1.0,0.01817389857321161,-0.24457281997881186,0.18673468130336823,0.0743087419721704,0.08895083483311095,-0.1688876914323374,0.46940835817615506,0.5266863089827237,0.04518904145028935,-0.24457281997881186,0.31982793488598754,0.18476722578659485,5.87106989368921,0.12248321312414678,0.6365075774711604,0.020809771544899346,0.3426826509839403
v2vol,100,0.0,60,0.96,60,0.0,20,0.7,,,True,sym,5,0.95,,10,,,60,0.4,0.15,14,85.0,True,fixed,,1.0,0.0,0.85,1.0,0.037993635566555994,-0.185597945459251,0.4166816104437278,0.2047093542578988,0.06886759446242507,-0.16888769143233928,0.36534342889665283,0.40777154260537213,0.050544167761508385,-0.185597945459251,0.3947991104488816,0.27233150472889056,5.643067179371183,0.10783492109490234,0.6365075774711604,0.010404885772449673,0.35308753675638993
v2vol,100,0.0,60,0.96,60,0.0,20,0.7,,,True,sym,5,0.95,,10,,,60,0.4,0.15,14,85.0,True,fixed,,1.0,0.0,1.0,1.0,0.039290106491681964,-0.19151831302666578,0.42561758878647826,0.20515065045613398,0.06595959577266997,-0.16888769143233828,0.338768262869862,0.39055300722785624,0.05029511332111758,-0.19151831302666578,0.38611390182538197,0.26261255399693717,5.643067179371183,0.11038145012490876,0.6365075774711604,0.010404885772449673,0.35308753675638993
v2vol,100,0.0,60,0.96,60,0.0,20,0.7,,,True,sym,5,0.95,,10,,,60,0.4,0.25,14,,False,fixed,,1.0,0.0,0.85,1.0,0.004583700440878413,-0.17645784985001567,0.04716132353686262,0.02597617756747253,0.04093087095423931,-0.15254816118848546,0.17378398758791744,0.2683144171345726,0.019102158226299792,-0.17645784985001567,0.11486665811508129,0.1082533774640012,3.990047500565483,0.0927863901794256,0.8452838724270527,0.023976475910427505,0.1307396516625198
v2vol,100,0.0,60,0.96,60,0.0,20,0.7,,,True,sym,5,0.95,,10,,,60,0.4,0.25,14,,False,fixed,,1.0,0.0,1.0,1.0,0.002255979247171913,-0.2056282722513092,0.02479960138383406,0.010971153054356074,0.04299814883942865,-0.1525481611884867,0.18616122181965974,0.28186605793498,0.018378235047542546,-0.2056282722513092,0.10643645415420847,0.08937601258002854,3.990047500565483,0.10157875664891881,0.8452838724270527,0.023976475910427505,0.1307396516625198
v2vol,100,0.0,60,0.96,60,0.0,20,0.7,,,True,sym,5,0.95,,10,,,60,0.4,0.25,14,,True,fixed,,1.0,0.0,0.85,1.0,0.017047977947948434,-0.1283174388984244,0.24980548320341125,0.13285784141502036,0.023489696192544374,-0.14302430720240644,0.014224881271487437,0.16423569288332235,0.02053260429992787,-0.14302430720240578,0.13863080328426566,0.14356024302128204,3.9330468219859758,0.07772780583501292,0.8450576792580864,0.010404885772449673,0.14453743496946392
v2vol,100,0.0,60,0.96,60,0.0,20,0.7,,,True,sym,5,0.95,,10,,,60,0.4,0.25,14,,True,fixed,,1.0,0.0,1.0,1.0,0.018318287406203115,-0.13465421216053575,0.2640471395054199,0.13603946814796938,0.02070515420537511,-0.14302430720240655,-0.006691285964505916,0.14476668064592255,0.020290664756152488,-0.14302430720240578,0.1332409570380039,0.14186864563823726,3.9330468219859758,0.08122387639991115,0.8450576792580864,0.010404885772449673,0.14453743496946392
v2vol,100,0.0,60,0.96,60,0.0,20,0.7,,,True,sym,5,0.95,,10,,,60,0.4,0.25,14,75.0,False,fixed,,1.0,0.0,0.85,1.0,0.008598701226454786,-0.1538515225000039,0.10063378940691214,0.05588960763423429,0.037943644753386074,-0.15254816118848447,0.15503323280423492,0.2487322328749929,0.020553174823035647,-0.1538515225000039,0.13684159723769776,0.13359097452568353,3.8190454648269623,0.0801163738834775,0.8427957475684235,0.012666817462112644,0.14453743496946392
v2vol,100,0.0,60,0.96,60,0.0,20,0.7,,,True,sym,5,0.95,,10,,,60,0.4,0.25,14,75.0,False,fixed,,1.0,0.0,1.0,1.0,0.008513727457073905,-0.16630323862915686,0.0972376447666096,0.05119399674505947,0.03917899002699321,-0.15254816118848447,0.16537967853650107,0.2568303001606469,0.020953301425366,-0.16630323862915686,0.13868132816182424,0.12599454826066384,3.8190454648269623,0.08434409743339921,0.8427957475684235,0.012666817462112644,0.14453743496946392
v2vol,100,0.0,60,0.96,60,0.0,20,0.7,,,True,sym,5,0.95,,10,,,60,0.4,0.25,14,75.0,True,fixed,,1.0,0.0,0.85,1.0,0.014399124029755628,-0.1052050945914248,0.21215451072419902,0.13686717440515747,0.03319711939446224,-0.14302430720240478,0.10831859478789045,0.23210823421421942,0.022470171255937865,-0.1430243072024081,0.17211455026894076,0.1571073595492972,3.5910427505089344,0.07044436981860322,0.8425695543994571,0.0024881248586292692,0.15494232074191358
v2vol,100,0.0,60,0.96,60,0.0,20,0.7,,,True,sym,5,0.95,,10,,,60,0.4,0.25,14,75.0,True,fixed,,1.0,0.0,1.0,1.0,0.01575230285165574,-0.1052050945914248,0.2339652769077582,0.14972946807216408,0.03319711939446224,-0.14302430720240478,0.10831859478789045,0.23210823421421942,0.023323928282777517,-0.14302430720240655,0.18346140953167092,0.16307667374168594,3.5910427505089344,0.07075913753729232,0.8425695543994571,0.0024881248586292692,0.15494232074191358
v2vol,100,0.0,60,0.96,60,0.0,20,0.7,,,True,sym,5,0.95,,10,,,60,0.4,0.25,14,85.0,False,fixed,,1.0,0.0,0.85,1.0,0.004583700440878413,-0.17645784985001567,0.04716132353686262,0.02597617756747253,0.04093087095423931,-0.15254816118848546,0.17378398758791744,0.2683144171345726,0.019102158226299792,-0.17645784985001567,0.11486665811508129,0.1082533774640012,3.990047500565483,0.0927863901794256,0.8452838724270527,0.023976475910427505,0.1307396516625198
v2vol,100,0.0,60,0.96,60,0.0,20,0.7,,,True,sym,5,0.95,,10,,,60,0.4,0.25,14,85.0,False,fixed,,1.0,0.0,1.0,1.0,0.002255979247171913,-0.2056282722513092,0.02479960138383406,0.010971153054356074,0.04299814883942865,-0.1525481611884867,0.18616122181965974,0.28186605793498,0.018378235047542546,-0.2056282722513092,0.10643645415420847,0.08937601258002854,3.990047500565483,0.10157875664891881,0.8452838724270527,0.023976475910427505,0.1307396516625198
v2vol,100,0.0,60,0.96,60,0.0,20,0.7,,,True,sym,5,0.95,,10,,,60,0.4,0.25,14,85.0,True,fixed,,1.0,0.0,0.85,1.0,0.017047977947948434,-0.1283174388984244,0.24980548320341125,0.13285784141502036,0.023489696192544374,-0.14302430720240644,0.014224881271487437,0.16423569288332235,0.02053260429992787,-0.14302430720240578,0.13863080328426566,0.14356024302128204,3.9330468219859758,0.07772780583501292,0.8450576792580864,0.010404885772449673,0.14453743496946392
v2vol,100,0.0,60,0.96,60,0.0,20,0.7,,,True,sym,5,0.95,,10,,,60,0.4,0.25,14,85.0,True,fixed,,1.0,0.0,1.0,1.0,0.018318287406203115,-0.13465421216053575,0.2640471395054199,0.13603946814796938,0.02070515420537511,-0.14302430720240655,-0.006691285964505916,0.14476668064592255,0.020290664756152488,-0.14302430720240578,0.1332409570380039,0.14186864563823726,3.9330468219859758,0.08122387639991115,0.8450576792580864,0.010404885772449673,0.14453743496946392
v2vol,100,0.0,60,0.96,60,0.0,20,0.7,,,True,sym,5,0.95,,10,,,60,0.5,,14,,False,fixed,,1.0,0.0,0.85,1.0,0.12365934867806394,-0.21260405119406978,0.9008132764555862,0.5816415443804732,0.20434673741142295,-0.21995091542733913,0.978088079406363,0.9290560896934706,0.15439780099382827,-0.21995091542733847,0.9326221844337691,0.7019648028918257,4.332051572042524,0.15309120218637207,0.2510744175525899,0.002940511196561864,0.7459850712508482
v2vol,100,0.0,60,0.96,60,0.0,20,0.7,,,True,sym,5,0.95,,10,,,60,0.5,,14,,False,fixed,,1.0,0.0,1.0,1.0,0.12320233069194009,-0.21260405119406978,0.8938254267551557,0.579491924071937,0.20434673741142295,-0.21995091542733913,0.978088079406363,0.9290560896934706,0.15410381089004543,-0.2199509154273387,0.928968303283231,0.700628186023413,4.332051572042524,0.15348379017399386,0.2510744175525899,0.002940511196561864,0.7459850712508482
v2vol,100,0.0,60,0.96,60,0.0,20,0.7,,,True,sym,5,0.95,,10,,,60,0.5,,14,,True,fixed,,1.0,0.0,0.85,1.0,0.12573243827561642,-0.21260405119406978,0.9171088489254601,0.5913924855592004,0.20434673741142295,-0.21995091542733913,0.978088079406363,0.9290560896934706,0.1557308151847503,-0.21995091542733813,0.9414726275917452,0.7080253104752217,4.332051572042524,0.1528361280130085,0.2510744175525899,0.002035738520696675,0.7468898439267134
v2vol,100,0.0,60,0.96,60,0.0,20,0.7,,,True,sym,5,0.95,,10,,,60,0.5,,14,,True,fixed,,1.0,0.0,1.0,1.0,0.12590298510597098,-0.21260405119406978,0.9153588058556577,0.5921946660886716,0.20434673741142295,-0.21995091542733913,0.978088079406363,0.9290560896934706,0.15584043736516828,-0.2199509154273389,0.940680620842451,0.7085237043109757,4.332051572042524,0.15310963388545307,0.2510744175525899,0.002035738520696675,0.7468898439267134
v2vol,100,0.0,60,0.96,60,0.0,20,0.7,,,True,sym,5,0.95,,10,,,60,0.5,,14,75.0,False,fixed,,1.0,0.0,0.85,1.0,0.12516372770660955,-0.21260405119406978,0.919939404164514,0.5887175103373607,0.20434673741142295,-0.21995091542733913,0.978088079406363,0.9290560896934706,0.15536522089227023,-0.21995091542733858,0.9426136891311788,0.7063631473886526,4.21805021488351,0.15221578313749667,0.2510744175525899,,0.7489255824474101
v2vol,100,0.0,60,0.96,60,0.0,20,0.7,,,True,sym,5,0.95,,10,,,60,0.5,,14,75.0,False,fixed,,1.0,0.0,1.0,1.0,0.12516372770660955,-0.21260405119406978,0.919939404164514,0.5887175103373607,0.20434673741142295,-0.21995091542733913,0.978088079406363,0.9290560896934706,0.15536522089227023,-0.21995091542733858,0.9426136891311788,0.7063631473886526,4.21805021488351,0.15221578313749667,0.2510744175525899,,0.7489255824474101
v2vol,100,0.0,60,0.96,60,0.0,20,0.7,,,True,sym,5,0.95,,10,,,60,0.5,,14,75.0,True,fixed,,1.0,0.0,0.85,1.0,0.12516372770660955,-0.21260405119406978,0.919939404164514,0.5887175103373607,0.20434673741142295,-0.21995091542733913,0.978088079406363,0.9290560896934706,0.15536522089227023,-0.21995091542733858,0.9426136891311788,0.7063631473886526,4.21805021488351,0.15221578313749667,0.2510744175525899,,0.7489255824474101
v2vol,100,0.0,60,0.96,60,0.0,20,0.7,,,True,sym,5,0.95,,10,,,60,0.5,,14,75.0,True,fixed,,1.0,0.0,1.0,1.0,0.12516372770660955,-0.21260405119406978,0.919939404164514,0.5887175103373607,0.20434673741142295,-0.21995091542733913,0.978088079406363,0.9290560896934706,0.15536522089227023,-0.21995091542733858,0.9426136891311788,0.7063631473886526,4.21805021488351,0.15221578313749667,0.2510744175525899,,0.7489255824474101
v2vol,100,0.0,60,0.96,60,0.0,20,0.7,,,True,sym,5,0.95,,10,,,60,0.5,,14,85.0,False,fixed,,1.0,0.0,0.85,1.0,0.12365934867806394,-0.21260405119406978,0.9008132764555862,0.5816415443804732,0.20434673741142295,-0.21995091542733913,0.978088079406363,0.9290560896934706,0.15439780099382827,-0.21995091542733847,0.9326221844337691,0.7019648028918257,4.332051572042524,0.15309120218637207,0.2510744175525899,0.002940511196561864,0.7459850712508482
v2vol,100,0.0,60,0.96,60,0.0,20,0.7,,,True,sym,5,0.95,,10,,,60,0.5,,14,85.0,False,fixed,,1.0,0.0,1.0,1.0,0.12320233069194009,-0.21260405119406978,0.8938254267551557,0.579491924071937,0.20434673741142295,-0.21995091542733913,0.978088079406363,0.9290560896934706,0.15410381089004543,-0.2199509154273387,0.928968303283231,0.700628186023413,4.332051572042524,0.15348379017399386,0.2510744175525899,0.002940511196561864,0.7459850712508482
v2vol,100,0.0,60,0.96,60,0.0,20,0.7,,,True,sym,5,0.95,,10,,,60,0.5,,14,85.0,True,fixed,,1.0,0.0,0.85,1.0,0.12573243827561642,-0.21260405119406978,0.9171088489254601,0.5913924855592004,0.20434673741142295,-0.21995091542733913,0.978088079406363,0.9290560896934706,0.1557308151847503,-0.21995091542733813,0.9414726275917452,0.7080253104752217,4.332051572042524,0.1528361280130085,0.2510744175525899,0.002035738520696675,0.7468898439267134
v2vol,100,0.0,60,0.96,60,0.0,20,0.7,,,True,sym,5,0.95,,10,,,60,0.5,,14,85.0,True,fixed,,1.0,0.0,1.0,1.0,0.12590298510597098,-0.21260405119406978,0.9153588058556577,0.5921946660886716,0.20434673741142295,-0.21995091542733913,0.978088079406363,0.9290560896934706,0.15584043736516828,-0.2199509154273389,0.940680620842451,0.7085237043109757,4.332051572042524,0.15310963388545307,0.2510744175525899,0.002035738520696675,0.7468898439267134
v2vol,100,0.0,60,0.96,60,0.0,20,0.7,,,True,sym,5,0.95,,10,,,60,0.5,0.15,14,,False,fixed,,1.0,0.0,0.85,1.0,0.032464016962023834,-0.20192088797098762,0.3589968310708353,0.16077592213584324,0.07900541033381292,-0.16888769143234073,0.4596086753682416,0.4677985095525083,0.05073881476398867,-0.20192088797098762,0.40931762711832725,0.2512806637977886,5.301063107894142,0.10326290246659695,0.6365075774711604,0.002940511196561864,0.36055191133227776
v2vol,100,0.0,60,0.96,60,0.0,20,0.7,,,True,sym,5,0.95,,10,,,60,0.5,0.15,14,,False,fixed,,1.0,0.0,1.0,1.0,0.0320440902054564,-0.21256625641733184,0.35125880227855394,0.15074871593233574,0.07900541033381292,-0.16888769143234073,0.4596086753682416,0.4677985095525083,0.050471223459730874,-0.21256625641733184,0.4051527772104902,0.23743760797405492,5.301063107894142,0.10384329289222306,0.6365075774711604,0.002940511196561864,0.36055191133227776
v2vol,100,0.0,60,0.96,60,0.0,20,0.7,,,True,sym,5,0.95,,10,,,60,0.5,0.15,14,,True,fixed,,1.0,0.0,0.85,1.0,0.03436885619637886,-0.18559794545925057,0.3820141189438183,0.1851790768013906,0.07900541033381292,-0.16888769143234073,0.4596086753682416,0.4677985095525083,0.05195213113537123,-0.18559794545925057,0.4216482917356782,0.2799175982623025,5.301063107894142,0.10288868975869264,0.6365075774711604,0.002035738520696675,0.36145668400814296
v2vol,100,0.0,60,0.96,60,0.0,20,0.7,,,True,sym,5,0.95,,10,,,60,0.5,0.15,14,,True,fixed,,1.0,0.0,1.0,1.0,0.03452556157666553,-0.19151831302666877,0.3812160263196227,0.18027289939556784,0.07900541033381292,-0.16888769143234073,0.4596086753682416,0.4677985095525083,0.0520519098077008,-0.19151831302666877,0.4213078552034785,0.27178554878171163,5.301063107894142,0.10329505908220908,0.6365075774711604,0.002035738520696675,0.36145668400814296
v2vol,100,0.0,60,0.96,60,0.0,20,0.7,,,True,sym,5,0.95,,10,,,60,0.5,0.15,14,75.0,False,fixed,,1.0,0.0,0.85,1.0,0.03384630174136838,-0.1616406011362922,0.3820933570294223,0.20939232781514985,0.07900541033381292,-0.16888769143234073,0.4596086753682416,0.4677985095525083,0.05161936533034717,-0.16888769143233717,0.42145126541666833,0.30564314600171943,5.187061750735127,0.10196331432650661,0.6365075774711604,,0.3634924225288396
v2vol,100,0.0,60,0.96,60,0.0,20,0.7,,,True,sym,5,0.95,,10,,,60,0.5,0.15,14,75.0,False,fixed,,1.0,0.0,1.0,1.0,0.03384630174136838,-0.1616406011362922,0.3820933570294223,0.20939232781514985,0.07900541033381292,-0.16888769143234073,0.4596086753682416,0.4677985095525083,0.05161936533034717,-0.16888769143233717,0.42145126541666833,0.30564314600171943,5.187061750735127,0.10196331432650661,0.6365075774711604,,0.3634924225288396
v2vol,100,0.0,60,0.96,60,0.0,20,0.7,,,True,sym,5,0.95,,10,,,60,0.5,0.15,14,75.0,True,fixed,,1.0,0.0,0.85,1.0,0.03384630174136838,-0.1616406011362922,0.3820933570294223,0.20939232781514985,0.07900541033381292,-0.16888769143234073,0.4596086753682416,0.4677985095525083,0.05161936533034717,-0.16888769143233717,0.42145126541666833,0.30564314600171943,5.187061750735127,0.10196331432650661,0.6365075774711604,,0.3634924225288396
v2vol,100,0.0,60,0.96,60,0.0,20,0.7,,,True,sym,5,0.95,,10,,,60,0.5,0.15,14,75.0,True,fixed,,1.0,0.0,1.0,1.0,0.03384630174136838,-0.1616406011362922,0.3820933570294223,0.20939232781514985,0.07900541033381292,-0.16888769143234073,0.4596086753682416,0.4677985095525083,0.05161936533034717,-0.16888769143233717,0.42145126541666833,0.30564314600171943,5.187061750735127,0.10196331432650661,0.6365075774711604,,0.3634924225288396
v2vol,100,0.0,60,0.96,60,0.0,20,0.7,,,True,sym,5,0.95,,10,,,60,0.5,0.15,14,85.0,False,fixed,,1.0,0.0,0.85,1.0,0.032464016962023834,-0.20192088797098762,0.3589968310708353,0.16077592213584324,0.07900541033381292,-0.16888769143234073,0.4596086753682416,0.4677985095525083,0.05073881476398867,-0.20192088797098762,0.40931762711832725,0.2512806637977886,5.301063107894142,0.10326290246659695,0.6365075774711604,0.002940511196561864,0.36055191133227776
v2vol,100,0.0,60,0.96,60,0.0,20,0.7,,,True,sym,5,0.95,,10,,,60,0.5,0.15,14,85.0,False,fixed,,1.0,0.0,1.0,1.0,0.0320440902054564,-0.21256625641733184,0.35125880227855394,0.15074871593233574,0.07900541033381292,-0.16888769143234073,0.4596086753682416,0.4677985095525083,0.050471223459730874,-0.21256625641733184,0.4051527772104902,0.23743760797405492,5.301063107894142,0.10384329289222306,0.6365075774711604,0.002940511196561864,0.36055191133227776
v2vol,100,0.0,60,0.96,60,0.0,20,0.7,,,True,sym,5,0.95,,10,,,60,0.5,0.15,14,85.0,True,fixed,,1.0,0.0,0.85,1.0,0.03436885619637886,-0.18559794545925057,0.3820141189438183,0.1851790768013906,0.07900541033381292,-0.16888769143234073,0.4596086753682416,0.4677985095525083,0.05195213113537123,-0.18559794545925057,0.4216482917356782,0.2799175982623025,5.301063107894142,0.10288868975869264,0.6365075774711604,0.002035738520696675,0.36145668400814296
v2vol,100,0.0,60,0.96,60,0.0,20,0.7,,,True,sym,5,0.95,,10,,,60,0.5,0.15,14,85.0,True,fixed,,1.0,0.0,1.0,1.0,0.03452556157666553,-0.19151831302666877,0.3812160263196227,0.18027289939556784,0.07900541033381292,-0.16888769143234073,0.4596086753682416,0.4677985095525083,0.0520519098077008,-0.19151831302666877,0.4213078552034785,0.27178554878171163,5.301063107894142,0.10329505908220908,0.6365075774711604,0.002035738520696675,0.36145668400814296
v2vol,100,0.0,60,0.96,60,0.0,20,0.7,,,True,sym,5,0.95,,10,,,60,0.5,0.25,14,,False,fixed,,1.0,0.0,0.85,1.0,0.010403602607459872,-0.1457884463130137,0.1378675258983408,0.07136095397520677,0.03595158474336868,-0.14302430720240478,0.13805677024755358,0.2513669560551747,0.020962632499700318,-0.1457884463130137,0.14959460501756933,0.14378802319281667,3.5910427505089344,0.07184684379262242,0.839402850033929,0.002940511196561864,0.15765663876950917
v2vol,100,0.0,60,0.96,60,0.0,20,0.7,,,True,sym,5,0.95,,10,,,60,0.5,0.25,14,,False,fixed,,1.0,0.0,1.0,1.0,0.009992648326538456,-0.1571825507107696,0.12899899492908032,0.06357352187855668,0.03595158474336868,-0.14302430720240478,0.13805677024755358,0.2513669560551747,0.02070262428586922,-0.1571825507107696,0.14520179030613373,0.13171070320626085,3.5910427505089344,0.07267821386463966,0.839402850033929,0.002940511196561864,0.15765663876950917
v2vol,100,0.0,60,0.96,60,0.0,20,0.7,,,True,sym,5,0.95,,10,,,60,0.5,0.25,14,,True,fixed,,1.0,0.0,0.85,1.0,0.012267741592606018,-0.12831743889841996,0.1713729947736526,0.09560463252635164,0.03595158474336868,-0.14302430720240478,0.13805677024755358,0.2513669560551747,0.02214156551252433,-0.143024307202407,0.16636909367010114,0.1548098078265098,3.5910427505089344,0.0713099098539688,0.839402850033929,0.002035738520696675,0.15856141144537436
v2vol,100,0.0,60,0.96,60,0.0,20,0.7,,,True,sym,5,0.95,,10,,,60,0.5,0.25,14,,True,fixed,,1.0,0.0,1.0,1.0,0.012421098686111742,-0.13465421216053397,0.17171625830151754,0.09224441246073595,0.03595158474336868,-0.14302430720240478,0.13805677024755358,0.2513669560551747,0.02223851662400711,-0.14302430720240833,0.16690995961430363,0.15548767240337064,3.5910427505089344,0.07189522995715761,0.839402850033929,0.002035738520696675,0.15856141144537436
v2vol,100,0.0,60,0.96,60,0.0,20,0.7,,,True,sym,5,0.95,,10,,,60,0.5,0.25,14,75.0,False,fixed,,1.0,0.0,0.85,1.0,0.011756352434992401,-0.1052050945914248,0.16784623130245194,0.11174698792534192,0.03595158474336868,-0.14302430720240478,0.13805677024755358,0.2513669560551747,0.02181822973437586,-0.14302430720240378,0.16369431862392309,0.1525491027444681,3.477041393349921,0.0699673891700515,0.839402850033929,,0.16059714996607102
v2vol,100,0.0,60,0.96,60,0.0,20,0.7,,,True,sym,5,0.95,,10,,,60,0.5,0.25,14,75.0,False,fixed,,1.0,0.0,1.0,1.0,0.011756352434992401,-0.1052050945914248,0.16784623130245194,0.11174698792534192,0.03595158474336868,-0.14302430720240478,0.13805677024755358,0.2513669560551747,0.02181822973437586,-0.14302430720240378,0.16369431862392309,0.1525491027444681,3.477041393349921,0.0699673891700515,0.839402850033929,,0.16059714996607102
v2vol,100,0.0,60,0.96,60,0.0,20,0.7,,,True,sym,5,0.95,,10,,,60,0.5,0.25,14,75.0,True,fixed,,1.0,0.0,0.85,1.0,0.011756352434992401,-0.1052050945914248,0.16784623130245194,0.11174698792534192,0.03595158474336868,-0.14302430720240478,0.13805677024755358,0.2513669560551747,0.02181822973437586,-0.14302430720240378,0.16369431862392309,0.1525491027444681,3.477041393349921,0.0699673891700515,0.839402850033929,,0.16059714996607102
v2vol,100,0.0,60,0.96,60,0.0,20,0.7,,,True,sym,5,0.95,,10,,,60,0.5,0.25,14,75.0,True,fixed,,1.0,0.0,1.0,1.0,0.011756352434992401,-0.1052050945914248,0.16784623130245194,0.11174698792534192,0.03595158474336868,-0.14302430720240478,0.13805677024755358,0.2513669560551747,0.02181822973437586,-0.14302430720240378,0.16369431862392309,0.1525491027444681,3.477041393349921,0.0699673891700515,0.839402850033929,,0.16059714996607102
v2vol,100,0.0,60,0.96,60,0.0,20,0.7,,,True,sym,5,0.95,,10,,,60,0.5,0.25,14,85.0,False,fixed,,1.0,0.0,0.85,1.0,0.010403602607459872,-0.1457884463130137,0.1378675258983408,0.07136095397520677,0.03595158474336868,-0.14302430720240478,0.13805677024755358,0.2513669560551747,0.020962632499700318,-0.1457884463130137,0.14959460501756933,0.14378802319281667,3.5910427505089344,0.07184684379262242,0.839402850033929,0.002940511196561864,0.15765663876950917
v2vol,100,0.0,60,0.96,60,0.0,20,0.7,,,True,sym,5,0.95,,10,,,60,0.5,0.25,14,85.0,False,fixed,,1.0,0.0,1.0,1.0,0.009992648326538456,-0.1571825507107696,0.12899899492908032,0.06357352187855668,0.03595158474336868,-0.14302430720240478,0.13805677024755358,0.2513669560551747,0.02070262428586922,-0.1571825507107696,0.14520179030613373,0.13171070320626085,3.5910427505089344,0.07267821386463966,0.839402850033929,0.002940511196561864,0.15765663876950917
v2vol,100,0.0,60,0.96,60,0.0,20,0.7,,,True,sym,5,0.95,,10,,,60,0.5,0.25,14,85.0,True,fixed,,1.0,0.0,0.85,1.0,0.012267741592606018,-0.12831743889841996,0.1713729947736526,0.09560463252635164,0.03595158474336868,-0.14302430720240478,0.13805677024755358,0.2513669560551747,0.02214156551252433,-0.143024307202407,0.16636909367010114,0.1548098078265098,3.5910427505089344,0.0713099098539688,0.839402850033929,0.002035738520696675,0.15856141144537436
v2vol,100,0.0,60,0.96,60,0.0,20,0.7,,,True,sym,5,0.95,,10,,,60,0.5,0.25,14,85.0,True,fixed,,1.0,0.0,1.0,1.0,0.012421098686111742,-0.13465421216053397,0.17171625830151754,0.09224441246073595,0.03595158474336868,-0.14302430720240478,0.13805677024755358,0.2513669560551747,0.02223851662400711,-0.14302430720240833,0.16690995961430363,0.15548767240337064,3.5910427505089344,0.07189522995715761,0.839402850033929,0.002035738520696675,0.15856141144537436
