kind,trend_n,trend_buffer,prox_n,prox_thr,mom_n,mom_thr,vol_n,vol_max,abs_vol_max,vix_max,require_slope,confirm_style,confirm_up,cb_vol_pct,cb_drop,cb_drop_n,cb_vix,crash_mom_thr,sizing,target_vol,max_leverage,min_weight,tecl_w,xlk_w,IS_CAGR,IS_maxDD,IS_Sharpe,IS_Calmar,OOS_CAGR,OOS_maxDD,OOS_Sharpe,OOS_Calmar,ALL_CAGR,ALL_maxDD,ALL_Sharpe,ALL_Calmar,trades_per_yr,vol,pct_BIL,pct_XLK,pct_TECL
v2vol,100,0.0,60,0.96,20,0.0,20,0.7,,,True,sym,3,0.9,,10,,,fixed,,1.0,0.0,0.4,1.0,0.135147964435973,-0.21695964902149523,0.9033706419045509,0.6229175104472225,0.21087939883816764,-0.2215505352998447,0.9454135289926319,0.951834300706,0.16436872814961712,-0.2215505352998446,0.9209901185681144,0.7419017423142846,11.74213978737842,0.16675300835413143,0.7373897308301289,0.26261026916987107,
v2vol,100,0.0,60,0.96,20,0.0,20,0.7,,,True,sym,3,0.9,,10,,,fixed,,1.0,0.0,0.5,1.0,0.15850178041081486,-0.24986030481496924,0.9084746460275337,0.6343615906824066,0.23442272354846372,-0.22155053529984292,0.9367314605363251,1.0581004610582403,0.1881976188846204,-0.24986030481496924,0.9218136152665003,0.7532113555371978,12.31214657317349,0.19394713677203326,0.2666817462112644,0.26261026916987107,0.4707079846188645
v2vol,100,0.0,60,0.96,20,0.0,20,0.7,,,True,sym,3,0.9,,10,,,fixed,,1.0,0.0,0.6,1.0,0.1812090827361077,-0.29128975029306303,0.9065920442189037,0.6220922039096655,0.2567148094834395,-0.25975517857116737,0.922710187510064,0.9882952513037392,0.21117284650543366,-0.29128975029306303,0.9158788936289702,0.7249580402090195,12.31214657317349,0.22272349836127742,0.2666817462112644,0.26261026916987107,0.4707079846188645
v2vol,100,0.0,60,0.96,20,0.0,20,0.7,,,True,sym,3,0.9,,10,,,fixed,,1.0,0.0,0.7,1.0,0.20321034569046148,-0.3312272911230115,0.9020071985622203,0.6135072535885728,0.2776643208516476,-0.3089671644959999,0.9074150723230981,0.8986855328286589,0.23322182782082024,-0.3312272911230115,0.9075412250960178,0.7041141659254342,12.31214657317349,0.2525417992646,0.2666817462112644,0.26261026916987107,0.4707079846188645
v2vol,100,0.0,60,0.96,20,0.0,20,0.7,,,True,sym,3,0.9,,10,,,fixed,,1.0,0.0,0.85,1.0,0.23475925234546624,-0.3883268036420051,0.893777221574782,0.6045404286897709,0.30637856800845675,-0.3773452075290147,0.8855423884001464,0.8119317852603145,0.26440239076045446,-0.3883268036420051,0.8943538343683648,0.6808759742585386,12.31214657317349,0.29853772976545406,0.2666817462112644,0.26261026916987107,0.4707079846188645
v2vol,100,0.0,60,0.96,20,0.0,20,0.7,,,True,sym,3,0.9,,10,,,fixed,,1.0,0.0,1.0,1.0,0.2643900216034907,-0.4420638951516953,0.8857647151876136,0.5980810115984808,0.33158966194949024,-0.4396463434897748,0.8663688487025197,0.7542190828142353,0.29310260641849006,-0.4420638951516953,0.8821760358401916,0.6630322214346666,12.31214657317349,0.345514405048682,0.2666817462112644,0.26261026916987107,0.4707079846188645
v2vol,100,0.0,60,0.96,20,0.0,20,0.7,,,True,sym,3,0.95,,10,,,fixed,,1.0,0.0,0.4,1.0,0.12978815997381288,-0.2408346237530261,0.85612886723539,0.5389098874209614,0.20494563920539943,-0.25407146968284267,0.9071240519752594,0.8066456240097836,0.1587931534850744,-0.2540714696828432,0.8780952599626596,0.6249940368483541,11.970142501696449,0.17005956186562454,0.7156751866093644,0.2843248133906356,
v2vol,100,0.0,60,0.96,20,0.0,20,0.7,,,True,sym,3,0.95,,10,,,fixed,,1.0,0.0,0.5,1.0,0.15308521245999684,-0.25667078215457195,0.8707081386751132,0.5964263293817605,0.22834426248893536,-0.25407146968284233,0.9051442674503556,0.8987402748288807,0.18253173840761883,-0.25667078215457195,0.8869670476038192,0.7111512143119383,12.426147930332503,0.19679963088081764,0.2445148156525673,0.2843248133906356,0.4711603709567971
v2vol,100,0.0,60,0.96,20,0.0,20,0.7,,,True,sym,3,0.95,,10,,,fixed,,1.0,0.0,0.6,1.0,0.1757408870628252,-0.2868971107493432,0.8757221452693392,0.6125571868040415,0.25049670925450296,-0.25975517857116703,0.8962801562057593,0.9643569403790444,0.20542165414394686,-0.2868971107493432,0.8870694823848196,0.7160115820177082,12.426147930332503,0.22521387607485135,0.2445148156525673,0.2843248133906356,0.4711603709567971
v2vol,100,0.0,60,0.96,20,0.0,20,0.7,,,True,sym,3,0.95,,10,,,fixed,,1.0,0.0,0.7,1.0,0.19769584050741806,-0.32396814843631727,0.8762219594835919,0.6102323375357356,0.27131218648779676,-0.30896716449600037,0.8849186515721912,0.878126278986222,0.22739060864277083,-0.32396814843631727,0.8832657259338963,0.7018918672724681,12.426147930332503,0.2547426944338649,0.2445148156525673,0.2843248133906356,0.4711603709567971
v2vol,100,0.0,60,0.96,20,0.0,20,0.7,,,True,sym,3,0.95,,10,,,fixed,,1.0,0.0,0.85,1.0,0.22918562199393677,-0.3771536434332511,0.8733997161389079,0.607671769806191,0.2998370651634381,-0.37734520752901424,0.8673285810305366,0.7945961925073171,0.25846165147869016,-0.3773452075290148,0.8749634710509553,0.6849474866030107,12.426147930332503,0.3004042390185733,0.2445148156525673,0.2843248133906356,0.4711603709567971
v2vol,100,0.0,60,0.96,20,0.0,20,0.7,,,True,sym,3,0.95,,10,,,fixed,,1.0,0.0,1.0,1.0,0.25877012476865024,-0.42744651226126473,0.8691192952357877,0.6053859777676329,0.32487438440395744,-0.43964634348977516,0.851154084827544,0.7389448114709796,0.2870657624422528,-0.4396463434897746,0.8661861787546125,0.6529470031835473,12.426147930332503,0.3471305551422022,0.2445148156525673,0.2843248133906356,0.4711603709567971
v2vol,100,0.0,60,0.96,20,0.0,20,0.7,,,True,sym,3,,,10,,,fixed,,1.0,0.0,0.4,1.0,0.13953941429225258,-0.24083462375302478,0.8954131412877484,0.5793993077812177,0.1707581067384194,-0.2390712859320122,0.7180066610748467,0.7142560264932029,0.15257427601641793,-0.24083462375302478,0.8116840953475327,0.6335230110969526,10.83012893010631,0.17932676977809722,0.6894367790092739,0.3105632209907261,
v2vol,100,0.0,60,0.96,20,0.0,20,0.7,,,True,sym,3,,,10,,,fixed,,1.0,0.0,0.5,1.0,0.16317322411164303,-0.2566707821545703,0.9048613484643547,0.6357296406779098,0.19259913684878005,-0.26613069719112104,0.7410276680730123,0.7237013199964133,0.17594195923120193,-0.26613069719112015,0.8315195089016895,0.6611111047623728,11.115132323003845,0.20523230815752602,0.21691924903867904,0.3105632209907261,0.4725175299705949
v2vol,100,0.0,60,0.96,20,0.0,20,0.7,,,True,sym,3,,,10,,,fixed,,1.0,0.0,0.6,1.0,0.18613480216793898,-0.2868971107493421,0.9056908988079971,0.6487859068422697,0.2131935059727772,-0.3049897954824051,0.7527850426655132,0.6990184889155622,0.19843516950441398,-0.304989795482404,0.8400704151627247,0.6506288815025696,11.115132323003845,0.23301834725399967,0.21691924903867904,0.3105632209907261,0.4725175299705949
v2vol,100,0.0,60,0.96,20,0.0,20,0.7,,,True,sym,3,,,10,,,fixed,,1.0,0.0,0.7,1.0,0.20836200836386243,-0.3239681484363184,0.9027544307975884,0.6431558453186013,0.23245570242077962,-0.3448087960919629,0.7579725128298266,0.6741582728034062,0.21998122894619843,-0.3448087960919626,0.8426511973748768,0.6379803283426915,11.115132323003845,0.2620874661158107,0.21691924903867904,0.3105632209907261,0.4725175299705949
v2vol,100,0.0,60,0.96,20,0.0,20,0.7,,,True,sym,3,,,10,,,fixed,,1.0,0.0,0.85,1.0,0.24019108157646518,-0.3771536434332501,0.8958417128917695,0.6368520780814756,0.2586716881022897,-0.4015722251814551,0.7592290360447973,0.6441473585116747,0.25036829843079667,-0.40157222518145486,0.8411802114019907,0.6234701573737202,11.115132323003845,0.307297045707978,0.21691924903867904,0.3105632209907261,0.4725175299705949
v2vol,100,0.0,60,0.96,20,0.0,20,0.7,,,True,sym,3,,,10,,,fixed,,1.0,0.0,1.0,1.0,0.27002402076990517,-0.4280276518730224,0.8884049877151725,0.6308564869309187,0.2814424753732192,-0.4548413098219256,0.7567836241276926,0.6187706993531578,0.278228684700939,-0.4548413098219256,0.8370719887123792,0.6117049588346932,11.115132323003845,0.3537752796130233,0.21691924903867904,0.3105632209907261,0.4725175299705949
v2vol,100,0.0,60,0.96,20,0.0,20,0.7,,,True,sym,5,0.9,,10,,,fixed,,1.0,0.0,0.4,1.0,0.14483470446937563,-0.21141702032247345,0.9631480748699698,0.6850664352778215,0.2216208921428704,-0.2034655184526042,0.9902969848075016,1.089230715004397,0.17445167810184103,-0.21141702032247345,0.9735275224394206,0.8251543694814668,8.43610042976702,0.16660676203722863,0.7520922868129383,0.24790771318706176,
v2vol,100,0.0,60,0.96,20,0.0,20,0.7,,,True,sym,5,0.9,,10,,,fixed,,1.0,0.0,0.5,1.0,0.16668653056731997,-0.23319004140524413,0.947985040338675,0.7148098159031049,0.2514426375935601,-0.20346551845260463,0.9882139421976446,1.2357997537166538,0.19957265003883662,-0.23319004140524413,0.9655130334435105,0.8558369338423579,9.17710925130061,0.195334906165233,0.2745985071250848,0.24790771318706176,0.47749377968785345
v2vol,100,0.0,60,0.96,20,0.0,20,0.7,,,True,sym,5,0.9,,10,,,fixed,,1.0,0.0,0.6,1.0,0.18779519496497166,-0.25707033241062527,0.9313696779385099,0.7305206835964307,0.2800843226379015,-0.2314449351922141,0.9795953349041011,1.2101553330829755,0.22379844931239368,-0.25707033241062527,0.9532790574648539,0.8705728397896746,9.17710925130061,0.22553656453449916,0.2745985071250848,0.24790771318706176,0.47749377968785345
v2vol,100,0.0,60,0.96,20,0.0,20,0.7,,,True,sym,5,0.9,,10,,,fixed,,1.0,0.0,0.7,1.0,0.20810238939603476,-0.2988596138609606,0.9157954745560495,0.6963215494645285,0.30742719162466425,-0.2737706915739788,0.9689074806696084,1.1229368266456334,0.2470497059794976,-0.2988596138609606,0.9404241652573578,0.8266413209462062,9.17710925130061,0.25669215469675233,0.2745985071250848,0.24790771318706176,0.47749377968785345
v2vol,100,0.0,60,0.96,20,0.0,20,0.7,,,True,sym,5,0.9,,10,,,fixed,,1.0,0.0,0.85,1.0,0.23693498477894193,-0.3697215663396548,0.8956387593334125,0.6408470761515577,0.34575191052886,-0.33411241683739723,0.9527991313899631,1.0348370581424018,0.27992870888580956,-0.3697215663396548,0.9226035279920216,0.7571338390053379,9.17710925130061,0.30457201566990616,0.2745985071250848,0.24790771318706176,0.47749377968785345
v2vol,100,0.0,60,0.96,20,0.0,20,0.7,,,True,sym,5,0.9,,10,,,fixed,,1.0,0.0,1.0,1.0,0.2636459496456296,-0.4352293019237935,0.8791778237162409,0.6057633263207832,0.380511886699048,-0.3907556325002193,0.9382990893551433,0.9737847776227115,0.3101825046443738,-0.4352293019237935,0.9073639128062351,0.7126875494671662,9.17710925130061,0.35332965782358605,0.2745985071250848,0.24790771318706176,0.47749377968785345
v2vol,100,0.0,60,0.96,20,0.0,20,0.7,,,True,sym,5,0.95,,10,,,fixed,,1.0,0.0,0.4,1.0,0.1359871373343342,-0.23546099032988022,0.8934360934206502,0.5775357401827649,0.214508859881962,-0.2199509154273387,0.9462395109920124,0.9752578636246937,0.16621188864142233,-0.23546099032988022,0.9157182120566337,0.7058998962357201,8.892105858403076,0.1700559937107434,0.7315087084370052,0.2684912915629948,
v2vol,100,0.0,60,0.96,20,0.0,20,0.7,,,True,sym,5,0.95,,10,,,fixed,,1.0,0.0,0.5,1.0,0.15741755076606356,-0.25657014993025073,0.8899321170519365,0.6135458501655705,0.24416354917956284,-0.21995091542733958,0.952335596059032,1.1100819867249967,0.19099626944954995,-0.25657014993025073,0.9175606238026356,0.74442124113609,9.405111965618637,0.19835948180009047,0.2524315765663877,0.2684912915629948,0.4790771318706175
v2vol,100,0.0,60,0.96,20,0.0,20,0.7,,,True,sym,5,0.95,,10,,,fixed,,1.0,0.0,0.6,1.0,0.17809533392261123,-0.2773362474881629,0.8817242799358936,0.6421639274909876,0.2726453496200756,-0.23144493519221332,0.949843979349706,1.1780138951567276,0.21488134622913901,-0.2773362474881629,0.9125885290386385,0.7748044050329572,9.405111965618637,0.22823957637980027,0.2524315765663877,0.2684912915629948,0.4790771318706175
v2vol,100,0.0,60,0.96,20,0.0,20,0.7,,,True,sym,5,0.95,,10,,,fixed,,1.0,0.0,0.7,1.0,0.19796278197751382,-0.2977569945121725,0.8723457032600404,0.6648467899195596,0.2998361765838422,-0.27377069157397804,0.9437544243017222,1.095209187148584,0.23778843505636704,-0.2977569945121725,0.9051456390317953,0.7985989899110366,9.405111965618637,0.2591515032081412,0.2524315765663877,0.2684912915629948,0.4790771318706175
v2vol,100,0.0,60,0.96,20,0.0,20,0.7,,,True,sym,5,0.95,,10,,,fixed,,1.0,0.0,0.85,1.0,0.2261206150018864,-0.3576719758869289,0.8588126039915559,0.6322010955461886,0.3379489672915925,-0.33411241683739756,0.932599136417533,1.0114828131516647,0.27014635024356504,-0.3576719758869289,0.8931468888906333,0.7552907928379791,9.405111965618637,0.30676966916016357,0.2524315765663877,0.2684912915629948,0.4790771318706175
v2vol,100,0.0,60,0.96,20,0.0,20,0.7,,,True,sym,5,0.95,,10,,,fixed,,1.0,0.0,1.0,1.0,0.25214091854864473,-0.42059464287807613,0.8469672929951181,0.5994867571856746,0.3725182623387615,-0.3907556325002193,0.9215470387533146,0.9533279404195216,0.2998756659624606,-0.42059464287807613,0.8819735203837906,0.7129802317748254,9.405111965618637,0.3553510333176679,0.2524315765663877,0.2684912915629948,0.4790771318706175
v2vol,100,0.0,60,0.96,20,0.0,20,0.7,,,True,sym,5,,,10,,,fixed,,1.0,0.0,0.4,1.0,0.12549352781512035,-0.282933781396304,0.8061555080534477,0.44354381154416544,0.14918923099591908,-0.29120857573238135,0.6224740792417489,0.5123105685356703,0.13573513129068804,-0.2912085757323811,0.7199128672539655,0.4661096636639842,7.8660936439719515,0.18260014649148384,0.7079846188645103,0.2920153811354897,
v2vol,100,0.0,60,0.96,20,0.0,20,0.7,,,True,sym,5,,,10,,,fixed,,1.0,0.0,0.5,1.0,0.1431793663680907,-0.3027322024854652,0.7959745343675083,0.47295717202389476,0.17735868045440495,-0.29120857573238135,0.6754214438328064,0.6090434665543516,0.15766483964009104,-0.3027322024854652,0.7419795999041229,0.5208063045346517,8.208097715448993,0.21035406478195945,0.22370504410766795,0.2920153811354897,0.48427957475684236
v2vol,100,0.0,60,0.96,20,0.0,20,0.7,,,True,sym,5,,,10,,,fixed,,1.0,0.0,0.6,1.0,0.15990919336438947,-0.32220886340487653,0.7834441140088965,0.4962904858500217,0.20441066533428986,-0.291208575732381,0.7112064333999405,0.7019390305392039,0.17856957330862544,-0.32220886340487653,0.753046855831606,0.5542044108334819,8.208097715448993,0.23995729778519498,0.22370504410766795,0.2920153811354897,0.48427957475684236
v2vol,100,0.0,60,0.96,20,0.0,20,0.7,,,True,sym,5,,,10,,,fixed,,1.0,0.0,0.7,1.0,0.1756286701283225,-0.3725254975653097,0.7711321311798448,0.4714540918035603,0.23023236242499,-0.3016947111354382,0.7358214472671936,0.763130256935903,0.19837430580711746,-0.3725254975653097,0.7581812128968434,0.5325120216028683,8.208097715448993,0.27080404367171323,0.22370504410766795,0.2920153811354897,0.48427957475684236
v2vol,100,0.0,60,0.96,20,0.0,20,0.7,,,True,sym,5,,,10,,,fixed,,1.0,0.0,0.85,1.0,0.19719935795379007,-0.4452093558675243,0.7547068279584648,0.4429362396698338,0.26641657683472975,-0.334112416837397,0.7598315730330645,0.7973860395747792,0.22585989389859784,-0.4452093558675243,0.7603153585489133,0.5073116521967348,8.208097715448993,0.3186126843504563,0.22370504410766795,0.2920153811354897,0.48427957475684236
v2vol,100,0.0,60,0.96,20,0.0,20,0.7,,,True,sym,5,,,10,,,fixed,,1.0,0.0,1.0,1.0,0.21621164354875777,-0.5112290320924959,0.741006348229881,0.4229252056828395,0.2992225929619383,-0.39075563250021883,0.7746623544909653,0.7657537552239141,0.2504710985737095,-0.5112290320924959,0.759392935667128,0.48993911309871024,8.208097715448993,0.36762579439652693,0.22370504410766795,0.2920153811354897,0.48427957475684236
v2vol,100,0.0,60,0.96,20,0.0,20,0.7,,,False,sym,3,0.9,,10,,,fixed,,1.0,0.0,0.4,1.0,0.1407627636310822,-0.21695964902149556,0.9325752254609309,0.6487969733816077,0.214071234937117,-0.22602307966890967,0.9501555969451817,0.9471211313937481,0.1691215169847251,-0.2260230796689089,0.9388587945022773,0.7482488833992691,11.058131644424337,0.16817970323623416,0.776973535399231,0.22302646460076905,
v2vol,100,0.0,60,0.96,20,0.0,20,0.7,,,False,sym,3,0.9,,10,,,fixed,,1.0,0.0,0.5,1.0,0.1697007254146503,-0.23329383841011064,0.954426699092109,0.727411947830062,0.24051989955311726,-0.24146161869478444,0.9405533723530097,0.9960999220217374,0.19758030231649903,-0.24146161869478378,0.9483491710256187,0.8182679441333809,12.198145216014476,0.197580534619305,0.267134132549197,0.22302646460076905,0.5098394028500339
v2vol,100,0.0,60,0.96,20,0.0,20,0.7,,,False,sym,3,0.9,,10,,,fixed,,1.0,0.0,0.6,1.0,0.19816470767099648,-0.2495131564619889,0.9648963252264295,0.7942054458406288,0.26557299163808645,-0.2597551785711685,0.9267834882206161,1.0223972938630903,0.22524264082597467,-0.2597551785711678,0.9492989897904038,0.8671343611510044,12.198145216014476,0.2284346728893521,0.267134132549197,0.22302646460076905,0.5098394028500339
v2vol,100,0.0,60,0.96,20,0.0,20,0.7,,,False,sym,3,0.9,,10,,,fixed,,1.0,0.0,0.7,1.0,0.22608227320655994,-0.2735460819712977,0.9697555079162747,0.8264869727883071,0.28911308511892186,-0.30896716449600015,0.9124629020827001,0.9357404874739196,0.2520165720621492,-0.3089671644959997,0.9466005757012846,0.8156742884741468,12.198145216014476,0.2602256884580623,0.267134132549197,0.22302646460076905,0.5098394028500339
v2vol,100,0.0,60,0.96,20,0.0,20,0.7,,,False,sym,3,0.9,,10,,,fixed,,1.0,0.0,0.85,1.0,0.26677423877648,-0.3134740919680634,0.9720980983691894,0.8510248394105208,0.3213378528478983,-0.3773452075290148,0.8926538207809362,0.8515752855379514,0.29031132487972044,-0.3773452075290151,0.9401688111712415,0.7693520921619167,12.198145216014476,0.3090346940271334,0.267134132549197,0.22302646460076905,0.5098394028500339
v2vol,100,0.0,60,0.96,20,0.0,20,0.7,,,False,sym,3,0.9,,10,,,fixed,,1.0,0.0,1.0,1.0,0.30582476240247525,-0.3533158211619428,0.9718295750992656,0.8655846811408426,0.3495355214322622,-0.4396463434897747,0.8757093957745792,0.7950379358503449,0.3260949850262256,-0.4396463434897754,0.9332546274967276,0.7417211353056764,12.198145216014476,0.3587011271608275,0.267134132549197,0.22302646460076905,0.5098394028500339
v2vol,100,0.0,60,0.96,20,0.0,20,0.7,,,False,sym,3,0.95,,10,,,fixed,,1.0,0.0,0.4,1.0,0.13537644788869851,-0.24083462375302522,0.8850530374179285,0.5621137267518744,0.20812183411975504,-0.2583571665704105,0.9124030797192274,0.8055585872940562,0.16352318361121476,-0.25835716657041075,0.8961168799873506,0.6329345757345166,11.286134358742366,0.17145916938760378,0.7552589911784664,0.2447410088215336,
v2vol,100,0.0,60,0.96,20,0.0,20,0.7,,,False,sym,3,0.95,,10,,,fixed,,1.0,0.0,0.5,1.0,0.16423179686532818,-0.2566707821545713,0.9165524262751865,0.6398538839782127,0.2344114151910277,-0.273150736671009,0.9099972414055781,0.8581760314758364,0.19186968082837796,-0.2731507366710111,0.9139884194833876,0.7024314968605416,12.31214657317349,0.2003820311810896,0.2449672019904999,0.2447410088215336,0.5102917891879665
v2vol,100,0.0,60,0.96,20,0.0,20,0.7,,,False,sym,3,0.95,,10,,,fixed,,1.0,0.0,0.6,1.0,0.19261801897199815,-0.2723955716573563,0.9340096710273605,0.7071261026750114,0.2593110620024568,-0.2879815104760768,0.9015251916227773,0.9004434401839777,0.2194246387652301,-0.28798151047607645,0.9210830190787714,0.7619400231719335,12.31214657317349,0.2308643802725226,0.2449672019904999,0.2447410088215336,0.5102917891879665
v2vol,100,0.0,60,0.96,20,0.0,20,0.7,,,False,sym,3,0.95,,10,,,fixed,,1.0,0.0,0.7,1.0,0.22046294232675723,-0.28800336939117677,0.9440019654382037,0.7654873718762517,0.2827040311966713,-0.3089671644959999,0.8911288895404387,0.9149970083643998,0.24609648300635834,-0.30896716449600015,0.9229306006213965,0.7965133881064707,12.31214657317349,0.2623632172049986,0.2449672019904999,0.2447410088215336,0.5102917891879665
v2vol,100,0.0,60,0.96,20,0.0,20,0.7,,,False,sym,3,0.95,,10,,,fixed,,1.0,0.0,0.85,1.0,0.26105609466671265,-0.31121468847378486,0.9517872186893228,0.8388296064910917,0.3147214435349266,-0.3773452075290148,0.8754964530782596,0.8340411836573466,0.28424885360520147,-0.37734520752901524,0.9213407205858315,0.7532859777564412,12.31214657317349,0.31083942598581416,0.2449672019904999,0.2447410088215336,0.5102917891879665
v2vol,100,0.0,60,0.96,20,0.0,20,0.7,,,False,sym,3,0.95,,10,,,fixed,,1.0,0.0,1.0,1.0,0.3000206985268554,-0.33637332511424844,0.9552650639965755,0.8919277366151257,0.3427297419621036,-0.4396463434897748,0.8614277052175956,0.7795578128584497,0.3199041162718519,-0.43964634348977516,0.9177677115174147,0.7276396608522957,12.31214657317349,0.3602594853211903,0.2449672019904999,0.2447410088215336,0.5102917891879665
v2vol,100,0.0,60,0.96,20,0.0,20,0.7,,,False,sym,3,,,10,,,fixed,,1.0,0.0,0.4,1.0,0.14517593498084969,-0.240834623753026,0.923589835823128,0.6028034205319517,0.17384418450290307,-0.24344316566177093,0.7254142099650163,0.7141058325885986,0.15727892156232492,-0.24344316566177227,0.8296217057335716,0.6460601230467089,10.146120787152228,0.18065495091747794,0.729020583578376,0.27097941642162404,
v2vol,100,0.0,60,0.96,20,0.0,20,0.7,,,False,sym,3,,,10,,,fixed,,1.0,0.0,0.5,1.0,0.17441732678547783,-0.25667078215457184,0.9496248449520788,0.679537130488193,0.19848973388790658,-0.2785925577188394,0.7503946957890607,0.7124732100281946,0.18522786501182997,-0.2785925577188396,0.858991716119768,0.6648701118526114,11.001130965844832,0.20867062331586272,0.21737163537661164,0.27097941642162404,0.5116489482017643
v2vol,100,0.0,60,0.96,20,0.0,20,0.7,,,False,sym,3,,,10,,,fixed,,1.0,0.0,0.6,1.0,0.2031611331720926,-0.2723955716573553,0.9627379320772599,0.7458312627330365,0.2217449203299935,-0.3225239008361379,0.7635507285692488,0.6875301946774284,0.21235699444466127,-0.32252390083613736,0.8747571069618858,0.6584225041745112,11.001130965844832,0.2384848682180923,0.21737163537661164,0.27097941642162404,0.5116489482017643
v2vol,100,0.0,60,0.96,20,0.0,20,0.7,,,False,sym,3,,,10,,,fixed,,1.0,0.0,0.7,1.0,0.23133186427267627,-0.28800336939117654,0.96921668795004,0.8032262426710467,0.24349936590624655,-0.3645528904414964,0.769997608462606,0.6679397483623118,0.2385741816980831,-0.3645528904414954,0.8830583659563157,0.654429543568165,11.001130965844832,0.2695014309663437,0.21737163537661164,0.27097941642162404,0.5116489482017643
v2vol,100,0.0,60,0.96,20,0.0,20,0.7,,,False,sym,3,,,10,,,fixed,,1.0,0.0,0.85,1.0,0.27234690512920756,-0.31121468847378486,0.972865254419351,0.8751094187257447,0.27308468351017123,-0.42409667943329643,0.7730843695589821,0.6439208245513345,0.2759896592456712,-0.42409667943329665,0.8882893362670405,0.6507706205445067,11.001130965844832,0.317507051354605,0.21737163537661164,0.27097941642162404,0.5116489482017643
v2vol,100,0.0,60,0.96,20,0.0,20,0.7,,,False,sym,3,,,10,,,fixed,,1.0,0.0,1.0,1.0,0.3116433907506553,-0.33704690366446743,0.9731756899932829,0.9246291461585372,0.2987125002580897,-0.4795440410028061,0.7723935682283575,0.6229094196091611,0.31084156824443676,-0.479544041002806,0.8893332053686015,0.6482023373586617,11.001130965844832,0.3666678355190708,0.21737163537661164,0.27097941642162404,0.5116489482017643
v2vol,100,0.0,60,0.96,20,0.0,20,0.7,,,False,sym,5,0.9,,10,,,fixed,,1.0,0.0,0.4,1.0,0.14299009904487114,-0.21141702032247445,0.9493043969917065,0.6763414734857596,0.21900045864513618,-0.22675018750875475,0.9722909211654795,0.9658226132081176,0.17232490670491174,-0.22675018750875497,0.9576447108789359,0.7599769093829665,7.410088215335897,0.167665079489266,0.7948427957475684,0.20515720425243159,
v2vol,100,0.0,60,0.96,20,0.0,20,0.7,,,False,sym,5,0.9,,10,,,fixed,,1.0,0.0,0.5,1.0,0.16974519355001338,-0.23319004140524568,0.9554684777025155,0.7279264265622062,0.2522231794392311,-0.2556350287545722,0.9731637077430749,0.9866534358301235,0.20182085404593209,-0.25563502875457156,0.9622594020476172,0.7894882599977915,8.778104501244062,0.19862814051316638,0.27957475684234334,0.20515720425243159,0.5152680389052251
v2vol,100,0.0,60,0.96,20,0.0,20,0.7,,,False,sym,5,0.9,,10,,,fixed,,1.0,0.0,0.6,1.0,0.19590215853555382,-0.2546092114951499,0.9548012203604331,0.7694229025931593,0.28416768803510206,-0.2844367839775418,0.9679461859856093,0.9990539340985483,0.23048583648130427,-0.2844367839775417,0.960133006003338,0.8103235919708007,8.778104501244062,0.23090372712072732,0.27957475684234334,0.20515720425243159,0.5152680389052251
v2vol,100,0.0,60,0.96,20,0.0,20,0.7,,,False,sym,5,0.9,,10,,,fixed,,1.0,0.0,0.7,1.0,0.2213905070893578,-0.2756721701300291,0.9514965568813705,0.8030934242833881,0.3146829684721586,-0.3141741113008044,0.960746096014837,1.0016196661438694,0.2582209788807601,-0.31417411130080286,0.9555051753140538,0.8219040639969505,8.778104501244062,0.2640109048197012,0.27957475684234334,0.20515720425243159,0.5152680389052251
v2vol,100,0.0,60,0.96,20,0.0,20,0.7,,,False,sym,5,0.9,,10,,,fixed,,1.0,0.0,0.85,1.0,0.2582152282395014,-0.3150758875028974,0.9451171886360941,0.819533447278243,0.3574510584436479,-0.3571472241360061,0.949560849894801,1.0008507256590804,0.2978650421000959,-0.35714722413600664,0.9474204605818743,0.8340119199321139,8.778104501244062,0.31465542422618026,0.27957475684234334,0.20515720425243159,0.5152680389052251
v2vol,100,0.0,60,0.96,20,0.0,20,0.7,,,False,sym,5,0.9,,10,,,fixed,,1.0,0.0,1.0,1.0,0.2931404684209298,-0.3686936115163443,0.9387583905760245,0.7950787842927807,0.3961802791551181,-0.3981910364042649,0.9393826300773079,0.9949502699324819,0.33486740851865826,-0.3981910364042659,0.9396608344886045,0.8409717394509154,8.778104501244062,0.36604431410121996,0.27957475684234334,0.20515720425243159,0.5152680389052251
v2vol,100,0.0,60,0.96,20,0.0,20,0.7,,,False,sym,5,0.95,,10,,,fixed,,1.0,0.0,0.4,1.0,0.13415678747901172,-0.235460990329881,0.880221677847271,0.5697622663145091,0.21190368202343102,-0.24275367563747086,0.9290915219828152,0.8729164716743102,0.16410003837651432,-0.24275367563747086,0.9006272154665987,0.6759940418845887,7.8660936439719515,0.17109273189515437,0.7742592173716354,0.2257407826283646,
v2vol,100,0.0,60,0.96,20,0.0,20,0.7,,,False,sym,5,0.95,,10,,,fixed,,1.0,0.0,0.5,1.0,0.1604519135750062,-0.25657014993025073,0.8979729352607254,0.6253724902083329,0.24493955095848619,-0.2710407046284259,0.9386066330923174,0.9037002441912841,0.19322839985476126,-0.2710407046284262,0.9153616035926078,0.7129128450269526,9.00610721556209,0.2016036428862877,0.2574078262836462,0.2257407826283646,0.5168513910879892
v2vol,100,0.0,60,0.96,20,0.0,20,0.7,,,False,sym,5,0.95,,10,,,fixed,,1.0,0.0,0.6,1.0,0.18613609380720142,-0.27733624748816177,0.9056508123706801,0.6711567474249709,0.2767049852953556,-0.2992463671781732,0.9395970289153581,0.9246728302990681,0.22152000632148194,-0.29924636717817266,0.9205394635123647,0.7402596342617851,9.00610721556209,0.23354539084985082,0.2574078262836462,0.2257407826283646,0.5168513910879892
v2vol,100,0.0,60,0.96,20,0.0,20,0.7,,,False,sym,5,0.95,,10,,,fixed,,1.0,0.0,0.7,1.0,0.2111393724543329,-0.29775699451217097,0.908490188187024,0.7090996226646238,0.3070498258761387,-0.3283682388529374,0.9369341138085947,0.9350777253876057,0.2488767439952484,-0.328368238852938,0.9212857198784052,0.7579196601493167,9.00610721556209,0.26640380101250505,0.2574078262836462,0.2257407826283646,0.5168513910879892
v2vol,100,0.0,60,0.96,20,0.0,20,0.7,,,False,sym,5,0.95,,10,,,fixed,,1.0,0.0,0.85,1.0,0.24721480792255535,-0.32776643052151566,0.9086740489193819,0.7542407791097062,0.3495802811677373,-0.3704519629162273,0.9305409644898046,0.9436588712226373,0.28794559797565955,-0.37045196291622795,0.9189271358343741,0.7772818794343224,9.00610721556209,0.31678463336693535,0.2574078262836462,0.2257407826283646,0.5168513910879892
v2vol,100,0.0,60,0.96,20,0.0,20,0.7,,,False,sym,5,0.95,,10,,,fixed,,1.0,0.0,1.0,1.0,0.28136690059037983,-0.3570301981655578,0.9068850317365066,0.7880759163680259,0.3880959295755628,-0.41064631599059953,0.9236518922911571,0.9450856234746962,0.3243663806140913,-0.41064631599059964,0.9151388474090204,0.7898923428343055,9.00610721556209,0.36799766450494126,0.2574078262836462,0.2257407826283646,0.5168513910879892
v2vol,100,0.0,60,0.96,20,0.0,20,0.7,,,False,sym,5,,,10,,,fixed,,1.0,0.0,0.4,1.0,0.12368008570112132,-0.2829337813963039,0.7938373108180999,0.43713438915193825,0.14672416677222588,-0.29120857573238135,0.6099308073076607,0.5038456247492669,0.1336784702660121,-0.2912085757323809,0.7072334008121255,0.45904716208928503,6.840081429540827,0.18356519507420516,0.7507351277991404,0.24926487220085952,
v2vol,100,0.0,60,0.96,20,0.0,20,0.7,,,False,sym,5,,,10,,,fixed,,1.0,0.0,0.5,1.0,0.14617640140610533,-0.30273220248546473,0.8048117651136039,0.48285712654940893,0.17809301512533038,-0.29120857573238135,0.6696225267857375,0.6115651459694532,0.1598345012535567,-0.30273220248546473,0.7431981568744892,0.5279732381996294,7.809092965392445,0.2134171918238627,0.2286812938249265,0.24926487220085952,0.522053833974214
v2vol,100,0.0,60,0.96,20,0.0,20,0.7,,,False,sym,5,,,10,,,fixed,,1.0,0.0,0.6,1.0,0.16782582883795216,-0.3222088634048764,0.8080699116953277,0.5208603731892629,0.20825263788865378,-0.291208575732381,0.710116884113623,0.7151322290729403,0.18500980948202406,-0.3222088634048764,0.7648479156549189,0.5741921793428357,7.809092965392445,0.2450124802030514,0.2286812938249265,0.24926487220085952,0.522053833974214
v2vol,100,0.0,60,0.96,20,0.0,20,0.7,,,False,sym,5,,,10,,,fixed,,1.0,0.0,0.7,1.0,0.1885596040205395,-0.3413616177632003,0.8078729367438714,0.5523749426080519,0.23705973418955306,-0.31418358105175637,0.7383478502664043,0.754526170323654,0.20910953660332487,-0.3413616177632003,0.7783135638027959,0.6125748347852699,7.809092965392445,0.2777567891347262,0.2286812938249265,0.24926487220085952,0.522053833974214
v2vol,100,0.0,60,0.96,20,0.0,20,0.7,,,False,sym,5,,,10,,,fixed,,1.0,0.0,0.85,1.0,0.21779598924127508,-0.3971085328949915,0.805009122130544,0.548454568965073,0.277426031651931,-0.3539422793722473,0.7666174135273728,0.7838171583908381,0.24303853156673472,-0.3971085328949915,0.7900643079717605,0.6120204212056105,7.809092965392445,0.3282730959571561,0.2286812938249265,0.24926487220085952,0.522053833974214
v2vol,100,0.0,60,0.96,20,0.0,20,0.7,,,False,sym,5,,,10,,,fixed,,1.0,0.0,1.0,1.0,0.24459900724461558,-0.4536468772257174,0.8012192125671576,0.5391837120988545,0.3139683765154533,-0.3934940078050938,0.7848347371311404,0.7978987488698143,0.27403099099819417,-0.4536468772257174,0.7963999185310413,0.6040623329626642,7.809092965392445,0.37987233891330924,0.2286812938249265,0.24926487220085952,0.522053833974214
v2vol,100,0.0,60,0.96,20,0.0,20,,,,True,sym,3,0.9,,10,,,fixed,,1.0,0.0,0.4,1.0,0.13025609363246438,-0.2506002981053197,0.8680225271494016,0.5197762916376168,0.21281103884115948,-0.23077150677383673,0.9415925214453951,0.9221720732175178,0.16191680875525072,-0.2506002981053197,0.899257607000018,0.6461157866907326,9.576114001357158,0.16883344735821637,0.7898665460303099,0.2101334539696901,
v2vol,100,0.0,60,0.96,20,0.0,20,,,,True,sym,3,0.9,,10,,,fixed,,1.0,0.0,0.5,1.0,0.1520029961213787,-0.29086383506496793,0.8643703541032185,0.5225915971555108,0.23595978851735944,-0.2441807988715119,0.91786472633822,0.9663322816857588,0.18457105059457968,-0.29086383506496793,0.8879291154162169,0.6345617032566235,11.343135037321872,0.19905772269781488,0.2673603257181633,0.2101334539696901,0.5225062203121466
v2vol,100,0.0,60,0.96,20,0.0,20,,,,True,sym,3,0.9,,10,,,fixed,,1.0,0.0,0.6,1.0,0.1729588977261638,-0.32930990847983577,0.8569933137393082,0.5252161968784318,0.2574877175030361,-0.25744211656726557,0.8941887473841525,1.0001771308299459,0.20614665560697265,-0.32930990847983577,0.8742309216331653,0.6259959093201576,11.343135037321872,0.23068614131594586,0.2673603257181633,0.2101334539696901,0.5225062203121466
v2vol,100,0.0,60,0.96,20,0.0,20,,,,True,sym,3,0.9,,10,,,fixed,,1.0,0.0,0.7,1.0,0.19306223550261148,-0.3660016357036303,0.8488713642154742,0.5274900893037089,0.27728268085142993,-0.29754406379898124,0.8727463812292041,0.9319045969566384,0.22656226479376018,-0.3660016357036303,0.8608863901351189,0.6190198149202232,11.343135037321872,0.263213011524242,0.2673603257181633,0.2101334539696901,0.5225062203121466
v2vol,100,0.0,60,0.96,20,0.0,20,,,,True,sym,3,0.9,,10,,,fixed,,1.0,0.0,0.85,1.0,0.22148666737691536,-0.41791090689194055,0.8374183199990686,0.5299853718203753,0.3034930401701328,-0.36320355059518716,0.8455302991531936,0.8356004220575326,0.25483780405878953,-0.41791090689194055,0.8431928222621751,0.6097897897761331,11.343135037321872,0.31307382542553486,0.2673603257181633,0.2101334539696901,0.5225062203121466
v2vol,100,0.0,60,0.96,20,0.0,20,,,,True,sym,3,0.9,,10,,,fixed,,1.0,0.0,1.0,1.0,0.2476585634366546,-0.4662473601818583,0.8275523797869915,0.5311741890400327,0.3252282586083719,-0.4235136316944067,0.8235791794712868,0.767928666917257,0.2800684273900873,-0.4662473601818583,0.8285016339263092,0.6006863551588743,11.343135037321872,0.3637489783103733,0.2673603257181633,0.2101334539696901,0.5225062203121466
v2vol,100,0.0,60,0.96,20,0.0,20,,,,True,sym,3,0.95,,10,,,fixed,,1.0,0.0,0.4,1.0,0.1230606301417978,-0.28281506290888625,0.8067612798768966,0.4351275666722317,0.20591147331421533,-0.26705724222326876,0.8982100957033734,0.7710387166436268,0.15481397656736862,-0.28281506290888625,0.8464890292243252,0.5474035752375912,10.146120787152228,0.17293596126233057,0.7794616602578602,0.2205383397421398,
v2vol,100,0.0,60,0.96,20,0.0,20,,,,True,sym,3,0.95,,10,,,fixed,,1.0,0.0,0.5,1.0,0.14335573965255088,-0.3291252027428089,0.8044321199104828,0.4355659744616233,0.2274370106873984,-0.28510789800341196,0.8755197787096128,0.7977225895182904,0.17594971841715035,-0.3291252027428089,0.8362848255207219,0.5345981315039074,11.514137073060393,0.2037383564869924,0.24519339515946617,0.2205383397421398,0.534268265098394
v2vol,100,0.0,60,0.96,20,0.0,20,,,,True,sym,3,0.95,,10,,,fixed,,1.0,0.0,0.6,1.0,0.1627504221236331,-0.37291187982210183,0.7983245809453519,0.43643131509050725,0.24723973474832617,-0.30299266926417556,0.8527648238285829,0.8159924639389902,0.1958989632448498,-0.37291187982210183,0.8236641933904266,0.5253223987884315,11.514137073060393,0.2359914228129579,0.24519339515946617,0.2205383397421398,0.534268265098394
v2vol,100,0.0,60,0.96,20,0.0,20,,,,True,sym,3,0.95,,10,,,fixed,,1.0,0.0,0.7,1.0,0.18118250164682803,-0.4142835068943914,0.791321357855208,0.4373394031662835,0.26521178367630016,-0.3207030605914364,0.8320923605376982,0.8269699178648313,0.21458138878600197,-0.4142835068943914,0.8112657800538877,0.5179578361556709,11.514137073060393,0.26917419621783345,0.24519339515946617,0.2205383397421398,0.534268265098394
v2vol,100,0.0,60,0.96,20,0.0,20,,,,True,sym,3,0.95,,10,,,fixed,,1.0,0.0,0.85,1.0,0.20689364494444118,-0.47206612682732196,0.7812565252895484,0.4382725918822835,0.28851642328927274,-0.3632035505951874,0.8057889847240141,0.7943656465265175,0.24006087838468226,-0.47206612682732196,0.794741099862878,0.508532310924513,11.514137073060393,0.3200574121269998,0.24519339515946617,0.2205383397421398,0.534268265098394
v2vol,100,0.0,60,0.96,20,0.0,20,,,,True,sym,3,0.95,,10,,,fixed,,1.0,0.0,1.0,1.0,0.23010649534304317,-0.5250220186233714,0.77249017748162,0.43827970481388867,0.3071603690358704,-0.4235136316944068,0.7845332452405336,0.7252667825755064,0.262268208293329,-0.5250220186233714,0.7809718023952937,0.4995375412654247,11.514137073060393,0.371785034529401,0.24519339515946617,0.2205383397421398,0.534268265098394
v2vol,100,0.0,60,0.96,20,0.0,20,,,,True,sym,3,,,10,,,fixed,,1.0,0.0,0.4,1.0,0.13213129653616806,-0.28281506290888647,0.8428868896292225,0.4672003505652609,0.16975336574944433,-0.25017376563332283,0.7052916499412162,0.6785418339916989,0.1475088324290892,-0.28281506290888647,0.777241029702753,0.5215734654013516,9.804116715675185,0.18230996643223454,0.7570685365301968,0.2429314634698032,
v2vol,100,0.0,60,0.96,20,0.0,20,,,,True,sym,3,,,10,,,fixed,,1.0,0.0,0.5,1.0,0.152431340150865,-0.3291252027428092,0.8342364478662685,0.46314089252526974,0.1893733160732598,-0.27973485905403994,0.7111239534445548,0.6769743203033418,0.16794742467826063,-0.3291252027428092,0.7783372614337635,0.5102843029906192,10.431124180049762,0.21245918785282808,0.21759782854557794,0.2429314634698032,0.5394707079846188
v2vol,100,0.0,60,0.96,20,0.0,20,,,,True,sym,3,,,10,,,fixed,,1.0,0.0,0.6,1.0,0.17178090201079876,-0.3729118798221016,0.8231668052294302,0.4606474379221901,0.20723676844511507,-0.32396043518919093,0.7099808764999207,0.6396977715012948,0.18714752841204518,-0.3729118798221016,0.7737304565324514,0.5018545628026768,10.431124180049762,0.24430999377388596,0.21759782854557794,0.2429314634698032,0.5394707079846188
v2vol,100,0.0,60,0.96,20,0.0,20,,,,True,sym,3,,,10,,,fixed,,1.0,0.0,0.7,1.0,0.1901156051420827,-0.41428350689439164,0.8122152215996485,0.45890218166601215,0.22324262162770903,-0.36632578601757404,0.7057304801185323,0.6094100665275014,0.20502898262003444,-0.41428350689439164,0.7670845798471357,0.49490018117544815,10.431124180049762,0.2772766191453243,0.21759782854557794,0.2429314634698032,0.5394707079846188
v2vol,100,0.0,60,0.96,20,0.0,20,,,,True,sym,3,,,10,,,fixed,,1.0,0.0,0.85,1.0,0.2155783957556867,-0.47206612682732274,0.7975877850045278,0.45666991021904696,0.24356382714492475,-0.427439674401458,0.6973803892160615,0.5698203553191129,0.2292111031957027,-0.47206612682732274,0.7564928073441225,0.48554871906652586,10.431124180049762,0.32808064033137335,0.21759782854557794,0.2429314634698032,0.5394707079846188
v2vol,100,0.0,60,0.96,20,0.0,20,,,,True,sym,3,,,10,,,fixed,,1.0,0.0,1.0,1.0,0.2384151021391525,-0.5250220186233714,0.78539311608608,0.45410495880589236,0.2592080403243693,-0.4856810485663995,0.6888333260770518,0.5337001332242262,0.25000917833086866,-0.5250220186233714,0.7466817743084103,0.4761879872893763,10.431124180049762,0.3799290438992115,0.21759782854557794,0.2429314634698032,0.5394707079846188
v2vol,100,0.0,60,0.96,20,0.0,20,,,,True,sym,5,0.9,,10,,,fixed,,1.0,0.0,0.4,1.0,0.1507567032773829,-0.19893331851431129,0.9937974597057445,0.7578253075114586,0.21515430292351811,-0.21045479785046473,0.9493319542399792,1.0223302349057994,0.175915829137401,-0.2104547978504656,0.9716317852769,0.8358841467819348,6.6120787152227996,0.16855899268012098,0.809771544899344,0.19022845510065595,
v2vol,100,0.0,60,0.96,20,0.0,20,,,,True,sym,5,0.9,,10,,,fixed,,1.0,0.0,0.5,1.0,0.17491197364930988,-0.22105101848271058,0.9770128580980786,0.7912742264202259,0.24007396636522582,-0.22124794922169966,0.9204477428250967,1.0850901317266526,0.20075664115246794,-0.22124794922169844,0.950391249983615,0.9073830598596986,8.43610042976702,0.20060071925326162,0.27934856367337707,0.19022845510065595,0.530422981225967
v2vol,100,0.0,60,0.96,20,0.0,20,,,,True,sym,5,0.9,,10,,,fixed,,1.0,0.0,0.6,1.0,0.19831739630620748,-0.258670226446684,0.9599817058139777,0.7666804140177447,0.2632086780883056,-0.2319922800483284,0.8945038908753322,1.1345579173301554,0.2244839889158321,-0.258670226446684,0.9300508660546607,0.8678385293875396,8.43610042976702,0.2338801975465587,0.27934856367337707,0.19022845510065595,0.530422981225967
v2vol,100,0.0,60,0.96,20,0.0,20,,,,True,sym,5,0.9,,10,,,fixed,,1.0,0.0,0.7,1.0,0.22090495447834657,-0.3010113650638646,0.9445954351301858,0.7338757937976125,0.2844285102268833,-0.27377069157397926,0.8723306993201662,1.0389297283490408,0.24700527643699033,-0.3010113650638646,0.9121245900271732,0.8205845529605967,8.43610042976702,0.26793661327226515,0.27934856367337707,0.19022845510065595,0.530422981225967
v2vol,100,0.0,60,0.96,20,0.0,20,,,,True,sym,5,0.9,,10,,,fixed,,1.0,0.0,0.85,1.0,0.2531058545460383,-0.36119421752645753,0.9251849562245587,0.7007472497189084,0.3123998363285998,-0.334112416837397,0.8453673734054117,0.9350141466925365,0.27832860837230156,-0.36119421752645753,0.8898646538493775,0.7705788046064551,8.43610042976702,0.31993416672453084,0.27934856367337707,0.19022845510065595,0.530422981225967
v2vol,100,0.0,60,0.96,20,0.0,20,,,,True,sym,5,0.9,,10,,,fixed,,1.0,0.0,1.0,1.0,0.2830927973244477,-0.4174854604499403,0.9096256701726468,0.6780901950916988,0.3354026547346187,-0.39075563250021905,0.8243144259156748,0.8583437494901132,0.30644148266707405,-0.4174854604499403,0.8722168992548949,0.7340171375951876,8.43610042976702,0.3726190771302636,0.27934856367337707,0.19022845510065595,0.530422981225967
v2vol,100,0.0,60,0.96,20,0.0,20,,,,True,sym,5,0.95,,10,,,fixed,,1.0,0.0,0.4,1.0,0.14095057444900294,-0.22335791777645997,0.9150709639654213,0.631052509139472,0.20635034582210854,-0.23114888137248257,0.8979127522842014,0.8927161775426778,0.16645624643492374,-0.23114888137248146,0.9059618167942497,0.7201256845655691,7.296086858176883,0.1726084452144119,0.799819045464827,0.20018095453517304,
v2vol,100,0.0,60,0.96,20,0.0,20,,,,True,sym,5,0.95,,10,,,fixed,,1.0,0.0,0.5,1.0,0.16376441141769438,-0.244801246970473,0.9039175652172471,0.6689688612470467,0.2295953189756943,-0.24721260533482203,0.8722850380918449,0.9287362942708076,0.18982972304218015,-0.24721260533482148,0.8892945712133229,0.7678804354861973,8.721103822664555,0.2051165510831609,0.2574078262836462,0.20018095453517304,0.5424112191811807
v2vol,100,0.0,60,0.96,20,0.0,20,,,,True,sym,5,0.95,,10,,,fixed,,1.0,0.0,0.6,1.0,0.1857305700597034,-0.2710688734479161,0.8912144943154913,0.6851785219647883,0.25095309224729445,-0.2632448594785334,0.8487482273327579,0.9533067150652518,0.211989311893646,-0.2710688734479161,0.8724295728772011,0.7820496289271598,8.721103822664555,0.23891974988804124,0.2574078262836462,0.20018095453517304,0.5424112191811807
v2vol,100,0.0,60,0.96,20,0.0,20,,,,True,sym,5,0.95,,10,,,fixed,,1.0,0.0,0.7,1.0,0.2067806673361916,-0.3176996135042369,0.8791957024840357,0.6508684888073807,0.27029877594661067,-0.2792347165829818,0.8283870421909114,0.9679984611307613,0.2328437832880148,-0.3176996135042369,0.8571811295173147,0.7329054660147062,8.721103822664555,0.2735383290039557,0.2574078262836462,0.20018095453517304,0.5424112191811807
v2vol,100,0.0,60,0.96,20,0.0,20,,,,True,sym,5,0.95,,10,,,fixed,,1.0,0.0,0.85,1.0,0.2364916958026404,-0.3837084686801724,0.8635890448457827,0.6163317078095566,0.29529040151875097,-0.3341124168373971,0.8034065424505312,0.8838055296294489,0.2614859599894461,-0.3837084686801724,0.8379176088386955,0.6814703904995101,8.721103822664555,0.32642637644033523,0.2574078262836462,0.20018095453517304,0.5424112191811807
v2vol,100,0.0,60,0.96,20,0.0,20,,,,True,sym,5,0.95,,10,,,fixed,,1.0,0.0,1.0,1.0,0.263770947593001,-0.44508030145367605,0.8508286013444248,0.592636759549904,0.3151344598375305,-0.3907556325002193,0.783770439329178,0.8064745166209567,0.28671000560562776,-0.44508030145367605,0.8224554403492135,0.6441759041440492,8.721103822664555,0.38003850885641327,0.2574078262836462,0.20018095453517304,0.5424112191811807
v2vol,100,0.0,60,0.96,20,0.0,20,,,,True,sym,5,,,10,,,fixed,,1.0,0.0,0.4,1.0,0.12799917873031497,-0.2715822292065577,0.8145466599919621,0.47130910996743614,0.1326004345045153,-0.33679804512692124,0.5430230200692056,0.3937090384670887,0.1311511534639731,-0.3367980451269209,0.6847207521615368,0.38940592251522527,6.840081429540827,0.18740989163804891,0.7844379099751188,0.21556209002488125,
v2vol,100,0.0,60,0.96,20,0.0,20,,,,True,sym,5,,,10,,,fixed,,1.0,0.0,0.5,1.0,0.14651773755280972,-0.2916940701786209,0.7981725594647252,0.502299335269615,0.14228407130207654,-0.40217939889547993,0.5289876411370021,0.35378259476451684,0.14673936908466412,-0.4021793988954798,0.670468255911756,0.3648604813863164,7.581090251074417,0.22276807344874766,0.2293598733318254,0.21556209002488125,0.5550780366432934
v2vol,100,0.0,60,0.96,20,0.0,20,,,,True,sym,5,,,10,,,fixed,,1.0,0.0,0.6,1.0,0.16395871837250198,-0.32353637230057675,0.7822286669521779,0.5067705902944926,0.14923065315781514,-0.46311326295932775,0.515889866696082,0.3222335983301802,0.16061338005763304,-0.46311326295932786,0.6565602046070522,0.3468123090047167,7.581090251074417,0.2595248042869054,0.2293598733318254,0.21556209002488125,0.5550780366432934
v2vol,100,0.0,60,0.96,20,0.0,20,,,,True,sym,5,,,10,,,fixed,,1.0,0.0,0.7,1.0,0.1802591798956248,-0.3706640602822444,0.7680738573730461,0.48631415670126027,0.1533571081036178,-0.5196869825202788,0.5044735884475811,0.2950951500841829,0.17269082507858569,-0.519686982520279,0.6441880945491394,0.3322977694016937,7.581090251074417,0.297161565415272,0.2293598733318254,0.21556209002488125,0.5550780366432934
v2vol,100,0.0,60,0.96,20,0.0,20,,,,True,sym,5,,,10,,,fixed,,1.0,0.0,0.85,1.0,0.2024400314463899,-0.44016240217108626,0.7504136278333624,0.4599212255473462,0.1541180341369961,-0.5966195370141916,0.49039581323595144,0.25831878538253455,0.1872730382657577,-0.5966195370141918,0.6287247099062516,0.31389022089852053,7.581090251074417,0.35465262355161514,0.2293598733318254,0.21556209002488125,0.5550780366432934
v2vol,100,0.0,60,0.96,20,0.0,20,,,,True,sym,5,,,10,,,fixed,,1.0,0.0,1.0,1.0,0.2217279884268224,-0.5050453876681815,0.7363656152250408,0.4390258654782514,0.1482366121491019,-0.664449708084411,0.4792886621721177,0.22309681281441707,0.19741246936004542,-0.6644497080844112,0.6164064806486481,0.29710671395910415,7.581090251074417,0.4129246738651027,0.2293598733318254,0.21556209002488125,0.5550780366432934
v2vol,100,0.0,60,0.96,20,0.0,20,,,,False,sym,3,0.9,,10,,,fixed,,1.0,0.0,0.4,1.0,0.14033790885343178,-0.23720862758336625,0.9116659764135712,0.5916222790172775,0.2121027728849949,-0.261827485025543,0.9317153892020629,0.810085972694207,0.16813993496321222,-0.2618274850255423,0.919670743052641,0.6421783219084486,8.208097715448993,0.17136997637070678,0.8446052929201538,0.15539470707984618,
v2vol,100,0.0,60,0.96,20,0.0,20,,,,False,sym,3,0.9,,10,,,fixed,,1.0,0.0,0.5,1.0,0.17055317137876358,-0.2735357605250661,0.9260134814008628,0.6235132512523331,0.23927264141454163,-0.2955095245829036,0.9113780840139554,0.8096951925737845,0.19767611618908343,-0.29550952458290436,0.9199808240711539,0.668933146801588,10.83012893010631,0.20551308948385177,0.2687174847319611,0.15539470707984618,0.5758878081881927
v2vol,100,0.0,60,0.96,20,0.0,20,,,,False,sym,3,0.9,,10,,,fixed,,1.0,0.0,0.6,1.0,0.20013077659256084,-0.30903442105696266,0.932506848095641,0.6476002767202163,0.2646632869401353,-0.3281105477221151,0.8919641032163337,0.8066284024623467,0.22617132578462962,-0.32811054772211734,0.9159869349242402,0.6893144013650488,10.83012893010631,0.2407596037885349,0.2687174847319611,0.15539470707984618,0.5758878081881927
v2vol,100,0.0,60,0.96,20,0.0,20,,,,False,sym,3,0.9,,10,,,fixed,,1.0,0.0,0.7,1.0,0.2289795294317909,-0.34365991849007127,0.9353761644051061,0.666296874066233,0.28812605670353353,-0.35964128636801984,0.8748838740725475,0.801148443253801,0.25350906076618274,-0.35964128636801984,0.9107637459588848,0.70489421091317,10.83012893010631,0.27668816274452457,0.2687174847319611,0.15539470707984618,0.5758878081881927
v2vol,100,0.0,60,0.96,20,0.0,20,,,,False,sym,3,0.9,,10,,,fixed,,1.0,0.0,0.85,1.0,0.2706860376416613,-0.3939027480488111,0.9366405328269959,0.6871900208427052,0.3193950757793038,-0.40495715530316945,0.8537013162354837,0.7887132542211535,0.29209354077563,-0.40495715530317,0.9028940187125541,0.7212949245382638,10.83012893010631,0.3313737470839322,0.2687174847319611,0.15539470707984618,0.5758878081881927
v2vol,100,0.0,60,0.96,20,0.0,20,,,,False,sym,3,0.9,,10,,,fixed,,1.0,0.0,1.0,1.0,0.31023931536035176,-0.4420137097334995,0.9363683634244903,0.7018771330586157,0.3455561716650355,-0.44793744657855217,0.8369235037418613,0.7714384548656781,0.3274336099773638,-0.44793744657855306,0.895880702578335,0.7309806591933212,10.83012893010631,0.3866514858091286,0.2687174847319611,0.15539470707984618,0.5758878081881927
v2vol,100,0.0,60,0.96,20,0.0,20,,,,False,sym,3,0.95,,10,,,fixed,,1.0,0.0,0.4,1.0,0.13307826226855224,-0.26999906584276756,0.8508909956379255,0.4928841581476049,0.20995085736161734,-0.28117508366454536,0.9090021729846999,0.7466908327200793,0.16270552854534515,-0.28117508366454536,0.8761153424824368,0.578662683850964,8.892105858403076,0.17534958642621187,0.8351051798235694,0.16489482017643067,
v2vol,100,0.0,60,0.96,20,0.0,20,,,,False,sym,3,0.95,,10,,,fixed,,1.0,0.0,0.5,1.0,0.1617666721097586,-0.3127320626540091,0.8674054053173391,0.5172692263688007,0.23713092768612953,-0.3189981984308814,0.8923214697619068,0.7433613382537947,0.19126879215235504,-0.31899819843088006,0.8791063515337657,0.5995920763602645,11.058131644424337,0.21003282071533705,0.24677674734223026,0.16489482017643067,0.588328432481339
v2vol,100,0.0,60,0.96,20,0.0,20,,,,False,sym,3,0.95,,10,,,fixed,,1.0,0.0,0.6,1.0,0.1896858191635824,-0.35395451418564006,0.875579531289442,0.5359045062612114,0.26246970332938235,-0.35545178131929056,0.8754965201284226,0.738411557132174,0.2186875966151942,-0.35545178131929034,0.8771121000935699,0.6152384320695091,11.058131644424337,0.24587070479417003,0.24677674734223026,0.16489482017643067,0.588328432481339
v2vol,100,0.0,60,0.96,20,0.0,20,,,,False,sym,3,0.95,,10,,,fixed,,1.0,0.0,0.7,1.0,0.2167421546416104,-0.39364321349110065,0.8797579395390284,0.5506055921030388,0.28581474148412345,-0.39054471542911406,0.8603105409840295,0.7318361513868706,0.24484348099660314,-0.39364321349110065,0.8734079511066266,0.6219934006359759,11.058131644424337,0.2824240261643236,0.24677674734223026,0.16489482017643067,0.588328432481339
v2vol,100,0.0,60,0.96,20,0.0,20,,,,False,sym,3,0.95,,10,,,fixed,,1.0,0.0,0.85,1.0,0.25550523350586407,-0.45029159018702547,0.8824991838540053,0.5674217308827415,0.3167769232495059,-0.44065948768387697,0.8411502220910562,0.7188700847325391,0.28145489636044774,-0.45029159018702547,0.8672163724764949,0.6250503062772,11.058131644424337,0.33808697292518214,0.24677674734223026,0.16489482017643067,0.588328432481339
v2vol,100,0.0,60,0.96,20,0.0,20,,,,False,sym,3,0.95,,10,,,fixed,,1.0,0.0,1.0,1.0,0.29180686087634156,-0.5034568786827609,0.883311588610443,0.5796064632979528,0.342468303564442,-0.4877911828534719,0.8257854385586012,0.7020797333011992,0.31458085432180605,-0.5034568786827609,0.8614132259784144,0.6248417047054198,11.058131644424337,0.3943728794868916,0.24677674734223026,0.16489482017643067,0.588328432481339
v2vol,100,0.0,60,0.96,20,0.0,20,,,,False,sym,3,,,10,,,fixed,,1.0,0.0,0.4,1.0,0.14222983845233594,-0.2699990658427679,0.8857224708809209,0.5267790020250015,0.17310232162045125,-0.2669535171130931,0.714926336809734,0.6484361902867066,0.1551408909993217,-0.2699990658427679,0.8058069925602068,0.5745978806077312,8.664103144085049,0.18460416347690103,0.8129382492648722,0.1870617507351278,
v2vol,100,0.0,60,0.96,20,0.0,20,,,,False,sym,3,,,10,,,fixed,,1.0,0.0,0.5,1.0,0.17098841283546462,-0.3127320626540089,0.8955635099622679,0.546756899130735,0.19818513393509019,-0.30166628450534594,0.729909938008829,0.6569681270814275,0.18294763493919008,-0.3127320626540089,0.8212207168947424,0.5849980119933983,10.08912010857272,0.2185059704859336,0.2194073738973083,0.1870617507351278,0.5935308753675639
v2vol,100,0.0,60,0.96,20,0.0,20,,,,False,sym,3,,,10,,,fixed,,1.0,0.0,0.6,1.0,0.19892549231922096,-0.35395451418563983,0.8986678240965142,0.5620086320325605,0.2213855201225623,-0.3421337747052543,0.7360389041840538,0.6470729769759921,0.20954995338299254,-0.35395451418563983,0.8276993744552327,0.5920250907524494,10.08912010857272,0.25386943253813965,0.2194073738973083,0.1870617507351278,0.5935308753675639
v2vol,100,0.0,60,0.96,20,0.0,20,,,,False,sym,3,,,10,,,fixed,,1.0,0.0,0.7,1.0,0.22594419038062497,-0.39364321349109943,0.8988922139480915,0.5739821814195553,0.24255912659000312,-0.3897503938792818,0.737803561956749,0.622344788867953,0.23482903996287652,-0.39364321349109943,0.8299309330066023,0.5965530000638158,10.08912010857272,0.2901606211923293,0.2194073738973083,0.1870617507351278,0.5935308753675639
v2vol,100,0.0,60,0.96,20,0.0,20,,,,False,sym,3,,,10,,,fixed,,1.0,0.0,0.85,1.0,0.2645397910585432,-0.450291590187026,0.8971316757756435,0.587485524543481,0.2702219567050037,-0.4562408081781377,0.7367698590745616,0.5922792346963764,0.27001253518972135,-0.4562408081781377,0.8297501429751831,0.5918202193879506,10.08912010857272,0.34569630306115245,0.2194073738973083,0.1870617507351278,0.5935308753675639
v2vol,100,0.0,60,0.96,20,0.0,20,,,,False,sym,3,,,10,,,fixed,,1.0,0.0,1.0,1.0,0.30053221539171915,-0.5034568786827615,0.8945974754407641,0.5969373507777429,0.2925934256331184,-0.5170629818870711,0.7340213481739517,0.5658757944056845,0.3015776285210976,-0.5170629818870707,0.82790154831845,0.5832512461450272,10.08912010857272,0.4020642785384286,0.2194073738973083,0.1870617507351278,0.5935308753675639
v2vol,100,0.0,60,0.96,20,0.0,20,,,,False,sym,5,0.9,,10,,,fixed,,1.0,0.0,0.4,1.0,0.14842774111902646,-0.22080362189872915,0.9682908652767778,0.672216061687169,0.21046584148144354,-0.2335351530175238,0.9212502656736258,0.9012169635363237,0.17272891793778777,-0.2335351530175226,0.9453805168334483,0.7396270570230923,5.016059714996607,0.17076764305135106,0.8694865415064466,0.1305134584935535,
v2vol,100,0.0,60,0.96,20,0.0,20,,,,False,sym,5,0.9,,10,,,fixed,,1.0,0.0,0.5,1.0,0.17457524213656073,-0.27335209723978393,0.9488285927230388,0.6386460682005438,0.24103893828518097,-0.2722527884055992,0.9055117996566637,0.8853497504902826,0.20089037673410526,-0.27335209723978393,0.9285823916131617,0.7349143422078251,7.809092965392445,0.2068021136923983,0.286134358742366,0.1305134584935535,0.5833521827640805
v2vol,100,0.0,60,0.96,20,0.0,20,,,,False,sym,5,0.9,,10,,,fixed,,1.0,0.0,0.6,1.0,0.19985092360864876,-0.3232202293115466,0.9322975013053529,0.6183119294059277,0.269763092371502,-0.3094689587291076,0.8907534728087,0.8716967720424522,0.22783846807804897,-0.3232202293115466,0.9134632522278863,0.7049016349110974,7.809092965392445,0.24371543097526457,0.286134358742366,0.1305134584935535,0.5833521827640805
v2vol,100,0.0,60,0.96,20,0.0,20,,,,False,sym,5,0.9,,10,,,fixed,,1.0,0.0,0.7,1.0,0.22416982743013336,-0.3704748593064138,0.9186624796847227,0.6050878266066797,0.2964610049021579,-0.3452180331295225,0.8779438700272439,0.8587645384994375,0.25345445891534024,-0.3704748593064138,0.9006114709885636,0.6841340310914651,7.809092965392445,0.2811616601116867,0.286134358742366,0.1305134584935535,0.5833521827640805
v2vol,100,0.0,60,0.96,20,0.0,20,,,,False,sym,5,0.9,,10,,,fixed,,1.0,0.0,0.85,1.0,0.25867121057938647,-0.4366378359021762,0.9025340402352423,0.5924159321762003,0.33233700831074997,-0.3961671085835554,0.8622347344799699,0.8388808689822288,0.28912704278123025,-0.4366378359021762,0.8850803954031632,0.66216671806244,7.809092965392445,0.33794223028721304,0.286134358742366,0.1305134584935535,0.5833521827640805
v2vol,100,0.0,60,0.96,20,0.0,20,,,,False,sym,5,0.9,,10,,,fixed,,1.0,0.0,1.0,1.0,0.29055542913365273,-0.49736324241537544,0.8902055364601572,0.5841916015397733,0.36272981604326904,-0.4440126192306715,0.8499012314895107,0.8169358264451156,0.32116247880135806,-0.49736324241537544,0.8730177727119544,0.6457302257434167,7.809092965392445,0.3951750334998073,0.286134358742366,0.1305134584935535,0.5833521827640805
v2vol,100,0.0,60,0.96,20,0.0,20,,,,False,sym,5,0.95,,10,,,fixed,,1.0,0.0,0.4,1.0,0.13729731912268317,-0.25429926913859324,0.8819939595654075,0.5399044975149183,0.19417127783598898,-0.2536242973970517,0.840967816855608,0.765586262155363,0.1597081381723049,-0.25429926913859324,0.8631228011252811,0.6280322342777315,5.70006785795069,0.17491957535515296,0.8608912010857273,0.1391087989142728,
v2vol,100,0.0,60,0.96,20,0.0,20,,,,False,sym,5,0.95,,10,,,fixed,,1.0,0.0,0.5,1.0,0.16083869733746847,-0.312558308902093,0.8648120789136455,0.5145878153181659,0.22293683320463553,-0.29651687357551815,0.8343349167610954,0.7518520970370918,0.18554664545890165,-0.312558308902093,0.8515586930989748,0.5936384993592444,8.09409635828998,0.21155976623245554,0.26487220085953406,0.1391087989142728,0.5960190002261931
v2vol,100,0.0,60,0.96,20,0.0,20,,,,False,sym,5,0.95,,10,,,fixed,,1.0,0.0,0.6,1.0,0.18333567872179724,-0.36721809440554176,0.8500840663301347,0.4992555691423208,0.24975408977419522,-0.3375687755092034,0.8260916107387485,0.7398613494315501,0.21002215740195007,-0.36721809440554176,0.8402574774029701,0.5719275836391917,8.09409635828998,0.2491302137715028,0.26487220085953406,0.1391087989142728,0.5960190002261931
v2vol,100,0.0,60,0.96,20,0.0,20,,,,False,sym,5,0.95,,10,,,fixed,,1.0,0.0,0.7,1.0,0.20470467109760349,-0.4184160740886417,0.8378777246287218,0.489237110556696,0.274451369631848,-0.37681752202988783,0.8181150925562006,0.7283402538008291,0.23301919970217733,-0.4184160740886417,0.830279649350627,0.5569078583075947,8.09409635828998,0.28726615536630373,0.26487220085953406,0.1391087989142728,0.5960190002261931
v2vol,100,0.0,60,0.96,20,0.0,20,,,,False,sym,5,0.95,,10,,,fixed,,1.0,0.0,0.85,1.0,0.23446565925816998,-0.48905077794355367,0.8233893916652377,0.4794300915829073,0.3071661808895225,-0.4323968402472259,0.80765335094962,0.7103802625243472,0.2644990777604015,-0.48905077794355367,0.8179119741213697,0.5408417483203145,8.09409635828998,0.34511977949813305,0.26487220085953406,0.1391087989142728,0.5960190002261931
v2vol,100,0.0,60,0.96,20,0.0,20,,,,False,sym,5,0.95,,10,,,fixed,,1.0,0.0,1.0,1.0,0.2612423492751843,-0.5527115471230613,0.8122858646992038,0.4726558557261672,0.33423168905688305,-0.4841496912128893,0.7990544959622886,0.6903478306875866,0.2920433525679189,-0.5527115471230613,0.808129975053259,0.5283829405917866,8.09409635828998,0.40345470267657163,0.26487220085953406,0.1391087989142728,0.5960190002261931
v2vol,100,0.0,60,0.96,20,0.0,20,,,,False,sym,5,,,10,,,fixed,,1.0,0.0,0.4,1.0,0.1228460213900251,-0.31106183257595854,0.7748053847384209,0.39492476583422426,0.12116593063861014,-0.33679804512692124,0.4962971982310841,0.3597584142537085,0.12364179679653287,-0.33679804512692135,0.6435578370861545,0.3671096034715368,5.244062429314634,0.1897349225114244,0.8459624519339516,0.1540375480660484,
v2vol,100,0.0,60,0.96,20,0.0,20,,,,False,sym,5,,,10,,,fixed,,1.0,0.0,0.5,1.0,0.1399306451864033,-0.3778184127971639,0.7459797267092597,0.3703648113664769,0.13609839206444962,-0.40217939889547993,0.5042731225999814,0.33840219672668875,0.14029253131144936,-0.4021793988954798,0.6334874801734591,0.34883072503648854,6.954082786699842,0.22919578690427933,0.2368242479077132,0.1540375480660484,0.6091382040262384
v2vol,100,0.0,60,0.96,20,0.0,20,,,,False,sym,5,,,10,,,fixed,,1.0,0.0,0.6,1.0,0.15564322438739175,-0.4391380405571348,0.7235828465333131,0.3544289266990559,0.14812914870985772,-0.46311326295932775,0.5077011794922395,0.3198551208905173,0.15500084399769753,-0.46311326295932753,0.6239580189387296,0.3346931655708386,6.954082786699842,0.2696963934056408,0.2368242479077132,0.1540375480660484,0.6091382040262384
v2vol,100,0.0,60,0.96,20,0.0,20,,,,False,sym,5,,,10,,,fixed,,1.0,0.0,0.7,1.0,0.16991316136348922,-0.49535645814853835,0.705999021283249,0.34301190298106254,0.1571274206746629,-0.5196869825202788,0.5090364679991869,0.3023501183590482,0.16766810774398566,-0.5196869825202788,0.6156581545063896,0.32263287975939065,6.954082786699842,0.3108305783934895,0.2368242479077132,0.1540375480660484,0.6091382040262384
v2vol,100,0.0,60,0.96,20,0.0,20,,,,False,sym,5,,,10,,,fixed,,1.0,0.0,0.85,1.0,0.18846953646058529,-0.5708475276828247,0.6859474097360864,0.3301574016193394,0.16469948454006245,-0.5966195370141916,0.5093178879233033,0.2760544607109385,0.1826463660370976,-0.5966195370141916,0.6054587861005475,0.30613540909363995,6.954082786699842,0.37326101011938406,0.2368242479077132,0.1540375480660484,0.6091382040262384
v2vol,100,0.0,60,0.96,20,0.0,20,,,,False,sym,5,,,10,,,fixed,,1.0,0.0,1.0,1.0,0.2034292848816146,-0.6366608896701246,0.6710489721645464,0.3195253363011165,0.164910297197985,-0.664449708084411,0.5087693326135623,0.24819078884603105,0.1925630201113926,-0.664449708084411,0.5974400709837491,0.2898082695627125,6.954082786699842,0.4362322406840085,0.2368242479077132,0.1540375480660484,0.6091382040262384
v2vol,100,0.0,60,0.96,60,0.0,20,0.7,,,True,sym,3,0.9,,10,,,fixed,,1.0,0.0,0.4,1.0,0.13850322732160802,-0.220815436733794,0.915740525906466,0.6272352575086578,0.20912228905565078,-0.2215505352998447,0.9329746013719482,0.9439033346167562,0.1658891551424595,-0.22155053529984403,0.922590835380468,0.7487644068110554,10.83012893010631,0.16812674968585686,0.7842117168061524,0.21578828319384755,
v2vol,100,0.0,60,0.96,60,0.0,20,0.7,,,True,sym,3,0.9,,10,,,fixed,,1.0,0.0,0.5,1.0,0.16699286502882504,-0.24801326279662517,0.9362941254314201,0.6733223181123256,0.23080185794016517,-0.22155053529984436,0.9135061065525066,1.0417571667240622,0.19233242475043633,-0.24801326279662517,0.9276335131489761,0.7754924981901149,11.343135037321872,0.19714617833785564,0.2666817462112644,0.21578828319384755,0.517529970594888
v2vol,100,0.0,60,0.96,60,0.0,20,0.7,,,True,sym,3,0.9,,10,,,fixed,,1.0,0.0,0.6,1.0,0.19496354737383026,-0.2835436657236441,0.9460349650631754,0.6875962010163597,0.25103685940354037,-0.22735887408437538,0.8920458143022997,1.1041436601695074,0.21792004389097763,-0.2835436657236441,0.9253185824637256,0.768559027177752,11.343135037321872,0.22764781631627648,0.2666817462112644,0.21578828319384755,0.517529970594888
v2vol,100,0.0,60,0.96,60,0.0,20,0.7,,,True,sym,3,0.9,,10,,,fixed,,1.0,0.0,0.7,1.0,0.22234175436547554,-0.31778332288775124,0.9504922960949352,0.6996646405010122,0.26973599486015454,-0.2624513928761092,0.8715879435165456,1.0277560042803204,0.24256729553185497,-0.31778332288775124,0.9201323135165599,0.7633103377723053,11.343135037321872,0.25910874528076716,0.2666817462112644,0.21578828319384755,0.517529970594888
v2vol,100,0.0,60,0.96,60,0.0,20,0.7,,,True,sym,3,0.9,,10,,,fixed,,1.0,0.0,0.85,1.0,0.26213644864015895,-0.3713785808474862,0.952557150086041,0.7058469770711153,0.2947158936655161,-0.31299090506550675,0.8446408866054845,0.9416116855019611,0.2775919135998115,-0.3713785808474862,0.9109236683910705,0.7474634454317385,11.343135037321872,0.3074528445230445,0.2666817462112644,0.21578828319384755,0.517529970594888
v2vol,100,0.0,60,0.96,60,0.0,20,0.7,,,True,sym,3,0.9,,10,,,fixed,,1.0,0.0,1.0,1.0,0.30018208315429673,-0.42248146552277543,0.9522041697249803,0.7105213072077698,0.3157727519241069,-0.3610803704548219,0.8222959498607336,0.8745220670022996,0.3100351650732749,-0.42248146552277543,0.9019813963622356,0.7338432342579565,11.343135037321872,0.3566793917589394,0.2666817462112644,0.21578828319384755,0.517529970594888
v2vol,100,0.0,60,0.96,60,0.0,20,0.7,,,True,sym,3,0.95,,10,,,fixed,,1.0,0.0,0.4,1.0,0.13312758038467853,-0.24457284813147295,0.8688629536368857,0.5443269005605818,0.20319713991465282,-0.2540714696828432,0.8952606100900001,0.7997637049461055,0.16030629991977796,-0.25407146968284244,0.8801446981370986,0.630949630511007,11.058131644424337,0.17140695566731937,0.762497172585388,0.23750282741461207,
v2vol,100,0.0,60,0.96,60,0.0,20,0.7,,,True,sym,3,0.95,,10,,,fixed,,1.0,0.0,0.5,1.0,0.16153659706408607,-0.264367215492991,0.8990211590242077,0.6110311248800393,0.22474122650267958,-0.25407146968284233,0.882847049969534,0.8845590840373548,0.18664682759040185,-0.264367215492991,0.893464874093641,0.7060135170026417,11.457136394480885,0.19995338434005594,0.2445148156525673,0.23750282741461207,0.5179823569328206
v2vol,100,0.0,60,0.96,60,0.0,20,0.7,,,True,sym,3,0.95,,10,,,fixed,,1.0,0.0,0.6,1.0,0.18943167787250204,-0.28385439004976254,0.9156743074933826,0.6673551106230654,0.24484685310842735,-0.2547138952830863,0.8666263024713526,0.9612622540136933,0.21213681280753893,-0.28385439004976254,0.8972306321986541,0.7473437799230416,11.457136394480885,0.23008538382144067,0.2445148156525673,0.23750282741461207,0.5179823569328206
v2vol,100,0.0,60,0.96,60,0.0,20,0.7,,,True,sym,3,0.95,,10,,,fixed,,1.0,0.0,0.7,1.0,0.21673956688093243,-0.3177833228877526,0.9251909642139703,0.6820356868050285,0.26342327757257133,-0.2624513928761092,0.8500723667864646,1.0037031035949613,0.23669188684197962,-0.3177833228877526,0.8965497519184724,0.7448216120692523,11.457136394480885,0.26125491051612987,0.2445148156525673,0.23750282741461207,0.5179823569328206
v2vol,100,0.0,60,0.96,60,0.0,20,0.7,,,True,sym,3,0.95,,10,,,fixed,,1.0,0.0,0.85,1.0,0.2564392392412005,-0.3667778104945203,0.9326073037958548,0.6991678119661814,0.28823278998538093,-0.328569673903912,0.8272990284788856,0.8772349150812764,0.2715892039223784,-0.3667778104945203,0.8921462394860549,0.7404733769368417,11.457136394480885,0.30926624985932666,0.2445148156525673,0.23750282741461207,0.5179823569328206
v2vol,100,0.0,60,0.96,60,0.0,20,0.7,,,True,sym,3,0.95,,10,,,fixed,,1.0,0.0,1.0,1.0,0.2944030995740803,-0.41301262160347874,0.9359325462127032,0.7128186505077998,0.3091372398977643,-0.39064478299311023,0.8078375336654265,0.7913512565793476,0.30391927151952447,-0.41301262160347874,0.8865238608629695,0.7358595249210287,11.457136394480885,0.3582459496187891,0.2445148156525673,0.23750282741461207,0.5179823569328206
v2vol,100,0.0,60,0.96,60,0.0,20,0.7,,,True,sym,3,,,10,,,fixed,,1.0,0.0,0.4,1.0,0.14290765739648226,-0.24457284813147306,0.9076906159569408,0.5843153010985934,0.1690592170518952,-0.23907128593201155,0.7085070341451737,0.7071498209951204,0.1540793018713249,-0.24457284813147306,0.8144356211355738,0.6299934888458989,9.9181180728342,0.1806051660692064,0.7362587649852974,0.26374123501470254,
v2vol,100,0.0,60,0.96,60,0.0,20,0.7,,,True,sym,3,,,10,,,fixed,,1.0,0.0,0.5,1.0,0.17169854745454916,-0.26436721549299036,0.9323482214238008,0.6494698941181748,0.18910095011199624,-0.2739377482623675,0.7228116928571969,0.6903062878756027,0.18003411665822266,-0.2739377482623676,0.8391084399703255,0.6572081350606436,10.146120787152228,0.2082587045085247,0.21691924903867904,0.26374123501470254,0.5193395159466184
v2vol,100,0.0,60,0.96,60,0.0,20,0.7,,,True,sym,3,,,10,,,fixed,,1.0,0.0,0.6,1.0,0.19994662382630257,-0.28385439004976065,0.9446389041090304,0.704398560794678,0.2077121890405751,-0.31716043096189594,0.7278419334953111,0.6549120532174137,0.20511140788422444,-0.31716043096189583,0.8514335251419138,0.6467118463112028,10.146120787152228,0.23773042829371013,0.21691924903867904,0.26374123501470254,0.5193395159466184
v2vol,100,0.0,60,0.96,60,0.0,20,0.7,,,True,sym,3,,,10,,,fixed,,1.0,0.0,0.7,1.0,0.22757533003464925,-0.3177833228877516,0.9506347942234703,0.7161336471864954,0.22480791072823814,-0.3608514496467463,0.7279308110826188,0.6229929544368262,0.22922635818894932,-0.36085144964674654,0.8571254325512511,0.6352374596619998,10.146120787152228,0.2684221146074056,0.21691924903867904,0.26374123501470254,0.5193395159466184
v2vol,100,0.0,60,0.96,60,0.0,20,0.7,,,True,sym,3,,,10,,,fixed,,1.0,0.0,0.85,1.0,0.2676887128910319,-0.3667778104945225,0.953914756084425,0.729838897642445,0.2474349161875491,-0.42259536933632247,0.7237461764514499,0.5855126064825099,0.26341142564272957,-0.422595369336323,0.8594605238454545,0.6233182963088583,10.146120787152228,0.3159665037374553,0.21691924903867904,0.26374123501470254,0.5193395159466184
v2vol,100,0.0,60,0.96,60,0.0,20,0.7,,,True,sym,3,,,10,,,fixed,,1.0,0.0,1.0,1.0,0.30597556827163985,-0.41301262160347973,0.9540790122360935,0.7408382995263454,0.266221224476747,-0.47991328950093315,0.7176261583246485,0.554727760828614,0.29496647648211294,-0.47991328950093326,0.8584019763887224,0.6146245226691922,10.146120787152228,0.3646890402436891,0.21691924903867904,0.26374123501470254,0.5193395159466184
v2vol,100,0.0,60,0.96,60,0.0,20,0.7,,,True,sym,5,0.9,,10,,,fixed,,1.0,0.0,0.4,1.0,0.1522881803423881,-0.20591665517507662,0.9922427927390264,0.7395622282855558,0.2254351286705547,-0.20298711936458858,1.001059646053411,1.1105883436162611,0.18060854194182463,-0.20591665517507662,0.9949783613430393,0.8770953558286275,7.182085501017869,0.1686032198757794,0.8088667722234788,0.19113322777652114,
v2vol,100,0.0,60,0.96,60,0.0,20,0.7,,,True,sym,5,0.9,,10,,,fixed,,1.0,0.0,0.5,1.0,0.18291434340809531,-0.223582284423414,1.000831578061088,0.818107498453219,0.2601473711361568,-0.20306685254592427,1.0081894222660617,1.281092250530271,0.2131323765971027,-0.223582284423414,1.0046138540669112,0.9532614676817528,8.09409635828998,0.19979234525980463,0.27437231395611855,0.19113322777652114,0.5344944582673603
v2vol,100,0.0,60,0.96,60,0.0,20,0.7,,,True,sym,5,0.9,,10,,,fixed,,1.0,0.0,0.6,1.0,0.21301097950734293,-0.2412701892696114,1.00232357280092,0.8828731811094583,0.29377409864321,-0.2058189973570066,1.0067859182301488,1.4273419966847838,0.24494251026298763,-0.2412701892696114,1.0059102552883998,1.015220782163322,8.09409635828998,0.23229949273725184,0.27437231395611855,0.19113322777652114,0.5344944582673603
v2vol,100,0.0,60,0.96,60,0.0,20,0.7,,,True,sym,5,0.9,,10,,,fixed,,1.0,0.0,0.7,1.0,0.2424947293695321,-0.2589626620722938,1.0009391318352112,0.9364080807210562,0.3261704589140848,-0.23415477590011835,1.0019108356295698,1.3929694906296377,0.2759329016400689,-0.2589626620722938,1.0037272272568,1.065531607653298,8.09409635828998,0.2656412337292443,0.27437231395611855,0.19113322777652114,0.5344944582673603
v2vol,100,0.0,60,0.96,60,0.0,20,0.7,,,True,sym,5,0.9,,10,,,fixed,,1.0,0.0,0.85,1.0,0.2853875464712572,-0.3101313941521374,0.9970125828459794,0.9202149535730589,0.3721435481338986,-0.27580103521891386,0.9926453683681263,1.349318895190201,0.3206488071943583,-0.3101313941521374,0.9981993795300241,1.0339127648491513,8.09409635828998,0.3166407099688601,0.27437231395611855,0.19113322777652114,0.5344944582673603
v2vol,100,0.0,60,0.96,60,0.0,20,0.7,,,True,sym,5,0.9,,10,,,fixed,,1.0,0.0,1.0,1.0,0.3264286683765949,-0.3648787136215276,0.9926601983119125,0.8946223942106549,0.4145471913534948,-0.3219772104790779,0.9833903115309884,1.2875047607769499,0.36292322923005216,-0.3648787136215276,0.9921926471994715,0.9946407276761456,8.09409635828998,0.36838664881976957,0.27437231395611855,0.19113322777652114,0.5344944582673603
v2vol,100,0.0,60,0.96,60,0.0,20,0.7,,,True,sym,5,0.95,,10,,,fixed,,1.0,0.0,0.4,1.0,0.14338301089330208,-0.2301283318386529,0.9234033566892211,0.6230567516294798,0.2172983756838316,-0.22368579134970967,0.9528175356641069,0.9714446964765321,0.17196477150832856,-0.2301283318386529,0.9357132028227103,0.7472559772818245,7.752092286812938,0.172040834086959,0.7885093870165121,0.2114906129834879,
v2vol,100,0.0,60,0.96,60,0.0,20,0.7,,,True,sym,5,0.95,,10,,,fixed,,1.0,0.0,0.5,1.0,0.17351643842813957,-0.24725533437203961,0.9441315088798939,0.7017702524753349,0.2509004478066641,-0.22736140182750453,0.9657033015954323,1.1035314076617906,0.20376955256367735,-0.24725533437203961,0.9544242538201566,0.8241260116033324,8.379099751187514,0.20280394544089023,0.2522053833974214,0.2114906129834879,0.5363040036190907
v2vol,100,0.0,60,0.96,60,0.0,20,0.7,,,True,sym,5,0.95,,10,,,fixed,,1.0,0.0,0.6,1.0,0.20310519945876693,-0.26440393331819123,0.954160455999459,0.7681625492853177,0.2833734742840719,-0.23103701230529894,0.9685918462487084,1.226528474622127,0.23483521901579985,-0.26440393331819123,0.9622961021559013,0.8881684022952581,8.379099751187514,0.23500181034341566,0.2522053833974214,0.2114906129834879,0.5363040036190907
v2vol,100,0.0,60,0.96,60,0.0,20,0.7,,,True,sym,5,0.95,,10,,,fixed,,1.0,0.0,0.7,1.0,0.2320664669259107,-0.2815569609434019,0.9589675466480412,0.8242256421163756,0.314575822317972,-0.23471262278309557,0.9669111157299322,1.3402594994163575,0.26505702770692974,-0.2815569609434019,0.9649552221907487,0.9413975304279941,8.379099751187514,0.2681180343210988,0.2522053833974214,0.2114906129834879,0.5363040036190907
v2vol,100,0.0,60,0.96,60,0.0,20,0.7,,,True,sym,5,0.95,,10,,,fixed,,1.0,0.0,0.85,1.0,0.2741495619325258,-0.3072891112884688,0.9615788893244057,0.8921551459568865,0.3586903761366893,-0.27580103521891386,0.9610505831775493,1.3005403545783756,0.308578149410325,-0.3072891112884688,0.9645839722609,1.004194870805709,8.379099751187514,0.31888686854951936,0.2522053833974214,0.2114906129834879,0.5363040036190907
v2vol,100,0.0,60,0.96,60,0.0,20,0.7,,,True,sym,5,0.95,,10,,,fixed,,1.0,0.0,1.0,1.0,0.3143520237421673,-0.3484210901816275,0.9617379155241659,0.9022187020260444,0.39916704765106203,-0.32197721047907757,0.9541386526424096,1.2397369585789375,0.3496127446805748,-0.3484210901816275,0.9621482487803663,1.0034201560483211,8.379099751187514,0.3704884371072979,0.2522053833974214,0.2114906129834879,0.5363040036190907
v2vol,100,0.0,60,0.96,60,0.0,20,0.7,,,True,sym,5,,,10,,,fixed,,1.0,0.0,0.4,1.0,0.1338923749650487,-0.2779322455543859,0.8436991674203234,0.48174465937903765,0.15182871896104788,-0.29120857573238135,0.6307312517045041,0.5213744773113324,0.1420133357094051,-0.29120857573238124,0.7447423714361234,0.48766879667690294,6.726080072381814,0.1843391073275826,0.7645329111060846,0.2354670888939154,
v2vol,100,0.0,60,0.96,60,0.0,20,0.7,,,True,sym,5,,,10,,,fixed,,1.0,0.0,0.5,1.0,0.16176096050102196,-0.2939957750634056,0.865593423183527,0.5502152555292172,0.18373384397948156,-0.29120857573238135,0.691991881835217,0.6309355537260403,0.17177426967303888,-0.2939957750634056,0.788744758761388,0.5842746197151731,7.182085501017869,0.2142945177737766,0.22347885093870165,0.2354670888939154,0.541054060167383
v2vol,100,0.0,60,0.96,60,0.0,20,0.7,,,True,sym,5,,,10,,,fixed,,1.0,0.0,0.6,1.0,0.1889104037825482,-0.3100795599914934,0.8767519904098661,0.6092320428593574,0.21456358638822648,-0.291208575732381,0.733811782732784,0.7368038041070918,0.20069683488611578,-0.3100795599914934,0.8160904937417811,0.6472430330190795,7.182085501017869,0.2460043553930794,0.22347885093870165,0.2354670888939154,0.541054060167383
v2vol,100,0.0,60,0.96,60,0.0,20,0.7,,,True,sym,5,,,10,,,fixed,,1.0,0.0,0.7,1.0,0.21525571251689501,-0.3261674986071075,0.882531985547522,0.6599545124395924,0.24418272749365766,-0.30238980129718085,0.7630200415639563,0.8075097984329214,0.22867716419613138,-0.3261674986071075,0.833718171706413,0.701103467306501,7.182085501017869,0.2788707838116737,0.22347885093870165,0.2354670888939154,0.541054060167383
v2vol,100,0.0,60,0.96,60,0.0,20,0.7,,,True,sym,5,,,10,,,fixed,,1.0,0.0,0.85,1.0,0.25308085170912187,-0.35030185344197584,0.8863130719482496,0.7224650661205888,0.2860490625501677,-0.33488401283584535,0.7922085173699519,0.8541735394528501,0.26865507083309037,-0.35030185344197584,0.8498884431932445,0.7669244915302469,7.182085501017869,0.3295796748909749,0.22347885093870165,0.2354670888939154,0.541054060167383
v2vol,100,0.0,60,0.96,60,0.0,20,0.7,,,True,sym,5,,,10,,,fixed,,1.0,0.0,1.0,1.0,0.28862382671473785,-0.3909273397969282,0.8873686751982003,0.7383055553614308,0.3244482711206651,-0.3722204014455409,0.8108981593112818,0.871656335495449,0.305936498477696,-0.3909273397969282,0.8592818437094776,0.782591718032866,7.182085501017869,0.3813788662724737,0.22347885093870165,0.2354670888939154,0.541054060167383
v2vol,100,0.0,60,0.96,60,0.0,20,0.7,,,False,sym,3,0.9,,10,,,fixed,,1.0,0.0,0.4,1.0,0.14114214333502395,-0.2208154367337941,0.9285783383635811,0.6391860343766592,0.2016215367145089,-0.23963026904918816,0.8966649448132316,0.8413859297262762,0.16486696514732513,-0.23963026904918738,0.9137603896080047,0.6880055921211019,10.260122144311241,0.16895230385573962,0.8197240443338611,0.18027595566613888,
v2vol,100,0.0,60,0.96,60,0.0,20,0.7,,,False,sym,3,0.9,,10,,,fixed,,1.0,0.0,0.5,1.0,0.17324534624613408,-0.24274613663567435,0.9606294064360118,0.7136894067490328,0.2255885804087976,-0.26206919088485003,0.8817861055510968,0.86079779025959,0.19443097344038507,-0.26206919088485026,0.9267438562298699,0.7419070238050816,11.229133680162859,0.1998236904615225,0.2696222574078263,0.18027595566613888,0.5501017869260348
v2vol,100,0.0,60,0.96,60,0.0,20,0.7,,,False,sym,3,0.9,,10,,,fixed,,1.0,0.0,0.6,1.0,0.20496776251949234,-0.27620418083285414,0.9787492792053408,0.742087834809167,0.24797520657196226,-0.28545789904682095,0.8651118600774031,0.8686927473367596,0.22317295524159642,-0.28545789904682006,0.930807891013944,0.781806900375849,11.229133680162859,0.23204436962346436,0.2696222574078263,0.18027595566613888,0.5501017869260348
v2vol,100,0.0,60,0.96,60,0.0,20,0.7,,,False,sym,3,0.9,,10,,,fixed,,1.0,0.0,0.7,1.0,0.2362280016264089,-0.30864888419837755,0.9895597511168116,0.7653615928012827,0.2686674693976434,-0.31318659195338094,0.8492606560505573,0.8578511223035871,0.25099284926472554,-0.31318659195338117,0.9308595714435516,0.8014163304350099,11.229133680162859,0.265122853769772,0.2696222574078263,0.18027595566613888,0.5501017869260348
v2vol,100,0.0,60,0.96,60,0.0,20,0.7,,,False,sym,3,0.9,,10,,,fixed,,1.0,0.0,0.85,1.0,0.28207083824726875,-0.36010882439198966,0.9986889844012017,0.7832933245207728,0.2962921326310055,-0.3539110774588208,0.8285146417032428,0.8371937232325838,0.2907757546556853,-0.36010882439198966,0.927918143402169,0.8074663406169875,11.229133680162859,0.31575788130008986,0.2696222574078263,0.18027595566613888,0.5501017869260348
v2vol,100,0.0,60,0.96,60,0.0,20,0.7,,,False,sym,3,0.9,,10,,,fixed,,1.0,0.0,1.0,1.0,0.3264054227643205,-0.40963269391020496,1.0034833351941341,0.7968246373319787,0.31951813787597394,-0.3935092133563344,0.8114239404796705,0.8119711738150351,0.3279268530460395,-0.40963269391020496,0.9238457985825361,0.8005387702718961,11.229133680162859,0.36716410148459394,0.2696222574078263,0.18027595566613888,0.5501017869260348
v2vol,100,0.0,60,0.96,60,0.0,20,0.7,,,False,sym,3,0.95,,10,,,fixed,,1.0,0.0,0.4,1.0,0.1357540362834071,-0.2445728481314735,0.8816499847579914,0.555065851833359,0.1957331440510759,-0.27139589449873924,0.8599172408250579,0.7212089350599412,0.1592890046770543,-0.2713958944987407,0.8717644252338274,0.5869248868751529,10.488124858629268,0.172216714362149,0.7980095001130966,0.2019904998869034,
v2vol,100,0.0,60,0.96,60,0.0,20,0.7,,,False,sym,3,0.95,,10,,,fixed,,1.0,0.0,0.5,1.0,0.16775984484390882,-0.26436721549299,0.9233615371528207,0.6345712895264699,0.21955361984066868,-0.29289739555407723,0.8523464617095533,0.7495922571292813,0.18873536942133695,-0.29289739555407757,0.8932007099803547,0.6443736690259876,11.343135037321872,0.20259398966341627,0.24745532684912916,0.2019904998869034,0.5505541732639674
v2vol,100,0.0,60,0.96,60,0.0,20,0.7,,,False,sym,3,0.95,,10,,,fixed,,1.0,0.0,0.6,1.0,0.19938958029777099,-0.2838543900497612,0.94842226383449,0.7024361337614574,0.24180034903138758,-0.31530900413806506,0.8409098227040565,0.7668678847036983,0.21736478097707268,-0.31530900413806473,0.9033634028208002,0.6893706748757955,11.343135037321872,0.23443660773147837,0.24745532684912916,0.2019904998869034,0.5505541732639674
v2vol,100,0.0,60,0.96,60,0.0,20,0.7,,,False,sym,3,0.95,,10,,,fixed,,1.0,0.0,0.7,1.0,0.2305621712528505,-0.30864888419837755,0.9643060977763608,0.74700471330608,0.26236006447356375,-0.34187928786916655,0.8288750331743402,0.767405554483213,0.2450776008238793,-0.34187928786916544,0.9078832286156525,0.7168541924589144,11.343135037321872,0.26722124147679943,0.24745532684912916,0.2019904998869034,0.5505541732639674
v2vol,100,0.0,60,0.96,60,0.0,20,0.7,,,False,sym,3,0.95,,10,,,fixed,,1.0,0.0,0.85,1.0,0.27628364619076695,-0.3554255726602382,0.9787953897509512,0.7773319295032117,0.28980113616088654,-0.3809024447965026,0.8121437975196586,0.760827713551991,0.2847111012781949,-0.3809024447965019,0.909668233836939,0.7474646203184715,11.343135037321872,0.3175245301971105,0.24745532684912916,0.2019904998869034,0.5505541732639674
v2vol,100,0.0,60,0.96,60,0.0,20,0.7,,,False,sym,3,0.95,,10,,,fixed,,1.0,0.0,1.0,1.0,0.32050988301017425,-0.39995318486816156,0.9872700210340056,0.801368497955143,0.3128637376689094,-0.41884630711865134,0.797796054131026,0.7469654915216453,0.32172743222366607,-0.4188463071186511,0.9088424582112844,0.7681276562682618,11.343135037321872,0.3686868877256365,0.24745532684912916,0.2019904998869034,0.5505541732639674
v2vol,100,0.0,60,0.96,60,0.0,20,0.7,,,False,sym,3,,,10,,,fixed,,1.0,0.0,0.4,1.0,0.14555678235860903,-0.2445728481314725,0.9201340455749415,0.5951469407608303,0.16180699472615845,-0.25674409473518733,0.6772168665048753,0.6302267434546078,0.15306746613139954,-0.25674409473518656,0.8069543039850325,0.5961869007708935,9.348111287039131,0.18137380278859133,0.7717710925130061,0.2282289074869939,
v2vol,100,0.0,60,0.96,60,0.0,20,0.7,,,False,sym,3,,,10,,,fixed,,1.0,0.0,0.5,1.0,0.1779762406434673,-0.2643672154929896,0.9561165975110514,0.6732160049103623,0.1840643041029293,-0.2786779783226837,0.6977140775337717,0.6604910269938861,0.18211101987598632,-0.2786779783226849,0.8399470461045078,0.653481918349205,10.032119429993214,0.21079546417026804,0.2198597602352409,0.2282289074869939,0.5519113322777652
v2vol,100,0.0,60,0.96,60,0.0,20,0.7,,,False,sym,3,,,10,,,fixed,,1.0,0.0,0.6,1.0,0.2099925572059862,-0.28385439004976065,0.9767083795683013,0.7397897110880468,0.20475656433974176,-0.32223101075551286,0.7078702404153817,0.6354340752606745,0.2103090753542587,-0.3222310107555122,0.8586806185931376,0.6526655360114532,10.032119429993214,0.24194455123679262,0.2198597602352409,0.2282289074869939,0.5519113322777652
v2vol,100,0.0,60,0.96,60,0.0,20,0.7,,,False,sym,3,,,10,,,fixed,,1.0,0.0,0.7,1.0,0.24152103262020153,-0.3086488841983771,0.9890206432979436,0.7825106293433717,0.22377719375668215,-0.36436983666966194,0.7123748389566612,0.6141485140537546,0.23756145019404573,-0.3643698366696638,0.8695112946356816,0.6519789134176273,10.032119429993214,0.2742330593003649,0.2198597602352409,0.2282289074869939,0.5519113322777652
v2vol,100,0.0,60,0.96,60,0.0,20,0.7,,,False,sym,3,,,10,,,fixed,,1.0,0.0,0.85,1.0,0.28771079586829895,-0.35542557266023833,0.9993430590261966,0.8094825414921117,0.24895359339806777,-0.4241821026299024,0.713801731411955,0.5869026341624767,0.2764489341354972,-0.42418210262990197,0.8779123497950658,0.6517222966776096,10.032119429993214,0.3240547653390216,0.2198597602352409,0.2282289074869939,0.5519113322777652
v2vol,100,0.0,60,0.96,60,0.0,20,0.7,,,False,sym,3,,,10,,,fixed,,1.0,0.0,1.0,1.0,0.33231575653672984,-0.3999531848681622,1.0046487718553916,0.8308866365104008,0.26982556054403095,-0.4799861011990556,0.7123209098300954,0.5621528620724192,0.31265236518962136,-0.4799861011990556,0.8815387093878942,0.6513779553378378,10.032119429993214,0.3749514452876964,0.2198597602352409,0.2282289074869939,0.5519113322777652
v2vol,100,0.0,60,0.96,60,0.0,20,0.7,,,False,sym,5,0.9,,10,,,fixed,,1.0,0.0,0.4,1.0,0.1452828589407673,-0.20591665517507685,0.9522419316744078,0.7055420496085819,0.22030130865712305,-0.21609014305571195,0.9726436748597792,1.01948800413504,0.1742648918926697,-0.21609014305571383,0.9597518059550675,0.8064453539083434,6.498077358063786,0.16930227175901233,0.845510065596019,0.154489934403981,
v2vol,100,0.0,60,0.96,60,0.0,20,0.7,,,False,sym,5,0.9,,10,,,fixed,,1.0,0.0,0.5,1.0,0.1776522162844103,-0.22703276311447773,0.9730165701774665,0.782495943965726,0.25872485880614304,-0.2429624993405255,0.9862755113999068,1.0648756886696564,0.20923998320338377,-0.24296249934052705,0.9783858122131558,0.8612027937287594,7.8660936439719515,0.20241358654307087,0.2788961773354445,0.154489934403981,0.5666138882605746
v2vol,100,0.0,60,0.96,60,0.0,20,0.7,,,False,sym,5,0.9,,10,,,fixed,,1.0,0.0,0.6,1.0,0.20955900686017026,-0.25287997343328816,0.9836466345695268,0.8286896111820957,0.2960264376549233,-0.26929556588403203,0.9906947513298171,1.0992622053881218,0.24353161802416512,-0.26929556588403214,0.9869522268929825,0.904328362127723,7.8660936439719515,0.23667711219226725,0.2788961773354445,0.154489934403981,0.5666138882605746
v2vol,100,0.0,60,0.96,60,0.0,20,0.7,,,False,sym,5,0.9,,10,,,fixed,,1.0,0.0,0.7,1.0,0.2409147951002686,-0.2853718801217272,0.9893252041773658,0.844213504839737,0.3320265534492346,-0.29508541467773797,0.9909950558033938,1.125187952145449,0.2770188900611159,-0.29508541467773575,0.9907322298093384,0.9387752707589754,7.8660936439719515,0.27165722055209196,0.2788961773354445,0.154489934403981,0.5666138882605746
v2vol,100,0.0,60,0.96,60,0.0,20,0.7,,,False,sym,5,0.9,,10,,,fixed,,1.0,0.0,0.85,1.0,0.2867195386765864,-0.34003287455765974,0.9933785555058781,0.8432112308245863,0.38319422600591024,-0.33274482104679637,0.9883401644503086,1.1516158983343538,0.3254748303583579,-0.34003287455765974,0.9923124355619825,0.9571863625884997,7.8660936439719515,0.32496387562568624,0.2788961773354445,0.154489934403981,0.5666138882605746
v2vol,100,0.0,60,0.96,60,0.0,20,0.7,,,False,sym,5,0.9,,10,,,fixed,,1.0,0.0,1.0,1.0,0.3307790306341212,-0.3925824166046282,0.9949192989282712,0.8425722004947829,0.4304310773764688,-0.36916700619068177,0.984496713419999,1.165952184670975,0.3714341385776887,-0.3925824166046282,0.9918046208973001,0.9461303483486423,7.8660936439719515,0.37889732560310957,0.2788961773354445,0.154489934403981,0.5666138882605746
v2vol,100,0.0,60,0.96,60,0.0,20,0.7,,,False,sym,5,0.95,,10,,,fixed,,1.0,0.0,0.4,1.0,0.13643182835658574,-0.23012833183865233,0.8842168701723134,0.5928510725582493,0.21219864366441055,-0.23644852544704298,0.9254869303458435,0.8974411799067715,0.1656675661974487,-0.23644852544704364,0.9015059365952349,0.7006496060156339,7.068084143858855,0.1727251548969554,0.8251526803890522,0.17484731961094774,
v2vol,100,0.0,60,0.96,60,0.0,20,0.7,,,False,sym,5,0.95,,10,,,fixed,,1.0,0.0,0.5,1.0,0.1682961173498172,-0.24725533437204117,0.9170323831454309,0.6806571748077423,0.24948837382914268,-0.26604082771290116,0.9452906411686136,0.9377822794115604,0.1999072002397686,-0.26604082771290194,0.9293971302147893,0.7514154949762016,8.151097036869487,0.205386385036105,0.25672924677674736,0.17484731961094774,0.568423433612305
v2vol,100,0.0,60,0.96,60,0.0,20,0.7,,,False,sym,5,0.95,,10,,,fixed,,1.0,0.0,0.6,1.0,0.1996814165661429,-0.2644039333181897,0.9361052141527186,0.755213487409969,0.2856077067870715,-0.29487073191197566,0.9541272802385057,0.9685861493786051,0.23343578136115184,-0.2948707319119771,0.9445446541983082,0.7916546340409111,8.151097036869487,0.23932999533863158,0.25672924677674736,0.17484731961094774,0.568423433612305
v2vol,100,0.0,60,0.96,60,0.0,20,0.7,,,False,sym,5,0.95,,10,,,fixed,,1.0,0.0,0.7,1.0,0.23049979305028412,-0.28155696094340066,0.9478977168924553,0.8186613191091369,0.320380717335329,-0.32294169980078535,0.9576336585308267,0.9920698303531685,0.26613375931428007,-0.3229416998007839,0.9531161844060073,0.8240922726252216,8.151097036869487,0.27407994758089826,0.25672924677674736,0.17484731961094774,0.568423433612305
v2vol,100,0.0,60,0.96,60,0.0,20,0.7,,,False,sym,5,0.95,,10,,,fixed,,1.0,0.0,0.85,1.0,0.2754699086945416,-0.3274156991171787,0.9584014308930299,0.8413460607945794,0.3696327077133734,-0.3636345780025533,0.9583338595989748,1.0164949377030312,0.31336006298686137,-0.3636345780025527,0.959757721358164,0.861744404803719,8.151097036869487,0.3271535506440382,0.25672924677674736,0.17484731961094774,0.568423433612305
v2vol,100,0.0,60,0.96,60,0.0,20,0.7,,,False,sym,5,0.95,,10,,,fixed,,1.0,0.0,1.0,1.0,0.31866277755314254,-0.3768426672485694,0.9643911489747026,0.8456122547900056,0.4148782307404899,-0.40264677897618817,0.9567686711780558,1.0303776222807561,0.35804053538664493,-0.4026467789761866,0.9627347939090488,0.8892174334463513,8.151097036869487,0.3809420947819146,0.25672924677674736,0.17484731961094774,0.568423433612305
v2vol,100,0.0,60,0.96,60,0.0,20,0.7,,,False,sym,5,,,10,,,fixed,,1.0,0.0,0.4,1.0,0.12699889062928382,-0.2779322455543859,0.8058459832033983,0.4569419081832757,0.14700326456440171,-0.29120857573238135,0.6089302304062023,0.5048040367447718,0.13587706556071333,-0.291208575732381,0.7137019076370172,0.46659706095188475,6.042071929427731,0.1849752594318701,0.8011762044786247,0.19882379552137525,
v2vol,100,0.0,60,0.96,60,0.0,20,0.7,,,False,sym,5,,,10,,,fixed,,1.0,0.0,0.5,1.0,0.15659293299712207,-0.29399577506340535,0.8397875453404186,0.5326366780724997,0.18239759075459383,-0.29120857573238135,0.6795044511250218,0.6263469071811125,0.16801457574829248,-0.29399577506340535,0.7675032939155033,0.5714863613671224,6.954082786699842,0.21673888825411067,0.2280027143180276,0.19882379552137525,0.5731734901605972
v2vol,100,0.0,60,0.96,60,0.0,20,0.7,,,False,sym,5,,,10,,,fixed,,1.0,0.0,0.6,1.0,0.18552701627564971,-0.31007955999149384,0.8599339569004181,0.5983206899569231,0.2166780273487443,-0.291208575732381,0.7279873300973893,0.7440647199479117,0.19933608623181742,-0.31007955999149384,0.802254363879917,0.642854647488811,6.954082786699842,0.25014220112856456,0.2280027143180276,0.19882379552137525,0.5731734901605972
v2vol,100,0.0,60,0.96,60,0.0,20,0.7,,,False,sym,5,,,10,,,fixed,,1.0,0.0,0.7,1.0,0.21371041489853182,-0.3261674986071065,0.8726367322329209,0.6552167699454391,0.2496767811594045,-0.30323687239465524,0.7623127271028745,0.8233721024350112,0.2297229317061682,-0.3261674986071065,0.8257200926139858,0.7043096957458871,6.954082786699842,0.28460845369267185,0.2280027143180276,0.19882379552137525,0.5731734901605972
v2vol,100,0.0,60,0.96,60,0.0,20,0.7,,,False,sym,5,,,10,,,fixed,,1.0,0.0,0.85,1.0,0.2543793658667439,-0.37129225151913636,0.8842173355617973,0.6851189725235438,0.29640637096529243,-0.3451140594534118,0.7974160135582269,0.8588649544870409,0.27329109422221065,-0.37129225151913636,0.8486707806620299,0.73605385812401,6.954082786699842,0.33758667946219456,0.2280027143180276,0.19882379552137525,0.5731734901605972
v2vol,100,0.0,60,0.96,60,0.0,20,0.7,,,False,sym,5,,,10,,,fixed,,1.0,0.0,1.0,1.0,0.2928501983195899,-0.417494813498853,0.8910194598622535,0.7014463146627676,0.3393204404695551,-0.38526165554249336,0.8206653519299919,0.8807532117146524,0.31409154853036303,-0.417494813498853,0.8632275046930938,0.752324432244057,6.954082786699842,0.391544865170591,0.2280027143180276,0.19882379552137525,0.5731734901605972
v2vol,100,0.0,60,0.96,60,0.0,20,,,,True,sym,3,0.9,,10,,,fixed,,1.0,0.0,0.4,1.0,0.13327479224713645,-0.25335228195687354,0.8750501910238261,0.5260453595196862,0.21429947280735862,-0.23077150677383684,0.9420887073881671,0.9286218901251907,0.16439265195776698,-0.25335228195687354,0.90361449227823,0.6488698293459636,7.068084143858855,0.17073110812286596,0.8495815426374124,0.15041845736258766,
v2vol,100,0.0,60,0.96,60,0.0,20,,,,True,sym,3,0.9,,10,,,fixed,,1.0,0.0,0.5,1.0,0.15788628938672655,-0.2974034194845485,0.873528885546198,0.5308825623470327,0.24001295802308031,-0.24418079887151234,0.9209215643281842,0.9829313325712186,0.189810730903885,-0.2974034194845485,0.8947414324819464,0.6382264576273528,9.348111287039131,0.2034631453432758,0.2680389052250622,0.15041845736258766,0.5815426374123501
v2vol,100,0.0,60,0.96,60,0.0,20,,,,True,sym,3,0.9,,10,,,fixed,,1.0,0.0,0.6,1.0,0.18166538530073195,-0.3392306375674027,0.8687195464050949,0.5355217518188826,0.2640376993976832,-0.25744211656726457,0.899951460485046,1.0256196729515907,0.21410038979533108,-0.3392306375674027,0.8837410157224859,0.631135180862875,9.348111287039131,0.2374217282654606,0.2680389052250622,0.15041845736258766,0.5815426374123501
v2vol,100,0.0,60,0.96,60,0.0,20,,,,True,sym,3,0.9,,10,,,fixed,,1.0,0.0,0.7,1.0,0.2045358160993589,-0.3789233472030752,0.8631775329819372,0.5397815088700318,0.28624246560845457,-0.2705564460706861,0.8811046874922831,1.0579768834399546,0.23716366046782822,-0.3789233472030752,0.8730254351788852,0.6258882230888926,9.348111287039131,0.2721480992026206,0.2680389052250622,0.15041845736258766,0.5815426374123501
v2vol,100,0.0,60,0.96,60,0.0,20,,,,True,sym,3,0.9,,10,,,fixed,,1.0,0.0,0.85,1.0,0.23697366727491476,-0.4369588468833412,0.8552525314002415,0.5423249099203654,0.31586379285847066,-0.3129909050655071,0.8573526949270727,1.0091788219608564,0.26925026877126523,-0.4369588468833412,0.8588726403985932,0.6161913660559192,9.348111287039131,0.32513806932079264,0.2680389052250622,0.15041845736258766,0.5815426374123501
v2vol,100,0.0,60,0.96,60,0.0,20,,,,True,sym,3,0.9,,10,,,fixed,,1.0,0.0,1.0,1.0,0.26695103755423877,-0.4956896279797711,0.8483917252117993,0.5385447313921463,0.3407124935691124,-0.361080370454822,0.8383084560238573,0.9435918467125367,0.29805138321042723,-0.4956896279797711,0.8471711954950326,0.6012863017230423,9.348111287039131,0.37880500562359937,0.2680389052250622,0.15041845736258766,0.5815426374123501
v2vol,100,0.0,60,0.96,60,0.0,20,,,,True,sym,3,0.95,,10,,,fixed,,1.0,0.0,0.4,1.0,0.12721252400757788,-0.27611764185098264,0.8218499297403006,0.4607185660242345,0.2067099217940438,-0.2670572422232691,0.8963787796851106,0.7740285194034436,0.15777163247996873,-0.27611764185098264,0.8542457038189939,0.5713927999034418,7.296086858176883,0.17472132380648484,0.8430219407373898,0.15697805926261027,
v2vol,100,0.0,60,0.96,60,0.0,20,,,,True,sym,3,0.95,,10,,,fixed,,1.0,0.0,0.5,1.0,0.15061755697486556,-0.31882565600825263,0.8219997118249884,0.4724135405557416,0.2307671260480495,-0.28510789800341096,0.8770763084242071,0.8094027828204488,0.18181705233624457,-0.31882565600825263,0.8470839548901368,0.5702710836154865,9.405111965618637,0.20806040176140894,0.24609816783533137,0.15697805926261027,0.5969237729020583
v2vol,100,0.0,60,0.96,60,0.0,20,,,,True,sym,3,0.95,,10,,,fixed,,1.0,0.0,0.6,1.0,0.17307872808329616,-0.3593775582359666,0.8185964549278296,0.48160694544441474,0.25302865958483256,-0.30299266926417556,0.857572194102911,0.8350982886791232,0.20462276239007204,-0.3593775582359666,0.8374968559538503,0.569381024776503,9.405111965618637,0.24266937005959394,0.24609816783533137,0.15697805926261027,0.5969237729020583
v2vol,100,0.0,60,0.96,60,0.0,20,,,,True,sym,3,0.95,,10,,,fixed,,1.0,0.0,0.7,1.0,0.19451856390214028,-0.3978600333819424,0.8142111954785773,0.48891204841227176,0.2733677299280537,-0.3207030605914375,0.8398695664273652,0.8524013753529871,0.22609137572945914,-0.3978600333819424,0.8279272386873618,0.5682686290643656,9.405111965618637,0.27807448308806443,0.24609816783533137,0.15697805926261027,0.5969237729020583
v2vol,100,0.0,60,0.96,60,0.0,20,,,,True,sym,3,0.95,,10,,,fixed,,1.0,0.0,0.85,1.0,0.2245981560796888,-0.45191224421306153,0.8076529061963004,0.4969950669754331,0.30001082912723165,-0.346924082316554,0.8174044487615685,0.8647737197254702,0.25558171459922274,-0.45191224421306153,0.8151103036512618,0.5655560739326295,9.405111965618637,0.33211685139534014,0.24609816783533137,0.15697805926261027,0.5969237729020583
v2vol,100,0.0,60,0.96,60,0.0,20,,,,True,sym,3,0.95,,10,,,fixed,,1.0,0.0,1.0,1.0,0.2519633989797325,-0.5018027822630451,0.8018359202987748,0.5021163849339785,0.3216870411489934,-0.3727089664081733,0.7993000123813179,0.8631051843187934,0.2815491627024167,-0.5018027822630451,0.804416786654878,0.5610753320909819,9.405111965618637,0.38686253198888826,0.24609816783533137,0.15697805926261027,0.5969237729020583
v2vol,100,0.0,60,0.96,60,0.0,20,,,,True,sym,3,,,10,,,fixed,,1.0,0.0,0.4,1.0,0.1357889585524017,-0.2761176418509814,0.8529991274776432,0.49177936491897883,0.17021098019171665,-0.25017376563332305,0.7040398090568956,0.6803710203618752,0.14999677600829697,-0.2761176418509814,0.7829250212132601,0.5432350320058473,7.410088215335897,0.18419111739534677,0.8299027369373445,0.17009726306265552,
v2vol,100,0.0,60,0.96,60,0.0,20,,,,True,sym,3,,,10,,,fixed,,1.0,0.0,0.5,1.0,0.1597910866834431,-0.31882565600825274,0.848174936523711,0.5011864122983469,0.1922772933072323,-0.26565127714539905,0.7145097673350818,0.7237958551277474,0.1736815334819064,-0.31882565600825274,0.788796712724109,0.5447539437585621,8.322099072608006,0.21711140539771578,0.2189549875593757,0.17009726306265552,0.6109477493779688
v2vol,100,0.0,60,0.96,60,0.0,20,,,,True,sym,3,,,10,,,fixed,,1.0,0.0,0.6,1.0,0.18278942945245746,-0.3593775582359656,0.8410858043690219,0.5086278351650405,0.21251167559718076,-0.30522775905419164,0.7171052213262201,0.6962396744506137,0.19606635203705203,-0.3593775582359656,0.7882830097502236,0.5455720524104507,8.322099072608006,0.2515664232256435,0.2189549875593757,0.17009726306265552,0.6109477493779688
v2vol,100,0.0,60,0.96,60,0.0,20,,,,True,sym,3,,,10,,,fixed,,1.0,0.0,0.7,1.0,0.20470061583586974,-0.39786003338194253,0.8338890610724317,0.514504093552314,0.2307947222806761,-0.34374592877025967,0.715973069219943,0.671410780358438,0.21705162305643078,-0.39786003338194253,0.7851954842027922,0.5455476922660962,8.322099072608006,0.287003966086992,0.2189549875593757,0.17009726306265552,0.6109477493779688
v2vol,100,0.0,60,0.96,60,0.0,20,,,,True,sym,3,,,10,,,fixed,,1.0,0.0,0.85,1.0,0.23535153763196726,-0.45191224421306275,0.8241987305987425,0.5207903539807747,0.25431755714864734,-0.40048949086020647,0.7114387138036243,0.6350168055656137,0.24569609497773315,-0.45191224421306275,0.7790877500209108,0.5436809870145828,8.322099072608006,0.3413314320740827,0.2189549875593757,0.17009726306265552,0.6109477493779688
v2vol,100,0.0,60,0.96,60,0.0,20,,,,True,sym,3,,,10,,,fixed,,1.0,0.0,1.0,1.0,0.2631096084049165,-0.5018027822630471,0.8161002445448822,0.5243287157921602,0.2728571209995674,-0.45587709386797093,0.7059287676989284,0.5985322023628391,0.27066935771749767,-0.5018027822630471,0.7729162302809949,0.5393938959382089,8.322099072608006,0.39655007275387893,0.2189549875593757,0.17009726306265552,0.6109477493779688
v2vol,100,0.0,60,0.96,60,0.0,20,,,,True,sym,5,0.9,,10,,,fixed,,1.0,0.0,0.4,1.0,0.16106901335571688,-0.2223195610793861,1.03824580617171,0.7244932140640661,0.21837028042677376,-0.21045479785046528,0.9591010121425467,1.0376113191866154,0.18367171374799685,-0.2223195610793861,1.0014792079866865,0.8261608328851061,4.1040488577244965,0.17040366391764897,0.8744627912237051,0.12553720877629496,
v2vol,100,0.0,60,0.96,60,0.0,20,,,,True,sym,5,0.9,,10,,,fixed,,1.0,0.0,0.5,1.0,0.1924452601754505,-0.2525976597939633,1.0293803538230906,0.7618647786856877,0.2490933635165682,-0.22124794922169944,0.94452467978437,1.1258561464312897,0.21523302479618778,-0.2525976597939633,0.9919964113260441,0.8520784593639831,6.384076000904773,0.20520178187466856,0.28115810902510746,0.12553720877629496,0.5933046821985976
v2vol,100,0.0,60,0.96,60,0.0,20,,,,True,sym,5,0.9,,10,,,fixed,,1.0,0.0,0.6,1.0,0.22317517817718668,-0.28217163811353696,1.019860984538036,0.7909199509533557,0.2781608737060637,-0.2319922800483264,0.9292953524727711,1.1990091810301613,0.24579536855518302,-0.28217163811353696,0.9811423244167691,0.8710846001336348,6.384076000904773,0.24100883987862678,0.28115810902510746,0.12553720877629496,0.5933046821985976
v2vol,100,0.0,60,0.96,60,0.0,20,,,,True,sym,5,0.9,,10,,,fixed,,1.0,0.0,0.7,1.0,0.25316316094459834,-0.31103332702480724,1.0111572557453998,0.8139422336706917,0.305409260055165,-0.25020249987457444,0.9153714969103561,1.220648315697347,0.27523553117870136,-0.31103332702480724,0.9709288598881588,0.8849068805953044,6.384076000904773,0.2774344562628561,0.28115810902510746,0.12553720877629496,0.5933046821985976
v2vol,100,0.0,60,0.96,60,0.0,20,,,,True,sym,5,0.9,,10,,,fixed,,1.0,0.0,0.85,1.0,0.2965442975322554,-0.3530051490591303,1.0001431143862263,0.8400565779922452,0.3425252007500046,-0.2848426521039781,0.8976740274291164,1.202506711055935,0.31702437920358606,-0.3530051490591303,0.957750509532327,0.8980729602629188,6.384076000904773,0.33278771851370803,0.28115810902510746,0.12553720877629496,0.5933046821985976
v2vol,100,0.0,60,0.96,60,0.0,20,,,,True,sym,5,0.9,,10,,,fixed,,1.0,0.0,1.0,1.0,0.3377179421699892,-0.3933811631301307,0.9913108487832778,0.8585005430427076,0.374683018574129,-0.3219772104790778,0.883414805296864,1.16369421927915,0.3556075293280485,-0.3933811631301307,0.9470350481074756,0.9039770142995214,6.384076000904773,0.38867272792321944,0.28115810902510746,0.12553720877629496,0.5933046821985976
v2vol,100,0.0,60,0.96,60,0.0,20,,,,True,sym,5,0.95,,10,,,fixed,,1.0,0.0,0.4,1.0,0.15488051633865818,-0.2460311115827969,0.9799753856223204,0.6295159800817963,0.20954302313384998,-0.23114888137248246,0.9078073761755606,0.9065283893638406,0.1765146480869515,-0.2460311115827969,0.9471912633153057,0.7174484842643528,4.332051572042524,0.1745010617596254,0.8697127346754128,0.1302872653245872,
v2vol,100,0.0,60,0.96,60,0.0,20,,,,True,sym,5,0.95,,10,,,fixed,,1.0,0.0,0.5,1.0,0.18487812855336272,-0.27538602818954805,0.972769383462857,0.6713417153687666,0.238538502058377,-0.2472126053348217,0.8965289558889223,0.9649123746554242,0.2065645942768235,-0.27538602818954805,0.940121118790474,0.7500910472286023,6.555078036643293,0.20994549247261837,0.2598959511422755,0.1302872653245872,0.6098167835331373
v2vol,100,0.0,60,0.96,60,0.0,20,,,,True,sym,5,0.95,,10,,,fixed,,1.0,0.0,0.6,1.0,0.21408691627898557,-0.30405829309906707,0.9646135532286895,0.7040982638458495,0.26576022242963826,-0.2632448594785338,0.8837042065204459,1.00955522153818,0.23548003223590808,-0.30405829309906707,0.9310995008894147,0.7744568642934034,6.555078036643293,0.2464431603204539,0.2598959511422755,0.1302872653245872,0.6098167835331373
v2vol,100,0.0,60,0.96,60,0.0,20,,,,True,sym,5,0.95,,10,,,fixed,,1.0,0.0,0.7,1.0,0.24240790494473252,-0.3320399863720477,0.9570159282934384,0.7300563633715993,0.29104872085448297,-0.2792347165829805,0.8715713152558696,1.0423085081112817,0.2631368911609433,-0.3320399863720477,0.9222982542279999,0.7924855498159817,6.555078036643293,0.2835877023651144,0.2598959511422755,0.1302872653245872,0.6098167835331373
v2vol,100,0.0,60,0.96,60,0.0,20,,,,True,sym,5,0.95,,10,,,fixed,,1.0,0.0,0.85,1.0,0.2830094834036194,-0.3727320835630037,0.9472950171157325,0.7592839357918642,0.3250230289522169,-0.3031168108601927,0.8558138002061101,1.0722698883966817,0.30199557212338,-0.3727320835630037,0.9107020826241642,0.8102215651428705,6.555078036643293,0.34005301176841063,0.2598959511422755,0.1302872653245872,0.6098167835331373
v2vol,100,0.0,60,0.96,60,0.0,20,,,,True,sym,5,0.95,,10,,,fixed,,1.0,0.0,1.0,1.0,0.32106405449133835,-0.41187702912712554,0.939442704843919,0.7795143496391544,0.35381864239261374,-0.32684496064459234,0.8429273246325524,1.0825274518377914,0.33734696136857645,-0.41187702912712554,0.9011431001288601,0.8190477679308854,6.555078036643293,0.39707560886268783,0.2598959511422755,0.1302872653245872,0.6098167835331373
v2vol,100,0.0,60,0.96,60,0.0,20,,,,True,sym,5,,,10,,,fixed,,1.0,0.0,0.4,1.0,0.1511745269837479,-0.29284756837269443,0.9312836190528087,0.5162225789471286,0.1355979283279598,-0.33679804512692124,0.5534772238876451,0.40260901240344243,0.14677920464497185,-0.33679804512692124,0.7530067089584965,0.43580776898410617,4.332051572042524,0.18904008553783627,0.8615697805926261,0.1384302194073739,
v2vol,100,0.0,60,0.96,60,0.0,20,,,,True,sym,5,,,10,,,fixed,,1.0,0.0,0.5,1.0,0.1813237354380146,-0.32037973976276324,0.9303304281501726,0.5659650500130948,0.15059221579842763,-0.40217939889547993,0.5537896267140784,0.37444040199971595,0.1715839422837302,-0.40217939889548004,0.7560067033145995,0.42663533426863093,5.301063107894142,0.22724427692608065,0.23162180502148835,0.1384302194073739,0.6299479755711378
v2vol,100,0.0,60,0.96,60,0.0,20,,,,True,sym,5,,,10,,,fixed,,1.0,0.0,0.6,1.0,0.21058343541245206,-0.34727164758881945,0.9266465423188461,0.606393976803397,0.1628337274827507,-0.46311326295932775,0.5511264343831023,0.3516067029526022,0.19475229078616652,-0.46311326295932753,0.7548465586416129,0.42052842438950067,5.301063107894142,0.26660808327007146,0.23162180502148835,0.1384302194073739,0.6299479755711378
v2vol,100,0.0,60,0.96,60,0.0,20,,,,True,sym,5,,,10,,,fixed,,1.0,0.0,0.7,1.0,0.23884540975815338,-0.37351586368714573,0.9223781244038988,0.6394518492478505,0.17219684636473476,-0.5196869825202788,0.5475620634455257,0.331347238157953,0.2161512232185745,-0.519686982520279,0.7522314785090382,0.41592579858422746,5.301063107894142,0.3066853109426743,0.23162180502148835,0.1384302194073739,0.6299479755711378
v2vol,100,0.0,60,0.96,60,0.0,20,,,,True,sym,5,,,10,,,fixed,,1.0,0.0,0.85,1.0,0.2791330840247701,-0.4116812520986072,0.9162919164458041,0.6780320517435448,0.1806101331157306,-0.5966195370141916,0.5421209495606125,0.3027224586368758,0.24465257678030272,-0.5966195370141916,0.7476960603761122,0.41006464187324,5.301063107894142,0.3676276438849999,0.23162180502148835,0.1384302194073739,0.6299479755711378
v2vol,100,0.0,60,0.96,60,0.0,20,,,,True,sym,5,,,10,,,fixed,,1.0,0.0,1.0,1.0,0.3165787431737932,-0.44839555671626663,0.911043389834787,0.7060256026892707,0.1820115576602197,-0.664449708084411,0.5372286947110837,0.27392826792708463,0.26847605114638995,-0.6644497080844113,0.7433824694061528,0.40405774565000324,5.301063107894142,0.42918587684110876,0.23162180502148835,0.1384302194073739,0.6299479755711378
v2vol,100,0.0,60,0.96,60,0.0,20,,,,False,sym,3,0.9,,10,,,fixed,,1.0,0.0,0.4,1.0,0.13870027057679812,-0.25278608984323536,0.8938176640883287,0.5486863247214779,0.2083690607617763,-0.253270422889334,0.9108361827810331,0.8227137554582232,0.16574384540049514,-0.253270422889335,0.9008160820943012,0.6544145325366947,6.270074643745758,0.17298427448371761,0.8979868807961999,0.10201311920380005,
v2vol,100,0.0,60,0.96,60,0.0,20,,,,False,sym,3,0.9,,10,,,fixed,,1.0,0.0,0.5,1.0,0.16813656409329525,-0.30478226319486845,0.9004168104002767,0.5516612493483385,0.23835039099623612,-0.29422694714161035,0.8989729176541403,0.8100902834080623,0.19579451559297656,-0.30478226319486845,0.9004924303608067,0.6424078407338013,9.17710925130061,0.2090194675037888,0.27097941642162404,0.10201311920380005,0.6270074643745759
v2vol,100,0.0,60,0.96,60,0.0,20,,,,False,sym,3,0.9,,10,,,fixed,,1.0,0.0,0.6,1.0,0.19678569914278832,-0.35394518177373313,0.9023054818379374,0.555977900749014,0.26654455370098296,-0.33400514841267404,0.8863545965815854,0.7980252848427912,0.22471088765515246,-0.35394518177373313,0.8968155956431181,0.6348748315460997,9.17710925130061,0.24599831346714096,0.27097941642162404,0.10201311920380005,0.6270074643745759
v2vol,100,0.0,60,0.96,60,0.0,20,,,,False,sym,3,0.9,,10,,,fixed,,1.0,0.0,0.7,1.0,0.22454972395875394,-0.40036568220190427,0.9022879280517643,0.5608615671647741,0.2927814275720986,-0.3747603669462374,0.8747639255087615,0.7812497088682289,0.25236640048854575,-0.40036568220190427,0.8922905881248735,0.6303397411601264,9.17710925130061,0.2835518586043638,0.27097941642162404,0.10201311920380005,0.6270074643745759
v2vol,100,0.0,60,0.96,60,0.0,20,,,,False,sym,3,0.9,,10,,,fixed,,1.0,0.0,0.85,1.0,0.2643231502266661,-0.4650822411812101,0.9009472807333144,0.5683363646724963,0.32810927471063334,-0.4324818651721134,0.8600046086540208,0.7586659722253482,0.29121303142890786,-0.4650822411812101,0.8856583110734769,0.6261538404246282,9.17710925130061,0.3405432967073837,0.27097941642162404,0.10201311920380005,0.6270074643745759
v2vol,100,0.0,60,0.96,60,0.0,20,,,,False,sym,3,0.9,,10,,,fixed,,1.0,0.0,1.0,1.0,0.30156142137138375,-0.5241854118076799,0.8991671328786058,0.5752953336328723,0.35814245946816703,-0.4862084131842518,0.8481025853883524,0.7366027607844924,0.3265320711842967,-0.5241854118076799,0.8798447934363506,0.6229323896257135,9.17710925130061,0.39802492198746764,0.27097941642162404,0.10201311920380005,0.6270074643745759
v2vol,100,0.0,60,0.96,60,0.0,20,,,,False,sym,3,0.95,,10,,,fixed,,1.0,0.0,0.4,1.0,0.13260897962784357,-0.27556871298870633,0.8413654166441493,0.48121928715934564,0.20155024646033604,-0.28849484856507057,0.8691674924737885,0.6986268471094589,0.15937988322318453,-0.288494848565071,0.8536048793404102,0.5524531339672634,6.6120787152227996,0.17694225677930397,0.8921058584030762,0.10789414159692377,
v2vol,100,0.0,60,0.96,60,0.0,20,,,,False,sym,3,0.95,,10,,,fixed,,1.0,0.0,0.5,1.0,0.16080348468581485,-0.3259795180724655,0.8502756913446042,0.4932932155880668,0.2314205606343891,-0.3324440811543893,0.8642915005148961,0.6961187572682812,0.18859247848537386,-0.3324440811543885,0.8575583996231567,0.567290829274204,9.291110608459624,0.21354826352518963,0.24903867903189322,0.10789414159692377,0.643067179371183
v2vol,100,0.0,60,0.96,60,0.0,20,,,,False,sym,3,0.95,,10,,,fixed,,1.0,0.0,0.6,1.0,0.18808916906828443,-0.3736434545907863,0.8538714502517252,0.5033921155511192,0.2594489777181246,-0.3748591131471922,0.8566465321016358,0.6921239703628316,0.21657312991398392,-0.37485911314719234,0.8569565350566289,0.5777454043886195,9.291110608459624,0.25114738548580035,0.24903867903189322,0.10789414159692377,0.643067179371183
v2vol,100,0.0,60,0.96,60,0.0,20,,,,False,sym,3,0.95,,10,,,fixed,,1.0,0.0,0.7,1.0,0.21436603058162285,-0.4186485895485015,0.8551494962768235,0.5120428825827634,0.28546185064663865,-0.4177433375859102,0.8487221927785303,0.683342677099985,0.2431932726043664,-0.4186485895485015,0.8547192093518493,0.5809007331581894,9.291110608459624,0.28935273867606853,0.24903867903189322,0.10789414159692377,0.643067179371183
v2vol,100,0.0,60,0.96,60,0.0,20,,,,False,sym,3,0.95,,10,,,fixed,,1.0,0.0,0.85,1.0,0.2516740165272522,-0.4813919344930384,0.8552448863801739,0.5228048051787452,0.32033826696564915,-0.47801595818645826,0.8379136607040293,0.6701413655330222,0.28029747076736533,-0.4813919344930384,0.8505763544432654,0.582264576290733,9.291110608459624,0.3473592850294681,0.24903867903189322,0.10789414159692377,0.643067179371183
v2vol,100,0.0,60,0.96,60,0.0,20,,,,False,sym,3,0.95,,10,,,fixed,,1.0,0.0,1.0,1.0,0.2861643526703761,-0.538693043829183,0.8545063143816665,0.5312196917120716,0.3497756453508143,-0.5335606383544222,0.8288004659453154,0.6555499416703089,0.3136464246652846,-0.538693043829183,0.8465379069198455,0.5822358915864159,9.291110608459624,0.405884343595386,0.24903867903189322,0.10789414159692377,0.643067179371183
v2vol,100,0.0,60,0.96,60,0.0,20,,,,False,sym,3,,,10,,,fixed,,1.0,0.0,0.4,1.0,0.14122647328744464,-0.27556871298870633,0.8718898021270568,0.512490956450606,0.16520736779019374,-0.27210519133683664,0.6809300829380367,0.6071452256332919,0.15159422676440992,-0.27556871298870633,0.7836394971000821,0.5501140718054692,6.726080072381814,0.18629938314070058,0.8789866546030309,0.12101334539696901,
v2vol,100,0.0,60,0.96,60,0.0,20,,,,False,sym,3,,,10,,,fixed,,1.0,0.0,0.5,1.0,0.17005822375009827,-0.32597951807246617,0.8756430093883969,0.5216837694455817,0.19291029300592788,-0.31327227457061557,0.7070038847066923,0.6157911461214977,0.18041031822653597,-0.32597951807246617,0.8010837861166531,0.5534406556992033,8.208097715448993,0.222376627428887,0.22189549875593756,0.12101334539696901,0.6570911558470934
v2vol,100,0.0,60,0.96,60,0.0,20,,,,False,sym,3,,,10,,,fixed,,1.0,0.0,0.6,1.0,0.19792412630053047,-0.37364345459078685,0.8754788216052042,0.5297138859753246,0.21872439119479958,-0.3531587490407292,0.7216715327020017,0.619337314419965,0.207931836349724,-0.37364345459078685,0.8095826067063611,0.556498003096161,8.208097715448993,0.259755114664909,0.22189549875593756,0.12101334539696901,0.6570911558470934
v2vol,100,0.0,60,0.96,60,0.0,20,,,,False,sym,3,,,10,,,fixed,,1.0,0.0,0.7,1.0,0.2247172619174893,-0.4186485895485026,0.8739136236552754,0.5367682288380304,0.24248449547125306,-0.393858863273835,0.7301722674706062,0.6156634218046347,0.23402743070091891,-0.4186485895485026,0.8137201527764509,0.5590068533452103,8.208097715448993,0.29794550787418767,0.22189549875593756,0.12101334539696901,0.6570911558470934
v2vol,100,0.0,60,0.96,60,0.0,20,,,,False,sym,3,,,10,,,fixed,,1.0,0.0,0.85,1.0,0.2626651553036481,-0.4813919344930381,0.8708589575452625,0.5456368012901279,0.2739305185188927,-0.4513508482416204,0.7368917840237826,0.606912603767281,0.27021725563584664,-0.4813919344930381,0.8160765032245405,0.5613248504473116,8.208097715448993,0.3561810708073204,0.22189549875593756,0.12101334539696901,0.6570911558470934
v2vol,100,0.0,60,0.96,60,0.0,20,,,,False,sym,3,,,10,,,fixed,,1.0,0.0,1.0,1.0,0.2976150526203538,-0.5386930438291837,0.867833211562416,0.5524761383678193,0.2999079876299495,-0.5046933254536669,0.7399618935661529,0.5942380699415103,0.30249412763646366,-0.5386930438291837,0.8163663196925048,0.5615333836246504,8.208097715448993,0.4151296776493481,0.22189549875593756,0.12101334539696901,0.6570911558470934
v2vol,100,0.0,60,0.96,60,0.0,20,,,,False,sym,5,0.9,,10,,,fixed,,1.0,0.0,0.4,1.0,0.15159253034485887,-0.24308391650929506,0.9757436335587334,0.6236222145905003,0.21602225212521975,-0.22343505167111766,0.9414885915613909,0.9668234706665045,0.1767646286486042,-0.24308391650929506,0.9589931965329167,0.7271753359373123,2.9640352861343584,0.1721692361521575,0.9239990952273242,0.07600090477267586,
v2vol,100,0.0,60,0.96,60,0.0,20,,,,False,sym,5,0.9,,10,,,fixed,,1.0,0.0,0.5,1.0,0.18081966955077688,-0.2994560128155608,0.957326732741384,0.6038271459326024,0.2541825581870347,-0.2602334235462116,0.9441741215982878,0.9767483158899365,0.2096391231004524,-0.2994560128155608,0.9512592697210498,0.7000665010175372,5.9850712508482244,0.2102567012207444,0.286134358742366,0.07600090477267586,0.6378647364849581
v2vol,100,0.0,60,0.96,60,0.0,20,,,,False,sym,5,0.9,,10,,,fixed,,1.0,0.0,0.6,1.0,0.2091503197947362,-0.3525536709096423,0.9431508479780734,0.5932439144800179,0.29078710340903835,-0.295746700268384,0.9425936112265847,0.9832302546238219,0.24138692279246565,-0.3525536709096423,0.9433293866296418,0.6846813484302987,5.9850712508482244,0.24902069956946288,0.286134358742366,0.07600090477267586,0.6378647364849581
v2vol,100,0.0,60,0.96,60,0.0,20,,,,False,sym,5,0.9,,10,,,fixed,,1.0,0.0,0.7,1.0,0.23648192200512597,-0.4024844441295772,0.9320879016739237,0.5875554333945692,0.3256159083510566,-0.3299968369240197,0.9396103404291416,0.9867243316214821,0.2718645356964089,-0.4024844441295772,0.936223618398995,0.6754659457320142,5.9850712508482244,0.2881883604428244,0.286134358742366,0.07600090477267586,0.6378647364849581
v2vol,100,0.0,60,0.96,60,0.0,20,,,,False,sym,5,0.9,,10,,,fixed,,1.0,0.0,0.85,1.0,0.2753844244187704,-0.47171099314377707,0.9195260468697253,0.583799038863683,0.3740549807696254,-0.37905359444359144,0.9346487942211611,0.9868129105033197,0.31488882547159935,-0.47171099314377707,0.9273502886882135,0.6675460823437319,5.9850712508482244,0.347397795086562,0.286134358742366,0.07600090477267586,0.6378647364849581
v2vol,100,0.0,60,0.96,60,0.0,20,,,,False,sym,5,0.9,,10,,,fixed,,1.0,0.0,1.0,1.0,0.3114755779166847,-0.5344777633286694,0.9102186879688501,0.5827662052334014,0.4172966765427253,-0.4253992879822116,0.9300261516604315,0.9809529266541106,0.35426599831603167,-0.5344777633286694,0.9203010005252853,0.6628264497099029,5.9850712508482244,0.40694343732961097,0.286134358742366,0.07600090477267586,0.6378647364849581
v2vol,100,0.0,60,0.96,60,0.0,20,,,,False,sym,5,0.95,,10,,,fixed,,1.0,0.0,0.4,1.0,0.14410236096117468,-0.2756217912162665,0.9103572647777899,0.5228264438935629,0.19965289141918485,-0.24378892103444028,0.8611627371024888,0.8189580173373823,0.1660429000361361,-0.2756217912162665,0.8883002193661794,0.602430233485605,3.1920380004523863,0.17637807707145495,0.9206061976928297,0.07939380230717033,
v2vol,100,0.0,60,0.96,60,0.0,20,,,,False,sym,5,0.95,,10,,,fixed,,1.0,0.0,0.5,1.0,0.1707120877325201,-0.33725379044070747,0.8901580935175603,0.5061828586401995,0.23588873697151436,-0.2848982507430161,0.8729539929640889,0.8279753784248072,0.19655400135826717,-0.33725379044070747,0.8835315149268571,0.5828073899522955,6.156073286586745,0.2152568548496944,0.2655507803664329,0.07939380230717033,0.6550554173263967
v2vol,100,0.0,60,0.96,60,0.0,20,,,,False,sym,5,0.95,,10,,,fixed,,1.0,0.0,0.6,1.0,0.1962113832584813,-0.39464455109943,0.8749745225090708,0.4971850813899777,0.27044680319095193,-0.32440491764962576,0.8778504187611721,0.8336704793206884,0.22575195041041218,-0.39464455109943,0.8777698897916469,0.5720386859048116,6.156073286586745,0.25484555612787124,0.2655507803664329,0.07939380230717033,0.6550554173263967
v2vol,100,0.0,60,0.96,60,0.0,20,,,,False,sym,5,0.95,,10,,,fixed,,1.0,0.0,0.7,1.0,0.2204972150377933,-0.44798798282565766,0.8632879166776789,0.4921944862159475,0.3031113189025447,-0.362330894039275,0.8796507727072528,0.8365594098903663,0.2534943867417574,-0.44798798282565766,0.872301294222951,0.5658508631031943,6.156073286586745,0.2948583690968409,0.2655507803664329,0.07939380230717033,0.6550554173263967
v2vol,100,0.0,60,0.96,60,0.0,20,,,,False,sym,5,0.95,,10,,,fixed,,1.0,0.0,0.85,1.0,0.2544313102180631,-0.5208608701892005,0.8501573339538158,0.48848228918721043,0.3480960074974775,-0.4163101301020883,0.879861875913852,0.8361458978000771,0.29207467016969946,-0.5208608701892005,0.8652367587689793,0.5607537192486827,6.156073286586745,0.3553591340533613,0.2655507803664329,0.07939380230717033,0.6550554173263967
v2vol,100,0.0,60,0.96,60,0.0,20,,,,False,sym,5,0.95,,10,,,fixed,,1.0,0.0,1.0,1.0,0.28508280851852663,-0.5857391687366296,0.8405096059807592,0.486706069415533,0.38765741849612856,-0.46688006782901137,0.8789069311959363,0.8303147750529006,0.326612961612772,-0.5857391687366296,0.8594968301733049,0.5576081966948492,6.156073286586745,0.4162136439994767,0.2655507803664329,0.07939380230717033,0.6550554173263967
v2vol,100,0.0,60,0.96,60,0.0,20,,,,False,sym,5,,,10,,,fixed,,1.0,0.0,0.4,1.0,0.13886759349776567,-0.3307612893112102,0.8550142413903843,0.41984233943140326,0.12631242721617153,-0.33679804512692124,0.5154772994075267,0.3750390747326669,0.135596356269577,-0.336798045126921,0.6960419558367249,0.4026043447445725,3.1920380004523863,0.1909663729309468,0.9129156299479756,0.08708437005202443,
v2vol,100,0.0,60,0.96,60,0.0,20,,,,False,sym,5,,,10,,,fixed,,1.0,0.0,0.5,1.0,0.16341911652894936,-0.40016950685998554,0.8334200530987461,0.4083747355245829,0.14813060553958501,-0.40217939889547993,0.5410706950644274,0.3683197248451849,0.15950563030344744,-0.40217939889548004,0.6993703090498605,0.39660318440353626,4.902058357837593,0.2326330195103259,0.23727663424564577,0.08708437005202443,0.6756389957023298
v2vol,100,0.0,60,0.96,60,0.0,20,,,,False,sym,5,,,10,,,fixed,,1.0,0.0,0.6,1.0,0.18663495270303887,-0.4634472948292817,0.8174905634856144,0.40271019981201717,0.16713921447725189,-0.46311326295932775,0.556915286089946,0.36090353666232755,0.1815304800782167,-0.4634472948292817,0.6995955488959521,0.3916960614584802,4.902058357837593,0.275119458269622,0.23727663424564577,0.08708437005202443,0.6756389957023298
v2vol,100,0.0,60,0.96,60,0.0,20,,,,False,sym,5,,,10,,,fixed,,1.0,0.0,0.7,1.0,0.20840828010306156,-0.5210161645115866,0.8053674530157086,0.40000348223059184,0.18314898098405852,-0.5196869825202788,0.5674011562959442,0.352421721429037,0.20152733835687253,-0.5210161645115866,0.698678772800411,0.3867967101285413,4.902058357837593,0.31809737384429526,0.23727663424564577,0.08708437005202443,0.6756389957023298
v2vol,100,0.0,60,0.96,60,0.0,20,,,,False,sym,5,,,10,,,fixed,,1.0,0.0,0.85,1.0,0.23813947279820313,-0.5975652114419141,0.7918652818115677,0.3985162928470633,0.20116841148258824,-0.5966195370141916,0.5775816860561725,0.337180395548802,0.22742354093210215,-0.5975652114419141,0.6966706272509146,0.38058363602414746,4.902058357837593,0.3831236117021713,0.23727663424564577,0.08708437005202443,0.6756389957023298
v2vol,100,0.0,60,0.96,60,0.0,20,,,,False,sym,5,,,10,,,fixed,,1.0,0.0,1.0,1.0,0.264066587020821,-0.6634897214367409,0.7820139495577344,0.39799650015527466,0.21155600563793664,-0.664449708084411,0.5840637746781391,0.318392803945759,0.24802581049168038,-0.6644497080844111,0.6946069200319683,0.3732800353042994,4.902058357837593,0.44856145430338634,0.23727663424564577,0.08708437005202443,0.6756389957023298
v2vol,150,0.0,60,0.96,20,0.0,20,0.7,,,True,sym,3,0.9,,10,,,fixed,,1.0,0.0,0.4,1.0,0.12870324680762346,-0.22678660147105623,0.8486719672485246,0.5675081595331781,0.2109889113808463,-0.23606162336818304,0.9161553367332291,0.8937874287671441,0.16026463145725867,-0.23606162336818248,0.8768635917781423,0.678910147149568,11.514137073060393,0.17216122488002134,0.7448541054060167,0.25514589459398324,
v2vol,150,0.0,60,0.96,20,0.0,20,0.7,,,True,sym,3,0.9,,10,,,fixed,,1.0,0.0,0.5,1.0,0.15070857482734024,-0.2647767946398287,0.8516160196270116,0.5691910238295108,0.2384080152538417,-0.25815949248335324,0.9172891561482027,0.9234911835334307,0.1846136880756708,-0.2647767946398287,0.8803319339335741,0.6972427033373434,12.369147251752997,0.20132317032688346,0.23116941868355576,0.25514589459398324,0.513684686722461
v2vol,150,0.0,60,0.96,20,0.0,20,0.7,,,True,sym,3,0.9,,10,,,fixed,,1.0,0.0,0.6,1.0,0.17193739119814322,-0.3018233222238649,0.8487413561224587,0.56966237708634,0.26446042173227213,-0.2799131624252167,0.9113357212883544,0.9447945192749805,0.20798382838139284,-0.3018233222238649,0.8769897017341542,0.6890913096077098,12.369147251752997,0.23204332009730458,0.23116941868355576,0.25514589459398324,0.513684686722461
v2vol,150,0.0,60,0.96,20,0.0,20,0.7,,,True,sym,3,0.9,,10,,,fixed,,1.0,0.0,0.7,1.0,0.19232707624609602,-0.3378814920719835,0.8437825430063003,0.5692145937520661,0.28902464465377165,-0.3087103484874608,0.9027580998542136,0.9362324459476655,0.23029125779544768,-0.3378814920719835,0.8710641788786537,0.6815740524384378,12.369147251752997,0.2637778190563561,0.23116941868355576,0.25514589459398324,0.513684686722461
v2vol,150,0.0,60,0.96,20,0.0,20,0.7,,,True,sym,3,0.9,,10,,,fixed,,1.0,0.0,0.85,1.0,0.22120361539735955,-0.39003205063902724,0.835546100664432,0.5671421490488802,0.32282264351083945,-0.377020321911935,0.889012203362166,0.8562473287215665,0.2615802065830406,-0.39003205063902724,0.8610532592581757,0.6706633625479456,12.369147251752997,0.31260374411879555,0.23116941868355576,0.25514589459398324,0.513684686722461
v2vol,150,0.0,60,0.96,20,0.0,20,0.7,,,True,sym,3,0.9,,10,,,fixed,,1.0,0.0,1.0,1.0,0.24785073005835256,-0.43976520876366465,0.8278075994300073,0.5635978588555209,0.35262415380139855,-0.4392698116246866,0.8762072537893123,0.8027507114526724,0.2900236820698854,-0.43976520876366465,0.8515306444393549,0.6594966502358028,12.369147251752997,0.36236991555229753,0.23116941868355576,0.25514589459398324,0.513684686722461
v2vol,150,0.0,60,0.96,20,0.0,20,0.7,,,True,sym,3,0.95,,10,,,fixed,,1.0,0.0,0.4,1.0,0.1290070856934129,-0.2192401518490097,0.8354873867895245,0.5884281898429803,0.1984841502927699,-0.2916366224865453,0.851578337964168,0.680587193063954,0.15596519988173285,-0.2916366224865461,0.8412486352085818,0.5347929164449431,11.628138430219407,0.17577972131541672,0.7190680841438588,0.28093191585614113,
v2vol,150,0.0,60,0.96,20,0.0,20,0.7,,,True,sym,3,0.95,,10,,,fixed,,1.0,0.0,0.5,1.0,0.1510183373909122,-0.2474368020730232,0.8426906566006827,0.6103309456220012,0.22559085784142385,-0.3121269155273103,0.8632003653582184,0.7227536191818268,0.18021349281892074,-0.31212691552731076,0.8518187373292144,0.5773724848895714,12.426147930332503,0.2044277979741987,0.20515720425243159,0.28093191585614113,0.5139108798914273
v2vol,150,0.0,60,0.96,20,0.0,20,0.7,,,True,sym,3,0.95,,10,,,fixed,,1.0,0.0,0.6,1.0,0.1722528684080855,-0.2822409991236742,0.84261574103393,0.6103042043604964,0.25134373938578314,-0.332298049200776,0.8653802623460386,0.7563804241111272,0.20348607740009816,-0.33229804920077577,0.8536784196996611,0.6123601323857037,12.426147930332503,0.23474347860786687,0.20515720425243159,0.28093191585614113,0.5139108798914273
v2vol,150,0.0,60,0.96,20,0.0,20,0.7,,,True,sym,3,0.95,,10,,,fixed,,1.0,0.0,0.7,1.0,0.19264804221422516,-0.31640101992637026,0.8395131622112288,0.6088730126693533,0.2756226681545333,-0.35214585510390584,0.8630885414859706,0.7826946254222039,0.2256994977004656,-0.35214585510390606,0.8515813235636016,0.6409261799599189,12.426147930332503,0.2661575452974279,0.20515720425243159,0.28093191585614113,0.5139108798914273
v2vol,150,0.0,60,0.96,20,0.0,20,0.7,,,True,sym,3,0.95,,10,,,fixed,,1.0,0.0,0.85,1.0,0.22153235472443567,-0.3672814255402418,0.8330100065953869,0.6031678688857711,0.3090223296613246,-0.3813031760452287,0.8563167229145929,0.8104373345808942,0.25685481709368996,-0.38130317604522757,0.8456116942417106,0.6736235972585332,12.426147930332503,0.31461607545354064,0.20515720425243159,0.28093191585614113,0.5139108798914273
v2vol,150,0.0,60,0.96,20,0.0,20,0.7,,,True,sym,3,0.95,,10,,,fixed,,1.0,0.0,1.0,1.0,0.24818664259915924,-0.4188356946112698,0.826291282919319,0.5925632552151661,0.33846491507491105,-0.43926981162468626,0.8485109339977798,0.7705171311979361,0.2851745143726556,-0.43926981162468626,0.8388445406326064,0.6492012581468033,12.426147930332503,0.3641088099197432,0.20515720425243159,0.28093191585614113,0.5139108798914273
v2vol,150,0.0,60,0.96,20,0.0,20,0.7,,,True,sym,3,,,10,,,fixed,,1.0,0.0,0.4,1.0,0.13610401413064266,-0.24726653432320544,0.8549908551503168,0.5504344310206543,0.16144318090250454,-0.27739185185075466,0.6474979551062332,0.5820040488765543,0.14696671423629826,-0.2773918518507551,0.7527880985809127,0.5298162626470032,10.260122144311241,0.18932173854787482,0.6894367790092739,0.3105632209907261,
v2vol,150,0.0,60,0.96,20,0.0,20,0.7,,,True,sym,3,,,10,,,fixed,,1.0,0.0,0.5,1.0,0.1587365483133376,-0.27463030187983417,0.8620687282410306,0.5780008514238664,0.18682273168409558,-0.3085963000138182,0.6871556260224863,0.6053952418604179,0.1710038882544811,-0.3085963000138192,0.7795964899654156,0.5541346031913649,10.944130287265324,0.21658564754809237,0.17439493327301517,0.3105632209907261,0.5150418457362588
v2vol,150,0.0,60,0.96,20,0.0,20,0.7,,,True,sym,3,,,10,,,fixed,,1.0,0.0,0.6,1.0,0.1805709515454208,-0.3111803295913096,0.8615329766065992,0.580277525197607,0.2108493222036385,-0.35097567322359546,0.7126381857836983,0.6007519560175132,0.19404861037049193,-0.35097567322359535,0.7939348405018312,0.5528833625083462,10.944130287265324,0.2458373144185614,0.17439493327301517,0.3105632209907261,0.5150418457362588
v2vol,150,0.0,60,0.96,20,0.0,20,0.7,,,True,sym,3,,,10,,,fixed,,1.0,0.0,0.7,1.0,0.20154109392421748,-0.3467552455988655,0.8578141452434386,0.5812200290615499,0.23340950483424572,-0.39149745376460676,0.7290623861607122,0.5961967379092749,0.2160166900003675,-0.39149745376460654,0.8012671479954773,0.551770357439542,10.944130287265324,0.27644646497450864,0.17439493327301517,0.3105632209907261,0.5150418457362588
v2vol,150,0.0,60,0.96,20,0.0,20,0.7,,,True,sym,3,,,10,,,fixed,,1.0,0.0,0.85,1.0,0.23123357594642102,-0.3982068791283653,0.850318918597401,0.5806870450168214,0.2642604607540726,-0.44886662526845533,0.7435379763643831,0.5887282454916878,0.246769873420438,-0.44886662526845544,0.8054035043927262,0.5497621331789846,10.944130287265324,0.3240604580951465,0.17439493327301517,0.3105632209907261,0.5150418457362588
v2vol,150,0.0,60,0.96,20,0.0,20,0.7,,,True,sym,3,,,10,,,fixed,,1.0,0.0,1.0,1.0,0.2586206615166504,-0.4472735103669123,0.8426605616652336,0.5782159138029344,0.29121141743874746,-0.5022452347857471,0.7511123121185028,0.5798191745173558,0.2746450683301396,-0.5022452347857471,0.8055647945002808,0.5468345925617402,10.944130287265324,0.37301844311511195,0.17439493327301517,0.3105632209907261,0.5150418457362588
v2vol,150,0.0,60,0.96,20,0.0,20,0.7,,,True,sym,5,0.9,,10,,,fixed,,1.0,0.0,0.4,1.0,0.14229618209446615,-0.2163868556816947,0.9278682352484429,0.6576008586389553,0.22238568363486766,-0.25041692794902704,0.971384995446366,0.8880617035607704,0.1730949851818797,-0.2504169279490266,0.9453877775040819,0.6912271730172886,7.52408957249491,0.17113843712083496,0.7448541054060167,0.25514589459398324,
v2vol,150,0.0,60,0.96,20,0.0,20,0.7,,,True,sym,5,0.9,,10,,,fixed,,1.0,0.0,0.5,1.0,0.16711510152794729,-0.23925911978786008,0.9291952464036883,0.6984690977552724,0.2517507193232711,-0.2806311810919052,0.9703137713459676,0.8970874809553827,0.1999589574571432,-0.2806311810919032,0.947176348673244,0.7125329290890848,8.721103822664555,0.20054306490720103,0.23908617959737616,0.25514589459398324,0.5057679258086406
v2vol,150,0.0,60,0.96,20,0.0,20,0.7,,,True,sym,5,0.9,,10,,,fixed,,1.0,0.0,0.6,1.0,0.19123420975394145,-0.26170653873364025,0.9248491114502252,0.7307200296916382,0.27983168113342183,-0.3104956230033986,0.9624004845218435,0.9012419512604816,0.2259252138075425,-0.31049562300339895,0.9422731884969453,0.7276276928550112,8.721103822664555,0.23146744785648843,0.23908617959737616,0.25514589459398324,0.5057679258086406
v2vol,150,0.0,60,0.96,20,0.0,20,0.7,,,True,sym,5,0.9,,10,,,fixed,,1.0,0.0,0.7,1.0,0.21458498978631546,-0.28372886251367013,0.9186473441654445,0.7563029995793139,0.30650262031289355,-0.3410031243617544,0.9521738850275251,0.8988264283107833,0.2509042251088538,-0.3410031243617542,0.9350121313537697,0.7357827749480714,8.721103822664555,0.26337680282179177,0.23908617959737616,0.25514589459398324,0.5057679258086406
v2vol,150,0.0,60,0.96,20,0.0,20,0.7,,,True,sym,5,0.9,,10,,,fixed,,1.0,0.0,0.85,1.0,0.2480218946321966,-0.31599614370475404,0.9089278807530522,0.784888991759127,0.3435959274230922,-0.3847412796549122,0.9364627664668235,0.8930570895103205,0.2863281722081461,-0.38474127965491023,0.9233934689491925,0.7442096477533299,8.721103822664555,0.31242562854529526,0.23908617959737616,0.25514589459398324,0.5057679258086406
v2vol,150,0.0,60,0.96,20,0.0,20,0.7,,,True,sym,5,0.9,,10,,,fixed,,1.0,0.0,1.0,1.0,0.2793509372494445,-0.3473503196385481,0.9000549834427581,0.8042340008212354,0.3768371584431527,-0.42613778858645557,0.922157113630732,0.8843082414567403,0.31903881052427807,-0.42613778858645635,0.9126339465630001,0.7486752385479899,8.721103822664555,0.36238216937728907,0.23908617959737616,0.25514589459398324,0.5057679258086406
v2vol,150,0.0,60,0.96,20,0.0,20,0.7,,,True,sym,5,0.95,,10,,,fixed,,1.0,0.0,0.4,1.0,0.13874118333818108,-0.24027929493660116,0.8884051929641165,0.5774163078628503,0.2152691989110065,-0.2659305997291814,0.9293196972192267,0.809493902282146,0.16825462512091938,-0.26593059972918054,0.9054369482153349,0.6327012584947621,7.8660936439719515,0.1748160229731326,0.7211038226645555,0.2788961773354445,
v2vol,150,0.0,60,0.96,20,0.0,20,0.7,,,True,sym,5,0.95,,10,,,fixed,,1.0,0.0,0.5,1.0,0.16276492553844335,-0.2624541815360958,0.8948603825089857,0.6201651068609779,0.24446983893409113,-0.29551952657558933,0.9358713117385374,0.8272544348150189,0.1945483727876669,-0.29551952657559,0.9132392726214517,0.6583266257971079,8.83510517982357,0.2037476849324462,0.21443112418004975,0.2788961773354445,0.5066726984845058
v2vol,150,0.0,60,0.96,20,0.0,20,0.7,,,True,sym,5,0.95,,10,,,fixed,,1.0,0.0,0.6,1.0,0.18605687586129593,-0.2842171765445297,0.8940023736998804,0.6546292455767376,0.27239417629492024,-0.32476588202410495,0.9337271832919888,0.8387401244158476,0.21992522844435336,-0.3247658820241054,0.9126980725007382,0.6771808266116749,8.83510517982357,0.23430992862240677,0.21443112418004975,0.2788961773354445,0.5066726984845058
v2vol,150,0.0,60,0.96,20,0.0,20,0.7,,,True,sym,5,0.95,,10,,,fixed,,1.0,0.0,0.7,1.0,0.2085498251104776,-0.3055680375792229,0.8901981687696991,0.6824988201078068,0.2989169733987085,-0.35464198790335655,0.9278620807516892,0.8428696646043117,0.24429694234714328,-0.3546419879033563,0.9086102638026842,0.6888551008622159,8.83510517982357,0.2659411823980273,0.21443112418004975,0.2788961773354445,0.5066726984845058
v2vol,150,0.0,60,0.96,20,0.0,20,0.7,,,True,sym,5,0.95,,10,,,fixed,,1.0,0.0,0.85,1.0,0.24064577391718944,-0.33685148629969375,0.8828265936172855,0.714397245387509,0.33580548501429464,-0.39747492079917357,0.916878381444304,0.844846976355427,0.2787795390266785,-0.39747492079917424,0.9002951264947288,0.7013764251242733,8.83510517982357,0.3146851070356941,0.21443112418004975,0.2788961773354445,0.5066726984845058
v2vol,150,0.0,60,0.96,20,0.0,20,0.7,,,True,sym,5,0.95,,10,,,fixed,,1.0,0.0,1.0,1.0,0.2705740062254267,-0.36724967042896195,0.8754270413557853,0.7367576556553086,0.36886481198535104,-0.43801467098528546,0.9058811329365093,0.8421288975449468,0.3105171931266997,-0.4380146709852849,0.891753218713248,0.7089196177566652,8.83510517982357,0.3644292796675865,0.21443112418004975,0.2788961773354445,0.5066726984845058
v2vol,150,0.0,60,0.96,20,0.0,20,0.7,,,True,sym,5,,,10,,,fixed,,1.0,0.0,0.4,1.0,0.14418416795895483,-0.24027929493660172,0.8914886272537648,0.6000690488000565,0.16338659829498714,-0.29409445423294434,0.6449169570366733,0.5555582430859882,0.15278771795089074,-0.29409445423294456,0.7688834365092168,0.5195192080360399,6.840081429540827,0.19289163143929622,0.6921510970368695,0.3078489029631305,
v2vol,150,0.0,60,0.96,20,0.0,20,0.7,,,True,sym,5,,,10,,,fixed,,1.0,0.0,0.5,1.0,0.16557259518840395,-0.26245418153609634,0.883932510989325,0.6308628584971968,0.19145158043001143,-0.29409445423294445,0.6941613596651116,0.6509867074146447,0.1770363684970535,-0.29409445423294445,0.7937744201562955,0.6019711216887744,7.581090251074417,0.2202559730037052,0.18208550101786927,0.3078489029631305,0.5100655960190003
v2vol,150,0.0,60,0.96,20,0.0,20,0.7,,,True,sym,5,,,10,,,fixed,,1.0,0.0,0.6,1.0,0.18605393500264644,-0.2842171765445295,0.8726174488689578,0.6546188983532337,0.21828690460347966,-0.31278418523735807,0.7274941769072546,0.6978834445796273,0.20026270672598456,-0.3127841852373574,0.8065045311498398,0.6402584151561707,7.581090251074417,0.2496632969092154,0.18208550101786927,0.3078489029631305,0.5100655960190003
v2vol,150,0.0,60,0.96,20,0.0,20,0.7,,,True,sym,5,,,10,,,fixed,,1.0,0.0,0.7,1.0,0.2055626673261346,-0.3055680375792228,0.8607940339343806,0.6727230667011094,0.24377156819224743,-0.3410122236628933,0.7502026989754039,0.7148470092181421,0.22238104261077085,-0.34101222366289285,0.8124684964169565,0.6521204437252235,7.581090251074417,0.28047172053279046,0.18208550101786927,0.3078489029631305,0.5100655960190003
v2vol,150,0.0,60,0.96,20,0.0,20,0.7,,,True,sym,5,,,10,,,fixed,,1.0,0.0,0.85,1.0,0.23286260414217574,-0.3368514862996924,0.8444550450050589,0.6912916036089592,0.27920740836000646,-0.3816739051515069,0.7717993059431769,0.7315339209505927,0.2532980133806342,-0.3816739051515078,0.8149079074295223,0.6636503307190623,7.581090251074417,0.3284451854416965,0.18208550101786927,0.3078489029631305,0.5100655960190003
v2vol,150,0.0,60,0.96,20,0.0,20,0.7,,,True,sym,5,,,10,,,fixed,,1.0,0.0,1.0,1.0,0.25762253245304034,-0.40828491792576604,0.8305110268287058,0.6309871394756762,0.31095171980619063,-0.42165888019185793,0.7845059654199388,0.737448526317542,0.2812600493403308,-0.4216588801918577,0.8137050478561804,0.6670321972404696,7.581090251074417,0.37781423305032424,0.18208550101786927,0.3078489029631305,0.5100655960190003
v2vol,150,0.0,60,0.96,20,0.0,20,0.7,,,False,sym,3,0.9,,10,,,fixed,,1.0,0.0,0.4,1.0,0.12870324680762346,-0.22678660147105623,0.8486719672485246,0.5675081595331781,0.2109889113808463,-0.23606162336818304,0.9161553367332291,0.8937874287671441,0.16026463145725867,-0.23606162336818248,0.8768635917781423,0.678910147149568,11.514137073060393,0.17216122488002134,0.7448541054060167,0.25514589459398324,
v2vol,150,0.0,60,0.96,20,0.0,20,0.7,,,False,sym,3,0.9,,10,,,fixed,,1.0,0.0,0.5,1.0,0.15070857482734024,-0.2647767946398287,0.8516160196270116,0.5691910238295108,0.2384080152538417,-0.25815949248335324,0.9172891561482027,0.9234911835334307,0.1846136880756708,-0.2647767946398287,0.8803319339335741,0.6972427033373434,12.369147251752997,0.20132317032688346,0.23116941868355576,0.25514589459398324,0.513684686722461
v2vol,150,0.0,60,0.96,20,0.0,20,0.7,,,False,sym,3,0.9,,10,,,fixed,,1.0,0.0,0.6,1.0,0.17193739119814322,-0.3018233222238649,0.8487413561224587,0.56966237708634,0.26446042173227213,-0.2799131624252167,0.9113357212883544,0.9447945192749805,0.20798382838139284,-0.3018233222238649,0.8769897017341542,0.6890913096077098,12.369147251752997,0.23204332009730458,0.23116941868355576,0.25514589459398324,0.513684686722461
v2vol,150,0.0,60,0.96,20,0.0,20,0.7,,,False,sym,3,0.9,,10,,,fixed,,1.0,0.0,0.7,1.0,0.19232707624609602,-0.3378814920719835,0.8437825430063003,0.5692145937520661,0.28902464465377165,-0.3087103484874608,0.9027580998542136,0.9362324459476655,0.23029125779544768,-0.3378814920719835,0.8710641788786537,0.6815740524384378,12.369147251752997,0.2637778190563561,0.23116941868355576,0.25514589459398324,0.513684686722461
v2vol,150,0.0,60,0.96,20,0.0,20,0.7,,,False,sym,3,0.9,,10,,,fixed,,1.0,0.0,0.85,1.0,0.22120361539735955,-0.39003205063902724,0.835546100664432,0.5671421490488802,0.32282264351083945,-0.377020321911935,0.889012203362166,0.8562473287215665,0.2615802065830406,-0.39003205063902724,0.8610532592581757,0.6706633625479456,12.369147251752997,0.31260374411879555,0.23116941868355576,0.25514589459398324,0.513684686722461
v2vol,150,0.0,60,0.96,20,0.0,20,0.7,,,False,sym,3,0.9,,10,,,fixed,,1.0,0.0,1.0,1.0,0.24785073005835256,-0.43976520876366465,0.8278075994300073,0.5635978588555209,0.35262415380139855,-0.4392698116246866,0.8762072537893123,0.8027507114526724,0.2900236820698854,-0.43976520876366465,0.8515306444393549,0.6594966502358028,12.369147251752997,0.36236991555229753,0.23116941868355576,0.25514589459398324,0.513684686722461
v2vol,150,0.0,60,0.96,20,0.0,20,0.7,,,False,sym,3,0.95,,10,,,fixed,,1.0,0.0,0.4,1.0,0.1290070856934129,-0.2192401518490097,0.8354873867895245,0.5884281898429803,0.1984841502927699,-0.2916366224865453,0.851578337964168,0.680587193063954,0.15596519988173285,-0.2916366224865461,0.8412486352085818,0.5347929164449431,11.628138430219407,0.17577972131541672,0.7190680841438588,0.28093191585614113,
v2vol,150,0.0,60,0.96,20,0.0,20,0.7,,,False,sym,3,0.95,,10,,,fixed,,1.0,0.0,0.5,1.0,0.1510183373909122,-0.2474368020730232,0.8426906566006827,0.6103309456220012,0.22559085784142385,-0.3121269155273103,0.8632003653582184,0.7227536191818268,0.18021349281892074,-0.31212691552731076,0.8518187373292144,0.5773724848895714,12.426147930332503,0.2044277979741987,0.20515720425243159,0.28093191585614113,0.5139108798914273
v2vol,150,0.0,60,0.96,20,0.0,20,0.7,,,False,sym,3,0.95,,10,,,fixed,,1.0,0.0,0.6,1.0,0.1722528684080855,-0.2822409991236742,0.84261574103393,0.6103042043604964,0.25134373938578314,-0.332298049200776,0.8653802623460386,0.7563804241111272,0.20348607740009816,-0.33229804920077577,0.8536784196996611,0.6123601323857037,12.426147930332503,0.23474347860786687,0.20515720425243159,0.28093191585614113,0.5139108798914273
v2vol,150,0.0,60,0.96,20,0.0,20,0.7,,,False,sym,3,0.95,,10,,,fixed,,1.0,0.0,0.7,1.0,0.19264804221422516,-0.31640101992637026,0.8395131622112288,0.6088730126693533,0.2756226681545333,-0.35214585510390584,0.8630885414859706,0.7826946254222039,0.2256994977004656,-0.35214585510390606,0.8515813235636016,0.6409261799599189,12.426147930332503,0.2661575452974279,0.20515720425243159,0.28093191585614113,0.5139108798914273
v2vol,150,0.0,60,0.96,20,0.0,20,0.7,,,False,sym,3,0.95,,10,,,fixed,,1.0,0.0,0.85,1.0,0.22153235472443567,-0.3672814255402418,0.8330100065953869,0.6031678688857711,0.3090223296613246,-0.3813031760452287,0.8563167229145929,0.8104373345808942,0.25685481709368996,-0.38130317604522757,0.8456116942417106,0.6736235972585332,12.426147930332503,0.31461607545354064,0.20515720425243159,0.28093191585614113,0.5139108798914273
v2vol,150,0.0,60,0.96,20,0.0,20,0.7,,,False,sym,3,0.95,,10,,,fixed,,1.0,0.0,1.0,1.0,0.24818664259915924,-0.4188356946112698,0.826291282919319,0.5925632552151661,0.33846491507491105,-0.43926981162468626,0.8485109339977798,0.7705171311979361,0.2851745143726556,-0.43926981162468626,0.8388445406326064,0.6492012581468033,12.426147930332503,0.3641088099197432,0.20515720425243159,0.28093191585614113,0.5139108798914273
v2vol,150,0.0,60,0.96,20,0.0,20,0.7,,,False,sym,3,,,10,,,fixed,,1.0,0.0,0.4,1.0,0.13610401413064266,-0.24726653432320544,0.8549908551503168,0.5504344310206543,0.16144318090250454,-0.27739185185075466,0.6474979551062332,0.5820040488765543,0.14696671423629826,-0.2773918518507551,0.7527880985809127,0.5298162626470032,10.260122144311241,0.18932173854787482,0.6894367790092739,0.3105632209907261,
v2vol,150,0.0,60,0.96,20,0.0,20,0.7,,,False,sym,3,,,10,,,fixed,,1.0,0.0,0.5,1.0,0.1587365483133376,-0.27463030187983417,0.8620687282410306,0.5780008514238664,0.18682273168409558,-0.3085963000138182,0.6871556260224863,0.6053952418604179,0.1710038882544811,-0.3085963000138192,0.7795964899654156,0.5541346031913649,10.944130287265324,0.21658564754809237,0.17439493327301517,0.3105632209907261,0.5150418457362588
v2vol,150,0.0,60,0.96,20,0.0,20,0.7,,,False,sym,3,,,10,,,fixed,,1.0,0.0,0.6,1.0,0.1805709515454208,-0.3111803295913096,0.8615329766065992,0.580277525197607,0.2108493222036385,-0.35097567322359546,0.7126381857836983,0.6007519560175132,0.19404861037049193,-0.35097567322359535,0.7939348405018312,0.5528833625083462,10.944130287265324,0.2458373144185614,0.17439493327301517,0.3105632209907261,0.5150418457362588
v2vol,150,0.0,60,0.96,20,0.0,20,0.7,,,False,sym,3,,,10,,,fixed,,1.0,0.0,0.7,1.0,0.20154109392421748,-0.3467552455988655,0.8578141452434386,0.5812200290615499,0.23340950483424572,-0.39149745376460676,0.7290623861607122,0.5961967379092749,0.2160166900003675,-0.39149745376460654,0.8012671479954773,0.551770357439542,10.944130287265324,0.27644646497450864,0.17439493327301517,0.3105632209907261,0.5150418457362588
v2vol,150,0.0,60,0.96,20,0.0,20,0.7,,,False,sym,3,,,10,,,fixed,,1.0,0.0,0.85,1.0,0.23123357594642102,-0.3982068791283653,0.850318918597401,0.5806870450168214,0.2642604607540726,-0.44886662526845533,0.7435379763643831,0.5887282454916878,0.246769873420438,-0.44886662526845544,0.8054035043927262,0.5497621331789846,10.944130287265324,0.3240604580951465,0.17439493327301517,0.3105632209907261,0.5150418457362588
v2vol,150,0.0,60,0.96,20,0.0,20,0.7,,,False,sym,3,,,10,,,fixed,,1.0,0.0,1.0,1.0,0.2586206615166504,-0.4472735103669123,0.8426605616652336,0.5782159138029344,0.29121141743874746,-0.5022452347857471,0.7511123121185028,0.5798191745173558,0.2746450683301396,-0.5022452347857471,0.8055647945002808,0.5468345925617402,10.944130287265324,0.37301844311511195,0.17439493327301517,0.3105632209907261,0.5150418457362588
v2vol,150,0.0,60,0.96,20,0.0,20,0.7,,,False,sym,5,0.9,,10,,,fixed,,1.0,0.0,0.4,1.0,0.14229618209446615,-0.2163868556816947,0.9278682352484429,0.6576008586389553,0.22238568363486766,-0.25041692794902704,0.971384995446366,0.8880617035607704,0.1730949851818797,-0.2504169279490266,0.9453877775040819,0.6912271730172886,7.52408957249491,0.17113843712083496,0.7448541054060167,0.25514589459398324,
v2vol,150,0.0,60,0.96,20,0.0,20,0.7,,,False,sym,5,0.9,,10,,,fixed,,1.0,0.0,0.5,1.0,0.16711510152794729,-0.23925911978786008,0.9291952464036883,0.6984690977552724,0.2517507193232711,-0.2806311810919052,0.9703137713459676,0.8970874809553827,0.1999589574571432,-0.2806311810919032,0.947176348673244,0.7125329290890848,8.721103822664555,0.20054306490720103,0.23908617959737616,0.25514589459398324,0.5057679258086406
v2vol,150,0.0,60,0.96,20,0.0,20,0.7,,,False,sym,5,0.9,,10,,,fixed,,1.0,0.0,0.6,1.0,0.19123420975394145,-0.26170653873364025,0.9248491114502252,0.7307200296916382,0.27983168113342183,-0.3104956230033986,0.9624004845218435,0.9012419512604816,0.2259252138075425,-0.31049562300339895,0.9422731884969453,0.7276276928550112,8.721103822664555,0.23146744785648843,0.23908617959737616,0.25514589459398324,0.5057679258086406
v2vol,150,0.0,60,0.96,20,0.0,20,0.7,,,False,sym,5,0.9,,10,,,fixed,,1.0,0.0,0.7,1.0,0.21458498978631546,-0.28372886251367013,0.9186473441654445,0.7563029995793139,0.30650262031289355,-0.3410031243617544,0.9521738850275251,0.8988264283107833,0.2509042251088538,-0.3410031243617542,0.9350121313537697,0.7357827749480714,8.721103822664555,0.26337680282179177,0.23908617959737616,0.25514589459398324,0.5057679258086406
v2vol,150,0.0,60,0.96,20,0.0,20,0.7,,,False,sym,5,0.9,,10,,,fixed,,1.0,0.0,0.85,1.0,0.2480218946321966,-0.31599614370475404,0.9089278807530522,0.784888991759127,0.3435959274230922,-0.3847412796549122,0.9364627664668235,0.8930570895103205,0.2863281722081461,-0.38474127965491023,0.9233934689491925,0.7442096477533299,8.721103822664555,0.31242562854529526,0.23908617959737616,0.25514589459398324,0.5057679258086406
v2vol,150,0.0,60,0.96,20,0.0,20,0.7,,,False,sym,5,0.9,,10,,,fixed,,1.0,0.0,1.0,1.0,0.2793509372494445,-0.3473503196385481,0.9000549834427581,0.8042340008212354,0.3768371584431527,-0.42613778858645557,0.922157113630732,0.8843082414567403,0.31903881052427807,-0.42613778858645635,0.9126339465630001,0.7486752385479899,8.721103822664555,0.36238216937728907,0.23908617959737616,0.25514589459398324,0.5057679258086406
v2vol,150,0.0,60,0.96,20,0.0,20,0.7,,,False,sym,5,0.95,,10,,,fixed,,1.0,0.0,0.4,1.0,0.13874118333818108,-0.24027929493660116,0.8884051929641165,0.5774163078628503,0.2152691989110065,-0.2659305997291814,0.9293196972192267,0.809493902282146,0.16825462512091938,-0.26593059972918054,0.9054369482153349,0.6327012584947621,7.8660936439719515,0.1748160229731326,0.7211038226645555,0.2788961773354445,
v2vol,150,0.0,60,0.96,20,0.0,20,0.7,,,False,sym,5,0.95,,10,,,fixed,,1.0,0.0,0.5,1.0,0.16276492553844335,-0.2624541815360958,0.8948603825089857,0.6201651068609779,0.24446983893409113,-0.29551952657558933,0.9358713117385374,0.8272544348150189,0.1945483727876669,-0.29551952657559,0.9132392726214517,0.6583266257971079,8.83510517982357,0.2037476849324462,0.21443112418004975,0.2788961773354445,0.5066726984845058
v2vol,150,0.0,60,0.96,20,0.0,20,0.7,,,False,sym,5,0.95,,10,,,fixed,,1.0,0.0,0.6,1.0,0.18605687586129593,-0.2842171765445297,0.8940023736998804,0.6546292455767376,0.27239417629492024,-0.32476588202410495,0.9337271832919888,0.8387401244158476,0.21992522844435336,-0.3247658820241054,0.9126980725007382,0.6771808266116749,8.83510517982357,0.23430992862240677,0.21443112418004975,0.2788961773354445,0.5066726984845058
v2vol,150,0.0,60,0.96,20,0.0,20,0.7,,,False,sym,5,0.95,,10,,,fixed,,1.0,0.0,0.7,1.0,0.2085498251104776,-0.3055680375792229,0.8901981687696991,0.6824988201078068,0.2989169733987085,-0.35464198790335655,0.9278620807516892,0.8428696646043117,0.24429694234714328,-0.3546419879033563,0.9086102638026842,0.6888551008622159,8.83510517982357,0.2659411823980273,0.21443112418004975,0.2788961773354445,0.5066726984845058
v2vol,150,0.0,60,0.96,20,0.0,20,0.7,,,False,sym,5,0.95,,10,,,fixed,,1.0,0.0,0.85,1.0,0.24064577391718944,-0.33685148629969375,0.8828265936172855,0.714397245387509,0.33580548501429464,-0.39747492079917357,0.916878381444304,0.844846976355427,0.2787795390266785,-0.39747492079917424,0.9002951264947288,0.7013764251242733,8.83510517982357,0.3146851070356941,0.21443112418004975,0.2788961773354445,0.5066726984845058
v2vol,150,0.0,60,0.96,20,0.0,20,0.7,,,False,sym,5,0.95,,10,,,fixed,,1.0,0.0,1.0,1.0,0.2705740062254267,-0.36724967042896195,0.8754270413557853,0.7367576556553086,0.36886481198535104,-0.43801467098528546,0.9058811329365093,0.8421288975449468,0.3105171931266997,-0.4380146709852849,0.891753218713248,0.7089196177566652,8.83510517982357,0.3644292796675865,0.21443112418004975,0.2788961773354445,0.5066726984845058
v2vol,150,0.0,60,0.96,20,0.0,20,0.7,,,False,sym,5,,,10,,,fixed,,1.0,0.0,0.4,1.0,0.14418416795895483,-0.24027929493660172,0.8914886272537648,0.6000690488000565,0.16338659829498714,-0.29409445423294434,0.6449169570366733,0.5555582430859882,0.15278771795089074,-0.29409445423294456,0.7688834365092168,0.5195192080360399,6.840081429540827,0.19289163143929622,0.6921510970368695,0.3078489029631305,
v2vol,150,0.0,60,0.96,20,0.0,20,0.7,,,False,sym,5,,,10,,,fixed,,1.0,0.0,0.5,1.0,0.16557259518840395,-0.26245418153609634,0.883932510989325,0.6308628584971968,0.19145158043001143,-0.29409445423294445,0.6941613596651116,0.6509867074146447,0.1770363684970535,-0.29409445423294445,0.7937744201562955,0.6019711216887744,7.581090251074417,0.2202559730037052,0.18208550101786927,0.3078489029631305,0.5100655960190003
v2vol,150,0.0,60,0.96,20,0.0,20,0.7,,,False,sym,5,,,10,,,fixed,,1.0,0.0,0.6,1.0,0.18605393500264644,-0.2842171765445295,0.8726174488689578,0.6546188983532337,0.21828690460347966,-0.31278418523735807,0.7274941769072546,0.6978834445796273,0.20026270672598456,-0.3127841852373574,0.8065045311498398,0.6402584151561707,7.581090251074417,0.2496632969092154,0.18208550101786927,0.3078489029631305,0.5100655960190003
v2vol,150,0.0,60,0.96,20,0.0,20,0.7,,,False,sym,5,,,10,,,fixed,,1.0,0.0,0.7,1.0,0.2055626673261346,-0.3055680375792228,0.8607940339343806,0.6727230667011094,0.24377156819224743,-0.3410122236628933,0.7502026989754039,0.7148470092181421,0.22238104261077085,-0.34101222366289285,0.8124684964169565,0.6521204437252235,7.581090251074417,0.28047172053279046,0.18208550101786927,0.3078489029631305,0.5100655960190003
v2vol,150,0.0,60,0.96,20,0.0,20,0.7,,,False,sym,5,,,10,,,fixed,,1.0,0.0,0.85,1.0,0.23286260414217574,-0.3368514862996924,0.8444550450050589,0.6912916036089592,0.27920740836000646,-0.3816739051515069,0.7717993059431769,0.7315339209505927,0.2532980133806342,-0.3816739051515078,0.8149079074295223,0.6636503307190623,7.581090251074417,0.3284451854416965,0.18208550101786927,0.3078489029631305,0.5100655960190003
v2vol,150,0.0,60,0.96,20,0.0,20,0.7,,,False,sym,5,,,10,,,fixed,,1.0,0.0,1.0,1.0,0.25762253245304034,-0.40828491792576604,0.8305110268287058,0.6309871394756762,0.31095171980619063,-0.42165888019185793,0.7845059654199388,0.737448526317542,0.2812600493403308,-0.4216588801918577,0.8137050478561804,0.6670321972404696,7.581090251074417,0.37781423305032424,0.18208550101786927,0.3078489029631305,0.5100655960190003
v2vol,150,0.0,60,0.96,20,0.0,20,,,,True,sym,3,0.9,,10,,,fixed,,1.0,0.0,0.4,1.0,0.12555063737997263,-0.23169104684379516,0.8193686452705417,0.5418881700017445,0.20836469164515847,-0.2714016426709722,0.8964294961640076,0.767735558247025,0.1572954368401256,-0.27140164267097244,0.8520982883132532,0.5795670036928225,8.664103144085049,0.17468255609796565,0.8140692151097036,0.18593078489029632,
v2vol,150,0.0,60,0.96,20,0.0,20,,,,True,sym,3,0.9,,10,,,fixed,,1.0,0.0,0.5,1.0,0.1465882359735451,-0.2692219704199219,0.8115522105876216,0.5444883853457521,0.23591586516767382,-0.31101762982014003,0.8861752583749585,0.7585289145959436,0.18106624746269162,-0.31101762982013814,0.8441725755811263,0.582173581502124,11.001130965844832,0.208049788656896,0.23365754354218501,0.18593078489029632,0.5804116715675186
v2vol,150,0.0,60,0.96,20,0.0,20,,,,True,sym,3,0.9,,10,,,fixed,,1.0,0.0,0.6,1.0,0.16664405743213306,-0.3058239714697456,0.8023127059058053,0.5449018814034293,0.26169699211670205,-0.34888422336627867,0.8735283199340793,0.7500969507639718,0.20357985996894046,-0.3488842233662789,0.8340619783167325,0.5835169558676504,11.001130965844832,0.24268330247462216,0.23365754354218501,0.18593078489029632,0.5804116715675186
v2vol,150,0.0,60,0.96,20,0.0,20,,,,True,sym,3,0.9,,10,,,fixed,,1.0,0.0,0.7,1.0,0.18564826597211792,-0.34145581353820076,0.7934988564298154,0.5436963103612477,0.28555722854500476,-0.38505608399737357,0.861153263021193,0.7415990563778562,0.22473788102648018,-0.3850560839973731,0.8241180518042645,0.583649734068384,11.001130965844832,0.27811042343707393,0.23365754354218501,0.18593078489029632,0.5804116715675186
v2vol,150,0.0,60,0.96,20,0.0,20,,,,True,sym,3,0.9,,10,,,fixed,,1.0,0.0,0.85,1.0,0.212034906471668,-0.39303442107549125,0.7820226531225329,0.5394817733557791,0.3174305846455756,-0.436254568666379,0.8447204859739023,0.727626957847007,0.2537253662495844,-0.4362545686663788,0.810909857061718,0.581599333217799,11.001130965844832,0.33218259336081807,0.23365754354218501,0.18593078489029632,0.5804116715675186
v2vol,150,0.0,60,0.96,20,0.0,20,,,,True,sym,3,0.9,,10,,,fixed,,1.0,0.0,1.0,1.0,0.23568410085643898,-0.4422842624361015,0.7726309367251106,0.5328792382489286,0.3441988124681339,-0.48394193754194137,0.8310693638698682,0.7112398942245081,0.2791423709689065,-0.4839419375419405,0.7999484238285709,0.5768096321363239,11.001130965844832,0.3869555324642944,0.23365754354218501,0.18593078489029632,0.5804116715675186
v2vol,150,0.0,60,0.96,20,0.0,20,,,,True,sym,3,0.95,,10,,,fixed,,1.0,0.0,0.4,1.0,0.12532831243009546,-0.23169104684379516,0.8025970207632102,0.5409285949430369,0.19964259678272045,-0.31343063989230746,0.847025565674517,0.6369594142146289,0.1540222685035444,-0.3134306398923068,0.8211693183690804,0.4914078232953411,9.462112644198145,0.17866404404664946,0.7991404659579281,0.20085953404207194,
v2vol,150,0.0,60,0.96,20,0.0,20,,,,True,sym,3,0.95,,10,,,fixed,,1.0,0.0,0.5,1.0,0.14655555349286553,-0.2692219704199219,0.7991707915173084,0.5443669893072764,0.2270528651975583,-0.35551587734804,0.8445688995306376,0.638657454320331,0.17787130507588178,-0.35551587734804047,0.8190860752059214,0.5003188785904787,11.343135037321872,0.21216366599666267,0.20787152228002714,0.20085953404207194,0.591268943677901
v2vol,150,0.0,60,0.96,20,0.0,20,,,,True,sym,3,0.95,,10,,,fixed,,1.0,0.0,0.6,1.0,0.16677965768079828,-0.3058239714697456,0.7927999706480976,0.545345274535804,0.25264118301527794,-0.395568922255053,0.8376946994315045,0.6386780376350728,0.20042994712062034,-0.39556892225505214,0.8130900556839183,0.5066878003914285,11.343135037321872,0.24701672017463872,0.20787152228002714,0.20085953404207194,0.591268943677901
v2vol,150,0.0,60,0.96,20,0.0,20,,,,True,sym,3,0.95,,10,,,fixed,,1.0,0.0,0.7,1.0,0.1859290257964501,-0.34145581353820076,0.7859432512286897,0.5445185538645078,0.2762537008421597,-0.4336498612317581,0.829682457401574,0.6370432128295316,0.22159742880485922,-0.43364986123175786,0.8061357177874945,0.511005418462315,11.343135037321872,0.2827231105961805,0.20787152228002714,0.20085953404207194,0.591268943677901
v2vol,150,0.0,60,0.96,20,0.0,20,,,,True,sym,3,0.95,,10,,,fixed,,1.0,0.0,0.85,1.0,0.21248647872184123,-0.39303442107549125,0.7764097407069714,0.5406307115300427,0.3076473985116359,-0.4872070421206225,0.8180420170612107,0.631451050404704,0.2505278361615171,-0.48720704212062194,0.7960914151519127,0.5142122639916437,11.343135037321872,0.33728861896996937,0.20787152228002714,0.20085953404207194,0.591268943677901
v2vol,150,0.0,60,0.96,20,0.0,20,,,,True,sym,3,0.95,,10,,,fixed,,1.0,0.0,1.0,1.0,0.23624578311271627,-0.4422842624361015,0.7682769778012782,0.5341491958395141,0.33380174118026695,-0.5366722561775472,0.8078242020886388,0.6219843439602649,0.2757970353837431,-0.5366722561775465,0.7873188799600944,0.5139021669353848,11.343135037321872,0.3926132944503093,0.20787152228002714,0.20085953404207194,0.591268943677901
v2vol,150,0.0,60,0.96,20,0.0,20,,,,True,sym,3,,,10,,,fixed,,1.0,0.0,0.4,1.0,0.13177978711493,-0.2515286386375887,0.8192901199868664,0.5239156377131391,0.16007480587245637,-0.29984723227096877,0.6370338256824193,0.5338545387265689,0.1437272334594537,-0.2998472322709689,0.7295808664611774,0.4793348678622082,9.00610721556209,0.19224511215994894,0.7735806378647365,0.2264193621352635,
v2vol,150,0.0,60,0.96,20,0.0,20,,,,True,sym,3,,,10,,,fixed,,1.0,0.0,0.5,1.0,0.15331583650755998,-0.27889534690451,0.8147054578623607,0.5497253296235639,0.18532512671423773,-0.3391133607696102,0.6675847416421512,0.5464990417766098,0.1670199439088429,-0.3391133607696116,0.744946103741026,0.49251950300570335,10.203121465731735,0.2244380860199623,0.17733544446957702,0.2264193621352635,0.5962451933951595
v2vol,150,0.0,60,0.96,20,0.0,20,,,,True,sym,3,,,10,,,fixed,,1.0,0.0,0.6,1.0,0.17380814834942115,-0.31614055489481985,0.8070759368059491,0.5497812465320915,0.20871647672925264,-0.3765747204827383,0.6856934991854354,0.5542498350969896,0.1889774548617027,-0.3765747204827371,0.7512836232987659,0.501832556947661,10.203121465731735,0.25839715791881657,0.17733544446957702,0.2264193621352635,0.5962451933951595
v2vol,150,0.0,60,0.96,20,0.0,20,,,,True,sym,3,,,10,,,fixed,,1.0,0.0,0.7,1.0,0.1931818868721853,-0.3524196271825015,0.7990143204996688,0.5481587061896116,0.23010343620804452,-0.4229689762129859,0.6965714440348514,0.5440196542740666,0.20949860022013223,-0.4229689762129869,0.7531749888337397,0.49530488523261995,10.203121465731735,0.29350995458765083,0.17733544446957702,0.2264193621352635,0.5962451933951595
v2vol,150,0.0,60,0.96,20,0.0,20,,,,True,sym,3,,,10,,,fixed,,1.0,0.0,0.85,1.0,0.21998704760336252,-0.4049193923427835,0.7878843289412504,0.5432860262151461,0.25812565110821706,-0.48847178785744894,0.7054174194329359,0.5284351267048939,0.2373747899198797,-0.4884717878574487,0.7522572205704712,0.4859539400649134,10.203121465731735,0.3475752177684373,0.17733544446957702,0.2264193621352635,0.5962451933951595
v2vol,150,0.0,60,0.96,20,0.0,20,,,,True,sym,3,,,10,,,fixed,,1.0,0.0,1.0,1.0,0.24387909491969495,-0.4549944409828729,0.7784207959737426,0.5360045595125748,0.28089973645671673,-0.5480042840198347,0.7095486251125981,0.5125867527826657,0.2614896880939135,-0.5480042840198349,0.7495802021203692,0.477167233394199,10.203121465731735,0.4027149026922706,0.17733544446957702,0.2264193621352635,0.5962451933951595
v2vol,150,0.0,60,0.96,20,0.0,20,,,,True,sym,5,0.9,,10,,,fixed,,1.0,0.0,0.4,1.0,0.13955401358379227,-0.2342177126135172,0.9030669886545059,0.5958303154214064,0.21879297145995436,-0.25699422704133223,0.9404883307734241,0.8513536431492137,0.17004263652982732,-0.2569942270413321,0.9175203842695956,0.6616593628870875,5.244062429314634,0.17405251459198,0.8213073965166252,0.1786926034833748,
v2vol,150,0.0,60,0.96,20,0.0,20,,,,True,sym,5,0.9,,10,,,fixed,,1.0,0.0,0.5,1.0,0.16204184798516152,-0.2870203842555227,0.883292037211406,0.5645656436753363,0.2446177841175925,-0.29669090796628517,0.9149153171226665,0.8244869578052252,0.19413629772251317,-0.2966909079662853,0.8965907473100474,0.654338547322704,7.752092286812938,0.20819835451321203,0.24655055417326396,0.1786926034833748,0.5747568423433612
v2vol,150,0.0,60,0.96,20,0.0,20,,,,True,sym,5,0.9,,10,,,fixed,,1.0,0.0,0.6,1.0,0.1835464008904475,-0.33702607423793307,0.8658255032123384,0.544605936812081,0.26853725695397523,-0.3346161949814952,0.89129010644144,0.8025231921868747,0.21692578462051548,-0.33702607423793307,0.8773080209210273,0.6436468902621778,7.752092286812938,0.24351813572236455,0.24655055417326396,0.1786926034833748,0.5747568423433612
v2vol,150,0.0,60,0.96,20,0.0,20,,,,True,sym,5,0.9,,10,,,fixed,,1.0,0.0,0.7,1.0,0.20399302593581847,-0.38431377500129327,0.8510976776842956,0.5307981113482909,0.2904061085448739,-0.3708326304066265,0.8707994200930373,0.7831190805038838,0.2383100198480168,-0.38431377500129327,0.8606586481144707,0.6200923186976965,7.752092286812938,0.2795672739196273,0.24655055417326396,0.1786926034833748,0.5747568423433612
v2vol,150,0.0,60,0.96,20,0.0,20,,,,True,sym,5,0.9,,10,,,fixed,,1.0,0.0,0.85,1.0,0.2325207911871654,-0.4503549018281797,0.8333908894617892,0.5163056741322585,0.319064690797743,-0.42208625983477854,0.8456180586399635,0.7559229502581717,0.26753856745785853,-0.4503549018281797,0.8402875925335581,0.5940616308866787,7.752092286812938,0.3344917755137495,0.24655055417326396,0.1786926034833748,0.5747568423433612
v2vol,150,0.0,60,0.96,20,0.0,20,,,,True,sym,5,0.9,,10,,,fixed,,1.0,0.0,1.0,1.0,0.25826939595997134,-0.5107845907872213,0.8196889145375571,0.505632708226234,0.3423713793875438,-0.46983151274456647,0.8258004882203872,0.7287109742544686,0.29307290309397227,-0.5107845907872213,0.8243141280546927,0.5737700556751101,7.752092286812938,0.390053456612212,0.24655055417326396,0.1786926034833748,0.5747568423433612
v2vol,150,0.0,60,0.96,20,0.0,20,,,,True,sym,5,0.95,,10,,,fixed,,1.0,0.0,0.4,1.0,0.1329752197530527,-0.26713672261115007,0.8439088739723009,0.497779633040622,0.20306538906378369,-0.2764685060073585,0.864442232222265,0.734497364623437,0.16016111311570236,-0.2764685060073575,0.8520708630382976,0.5793105168783315,6.042071929427731,0.1783416888570865,0.8086405790545126,0.19135942094548744,
v2vol,150,0.0,60,0.96,20,0.0,20,,,,True,sym,5,0.95,,10,,,fixed,,1.0,0.0,0.5,1.0,0.1517097614544316,-0.3254891249201647,0.8169905589151341,0.4660977889557529,0.2271561513098994,-0.320140192880062,0.846189339460032,0.709552116109962,0.18122090240791722,-0.3254891249201647,0.8302244178284185,0.556764845683759,8.037095679710472,0.21293271809958517,0.22257407826283646,0.19135942094548744,0.5860665007916761
v2vol,150,0.0,60,0.96,20,0.0,20,,,,True,sym,5,0.95,,10,,,fixed,,1.0,0.0,0.6,1.0,0.16927552159350379,-0.38012641294463356,0.794490416999231,0.44531375834217346,0.24925271787341652,-0.3616926939250491,0.8281023023751931,0.6891284288011283,0.2008202524017353,-0.38012641294463356,0.8104161914039797,0.5282986016312035,8.037095679710472,0.24876549890652988,0.22257407826283646,0.19135942094548744,0.5860665007916761
v2vol,150,0.0,60,0.96,20,0.0,20,,,,True,sym,5,0.95,,10,,,fixed,,1.0,0.0,0.7,1.0,0.18560496367695878,-0.4312010931449367,0.7760498480859821,0.4304371362402197,0.269215680379965,-0.4011959701408585,0.8118714029666136,0.6710328627813593,0.21886568831483943,-0.4312010931449367,0.7934359576796516,0.5075722019129334,8.037095679710472,0.28537265287902014,0.22257407826283646,0.19135942094548744,0.5860665007916761
v2vol,150,0.0,60,0.96,20,0.0,20,,,,True,sym,5,0.95,,10,,,fixed,,1.0,0.0,0.85,1.0,0.20764091096829262,-0.5014916634173093,0.7543236015751338,0.41404658564684277,0.29487550588551126,-0.4567608528034055,0.7914513351441714,0.6455796377375376,0.24282713636030406,-0.5014916634173093,0.7727580173428497,0.48420971687866093,8.037095679710472,0.3411890856274722,0.22257407826283646,0.19135942094548744,0.5860665007916761
v2vol,150,0.0,60,0.96,20,0.0,20,,,,True,sym,5,0.95,,10,,,fixed,,1.0,0.0,1.0,1.0,0.2265480997264353,-0.5646549914855725,0.7377661459751699,0.401215083799049,0.3150412802017051,-0.5081047028774612,0.7751032829154955,0.6200322067825518,0.26281575332376916,-0.5646549914855725,0.7565987217125693,0.4654448420482693,8.037095679710472,0.39768513052733234,0.22257407826283646,0.19135942094548744,0.5860665007916761
v2vol,150,0.0,60,0.96,20,0.0,20,,,,True,sym,5,,,10,,,fixed,,1.0,0.0,0.4,1.0,0.13822885553079378,-0.2671367226111476,0.848163152737389,0.5174461009316339,0.14883986314539377,-0.316085070546383,0.5843688011687223,0.4708854577918215,0.14363435488530096,-0.316085070546383,0.7176311742403261,0.45441676393325175,5.70006785795069,0.1965655377614119,0.7837593304682199,0.21624066953178014,
v2vol,150,0.0,60,0.96,20,0.0,20,,,,True,sym,5,,,10,,,fixed,,1.0,0.0,0.5,1.0,0.15538243619657366,-0.3254891249201656,0.8135294578768711,0.4773813448749943,0.16957978213192737,-0.3475718884410004,0.6076867791874015,0.4878984399243588,0.1625017519742653,-0.3475718884410006,0.7157698962806078,0.46753422062742434,6.954082786699842,0.23000120839890553,0.19022845510065595,0.21624066953178014,0.5935308753675639
v2vol,150,0.0,60,0.96,20,0.0,20,,,,True,sym,5,,,10,,,fixed,,1.0,0.0,0.6,1.0,0.17123988099250376,-0.3801264129446339,0.7851472445262301,0.45048140608278425,0.18819584863807037,-0.3780188875967847,0.6207353047793719,0.4978477393934088,0.17977061235151437,-0.3801264129446339,0.7096145309503658,0.4729232335078444,6.954082786699842,0.265205166701463,0.19022845510065595,0.21624066953178014,0.5935308753675639
v2vol,150,0.0,60,0.96,20,0.0,20,,,,True,sym,5,,,10,,,fixed,,1.0,0.0,0.7,1.0,0.1857354730479086,-0.43120109314493804,0.7621296662636214,0.4307398009899711,0.2045590256122527,-0.4074467085817217,0.6279514095322526,0.5020509953910309,0.19535132510155506,-0.43120109314493804,0.7022124145034989,0.45303995793881796,6.954082786699842,0.30155875775048396,0.19022845510065595,0.21624066953178014,0.5935308753675639
v2vol,150,0.0,60,0.96,20,0.0,20,,,,True,sym,5,,,10,,,fixed,,1.0,0.0,0.85,1.0,0.20479127369881023,-0.5014916634173082,0.7352204228628164,0.4083642633325222,0.2246229827307591,-0.4497223871072712,0.632945034040844,0.49947031584438406,0.21537543186986463,-0.5014916634173082,0.6912500800752533,0.4294696155111225,6.954082786699842,0.3574752635565407,0.19022845510065595,0.21624066953178014,0.5935308753675639
v2vol,150,0.0,60,0.96,20,0.0,20,,,,True,sym,5,,,10,,,fixed,,1.0,0.0,1.0,1.0,0.22045445211061754,-0.5646549914855721,0.7148376560398633,0.39042327692989237,0.23900240505037518,-0.4898199946560051,0.6344357444941902,0.4879392586213713,0.2311586925753537,-0.5646549914855721,0.6814980273106713,0.4093804111554732,6.954082786699842,0.41445563366014154,0.19022845510065595,0.21624066953178014,0.5935308753675639
v2vol,150,0.0,60,0.96,20,0.0,20,,,,False,sym,3,0.9,,10,,,fixed,,1.0,0.0,0.4,1.0,0.12555063737997263,-0.23169104684379516,0.8193686452705417,0.5418881700017445,0.20836469164515847,-0.2714016426709722,0.8964294961640076,0.767735558247025,0.1572954368401256,-0.27140164267097244,0.8520982883132532,0.5795670036928225,8.664103144085049,0.17468255609796565,0.8140692151097036,0.18593078489029632,
v2vol,150,0.0,60,0.96,20,0.0,20,,,,False,sym,3,0.9,,10,,,fixed,,1.0,0.0,0.5,1.0,0.1465882359735451,-0.2692219704199219,0.8115522105876216,0.5444883853457521,0.23591586516767382,-0.31101762982014003,0.8861752583749585,0.7585289145959436,0.18106624746269162,-0.31101762982013814,0.8441725755811263,0.582173581502124,11.001130965844832,0.208049788656896,0.23365754354218501,0.18593078489029632,0.5804116715675186
v2vol,150,0.0,60,0.96,20,0.0,20,,,,False,sym,3,0.9,,10,,,fixed,,1.0,0.0,0.6,1.0,0.16664405743213306,-0.3058239714697456,0.8023127059058053,0.5449018814034293,0.26169699211670205,-0.34888422336627867,0.8735283199340793,0.7500969507639718,0.20357985996894046,-0.3488842233662789,0.8340619783167325,0.5835169558676504,11.001130965844832,0.24268330247462216,0.23365754354218501,0.18593078489029632,0.5804116715675186
v2vol,150,0.0,60,0.96,20,0.0,20,,,,False,sym,3,0.9,,10,,,fixed,,1.0,0.0,0.7,1.0,0.18564826597211792,-0.34145581353820076,0.7934988564298154,0.5436963103612477,0.28555722854500476,-0.38505608399737357,0.861153263021193,0.7415990563778562,0.22473788102648018,-0.3850560839973731,0.8241180518042645,0.583649734068384,11.001130965844832,0.27811042343707393,0.23365754354218501,0.18593078489029632,0.5804116715675186
v2vol,150,0.0,60,0.96,20,0.0,20,,,,False,sym,3,0.9,,10,,,fixed,,1.0,0.0,0.85,1.0,0.212034906471668,-0.39303442107549125,0.7820226531225329,0.5394817733557791,0.3174305846455756,-0.436254568666379,0.8447204859739023,0.727626957847007,0.2537253662495844,-0.4362545686663788,0.810909857061718,0.581599333217799,11.001130965844832,0.33218259336081807,0.23365754354218501,0.18593078489029632,0.5804116715675186
v2vol,150,0.0,60,0.96,20,0.0,20,,,,False,sym,3,0.9,,10,,,fixed,,1.0,0.0,1.0,1.0,0.23568410085643898,-0.4422842624361015,0.7726309367251106,0.5328792382489286,0.3441988124681339,-0.48394193754194137,0.8310693638698682,0.7112398942245081,0.2791423709689065,-0.4839419375419405,0.7999484238285709,0.5768096321363239,11.001130965844832,0.3869555324642944,0.23365754354218501,0.18593078489029632,0.5804116715675186
v2vol,150,0.0,60,0.96,20,0.0,20,,,,False,sym,3,0.95,,10,,,fixed,,1.0,0.0,0.4,1.0,0.12532831243009546,-0.23169104684379516,0.8025970207632102,0.5409285949430369,0.19964259678272045,-0.31343063989230746,0.847025565674517,0.6369594142146289,0.1540222685035444,-0.3134306398923068,0.8211693183690804,0.4914078232953411,9.462112644198145,0.17866404404664946,0.7991404659579281,0.20085953404207194,
v2vol,150,0.0,60,0.96,20,0.0,20,,,,False,sym,3,0.95,,10,,,fixed,,1.0,0.0,0.5,1.0,0.14655555349286553,-0.2692219704199219,0.7991707915173084,0.5443669893072764,0.2270528651975583,-0.35551587734804,0.8445688995306376,0.638657454320331,0.17787130507588178,-0.35551587734804047,0.8190860752059214,0.5003188785904787,11.343135037321872,0.21216366599666267,0.20787152228002714,0.20085953404207194,0.591268943677901
v2vol,150,0.0,60,0.96,20,0.0,20,,,,False,sym,3,0.95,,10,,,fixed,,1.0,0.0,0.6,1.0,0.16677965768079828,-0.3058239714697456,0.7927999706480976,0.545345274535804,0.25264118301527794,-0.395568922255053,0.8376946994315045,0.6386780376350728,0.20042994712062034,-0.39556892225505214,0.8130900556839183,0.5066878003914285,11.343135037321872,0.24701672017463872,0.20787152228002714,0.20085953404207194,0.591268943677901
v2vol,150,0.0,60,0.96,20,0.0,20,,,,False,sym,3,0.95,,10,,,fixed,,1.0,0.0,0.7,1.0,0.1859290257964501,-0.34145581353820076,0.7859432512286897,0.5445185538645078,0.2762537008421597,-0.4336498612317581,0.829682457401574,0.6370432128295316,0.22159742880485922,-0.43364986123175786,0.8061357177874945,0.511005418462315,11.343135037321872,0.2827231105961805,0.20787152228002714,0.20085953404207194,0.591268943677901
v2vol,150,0.0,60,0.96,20,0.0,20,,,,False,sym,3,0.95,,10,,,fixed,,1.0,0.0,0.85,1.0,0.21248647872184123,-0.39303442107549125,0.7764097407069714,0.5406307115300427,0.3076473985116359,-0.4872070421206225,0.8180420170612107,0.631451050404704,0.2505278361615171,-0.48720704212062194,0.7960914151519127,0.5142122639916437,11.343135037321872,0.33728861896996937,0.20787152228002714,0.20085953404207194,0.591268943677901
v2vol,150,0.0,60,0.96,20,0.0,20,,,,False,sym,3,0.95,,10,,,fixed,,1.0,0.0,1.0,1.0,0.23624578311271627,-0.4422842624361015,0.7682769778012782,0.5341491958395141,0.33380174118026695,-0.5366722561775472,0.8078242020886388,0.6219843439602649,0.2757970353837431,-0.5366722561775465,0.7873188799600944,0.5139021669353848,11.343135037321872,0.3926132944503093,0.20787152228002714,0.20085953404207194,0.591268943677901
v2vol,150,0.0,60,0.96,20,0.0,20,,,,False,sym,3,,,10,,,fixed,,1.0,0.0,0.4,1.0,0.13177978711493,-0.2515286386375887,0.8192901199868664,0.5239156377131391,0.16007480587245637,-0.29984723227096877,0.6370338256824193,0.5338545387265689,0.1437272334594537,-0.2998472322709689,0.7295808664611774,0.4793348678622082,9.00610721556209,0.19224511215994894,0.7735806378647365,0.2264193621352635,
v2vol,150,0.0,60,0.96,20,0.0,20,,,,False,sym,3,,,10,,,fixed,,1.0,0.0,0.5,1.0,0.15331583650755998,-0.27889534690451,0.8147054578623607,0.5497253296235639,0.18532512671423773,-0.3391133607696102,0.6675847416421512,0.5464990417766098,0.1670199439088429,-0.3391133607696116,0.744946103741026,0.49251950300570335,10.203121465731735,0.2244380860199623,0.17733544446957702,0.2264193621352635,0.5962451933951595
v2vol,150,0.0,60,0.96,20,0.0,20,,,,False,sym,3,,,10,,,fixed,,1.0,0.0,0.6,1.0,0.17380814834942115,-0.31614055489481985,0.8070759368059491,0.5497812465320915,0.20871647672925264,-0.3765747204827383,0.6856934991854354,0.5542498350969896,0.1889774548617027,-0.3765747204827371,0.7512836232987659,0.501832556947661,10.203121465731735,0.25839715791881657,0.17733544446957702,0.2264193621352635,0.5962451933951595
v2vol,150,0.0,60,0.96,20,0.0,20,,,,False,sym,3,,,10,,,fixed,,1.0,0.0,0.7,1.0,0.1931818868721853,-0.3524196271825015,0.7990143204996688,0.5481587061896116,0.23010343620804452,-0.4229689762129859,0.6965714440348514,0.5440196542740666,0.20949860022013223,-0.4229689762129869,0.7531749888337397,0.49530488523261995,10.203121465731735,0.29350995458765083,0.17733544446957702,0.2264193621352635,0.5962451933951595
v2vol,150,0.0,60,0.96,20,0.0,20,,,,False,sym,3,,,10,,,fixed,,1.0,0.0,0.85,1.0,0.21998704760336252,-0.4049193923427835,0.7878843289412504,0.5432860262151461,0.25812565110821706,-0.48847178785744894,0.7054174194329359,0.5284351267048939,0.2373747899198797,-0.4884717878574487,0.7522572205704712,0.4859539400649134,10.203121465731735,0.3475752177684373,0.17733544446957702,0.2264193621352635,0.5962451933951595
v2vol,150,0.0,60,0.96,20,0.0,20,,,,False,sym,3,,,10,,,fixed,,1.0,0.0,1.0,1.0,0.24387909491969495,-0.4549944409828729,0.7784207959737426,0.5360045595125748,0.28089973645671673,-0.5480042840198347,0.7095486251125981,0.5125867527826657,0.2614896880939135,-0.5480042840198349,0.7495802021203692,0.477167233394199,10.203121465731735,0.4027149026922706,0.17733544446957702,0.2264193621352635,0.5962451933951595
v2vol,150,0.0,60,0.96,20,0.0,20,,,,False,sym,5,0.9,,10,,,fixed,,1.0,0.0,0.4,1.0,0.13955401358379227,-0.2342177126135172,0.9030669886545059,0.5958303154214064,0.21879297145995436,-0.25699422704133223,0.9404883307734241,0.8513536431492137,0.17004263652982732,-0.2569942270413321,0.9175203842695956,0.6616593628870875,5.244062429314634,0.17405251459198,0.8213073965166252,0.1786926034833748,
v2vol,150,0.0,60,0.96,20,0.0,20,,,,False,sym,5,0.9,,10,,,fixed,,1.0,0.0,0.5,1.0,0.16204184798516152,-0.2870203842555227,0.883292037211406,0.5645656436753363,0.2446177841175925,-0.29669090796628517,0.9149153171226665,0.8244869578052252,0.19413629772251317,-0.2966909079662853,0.8965907473100474,0.654338547322704,7.752092286812938,0.20819835451321203,0.24655055417326396,0.1786926034833748,0.5747568423433612
v2vol,150,0.0,60,0.96,20,0.0,20,,,,False,sym,5,0.9,,10,,,fixed,,1.0,0.0,0.6,1.0,0.1835464008904475,-0.33702607423793307,0.8658255032123384,0.544605936812081,0.26853725695397523,-0.3346161949814952,0.89129010644144,0.8025231921868747,0.21692578462051548,-0.33702607423793307,0.8773080209210273,0.6436468902621778,7.752092286812938,0.24351813572236455,0.24655055417326396,0.1786926034833748,0.5747568423433612
v2vol,150,0.0,60,0.96,20,0.0,20,,,,False,sym,5,0.9,,10,,,fixed,,1.0,0.0,0.7,1.0,0.20399302593581847,-0.38431377500129327,0.8510976776842956,0.5307981113482909,0.2904061085448739,-0.3708326304066265,0.8707994200930373,0.7831190805038838,0.2383100198480168,-0.38431377500129327,0.8606586481144707,0.6200923186976965,7.752092286812938,0.2795672739196273,0.24655055417326396,0.1786926034833748,0.5747568423433612
v2vol,150,0.0,60,0.96,20,0.0,20,,,,False,sym,5,0.9,,10,,,fixed,,1.0,0.0,0.85,1.0,0.2325207911871654,-0.4503549018281797,0.8333908894617892,0.5163056741322585,0.319064690797743,-0.42208625983477854,0.8456180586399635,0.7559229502581717,0.26753856745785853,-0.4503549018281797,0.8402875925335581,0.5940616308866787,7.752092286812938,0.3344917755137495,0.24655055417326396,0.1786926034833748,0.5747568423433612
v2vol,150,0.0,60,0.96,20,0.0,20,,,,False,sym,5,0.9,,10,,,fixed,,1.0,0.0,1.0,1.0,0.25826939595997134,-0.5107845907872213,0.8196889145375571,0.505632708226234,0.3423713793875438,-0.46983151274456647,0.8258004882203872,0.7287109742544686,0.29307290309397227,-0.5107845907872213,0.8243141280546927,0.5737700556751101,7.752092286812938,0.390053456612212,0.24655055417326396,0.1786926034833748,0.5747568423433612
v2vol,150,0.0,60,0.96,20,0.0,20,,,,False,sym,5,0.95,,10,,,fixed,,1.0,0.0,0.4,1.0,0.1329752197530527,-0.26713672261115007,0.8439088739723009,0.497779633040622,0.20306538906378369,-0.2764685060073585,0.864442232222265,0.734497364623437,0.16016111311570236,-0.2764685060073575,0.8520708630382976,0.5793105168783315,6.042071929427731,0.1783416888570865,0.8086405790545126,0.19135942094548744,
v2vol,150,0.0,60,0.96,20,0.0,20,,,,False,sym,5,0.95,,10,,,fixed,,1.0,0.0,0.5,1.0,0.1517097614544316,-0.3254891249201647,0.8169905589151341,0.4660977889557529,0.2271561513098994,-0.320140192880062,0.846189339460032,0.709552116109962,0.18122090240791722,-0.3254891249201647,0.8302244178284185,0.556764845683759,8.037095679710472,0.21293271809958517,0.22257407826283646,0.19135942094548744,0.5860665007916761
v2vol,150,0.0,60,0.96,20,0.0,20,,,,False,sym,5,0.95,,10,,,fixed,,1.0,0.0,0.6,1.0,0.16927552159350379,-0.38012641294463356,0.794490416999231,0.44531375834217346,0.24925271787341652,-0.3616926939250491,0.8281023023751931,0.6891284288011283,0.2008202524017353,-0.38012641294463356,0.8104161914039797,0.5282986016312035,8.037095679710472,0.24876549890652988,0.22257407826283646,0.19135942094548744,0.5860665007916761
v2vol,150,0.0,60,0.96,20,0.0,20,,,,False,sym,5,0.95,,10,,,fixed,,1.0,0.0,0.7,1.0,0.18560496367695878,-0.4312010931449367,0.7760498480859821,0.4304371362402197,0.269215680379965,-0.4011959701408585,0.8118714029666136,0.6710328627813593,0.21886568831483943,-0.4312010931449367,0.7934359576796516,0.5075722019129334,8.037095679710472,0.28537265287902014,0.22257407826283646,0.19135942094548744,0.5860665007916761
v2vol,150,0.0,60,0.96,20,0.0,20,,,,False,sym,5,0.95,,10,,,fixed,,1.0,0.0,0.85,1.0,0.20764091096829262,-0.5014916634173093,0.7543236015751338,0.41404658564684277,0.29487550588551126,-0.4567608528034055,0.7914513351441714,0.6455796377375376,0.24282713636030406,-0.5014916634173093,0.7727580173428497,0.48420971687866093,8.037095679710472,0.3411890856274722,0.22257407826283646,0.19135942094548744,0.5860665007916761
v2vol,150,0.0,60,0.96,20,0.0,20,,,,False,sym,5,0.95,,10,,,fixed,,1.0,0.0,1.0,1.0,0.2265480997264353,-0.5646549914855725,0.7377661459751699,0.401215083799049,0.3150412802017051,-0.5081047028774612,0.7751032829154955,0.6200322067825518,0.26281575332376916,-0.5646549914855725,0.7565987217125693,0.4654448420482693,8.037095679710472,0.39768513052733234,0.22257407826283646,0.19135942094548744,0.5860665007916761
v2vol,150,0.0,60,0.96,20,0.0,20,,,,False,sym,5,,,10,,,fixed,,1.0,0.0,0.4,1.0,0.13822885553079378,-0.2671367226111476,0.848163152737389,0.5174461009316339,0.14883986314539377,-0.316085070546383,0.5843688011687223,0.4708854577918215,0.14363435488530096,-0.316085070546383,0.7176311742403261,0.45441676393325175,5.70006785795069,0.1965655377614119,0.7837593304682199,0.21624066953178014,
v2vol,150,0.0,60,0.96,20,0.0,20,,,,False,sym,5,,,10,,,fixed,,1.0,0.0,0.5,1.0,0.15538243619657366,-0.3254891249201656,0.8135294578768711,0.4773813448749943,0.16957978213192737,-0.3475718884410004,0.6076867791874015,0.4878984399243588,0.1625017519742653,-0.3475718884410006,0.7157698962806078,0.46753422062742434,6.954082786699842,0.23000120839890553,0.19022845510065595,0.21624066953178014,0.5935308753675639
v2vol,150,0.0,60,0.96,20,0.0,20,,,,False,sym,5,,,10,,,fixed,,1.0,0.0,0.6,1.0,0.17123988099250376,-0.3801264129446339,0.7851472445262301,0.45048140608278425,0.18819584863807037,-0.3780188875967847,0.6207353047793719,0.4978477393934088,0.17977061235151437,-0.3801264129446339,0.7096145309503658,0.4729232335078444,6.954082786699842,0.265205166701463,0.19022845510065595,0.21624066953178014,0.5935308753675639
v2vol,150,0.0,60,0.96,20,0.0,20,,,,False,sym,5,,,10,,,fixed,,1.0,0.0,0.7,1.0,0.1857354730479086,-0.43120109314493804,0.7621296662636214,0.4307398009899711,0.2045590256122527,-0.4074467085817217,0.6279514095322526,0.5020509953910309,0.19535132510155506,-0.43120109314493804,0.7022124145034989,0.45303995793881796,6.954082786699842,0.30155875775048396,0.19022845510065595,0.21624066953178014,0.5935308753675639
v2vol,150,0.0,60,0.96,20,0.0,20,,,,False,sym,5,,,10,,,fixed,,1.0,0.0,0.85,1.0,0.20479127369881023,-0.5014916634173082,0.7352204228628164,0.4083642633325222,0.2246229827307591,-0.4497223871072712,0.632945034040844,0.49947031584438406,0.21537543186986463,-0.5014916634173082,0.6912500800752533,0.4294696155111225,6.954082786699842,0.3574752635565407,0.19022845510065595,0.21624066953178014,0.5935308753675639
v2vol,150,0.0,60,0.96,20,0.0,20,,,,False,sym,5,,,10,,,fixed,,1.0,0.0,1.0,1.0,0.22045445211061754,-0.5646549914855721,0.7148376560398633,0.39042327692989237,0.23900240505037518,-0.4898199946560051,0.6344357444941902,0.4879392586213713,0.2311586925753537,-0.5646549914855721,0.6814980273106713,0.4093804111554732,6.954082786699842,0.41445563366014154,0.19022845510065595,0.21624066953178014,0.5935308753675639
v2vol,150,0.0,60,0.96,60,0.0,20,0.7,,,True,sym,3,0.9,,10,,,fixed,,1.0,0.0,0.4,1.0,0.13396640538232996,-0.2098169802811004,0.8765024283173736,0.6384917236100227,0.20653871740988228,-0.23606162336818348,0.8958025152092612,0.8749355971671238,0.16204839375849,-0.23606162336818348,0.8833208557437531,0.6864664889038079,10.602126215788283,0.17275963447856943,0.7762949558923321,0.22370504410766795,
v2vol,150,0.0,60,0.96,60,0.0,20,0.7,,,True,sym,3,0.9,,10,,,fixed,,1.0,0.0,0.5,1.0,0.1589123139102091,-0.24883925349636205,0.8865393907058706,0.6386143330579167,0.2272163416718318,-0.2581594924833539,0.8743269992159863,0.8801394033050428,0.18586234626984255,-0.25815949248335346,0.8811273239587942,0.7199516255704882,11.457136394480885,0.20263850116211757,0.23071703234562316,0.22370504410766795,0.5455779235467089
v2vol,150,0.0,60,0.96,60,0.0,20,0.7,,,True,sym,3,0.9,,10,,,fixed,,1.0,0.0,0.6,1.0,0.1831577021623605,-0.28992238695947226,0.8888028996227637,0.6317473586058872,0.2462230393290128,-0.28123957225559093,0.8519142951685014,0.8754921555109071,0.20862892059381632,-0.28992238695947226,0.8737904971237066,0.7196026591178011,11.457136394480885,0.23403578620649795,0.23071703234562316,0.22370504410766795,0.5455779235467089
v2vol,150,0.0,60,0.96,60,0.0,20,0.7,,,True,sym,3,0.9,,10,,,fixed,,1.0,0.0,0.7,1.0,0.2066321860361564,-0.3295381029938551,0.8877173419786012,0.6270357939154899,0.2634598729364859,-0.30871588817683937,0.8310967779531783,0.8534056167059667,0.23026315311363832,-0.3295381029938551,0.8649885678807067,0.6987451557853146,11.457136394480885,0.26641518823325605,0.23071703234562316,0.22370504410766795,0.5455779235467089
v2vol,150,0.0,60,0.96,60,0.0,20,0.7,,,True,sym,3,0.9,,10,,,fixed,,1.0,0.0,0.85,1.0,0.24024570971297954,-0.38620025947315806,0.8837599948767376,0.6220754746273733,0.28579475023743317,-0.35186941241430525,0.8041641493171325,0.8122182268600457,0.26041021829422983,-0.38620025947315806,0.8519879705862071,0.6742880459207176,11.457136394480885,0.31616388216472374,0.23071703234562316,0.22370504410766795,0.5455779235467089
v2vol,150,0.0,60,0.96,60,0.0,20,0.7,,,True,sym,3,0.9,,10,,,fixed,,1.0,0.0,1.0,1.0,0.2717350569271555,-0.4395532903156688,0.879117889239831,0.6182073093617539,0.30365361393282386,-0.4172317423060886,0.7821212675839849,0.7277816693775379,0.2875528924250732,-0.4395532903156688,0.8404490556997501,0.6541934704175795,11.457136394480885,0.36681529378364974,0.23071703234562316,0.22370504410766795,0.5455779235467089
v2vol,150,0.0,60,0.96,60,0.0,20,0.7,,,True,sym,3,0.95,,10,,,fixed,,1.0,0.0,0.4,1.0,0.1342716610729715,-0.2098169802811004,0.8628460772982119,0.6399465900857131,0.19407990935397623,-0.29163662248654487,0.8318737767134065,0.6654853828000645,0.15774235234262846,-0.2916366224865454,0.847752913897127,0.5408866383024507,10.716127572947297,0.176365967620411,0.7505089346301742,0.24949106536982582,
v2vol,150,0.0,60,0.96,60,0.0,20,0.7,,,True,sym,3,0.95,,10,,,fixed,,1.0,0.0,0.5,1.0,0.15922428486199047,-0.23312604967814654,0.8772243223736809,0.6829965380609129,0.21451501477750057,-0.312126915527311,0.821300756088224,0.6872685568147697,0.1814575129273448,-0.31212691552731087,0.8528672500794972,0.5813581075531034,11.514137073060393,0.20572335861742344,0.204704817914499,0.24949106536982582,0.5458041167156752
v2vol,150,0.0,60,0.96,60,0.0,20,0.7,,,True,sym,3,0.95,,10,,,fixed,,1.0,0.0,0.6,1.0,0.18347619980020724,-0.2730509340897457,0.8823535268205619,0.6719486253063055,0.23329553961545169,-0.3335279653512834,0.807118117657205,0.6994781962877884,0.204128767706087,-0.33352796535128215,0.850794400338799,0.6120289418342841,11.514137073060393,0.23671327017796673,0.204704817914499,0.24949106536982582,0.5458041167156752
v2vol,150,0.0,60,0.96,60,0.0,20,0.7,,,True,sym,3,0.95,,10,,,fixed,,1.0,0.0,0.7,1.0,0.20695700283809249,-0.3117764089241697,0.8831757629912835,0.66379943098398,0.2503236931162993,-0.35900543387880346,0.7925536589379265,0.6972699282340279,0.22567149791248253,-0.3590054338788037,0.8458249897674709,0.6286019001836801,11.514137073060393,0.26877159546206897,0.204704817914499,0.24949106536982582,0.5458041167156752
v2vol,150,0.0,60,0.96,60,0.0,20,0.7,,,True,sym,3,0.95,,10,,,fixed,,1.0,0.0,0.85,1.0,0.2405795750364026,-0.3675529572203887,0.8810093054356156,0.6545439787936422,0.27238072895016474,-0.3964681955024938,0.7724705225350329,0.6870178542441281,0.25568921112661647,-0.39646819550249335,0.836836496117175,0.644917332656532,11.514137073060393,0.31815370439750296,0.204704817914499,0.24949106536982582,0.5458041167156752
v2vol,150,0.0,60,0.96,60,0.0,20,0.7,,,True,sym,3,0.95,,10,,,fixed,,1.0,0.0,1.0,1.0,0.27207739895887095,-0.4204909365139352,0.8774282739614497,0.6470469999056786,0.2900069976984121,-0.45345493401800174,0.7552928193734059,0.639549767666436,0.28271301236612456,-0.45345493401800174,0.8280160137452334,0.6234644088245848,11.514137073060393,0.36853320444981946,0.204704817914499,0.24949106536982582,0.5458041167156752
v2vol,150,0.0,60,0.96,60,0.0,20,0.7,,,True,sym,3,,,10,,,fixed,,1.0,0.0,0.4,1.0,0.14140168258392416,-0.2319600935190591,0.8815796486514877,0.6095948679737269,0.157175059706105,-0.2773918518507541,0.6306113884368979,0.5666174354345143,0.14873003264673046,-0.27739185185075477,0.7592685032902555,0.5361730406080988,9.348111287039131,0.1898663593879614,0.7208776294955892,0.27912237050441074,
v2vol,150,0.0,60,0.96,60,0.0,20,0.7,,,True,sym,3,,,10,,,fixed,,1.0,0.0,0.5,1.0,0.1669975211748398,-0.25890635665649353,0.895766313299637,0.6450112825789185,0.17609724182202036,-0.31700285598389344,0.650084731912495,0.555506799064825,0.17223820085376484,-0.3170028559838932,0.781276904941816,0.5433332779264178,10.032119429993214,0.21780903061236895,0.17394254693508257,0.27912237050441074,0.5469350825605067
v2vol,150,0.0,60,0.96,60,0.0,20,0.7,,,True,sym,3,,,10,,,fixed,,1.0,0.0,0.6,1.0,0.19187392155998717,-0.2994388914033618,0.9004069343257874,0.6407782257700178,0.19338517564577118,-0.3638213357247976,0.6598159313354566,0.5315388534334115,0.19468626084370855,-0.36382133572479836,0.791938984164369,0.5351150186281903,10.032119429993214,0.24771899038270992,0.17394254693508257,0.27912237050441074,0.5469350825605067
v2vol,150,0.0,60,0.96,60,0.0,20,0.7,,,True,sym,3,,,10,,,fixed,,1.0,0.0,0.7,1.0,0.21595675017180627,-0.3385236751413795,0.9006015090796928,0.637936918537869,0.20894772859451627,-0.408184931264,0.6639336723552559,0.5118947628651584,0.21598891140572163,-0.40818493126400046,0.7964718102247312,0.5291447450960094,10.032119429993214,0.2789641689662426,0.17394254693508257,0.27912237050441074,0.5469350825605067
v2vol,150,0.0,60,0.96,60,0.0,20,0.7,,,True,sym,3,,,10,,,fixed,,1.0,0.0,0.85,1.0,0.25043206633911486,-0.394426441866617,0.8974382246491172,0.6349271746436395,0.22887181539013612,-0.47028763172663923,0.6646092263112864,0.4866634798577285,0.24561362022057587,-0.4702876317266397,0.7975658716325342,0.5222625551916316,10.032119429993214,0.32749609689445086,0.17394254693508257,0.27912237050441074,0.5469350825605067
v2vol,150,0.0,60,0.96,60,0.0,20,0.7,,,True,sym,3,,,10,,,fixed,,1.0,0.0,1.0,1.0,0.2827111288773476,-0.4470644320631699,0.8929180918707751,0.6323722233340198,0.24446427040700214,-0.5272849847535506,0.6622177207417551,0.46362835558699456,0.2722037334310876,-0.5272849847535508,0.7956038833029695,0.5162364590342235,10.032119429993214,0.37733837019924904,0.17394254693508257,0.27912237050441074,0.5469350825605067
v2vol,150,0.0,60,0.96,60,0.0,20,0.7,,,True,sym,5,0.9,,10,,,fixed,,1.0,0.0,0.4,1.0,0.14196349811418707,-0.22635129181161728,0.9183544383531557,0.6271821864941568,0.21698213684198464,-0.24996672790575358,0.9452276694798996,0.8680440739448919,0.1709398241792628,-0.24996672790575258,0.9289199839363721,0.6838503092448124,6.954082786699842,0.17242467814290408,0.7873784211716807,0.2126215788283194,
v2vol,150,0.0,60,0.96,60,0.0,20,0.7,,,True,sym,5,0.9,,10,,,fixed,,1.0,0.0,0.5,1.0,0.17013011890396879,-0.26081186177781324,0.9273338442961174,0.6523097444429248,0.244280984416954,-0.28027113663799486,0.9373372379289242,0.8715880891169803,0.1992121439703023,-0.28027113663799585,0.9324314757557147,0.7107836588524952,8.037095679710472,0.2037269953411053,0.23863379325944356,0.2126215788283194,0.5487446279122371
v2vol,150,0.0,60,0.96,60,0.0,20,0.7,,,True,sym,5,0.9,,10,,,fixed,,1.0,0.0,0.6,1.0,0.1976193838705962,-0.294053777296968,0.9294055208412776,0.6720518460506572,0.27012217507079916,-0.3096249646238628,0.9248816744953264,0.8724172981301678,0.22653787163490113,-0.30962496462386424,0.929474753595924,0.7316524748258003,8.037095679710472,0.23642780130151325,0.23863379325944356,0.2126215788283194,0.5487446279122371
v2vol,150,0.0,60,0.96,60,0.0,20,0.7,,,True,sym,5,0.9,,10,,,fixed,,1.0,0.0,0.7,1.0,0.22434866796706432,-0.32610521862081465,0.9286073537693103,0.6879640531847183,0.2943810263416411,-0.3380490124866504,0.9115892498411721,0.870823506260845,0.252816759793276,-0.3380490124866513,0.9241762368176142,0.7478701325987724,8.037095679710472,0.27001947971460005,0.23863379325944356,0.2126215788283194,0.5487446279122371
v2vol,150,0.0,60,0.96,60,0.0,20,0.7,,,True,sym,5,0.9,,10,,,fixed,,1.0,0.0,0.85,1.0,0.2628373463617897,-0.37204003057898294,0.9254660958366758,0.7064759831159892,0.32753936649829996,-0.37898676494000605,0.8929497462694141,0.8642501448570368,0.29005572899314536,-0.3789867649400056,0.9152882517903473,0.7653452727803352,8.037095679710472,0.3214650233230063,0.23863379325944356,0.2126215788283194,0.5487446279122371
v2vol,150,0.0,60,0.96,60,0.0,20,0.7,,,True,sym,5,0.9,,10,,,fixed,,1.0,0.0,1.0,1.0,0.2991548054000128,-0.41549067109742077,0.9217666894745882,0.7200036636439173,0.3564795804512768,-0.4179475119962105,0.876871510702876,0.8529290645819396,0.32438903878212155,-0.4179475119962105,0.9068994928059285,0.7761477924172038,8.037095679710472,0.37371345655957333,0.23863379325944356,0.2126215788283194,0.5487446279122371
v2vol,150,0.0,60,0.96,60,0.0,20,0.7,,,True,sym,5,0.95,,10,,,fixed,,1.0,0.0,0.4,1.0,0.13840953472084383,-0.24993991446177455,0.8797123390493056,0.5537712334538387,0.20890151078103458,-0.26944532486974415,0.8996645358005692,0.7753020427503139,0.16574948470602635,-0.2694453248697438,0.8878865290548204,0.6151507167034853,7.410088215335897,0.17610218728701085,0.7638543315991857,0.2361456684008143,
v2vol,150,0.0,60,0.96,60,0.0,20,0.7,,,True,sym,5,0.95,,10,,,fixed,,1.0,0.0,0.5,1.0,0.16576870507152952,-0.28334977837412756,0.8940882615826893,0.5850320618661395,0.23515048815374695,-0.30221210922294095,0.8969680797086977,0.7780975049556242,0.19312152789001114,-0.30221210922294095,0.8965241957624944,0.6390264387041684,8.208097715448993,0.20693312605331707,0.21397873784211716,0.2361456684008143,0.5498755937570685
v2vol,150,0.0,60,0.96,60,0.0,20,0.7,,,True,sym,5,0.95,,10,,,fixed,,1.0,0.0,0.6,1.0,0.19241429877831795,-0.3155781447293641,0.8997111217793392,0.6097199758346069,0.25991168805689346,-0.33378857350171864,0.8884002244190724,0.7786716163774109,0.21951162170661576,-0.3337885735017172,0.8971795524531,0.6576367171702673,8.208097715448993,0.23928495496236538,0.21397873784211716,0.2361456684008143,0.5498755937570685
v2vol,150,0.0,60,0.96,60,0.0,20,0.7,,,True,sym,5,0.95,,10,,,fixed,,1.0,0.0,0.7,1.0,0.21826498844363829,-0.34665233456066646,0.9013072873948236,0.6296365744089355,0.2830643230351706,-0.3642074944213459,0.8780122628797936,0.77720620078097,0.2448216698222796,-0.36420749442134637,0.8944500057879737,0.6722038221955119,8.208097715448993,0.27261675188201306,0.21397873784211716,0.2361456684008143,0.5498755937570685
v2vol,150,0.0,60,0.96,60,0.0,20,0.7,,,True,sym,5,0.95,,10,,,fixed,,1.0,0.0,0.85,1.0,0.2553736626313623,-0.3911865897359972,0.9004801579789,0.6528180396053661,0.314523515893707,-0.40773580803833664,0.8624817060176031,0.7713904682713921,0.28055048730790344,-0.407735808038337,0.8881801138576585,0.688069288438667,8.208097715448993,0.32378810256692314,0.21397873784211716,0.2361456684008143,0.5498755937570685
v2vol,150,0.0,60,0.96,60,0.0,20,0.7,,,True,sym,5,0.95,,10,,,fixed,,1.0,0.0,1.0,1.0,0.29024201080666057,-0.4333124160949219,0.8982203495235561,0.6698215883642712,0.34173079652644023,-0.4488383899921956,0.8485528695918789,0.7613671293411025,0.3133137336744629,-0.44883838999219516,0.8815132831239423,0.6980546688083235,8.208097715448993,0.3758556916504798,0.21397873784211716,0.2361456684008143,0.5498755937570685
v2vol,150,0.0,60,0.96,60,0.0,20,0.7,,,True,sym,5,,,10,,,fixed,,1.0,0.0,0.4,1.0,0.1438509341189611,-0.24993991446177477,0.883366584243415,0.5755420634944697,0.15729076122516705,-0.29409445423294434,0.6211653076433586,0.5348307625705219,0.15031574391378233,-0.2940944542329442,0.7543430339681765,0.5111138334989523,6.384076000904773,0.1940576406178812,0.7349016059714997,0.26509839402850033,
v2vol,150,0.0,60,0.96,60,0.0,20,0.7,,,True,sym,5,,,10,,,fixed,,1.0,0.0,0.5,1.0,0.16858362779599023,-0.2833497783741272,0.8839789374478147,0.5949665066382973,0.18252926277437953,-0.29409445423294445,0.6624696495697437,0.620648435042583,0.1756304410561873,-0.29409445423294434,0.7808274385599191,0.5971905914182086,6.954082786699842,0.22320583496447727,0.18163311467993667,0.26509839402850033,0.553268491291563
v2vol,150,0.0,60,0.96,60,0.0,20,0.7,,,True,sym,5,,,10,,,fixed,,1.0,0.0,0.6,1.0,0.19241134215627365,-0.31557814472936374,0.8794507244284168,0.6097106069283836,0.20633522151613803,-0.31439942906426266,0.6895296490954023,0.6562837029642427,0.19985576642260994,-0.31557814472936374,0.7949398261789387,0.6333004035941843,6.954082786699842,0.25433834110561304,0.18163311467993667,0.26509839402850033,0.553268491291563
v2vol,150,0.0,60,0.96,60,0.0,20,0.7,,,True,sym,5,,,10,,,fixed,,1.0,0.0,0.7,1.0,0.21525381780920494,-0.34665233456066746,0.873311437596683,0.6209501461514995,0.2285919406976049,-0.3457036497969579,0.7073547739461666,0.6612367003699955,0.2228965280196904,-0.34665233456066746,0.802209350969331,0.6429973370933159,6.954082786699842,0.2868097084561049,0.18163311467993667,0.26509839402850033,0.553268491291563
v2vol,150,0.0,60,0.96,60,0.0,20,0.7,,,True,sym,5,,,10,,,fixed,,1.0,0.0,0.85,1.0,0.24749809770158282,-0.3911865897359972,0.8638665447122819,0.6326855372742035,0.25882715624324426,-0.39049879362170437,0.7235722756366854,0.6628116666961666,0.255033672964575,-0.3911865897359972,0.8064800805016406,0.6519489155717004,6.954082786699842,0.33717768459848807,0.18163311467993667,0.26509839402850033,0.553268491291563
v2vol,150,0.0,60,0.96,60,0.0,20,0.7,,,True,sym,5,,,10,,,fixed,,1.0,0.0,1.0,1.0,0.27709005312366264,-0.4333124160949221,0.8553283546734857,0.6394694516737847,0.2849656736169295,-0.4327976082827124,0.7325169165337815,0.6584270988641507,0.2839941574458946,-0.4333124160949221,0.8069255546832091,0.6554027692197087,6.954082786699842,0.38884866063105816,0.18163311467993667,0.26509839402850033,0.553268491291563
v2vol,150,0.0,60,0.96,60,0.0,20,0.7,,,False,sym,3,0.9,,10,,,fixed,,1.0,0.0,0.4,1.0,0.13396640538232996,-0.2098169802811004,0.8765024283173736,0.6384917236100227,0.20653871740988228,-0.23606162336818348,0.8958025152092612,0.8749355971671238,0.16204839375849,-0.23606162336818348,0.8833208557437531,0.6864664889038079,10.602126215788283,0.17275963447856943,0.7762949558923321,0.22370504410766795,
v2vol,150,0.0,60,0.96,60,0.0,20,0.7,,,False,sym,3,0.9,,10,,,fixed,,1.0,0.0,0.5,1.0,0.1589123139102091,-0.24883925349636205,0.8865393907058706,0.6386143330579167,0.2272163416718318,-0.2581594924833539,0.8743269992159863,0.8801394033050428,0.18586234626984255,-0.25815949248335346,0.8811273239587942,0.7199516255704882,11.457136394480885,0.20263850116211757,0.23071703234562316,0.22370504410766795,0.5455779235467089
v2vol,150,0.0,60,0.96,60,0.0,20,0.7,,,False,sym,3,0.9,,10,,,fixed,,1.0,0.0,0.6,1.0,0.1831577021623605,-0.28992238695947226,0.8888028996227637,0.6317473586058872,0.2462230393290128,-0.28123957225559093,0.8519142951685014,0.8754921555109071,0.20862892059381632,-0.28992238695947226,0.8737904971237066,0.7196026591178011,11.457136394480885,0.23403578620649795,0.23071703234562316,0.22370504410766795,0.5455779235467089
v2vol,150,0.0,60,0.96,60,0.0,20,0.7,,,False,sym,3,0.9,,10,,,fixed,,1.0,0.0,0.7,1.0,0.2066321860361564,-0.3295381029938551,0.8877173419786012,0.6270357939154899,0.2634598729364859,-0.30871588817683937,0.8310967779531783,0.8534056167059667,0.23026315311363832,-0.3295381029938551,0.8649885678807067,0.6987451557853146,11.457136394480885,0.26641518823325605,0.23071703234562316,0.22370504410766795,0.5455779235467089
v2vol,150,0.0,60,0.96,60,0.0,20,0.7,,,False,sym,3,0.9,,10,,,fixed,,1.0,0.0,0.85,1.0,0.24024570971297954,-0.38620025947315806,0.8837599948767376,0.6220754746273733,0.28579475023743317,-0.35186941241430525,0.8041641493171325,0.8122182268600457,0.26041021829422983,-0.38620025947315806,0.8519879705862071,0.6742880459207176,11.457136394480885,0.31616388216472374,0.23071703234562316,0.22370504410766795,0.5455779235467089
v2vol,150,0.0,60,0.96,60,0.0,20,0.7,,,False,sym,3,0.9,,10,,,fixed,,1.0,0.0,1.0,1.0,0.2717350569271555,-0.4395532903156688,0.879117889239831,0.6182073093617539,0.30365361393282386,-0.4172317423060886,0.7821212675839849,0.7277816693775379,0.2875528924250732,-0.4395532903156688,0.8404490556997501,0.6541934704175795,11.457136394480885,0.36681529378364974,0.23071703234562316,0.22370504410766795,0.5455779235467089
v2vol,150,0.0,60,0.96,60,0.0,20,0.7,,,False,sym,3,0.95,,10,,,fixed,,1.0,0.0,0.4,1.0,0.1342716610729715,-0.2098169802811004,0.8628460772982119,0.6399465900857131,0.19407990935397623,-0.29163662248654487,0.8318737767134065,0.6654853828000645,0.15774235234262846,-0.2916366224865454,0.847752913897127,0.5408866383024507,10.716127572947297,0.176365967620411,0.7505089346301742,0.24949106536982582,
v2vol,150,0.0,60,0.96,60,0.0,20,0.7,,,False,sym,3,0.95,,10,,,fixed,,1.0,0.0,0.5,1.0,0.15922428486199047,-0.23312604967814654,0.8772243223736809,0.6829965380609129,0.21451501477750057,-0.312126915527311,0.821300756088224,0.6872685568147697,0.1814575129273448,-0.31212691552731087,0.8528672500794972,0.5813581075531034,11.514137073060393,0.20572335861742344,0.204704817914499,0.24949106536982582,0.5458041167156752
v2vol,150,0.0,60,0.96,60,0.0,20,0.7,,,False,sym,3,0.95,,10,,,fixed,,1.0,0.0,0.6,1.0,0.18347619980020724,-0.2730509340897457,0.8823535268205619,0.6719486253063055,0.23329553961545169,-0.3335279653512834,0.807118117657205,0.6994781962877884,0.204128767706087,-0.33352796535128215,0.850794400338799,0.6120289418342841,11.514137073060393,0.23671327017796673,0.204704817914499,0.24949106536982582,0.5458041167156752
v2vol,150,0.0,60,0.96,60,0.0,20,0.7,,,False,sym,3,0.95,,10,,,fixed,,1.0,0.0,0.7,1.0,0.20695700283809249,-0.3117764089241697,0.8831757629912835,0.66379943098398,0.2503236931162993,-0.35900543387880346,0.7925536589379265,0.6972699282340279,0.22567149791248253,-0.3590054338788037,0.8458249897674709,0.6286019001836801,11.514137073060393,0.26877159546206897,0.204704817914499,0.24949106536982582,0.5458041167156752
v2vol,150,0.0,60,0.96,60,0.0,20,0.7,,,False,sym,3,0.95,,10,,,fixed,,1.0,0.0,0.85,1.0,0.2405795750364026,-0.3675529572203887,0.8810093054356156,0.6545439787936422,0.27238072895016474,-0.3964681955024938,0.7724705225350329,0.6870178542441281,0.25568921112661647,-0.39646819550249335,0.836836496117175,0.644917332656532,11.514137073060393,0.31815370439750296,0.204704817914499,0.24949106536982582,0.5458041167156752
v2vol,150,0.0,60,0.96,60,0.0,20,0.7,,,False,sym,3,0.95,,10,,,fixed,,1.0,0.0,1.0,1.0,0.27207739895887095,-0.4204909365139352,0.8774282739614497,0.6470469999056786,0.2900069976984121,-0.45345493401800174,0.7552928193734059,0.639549767666436,0.28271301236612456,-0.45345493401800174,0.8280160137452334,0.6234644088245848,11.514137073060393,0.36853320444981946,0.204704817914499,0.24949106536982582,0.5458041167156752
v2vol,150,0.0,60,0.96,60,0.0,20,0.7,,,False,sym,3,,,10,,,fixed,,1.0,0.0,0.4,1.0,0.14140168258392416,-0.2319600935190591,0.8815796486514877,0.6095948679737269,0.157175059706105,-0.2773918518507541,0.6306113884368979,0.5666174354345143,0.14873003264673046,-0.27739185185075477,0.7592685032902555,0.5361730406080988,9.348111287039131,0.1898663593879614,0.7208776294955892,0.27912237050441074,
v2vol,150,0.0,60,0.96,60,0.0,20,0.7,,,False,sym,3,,,10,,,fixed,,1.0,0.0,0.5,1.0,0.1669975211748398,-0.25890635665649353,0.895766313299637,0.6450112825789185,0.17609724182202036,-0.31700285598389344,0.650084731912495,0.555506799064825,0.17223820085376484,-0.3170028559838932,0.781276904941816,0.5433332779264178,10.032119429993214,0.21780903061236895,0.17394254693508257,0.27912237050441074,0.5469350825605067
v2vol,150,0.0,60,0.96,60,0.0,20,0.7,,,False,sym,3,,,10,,,fixed,,1.0,0.0,0.6,1.0,0.19187392155998717,-0.2994388914033618,0.9004069343257874,0.6407782257700178,0.19338517564577118,-0.3638213357247976,0.6598159313354566,0.5315388534334115,0.19468626084370855,-0.36382133572479836,0.791938984164369,0.5351150186281903,10.032119429993214,0.24771899038270992,0.17394254693508257,0.27912237050441074,0.5469350825605067
v2vol,150,0.0,60,0.96,60,0.0,20,0.7,,,False,sym,3,,,10,,,fixed,,1.0,0.0,0.7,1.0,0.21595675017180627,-0.3385236751413795,0.9006015090796928,0.637936918537869,0.20894772859451627,-0.408184931264,0.6639336723552559,0.5118947628651584,0.21598891140572163,-0.40818493126400046,0.7964718102247312,0.5291447450960094,10.032119429993214,0.2789641689662426,0.17394254693508257,0.27912237050441074,0.5469350825605067
v2vol,150,0.0,60,0.96,60,0.0,20,0.7,,,False,sym,3,,,10,,,fixed,,1.0,0.0,0.85,1.0,0.25043206633911486,-0.394426441866617,0.8974382246491172,0.6349271746436395,0.22887181539013612,-0.47028763172663923,0.6646092263112864,0.4866634798577285,0.24561362022057587,-0.4702876317266397,0.7975658716325342,0.5222625551916316,10.032119429993214,0.32749609689445086,0.17394254693508257,0.27912237050441074,0.5469350825605067
v2vol,150,0.0,60,0.96,60,0.0,20,0.7,,,False,sym,3,,,10,,,fixed,,1.0,0.0,1.0,1.0,0.2827111288773476,-0.4470644320631699,0.8929180918707751,0.6323722233340198,0.24446427040700214,-0.5272849847535506,0.6622177207417551,0.46362835558699456,0.2722037334310876,-0.5272849847535508,0.7956038833029695,0.5162364590342235,10.032119429993214,0.37733837019924904,0.17394254693508257,0.27912237050441074,0.5469350825605067
v2vol,150,0.0,60,0.96,60,0.0,20,0.7,,,False,sym,5,0.9,,10,,,fixed,,1.0,0.0,0.4,1.0,0.14196349811418707,-0.22635129181161728,0.9183544383531557,0.6271821864941568,0.21698213684198464,-0.24996672790575358,0.9452276694798996,0.8680440739448919,0.1709398241792628,-0.24996672790575258,0.9289199839363721,0.6838503092448124,6.954082786699842,0.17242467814290408,0.7873784211716807,0.2126215788283194,
v2vol,150,0.0,60,0.96,60,0.0,20,0.7,,,False,sym,5,0.9,,10,,,fixed,,1.0,0.0,0.5,1.0,0.17013011890396879,-0.26081186177781324,0.9273338442961174,0.6523097444429248,0.244280984416954,-0.28027113663799486,0.9373372379289242,0.8715880891169803,0.1992121439703023,-0.28027113663799585,0.9324314757557147,0.7107836588524952,8.037095679710472,0.2037269953411053,0.23863379325944356,0.2126215788283194,0.5487446279122371
v2vol,150,0.0,60,0.96,60,0.0,20,0.7,,,False,sym,5,0.9,,10,,,fixed,,1.0,0.0,0.6,1.0,0.1976193838705962,-0.294053777296968,0.9294055208412776,0.6720518460506572,0.27012217507079916,-0.3096249646238628,0.9248816744953264,0.8724172981301678,0.22653787163490113,-0.30962496462386424,0.929474753595924,0.7316524748258003,8.037095679710472,0.23642780130151325,0.23863379325944356,0.2126215788283194,0.5487446279122371
v2vol,150,0.0,60,0.96,60,0.0,20,0.7,,,False,sym,5,0.9,,10,,,fixed,,1.0,0.0,0.7,1.0,0.22434866796706432,-0.32610521862081465,0.9286073537693103,0.6879640531847183,0.2943810263416411,-0.3380490124866504,0.9115892498411721,0.870823506260845,0.252816759793276,-0.3380490124866513,0.9241762368176142,0.7478701325987724,8.037095679710472,0.27001947971460005,0.23863379325944356,0.2126215788283194,0.5487446279122371
v2vol,150,0.0,60,0.96,60,0.0,20,0.7,,,False,sym,5,0.9,,10,,,fixed,,1.0,0.0,0.85,1.0,0.2628373463617897,-0.37204003057898294,0.9254660958366758,0.7064759831159892,0.32753936649829996,-0.37898676494000605,0.8929497462694141,0.8642501448570368,0.29005572899314536,-0.3789867649400056,0.9152882517903473,0.7653452727803352,8.037095679710472,0.3214650233230063,0.23863379325944356,0.2126215788283194,0.5487446279122371
v2vol,150,0.0,60,0.96,60,0.0,20,0.7,,,False,sym,5,0.9,,10,,,fixed,,1.0,0.0,1.0,1.0,0.2991548054000128,-0.41549067109742077,0.9217666894745882,0.7200036636439173,0.3564795804512768,-0.4179475119962105,0.876871510702876,0.8529290645819396,0.32438903878212155,-0.4179475119962105,0.9068994928059285,0.7761477924172038,8.037095679710472,0.37371345655957333,0.23863379325944356,0.2126215788283194,0.5487446279122371
v2vol,150,0.0,60,0.96,60,0.0,20,0.7,,,False,sym,5,0.95,,10,,,fixed,,1.0,0.0,0.4,1.0,0.13840953472084383,-0.24993991446177455,0.8797123390493056,0.5537712334538387,0.20890151078103458,-0.26944532486974415,0.8996645358005692,0.7753020427503139,0.16574948470602635,-0.2694453248697438,0.8878865290548204,0.6151507167034853,7.410088215335897,0.17610218728701085,0.7638543315991857,0.2361456684008143,
v2vol,150,0.0,60,0.96,60,0.0,20,0.7,,,False,sym,5,0.95,,10,,,fixed,,1.0,0.0,0.5,1.0,0.16576870507152952,-0.28334977837412756,0.8940882615826893,0.5850320618661395,0.23515048815374695,-0.30221210922294095,0.8969680797086977,0.7780975049556242,0.19312152789001114,-0.30221210922294095,0.8965241957624944,0.6390264387041684,8.208097715448993,0.20693312605331707,0.21397873784211716,0.2361456684008143,0.5498755937570685
v2vol,150,0.0,60,0.96,60,0.0,20,0.7,,,False,sym,5,0.95,,10,,,fixed,,1.0,0.0,0.6,1.0,0.19241429877831795,-0.3155781447293641,0.8997111217793392,0.6097199758346069,0.25991168805689346,-0.33378857350171864,0.8884002244190724,0.7786716163774109,0.21951162170661576,-0.3337885735017172,0.8971795524531,0.6576367171702673,8.208097715448993,0.23928495496236538,0.21397873784211716,0.2361456684008143,0.5498755937570685
v2vol,150,0.0,60,0.96,60,0.0,20,0.7,,,False,sym,5,0.95,,10,,,fixed,,1.0,0.0,0.7,1.0,0.21826498844363829,-0.34665233456066646,0.9013072873948236,0.6296365744089355,0.2830643230351706,-0.3642074944213459,0.8780122628797936,0.77720620078097,0.2448216698222796,-0.36420749442134637,0.8944500057879737,0.6722038221955119,8.208097715448993,0.27261675188201306,0.21397873784211716,0.2361456684008143,0.5498755937570685
v2vol,150,0.0,60,0.96,60,0.0,20,0.7,,,False,sym,5,0.95,,10,,,fixed,,1.0,0.0,0.85,1.0,0.2553736626313623,-0.3911865897359972,0.9004801579789,0.6528180396053661,0.314523515893707,-0.40773580803833664,0.8624817060176031,0.7713904682713921,0.28055048730790344,-0.407735808038337,0.8881801138576585,0.688069288438667,8.208097715448993,0.32378810256692314,0.21397873784211716,0.2361456684008143,0.5498755937570685
v2vol,150,0.0,60,0.96,60,0.0,20,0.7,,,False,sym,5,0.95,,10,,,fixed,,1.0,0.0,1.0,1.0,0.29024201080666057,-0.4333124160949219,0.8982203495235561,0.6698215883642712,0.34173079652644023,-0.4488383899921956,0.8485528695918789,0.7613671293411025,0.3133137336744629,-0.44883838999219516,0.8815132831239423,0.6980546688083235,8.208097715448993,0.3758556916504798,0.21397873784211716,0.2361456684008143,0.5498755937570685
v2vol,150,0.0,60,0.96,60,0.0,20,0.7,,,False,sym,5,,,10,,,fixed,,1.0,0.0,0.4,1.0,0.1438509341189611,-0.24993991446177477,0.883366584243415,0.5755420634944697,0.15729076122516705,-0.29409445423294434,0.6211653076433586,0.5348307625705219,0.15031574391378233,-0.2940944542329442,0.7543430339681765,0.5111138334989523,6.384076000904773,0.1940576406178812,0.7349016059714997,0.26509839402850033,
v2vol,150,0.0,60,0.96,60,0.0,20,0.7,,,False,sym,5,,,10,,,fixed,,1.0,0.0,0.5,1.0,0.16858362779599023,-0.2833497783741272,0.8839789374478147,0.5949665066382973,0.18252926277437953,-0.29409445423294445,0.6624696495697437,0.620648435042583,0.1756304410561873,-0.29409445423294434,0.7808274385599191,0.5971905914182086,6.954082786699842,0.22320583496447727,0.18163311467993667,0.26509839402850033,0.553268491291563
v2vol,150,0.0,60,0.96,60,0.0,20,0.7,,,False,sym,5,,,10,,,fixed,,1.0,0.0,0.6,1.0,0.19241134215627365,-0.31557814472936374,0.8794507244284168,0.6097106069283836,0.20633522151613803,-0.31439942906426266,0.6895296490954023,0.6562837029642427,0.19985576642260994,-0.31557814472936374,0.7949398261789387,0.6333004035941843,6.954082786699842,0.25433834110561304,0.18163311467993667,0.26509839402850033,0.553268491291563
v2vol,150,0.0,60,0.96,60,0.0,20,0.7,,,False,sym,5,,,10,,,fixed,,1.0,0.0,0.7,1.0,0.21525381780920494,-0.34665233456066746,0.873311437596683,0.6209501461514995,0.2285919406976049,-0.3457036497969579,0.7073547739461666,0.6612367003699955,0.2228965280196904,-0.34665233456066746,0.802209350969331,0.6429973370933159,6.954082786699842,0.2868097084561049,0.18163311467993667,0.26509839402850033,0.553268491291563
v2vol,150,0.0,60,0.96,60,0.0,20,0.7,,,False,sym,5,,,10,,,fixed,,1.0,0.0,0.85,1.0,0.24749809770158282,-0.3911865897359972,0.8638665447122819,0.6326855372742035,0.25882715624324426,-0.39049879362170437,0.7235722756366854,0.6628116666961666,0.255033672964575,-0.3911865897359972,0.8064800805016406,0.6519489155717004,6.954082786699842,0.33717768459848807,0.18163311467993667,0.26509839402850033,0.553268491291563
v2vol,150,0.0,60,0.96,60,0.0,20,0.7,,,False,sym,5,,,10,,,fixed,,1.0,0.0,1.0,1.0,0.27709005312366264,-0.4333124160949221,0.8553283546734857,0.6394694516737847,0.2849656736169295,-0.4327976082827124,0.7325169165337815,0.6584270988641507,0.2839941574458946,-0.4333124160949221,0.8069255546832091,0.6554027692197087,6.954082786699842,0.38884866063105816,0.18163311467993667,0.26509839402850033,0.553268491291563
v2vol,150,0.0,60,0.96,60,0.0,20,,,,True,sym,3,0.9,,10,,,fixed,,1.0,0.0,0.4,1.0,0.1300327761240665,-0.24914844064564023,0.8376781200393159,0.5219088499494564,0.2113925548205493,-0.24976579458580928,0.9028694542329136,0.8463631105736679,0.16126483275282277,-0.24976579458580883,0.8650844212410167,0.6456642032198652,7.182085501017869,0.17635615432170923,0.8513910879891428,0.14860891201085727,
v2vol,150,0.0,60,0.96,60,0.0,20,,,,True,sym,3,0.9,,10,,,fixed,,1.0,0.0,0.5,1.0,0.14967683253498398,-0.3091546541416582,0.8148902287645722,0.484148727925669,0.23546221667528577,-0.29048762667620287,0.8781342864817825,0.8105757183859258,0.18289479085668203,-0.3091546541416582,0.8427403792148813,0.5915964337152677,9.690115358516172,0.21096312565236608,0.23094322551458946,0.14860891201085727,0.6204478624745533
v2vol,150,0.0,60,0.96,60,0.0,20,,,,True,sym,3,0.9,,10,,,fixed,,1.0,0.0,0.6,1.0,0.16819245679346828,-0.3651776453396224,0.7957104261148897,0.4605770888221977,0.257544170374415,-0.33007342217635594,0.8551919729394484,0.780263278019431,0.20309579504655662,-0.3651776453396224,0.8227123520036913,0.5561561547878253,9.690115358516172,0.24675917539887196,0.23094322551458946,0.14860891201085727,0.6204478624745533
v2vol,150,0.0,60,0.96,60,0.0,20,,,,True,sym,3,0.9,,10,,,fixed,,1.0,0.0,0.7,1.0,0.18550921240369123,-0.4174089567519864,0.779943045076841,0.4444303587714242,0.2774997623178923,-0.3706904679664148,0.8352447417005442,0.7486023685481825,0.2217723707376591,-0.4174089567519864,0.8056538952133215,0.5313071680669049,9.690115358516172,0.2832939179415757,0.23094322551458946,0.14860891201085727,0.6204478624745533
v2vol,150,0.0,60,0.96,60,0.0,20,,,,True,sym,3,0.9,,10,,,fixed,,1.0,0.0,0.85,1.0,0.2090894847495708,-0.48908099286704143,0.7613282939087097,0.4275150492434135,0.30316325450350967,-0.42827150570759553,0.8106845799847793,0.707876313187401,0.24673080841041983,-0.48908099286704143,0.7849795428092802,0.5044784238374492,9.690115358516172,0.33895765530907707,0.23094322551458946,0.14860891201085727,0.6204478624745533
v2vol,150,0.0,60,0.96,60,0.0,20,,,,True,sym,3,0.9,,10,,,fixed,,1.0,0.0,1.0,1.0,0.229606905470368,-0.5532911375028314,0.747119662040962,0.414983884445814,0.32335107454845136,-0.4819288040959875,0.791327514801111,0.6709519576340749,0.2677689730138786,-0.5532911375028314,0.7688813175312854,0.48395673609087636,9.690115358516172,0.39526664681453944,0.23094322551458946,0.14860891201085727,0.6204478624745533
v2vol,150,0.0,60,0.96,60,0.0,20,,,,True,sym,3,0.95,,10,,,fixed,,1.0,0.0,0.4,1.0,0.12922160115300807,-0.24914844064564023,0.8163994333891003,0.5186530600719185,0.1986655216689872,-0.3082605651227738,0.8375550656795031,0.6444727096048204,0.15616812377565448,-0.3082605651227742,0.8247721978561035,0.5066107749249591,7.8660936439719515,0.18054264210630452,0.8391766568649627,0.16082334313503732,
v2vol,150,0.0,60,0.96,60,0.0,20,,,,True,sym,3,0.95,,10,,,fixed,,1.0,0.0,0.5,1.0,0.14763592208976095,-0.3091546541416582,0.7915183421035136,0.477547143838606,0.22254005361013807,-0.3505981365828089,0.8235584182968343,0.6347439714859283,0.1769435561830388,-0.3505981365828097,0.8060599894830849,0.5046905209128102,10.08912010857272,0.21549942751689716,0.2049310110834653,0.16082334313503732,0.6342456457814974
v2vol,150,0.0,60,0.96,60,0.0,20,,,,True,sym,3,0.95,,10,,,fixed,,1.0,0.0,0.6,1.0,0.16483151932970275,-0.3651776453396224,0.7707307027824273,0.4513735203489967,0.2443831686175859,-0.39149350390039617,0.8085200806976659,0.6242330107213271,0.1962126616848363,-0.39149350390039683,0.7885933533850005,0.5011900829260156,10.08912010857272,0.2517198607488024,0.2049310110834653,0.16082334313503732,0.6342456457814974
v2vol,150,0.0,60,0.96,60,0.0,20,,,,True,sym,3,0.95,,10,,,fixed,,1.0,0.0,0.7,1.0,0.18073966598119062,-0.4174089567519864,0.7537027928650446,0.43300380372187713,0.264054181302098,-0.4328952883326076,0.7945326937245423,0.6099724076904633,0.2138807429922951,-0.4328952883326075,0.7734037985912335,0.4940703878208154,10.08912010857272,0.2887287667077588,0.2049310110834653,0.16082334313503732,0.6342456457814974
v2vol,150,0.0,60,0.96,60,0.0,20,,,,True,sym,3,0.95,,10,,,fixed,,1.0,0.0,0.85,1.0,0.20204620000528628,-0.48908099286704143,0.7336503234917531,0.41311398920017595,0.28920208734440456,-0.4911400181978146,0.7765151802208448,0.5888383691591665,0.23718619309833278,-0.49114001819781516,0.7547212591222136,0.48292988620365673,10.08912010857272,0.34516468277030865,0.2049310110834653,0.16082334313503732,0.6342456457814974
v2vol,150,0.0,60,0.96,60,0.0,20,,,,True,sym,3,0.95,,10,,,fixed,,1.0,0.0,1.0,1.0,0.22010647558058083,-0.5532911375028314,0.7183738019023983,0.39781312343802805,0.30876631553746003,-0.5448771618783342,0.7618479461895328,0.5666714208998258,0.25641033031823834,-0.5532911375028314,0.740014024654577,0.46342750306013386,10.08912010857272,0.40229305534094073,0.2049310110834653,0.16082334313503732,0.6342456457814974
v2vol,150,0.0,60,0.96,60,0.0,20,,,,True,sym,3,,,10,,,fixed,,1.0,0.0,0.4,1.0,0.1356012140904026,-0.2491484406456408,0.831158216613667,0.5442587308152801,0.15969248785895673,-0.2923262149553496,0.6328008498124352,0.546281789621052,0.1460023268515398,-0.2923262149553496,0.7345833817651277,0.49944999586793964,7.8660936439719515,0.19413672822008166,0.8213073965166252,0.1786926034833748,
v2vol,150,0.0,60,0.96,60,0.0,20,,,,True,sym,3,,,10,,,fixed,,1.0,0.0,0.5,1.0,0.1557566558476573,-0.3091546541416591,0.8111382144281705,0.5038146887359728,0.18153890718388244,-0.33194770360918446,0.6522818067235524,0.546890083016256,0.16716865571963146,-0.33194770360918535,0.73748915370218,0.5035993739436905,8.949106536982583,0.22796203614050475,0.17416874010404887,0.1786926034833748,0.6471386564125763
v2vol,150,0.0,60,0.96,60,0.0,20,,,,True,sym,3,,,10,,,fixed,,1.0,0.0,0.6,1.0,0.1746731589853039,-0.36517764533962227,0.7933978568696046,0.47832379997645935,0.20133076282786977,-0.37964244358355115,0.6620682169667959,0.5303167921043085,0.1868030931346527,-0.3796424435835518,0.7349071632904867,0.4920500757801624,8.949106536982583,0.26347440319402404,0.17416874010404887,0.1786926034833748,0.6471386564125763
v2vol,150,0.0,60,0.96,60,0.0,20,,,,True,sym,3,,,10,,,fixed,,1.0,0.0,0.7,1.0,0.19227310137990572,-0.41740895675198575,0.778397490905438,0.4606348241208195,0.21893632775895222,-0.4284941104421912,0.6666104168061708,0.5109436102470987,0.20480657000033586,-0.42849411044219154,0.7302788609995868,0.47796822642202097,8.949106536982583,0.30007546200141866,0.17416874010404887,0.1786926034833748,0.6471386564125763
v2vol,150,0.0,60,0.96,60,0.0,20,,,,True,sym,3,,,10,,,fixed,,1.0,0.0,0.85,1.0,0.2160434014640702,-0.489080992867041,0.7603202725023119,0.44173338284442926,0.24098084062617509,-0.49609928213570775,0.6684915923777642,0.4857512383181697,0.22855001326669755,-0.49609928213570864,0.7224686615493572,0.4606941019603761,8.949106536982583,0.35628241648004166,0.17416874010404887,0.1786926034833748,0.6471386564125763
v2vol,150,0.0,60,0.96,60,0.0,20,,,,True,sym,3,,,10,,,fixed,,1.0,0.0,1.0,1.0,0.23645266683734967,-0.5532911375028313,0.7463055495865839,0.42735668585716263,0.2574672378282612,-0.557261274685125,0.6676604184564515,0.4620224830331886,0.24812285682474133,-0.5572612746851252,0.7150570583535528,0.44525408115778475,8.949106536982583,0.4134870631650892,0.17416874010404887,0.1786926034833748,0.6471386564125763
v2vol,150,0.0,60,0.96,60,0.0,20,,,,True,sym,5,0.9,,10,,,fixed,,1.0,0.0,0.4,1.0,0.13677439878901598,-0.25895342752448536,0.8723617426761582,0.5281814575560436,0.2188414009306241,-0.25699422704133235,0.9361713379104493,0.8515420889023623,0.1682722909113199,-0.25895342752448536,0.8992599117212499,0.6498168126985263,4.1040488577244965,0.17634714554681896,0.8617959737615924,0.1382040262384076,
v2vol,150,0.0,60,0.96,60,0.0,20,,,,True,sym,5,0.9,,10,,,fixed,,1.0,0.0,0.5,1.0,0.1596949032933297,-0.3297836555962622,0.8521935644925522,0.48424141276678745,0.2459534389355642,-0.29669090796628605,0.9108420502754323,0.828988797201405,0.19310408996740813,-0.3297836555962622,0.8780917702714779,0.5855477877406269,6.669079393802307,0.21267288290924802,0.23795521375254466,0.1382040262384076,0.6238407600090478
v2vol,150,0.0,60,0.96,60,0.0,20,,,,True,sym,5,0.9,,10,,,fixed,,1.0,0.0,0.6,1.0,0.18150503717539124,-0.3946475624452985,0.8356295697315865,0.4599167825863599,0.2710628452696111,-0.3346161949814953,0.8881449032125898,0.8100709091040893,0.21651555971577108,-0.3946475624452985,0.8596183091110515,0.548630171118267,6.669079393802307,0.250006897898889,0.23795521375254466,0.1382040262384076,0.6238407600090478
v2vol,150,0.0,60,0.96,60,0.0,20,,,,True,sym,5,0.9,,10,,,fixed,,1.0,0.0,0.7,1.0,0.20212126498276795,-0.45396400767070744,0.8222116884647964,0.44523632175126304,0.2940083890629168,-0.37083263040662684,0.8688050514246021,0.7928331137972664,0.2383944737043513,-0.45396400767070744,0.8441343528576216,0.525139591853449,6.669079393802307,0.28795728391342224,0.23795521375254466,0.1382040262384076,0.6238407600090478
v2vol,150,0.0,60,0.96,60,0.0,20,,,,True,sym,5,0.9,,10,,,fixed,,1.0,0.0,0.85,1.0,0.23063088235955553,-0.533422468509487,0.8065461946586214,0.43236064465749763,0.3240367423810011,-0.4220862598347762,0.8453539287520905,0.7677026551583173,0.268103923337059,-0.533422468509487,0.8255959061368748,0.5026108556810646,6.669079393802307,0.3455937601716654,0.23795521375254466,0.1382040262384076,0.6238407600090478
v2vol,150,0.0,60,0.96,60,0.0,20,,,,True,sym,5,0.9,,10,,,fixed,,1.0,0.0,1.0,1.0,0.25601339715320814,-0.6025649175657611,0.7946895796840445,0.4248727227390699,0.3483776708402979,-0.4698315127445666,0.8270857542300353,0.7414949005979097,0.2937786732215304,-0.6025649175657611,0.8112946528684406,0.487546925911877,6.669079393802307,0.4037583056509855,0.23795521375254466,0.1382040262384076,0.6238407600090478
v2vol,150,0.0,60,0.96,60,0.0,20,,,,True,sym,5,0.95,,10,,,fixed,,1.0,0.0,0.4,1.0,0.13151246633848257,-0.29080911278888044,0.8215697444719989,0.45222952292405316,0.2031131935895225,-0.2764685060073575,0.8607589112661453,0.7346702759124295,0.15924029962355135,-0.29080911278888044,0.8386705205620784,0.5475767182686448,4.332051572042524,0.1807606334690021,0.8536530196788057,0.1463469803211943,
v2vol,150,0.0,60,0.96,60,0.0,20,,,,True,sym,5,0.95,,10,,,fixed,,1.0,0.0,0.5,1.0,0.15157976074284152,-0.365945108424266,0.7965898499531265,0.4142144743935323,0.2284730672714237,-0.32014019288006235,0.8432142326325668,0.7136656763276802,0.18161118862054582,-0.365945108424266,0.8181403489974425,0.4962798639461281,6.783080750961321,0.2177533017883583,0.21397873784211716,0.1463469803211943,0.6396742818366885
v2vol,150,0.0,60,0.96,60,0.0,20,,,,True,sym,5,0.95,,10,,,fixed,,1.0,0.0,0.6,1.0,0.17034944057611234,-0.4340018931085201,0.7767687290695009,0.39250851961956135,0.2517399117262116,-0.361692693925051,0.8262618225948757,0.6960049676269559,0.2024045156280938,-0.4340018931085201,0.8002424058749864,0.4663678173806572,6.783080750961321,0.25580559227099725,0.21397873784211716,0.1463469803211943,0.6396742818366885
v2vol,150,0.0,60,0.96,60,0.0,20,,,,True,sym,5,0.95,,10,,,fixed,,1.0,0.0,0.7,1.0,0.18774194213023887,-0.49554714247330445,0.7610158847490711,0.3788578846266936,0.27275880598077484,-0.40119597014086006,0.8112694392867243,0.679864271530467,0.221513263577634,-0.49554714247330445,0.7852441868181527,0.44700744811492304,6.783080750961321,0.2945070600244865,0.21397873784211716,0.1463469803211943,0.6396742818366885
v2vol,150,0.0,60,0.96,60,0.0,20,,,,True,sym,5,0.95,,10,,,fixed,,1.0,0.0,0.85,1.0,0.21108419379107635,-0.5768309589518359,0.7428832908637989,0.36593769893113764,0.2997563793211169,-0.45676085280340484,0.7926144804821043,0.6562654778344927,0.2467972668677958,-0.5768309589518359,0.7672881329180422,0.42785024457815696,6.783080750961321,0.3533091346799651,0.21397873784211716,0.1463469803211943,0.6396742818366885
v2vol,150,0.0,60,0.96,60,0.0,20,,,,True,sym,5,0.95,,10,,,fixed,,1.0,0.0,1.0,1.0,0.23092238234393547,-0.6463288439244317,0.7293099349796704,0.3572831144929295,0.3209252861650167,-0.5081047028774621,0.7778044117694334,0.6316125088934931,0.2677480065055906,-0.6463288439244317,0.7534362864008429,0.4142597209183125,6.783080750961321,0.4126688395364018,0.21397873784211716,0.1463469803211943,0.6396742818366885
v2vol,150,0.0,60,0.96,60,0.0,20,,,,True,sym,5,,,10,,,fixed,,1.0,0.0,0.4,1.0,0.13429048740260163,-0.29080911278888044,0.8119880444986773,0.46178225336457357,0.14888551298729502,-0.316085070546383,0.5830452746552423,0.47102988043672006,0.14117217051078845,-0.31608507054638313,0.7003187628596808,0.446627138278815,4.446052929201538,0.19904800963339775,0.839402850033929,0.16059714996607102,
v2vol,150,0.0,60,0.96,60,0.0,20,,,,True,sym,5,,,10,,,fixed,,1.0,0.0,0.5,1.0,0.1529740939146127,-0.3659451084242664,0.7812245116374043,0.41802469931435415,0.17083491032545073,-0.3475718884410004,0.6083775317930542,0.4915095725713433,0.16144968293510997,-0.3659451084242664,0.7013296709389983,0.4411855199548938,5.643067179371183,0.2351644061501663,0.18231169418683557,0.16059714996607102,0.6570911558470934
v2vol,150,0.0,60,0.96,60,0.0,20,,,,True,sym,5,,,10,,,fixed,,1.0,0.0,0.6,1.0,0.17019330839409408,-0.4340018931085201,0.7572961336191705,0.39214876961732065,0.19056148160277675,-0.3780188875967847,0.6229710576047065,0.5041057149663905,0.1799876616029481,-0.4340018931085201,0.6979193441357221,0.41471630529948644,5.643067179371183,0.27289363057502214,0.18231169418683557,0.16059714996607102,0.6570911558470934
v2vol,150,0.0,60,0.96,60,0.0,20,,,,True,sym,5,,,10,,,fixed,,1.0,0.0,0.7,1.0,0.18586793324173834,-0.49554714247330467,0.7384975933952872,0.37507618813834875,0.20792165655615658,-0.4074467085817217,0.6314635373809983,0.5103039297578561,0.19668159605121094,-0.49554714247330467,0.6930429939991677,0.39689785127114574,5.643067179371183,0.3116504728127107,0.18231169418683557,0.16059714996607102,0.6570911558470934
v2vol,150,0.0,60,0.96,60,0.0,20,,,,True,sym,5,,,10,,,fixed,,1.0,0.0,0.85,1.0,0.20632110059261843,-0.5768309589518352,0.7170503695564231,0.3576803522604376,0.22923904794928784,-0.4497223871072712,0.6380382276166081,0.5097345707511065,0.21805368992007423,-0.5768309589518352,0.6853808315601827,0.37802008809704246,5.643067179371183,0.37100637787634794,0.18231169418683557,0.16059714996607102,0.6570911558470934
v2vol,150,0.0,60,0.96,60,0.0,20,,,,True,sym,5,,,10,,,fixed,,1.0,0.0,1.0,1.0,0.22290250886663743,-0.6463288439244316,0.7011093174600853,0.3448747660915147,0.24454618352305912,-0.4898199946560051,0.6408174656207424,0.499257249992012,0.23476367706998924,-0.6463288439244316,0.6783707063161306,0.3632263657684411,5.643067179371183,0.431288714711356,0.18231169418683557,0.16059714996607102,0.6570911558470934
v2vol,150,0.0,60,0.96,60,0.0,20,,,,False,sym,3,0.9,,10,,,fixed,,1.0,0.0,0.4,1.0,0.1300327761240665,-0.24914844064564023,0.8376781200393159,0.5219088499494564,0.2113925548205493,-0.24976579458580928,0.9028694542329136,0.8463631105736679,0.16126483275282277,-0.24976579458580883,0.8650844212410167,0.6456642032198652,7.182085501017869,0.17635615432170923,0.8513910879891428,0.14860891201085727,
v2vol,150,0.0,60,0.96,60,0.0,20,,,,False,sym,3,0.9,,10,,,fixed,,1.0,0.0,0.5,1.0,0.14967683253498398,-0.3091546541416582,0.8148902287645722,0.484148727925669,0.23546221667528577,-0.29048762667620287,0.8781342864817825,0.8105757183859258,0.18289479085668203,-0.3091546541416582,0.8427403792148813,0.5915964337152677,9.690115358516172,0.21096312565236608,0.23094322551458946,0.14860891201085727,0.6204478624745533
v2vol,150,0.0,60,0.96,60,0.0,20,,,,False,sym,3,0.9,,10,,,fixed,,1.0,0.0,0.6,1.0,0.16819245679346828,-0.3651776453396224,0.7957104261148897,0.4605770888221977,0.257544170374415,-0.33007342217635594,0.8551919729394484,0.780263278019431,0.20309579504655662,-0.3651776453396224,0.8227123520036913,0.5561561547878253,9.690115358516172,0.24675917539887196,0.23094322551458946,0.14860891201085727,0.6204478624745533
v2vol,150,0.0,60,0.96,60,0.0,20,,,,False,sym,3,0.9,,10,,,fixed,,1.0,0.0,0.7,1.0,0.18550921240369123,-0.4174089567519864,0.779943045076841,0.4444303587714242,0.2774997623178923,-0.3706904679664148,0.8352447417005442,0.7486023685481825,0.2217723707376591,-0.4174089567519864,0.8056538952133215,0.5313071680669049,9.690115358516172,0.2832939179415757,0.23094322551458946,0.14860891201085727,0.6204478624745533
v2vol,150,0.0,60,0.96,60,0.0,20,,,,False,sym,3,0.9,,10,,,fixed,,1.0,0.0,0.85,1.0,0.2090894847495708,-0.48908099286704143,0.7613282939087097,0.4275150492434135,0.30316325450350967,-0.42827150570759553,0.8106845799847793,0.707876313187401,0.24673080841041983,-0.48908099286704143,0.7849795428092802,0.5044784238374492,9.690115358516172,0.33895765530907707,0.23094322551458946,0.14860891201085727,0.6204478624745533
v2vol,150,0.0,60,0.96,60,0.0,20,,,,False,sym,3,0.9,,10,,,fixed,,1.0,0.0,1.0,1.0,0.229606905470368,-0.5532911375028314,0.747119662040962,0.414983884445814,0.32335107454845136,-0.4819288040959875,0.791327514801111,0.6709519576340749,0.2677689730138786,-0.5532911375028314,0.7688813175312854,0.48395673609087636,9.690115358516172,0.39526664681453944,0.23094322551458946,0.14860891201085727,0.6204478624745533
v2vol,150,0.0,60,0.96,60,0.0,20,,,,False,sym,3,0.95,,10,,,fixed,,1.0,0.0,0.4,1.0,0.12922160115300807,-0.24914844064564023,0.8163994333891003,0.5186530600719185,0.1986655216689872,-0.3082605651227738,0.8375550656795031,0.6444727096048204,0.15616812377565448,-0.3082605651227742,0.8247721978561035,0.5066107749249591,7.8660936439719515,0.18054264210630452,0.8391766568649627,0.16082334313503732,
v2vol,150,0.0,60,0.96,60,0.0,20,,,,False,sym,3,0.95,,10,,,fixed,,1.0,0.0,0.5,1.0,0.14763592208976095,-0.3091546541416582,0.7915183421035136,0.477547143838606,0.22254005361013807,-0.3505981365828089,0.8235584182968343,0.6347439714859283,0.1769435561830388,-0.3505981365828097,0.8060599894830849,0.5046905209128102,10.08912010857272,0.21549942751689716,0.2049310110834653,0.16082334313503732,0.6342456457814974
v2vol,150,0.0,60,0.96,60,0.0,20,,,,False,sym,3,0.95,,10,,,fixed,,1.0,0.0,0.6,1.0,0.16483151932970275,-0.3651776453396224,0.7707307027824273,0.4513735203489967,0.2443831686175859,-0.39149350390039617,0.8085200806976659,0.6242330107213271,0.1962126616848363,-0.39149350390039683,0.7885933533850005,0.5011900829260156,10.08912010857272,0.2517198607488024,0.2049310110834653,0.16082334313503732,0.6342456457814974
v2vol,150,0.0,60,0.96,60,0.0,20,,,,False,sym,3,0.95,,10,,,fixed,,1.0,0.0,0.7,1.0,0.18073966598119062,-0.4174089567519864,0.7537027928650446,0.43300380372187713,0.264054181302098,-0.4328952883326076,0.7945326937245423,0.6099724076904633,0.2138807429922951,-0.4328952883326075,0.7734037985912335,0.4940703878208154,10.08912010857272,0.2887287667077588,0.2049310110834653,0.16082334313503732,0.6342456457814974
v2vol,150,0.0,60,0.96,60,0.0,20,,,,False,sym,3,0.95,,10,,,fixed,,1.0,0.0,0.85,1.0,0.20204620000528628,-0.48908099286704143,0.7336503234917531,0.41311398920017595,0.28920208734440456,-0.4911400181978146,0.7765151802208448,0.5888383691591665,0.23718619309833278,-0.49114001819781516,0.7547212591222136,0.48292988620365673,10.08912010857272,0.34516468277030865,0.2049310110834653,0.16082334313503732,0.6342456457814974
v2vol,150,0.0,60,0.96,60,0.0,20,,,,False,sym,3,0.95,,10,,,fixed,,1.0,0.0,1.0,1.0,0.22010647558058083,-0.5532911375028314,0.7183738019023983,0.39781312343802805,0.30876631553746003,-0.5448771618783342,0.7618479461895328,0.5666714208998258,0.25641033031823834,-0.5532911375028314,0.740014024654577,0.46342750306013386,10.08912010857272,0.40229305534094073,0.2049310110834653,0.16082334313503732,0.6342456457814974
v2vol,150,0.0,60,0.96,60,0.0,20,,,,False,sym,3,,,10,,,fixed,,1.0,0.0,0.4,1.0,0.1356012140904026,-0.2491484406456408,0.831158216613667,0.5442587308152801,0.15969248785895673,-0.2923262149553496,0.6328008498124352,0.546281789621052,0.1460023268515398,-0.2923262149553496,0.7345833817651277,0.49944999586793964,7.8660936439719515,0.19413672822008166,0.8213073965166252,0.1786926034833748,
v2vol,150,0.0,60,0.96,60,0.0,20,,,,False,sym,3,,,10,,,fixed,,1.0,0.0,0.5,1.0,0.1557566558476573,-0.3091546541416591,0.8111382144281705,0.5038146887359728,0.18153890718388244,-0.33194770360918446,0.6522818067235524,0.546890083016256,0.16716865571963146,-0.33194770360918535,0.73748915370218,0.5035993739436905,8.949106536982583,0.22796203614050475,0.17416874010404887,0.1786926034833748,0.6471386564125763
v2vol,150,0.0,60,0.96,60,0.0,20,,,,False,sym,3,,,10,,,fixed,,1.0,0.0,0.6,1.0,0.1746731589853039,-0.36517764533962227,0.7933978568696046,0.47832379997645935,0.20133076282786977,-0.37964244358355115,0.6620682169667959,0.5303167921043085,0.1868030931346527,-0.3796424435835518,0.7349071632904867,0.4920500757801624,8.949106536982583,0.26347440319402404,0.17416874010404887,0.1786926034833748,0.6471386564125763
v2vol,150,0.0,60,0.96,60,0.0,20,,,,False,sym,3,,,10,,,fixed,,1.0,0.0,0.7,1.0,0.19227310137990572,-0.41740895675198575,0.778397490905438,0.4606348241208195,0.21893632775895222,-0.4284941104421912,0.6666104168061708,0.5109436102470987,0.20480657000033586,-0.42849411044219154,0.7302788609995868,0.47796822642202097,8.949106536982583,0.30007546200141866,0.17416874010404887,0.1786926034833748,0.6471386564125763
v2vol,150,0.0,60,0.96,60,0.0,20,,,,False,sym,3,,,10,,,fixed,,1.0,0.0,0.85,1.0,0.2160434014640702,-0.489080992867041,0.7603202725023119,0.44173338284442926,0.24098084062617509,-0.49609928213570775,0.6684915923777642,0.4857512383181697,0.22855001326669755,-0.49609928213570864,0.7224686615493572,0.4606941019603761,8.949106536982583,0.35628241648004166,0.17416874010404887,0.1786926034833748,0.6471386564125763
v2vol,150,0.0,60,0.96,60,0.0,20,,,,False,sym,3,,,10,,,fixed,,1.0,0.0,1.0,1.0,0.23645266683734967,-0.5532911375028313,0.7463055495865839,0.42735668585716263,0.2574672378282612,-0.557261274685125,0.6676604184564515,0.4620224830331886,0.24812285682474133,-0.5572612746851252,0.7150570583535528,0.44525408115778475,8.949106536982583,0.4134870631650892,0.17416874010404887,0.1786926034833748,0.6471386564125763
v2vol,150,0.0,60,0.96,60,0.0,20,,,,False,sym,5,0.9,,10,,,fixed,,1.0,0.0,0.4,1.0,0.13677439878901598,-0.25895342752448536,0.8723617426761582,0.5281814575560436,0.2188414009306241,-0.25699422704133235,0.9361713379104493,0.8515420889023623,0.1682722909113199,-0.25895342752448536,0.8992599117212499,0.6498168126985263,4.1040488577244965,0.17634714554681896,0.8617959737615924,0.1382040262384076,
v2vol,150,0.0,60,0.96,60,0.0,20,,,,False,sym,5,0.9,,10,,,fixed,,1.0,0.0,0.5,1.0,0.1596949032933297,-0.3297836555962622,0.8521935644925522,0.48424141276678745,0.2459534389355642,-0.29669090796628605,0.9108420502754323,0.828988797201405,0.19310408996740813,-0.3297836555962622,0.8780917702714779,0.5855477877406269,6.669079393802307,0.21267288290924802,0.23795521375254466,0.1382040262384076,0.6238407600090478
v2vol,150,0.0,60,0.96,60,0.0,20,,,,False,sym,5,0.9,,10,,,fixed,,1.0,0.0,0.6,1.0,0.18150503717539124,-0.3946475624452985,0.8356295697315865,0.4599167825863599,0.2710628452696111,-0.3346161949814953,0.8881449032125898,0.8100709091040893,0.21651555971577108,-0.3946475624452985,0.8596183091110515,0.548630171118267,6.669079393802307,0.250006897898889,0.23795521375254466,0.1382040262384076,0.6238407600090478
v2vol,150,0.0,60,0.96,60,0.0,20,,,,False,sym,5,0.9,,10,,,fixed,,1.0,0.0,0.7,1.0,0.20212126498276795,-0.45396400767070744,0.8222116884647964,0.44523632175126304,0.2940083890629168,-0.37083263040662684,0.8688050514246021,0.7928331137972664,0.2383944737043513,-0.45396400767070744,0.8441343528576216,0.525139591853449,6.669079393802307,0.28795728391342224,0.23795521375254466,0.1382040262384076,0.6238407600090478
v2vol,150,0.0,60,0.96,60,0.0,20,,,,False,sym,5,0.9,,10,,,fixed,,1.0,0.0,0.85,1.0,0.23063088235955553,-0.533422468509487,0.8065461946586214,0.43236064465749763,0.3240367423810011,-0.4220862598347762,0.8453539287520905,0.7677026551583173,0.268103923337059,-0.533422468509487,0.8255959061368748,0.5026108556810646,6.669079393802307,0.3455937601716654,0.23795521375254466,0.1382040262384076,0.6238407600090478
v2vol,150,0.0,60,0.96,60,0.0,20,,,,False,sym,5,0.9,,10,,,fixed,,1.0,0.0,1.0,1.0,0.25601339715320814,-0.6025649175657611,0.7946895796840445,0.4248727227390699,0.3483776708402979,-0.4698315127445666,0.8270857542300353,0.7414949005979097,0.2937786732215304,-0.6025649175657611,0.8112946528684406,0.487546925911877,6.669079393802307,0.4037583056509855,0.23795521375254466,0.1382040262384076,0.6238407600090478
v2vol,150,0.0,60,0.96,60,0.0,20,,,,False,sym,5,0.95,,10,,,fixed,,1.0,0.0,0.4,1.0,0.13151246633848257,-0.29080911278888044,0.8215697444719989,0.45222952292405316,0.2031131935895225,-0.2764685060073575,0.8607589112661453,0.7346702759124295,0.15924029962355135,-0.29080911278888044,0.8386705205620784,0.5475767182686448,4.332051572042524,0.1807606334690021,0.8536530196788057,0.1463469803211943,
v2vol,150,0.0,60,0.96,60,0.0,20,,,,False,sym,5,0.95,,10,,,fixed,,1.0,0.0,0.5,1.0,0.15157976074284152,-0.365945108424266,0.7965898499531265,0.4142144743935323,0.2284730672714237,-0.32014019288006235,0.8432142326325668,0.7136656763276802,0.18161118862054582,-0.365945108424266,0.8181403489974425,0.4962798639461281,6.783080750961321,0.2177533017883583,0.21397873784211716,0.1463469803211943,0.6396742818366885
v2vol,150,0.0,60,0.96,60,0.0,20,,,,False,sym,5,0.95,,10,,,fixed,,1.0,0.0,0.6,1.0,0.17034944057611234,-0.4340018931085201,0.7767687290695009,0.39250851961956135,0.2517399117262116,-0.361692693925051,0.8262618225948757,0.6960049676269559,0.2024045156280938,-0.4340018931085201,0.8002424058749864,0.4663678173806572,6.783080750961321,0.25580559227099725,0.21397873784211716,0.1463469803211943,0.6396742818366885
v2vol,150,0.0,60,0.96,60,0.0,20,,,,False,sym,5,0.95,,10,,,fixed,,1.0,0.0,0.7,1.0,0.18774194213023887,-0.49554714247330445,0.7610158847490711,0.3788578846266936,0.27275880598077484,-0.40119597014086006,0.8112694392867243,0.679864271530467,0.221513263577634,-0.49554714247330445,0.7852441868181527,0.44700744811492304,6.783080750961321,0.2945070600244865,0.21397873784211716,0.1463469803211943,0.6396742818366885
v2vol,150,0.0,60,0.96,60,0.0,20,,,,False,sym,5,0.95,,10,,,fixed,,1.0,0.0,0.85,1.0,0.21108419379107635,-0.5768309589518359,0.7428832908637989,0.36593769893113764,0.2997563793211169,-0.45676085280340484,0.7926144804821043,0.6562654778344927,0.2467972668677958,-0.5768309589518359,0.7672881329180422,0.42785024457815696,6.783080750961321,0.3533091346799651,0.21397873784211716,0.1463469803211943,0.6396742818366885
v2vol,150,0.0,60,0.96,60,0.0,20,,,,False,sym,5,0.95,,10,,,fixed,,1.0,0.0,1.0,1.0,0.23092238234393547,-0.6463288439244317,0.7293099349796704,0.3572831144929295,0.3209252861650167,-0.5081047028774621,0.7778044117694334,0.6316125088934931,0.2677480065055906,-0.6463288439244317,0.7534362864008429,0.4142597209183125,6.783080750961321,0.4126688395364018,0.21397873784211716,0.1463469803211943,0.6396742818366885
v2vol,150,0.0,60,0.96,60,0.0,20,,,,False,sym,5,,,10,,,fixed,,1.0,0.0,0.4,1.0,0.13429048740260163,-0.29080911278888044,0.8119880444986773,0.46178225336457357,0.14888551298729502,-0.316085070546383,0.5830452746552423,0.47102988043672006,0.14117217051078845,-0.31608507054638313,0.7003187628596808,0.446627138278815,4.446052929201538,0.19904800963339775,0.839402850033929,0.16059714996607102,
v2vol,150,0.0,60,0.96,60,0.0,20,,,,False,sym,5,,,10,,,fixed,,1.0,0.0,0.5,1.0,0.1529740939146127,-0.3659451084242664,0.7812245116374043,0.41802469931435415,0.17083491032545073,-0.3475718884410004,0.6083775317930542,0.4915095725713433,0.16144968293510997,-0.3659451084242664,0.7013296709389983,0.4411855199548938,5.643067179371183,0.2351644061501663,0.18231169418683557,0.16059714996607102,0.6570911558470934
v2vol,150,0.0,60,0.96,60,0.0,20,,,,False,sym,5,,,10,,,fixed,,1.0,0.0,0.6,1.0,0.17019330839409408,-0.4340018931085201,0.7572961336191705,0.39214876961732065,0.19056148160277675,-0.3780188875967847,0.6229710576047065,0.5041057149663905,0.1799876616029481,-0.4340018931085201,0.6979193441357221,0.41471630529948644,5.643067179371183,0.27289363057502214,0.18231169418683557,0.16059714996607102,0.6570911558470934
v2vol,150,0.0,60,0.96,60,0.0,20,,,,False,sym,5,,,10,,,fixed,,1.0,0.0,0.7,1.0,0.18586793324173834,-0.49554714247330467,0.7384975933952872,0.37507618813834875,0.20792165655615658,-0.4074467085817217,0.6314635373809983,0.5103039297578561,0.19668159605121094,-0.49554714247330467,0.6930429939991677,0.39689785127114574,5.643067179371183,0.3116504728127107,0.18231169418683557,0.16059714996607102,0.6570911558470934
v2vol,150,0.0,60,0.96,60,0.0,20,,,,False,sym,5,,,10,,,fixed,,1.0,0.0,0.85,1.0,0.20632110059261843,-0.5768309589518352,0.7170503695564231,0.3576803522604376,0.22923904794928784,-0.4497223871072712,0.6380382276166081,0.5097345707511065,0.21805368992007423,-0.5768309589518352,0.6853808315601827,0.37802008809704246,5.643067179371183,0.37100637787634794,0.18231169418683557,0.16059714996607102,0.6570911558470934
v2vol,150,0.0,60,0.96,60,0.0,20,,,,False,sym,5,,,10,,,fixed,,1.0,0.0,1.0,1.0,0.22290250886663743,-0.6463288439244316,0.7011093174600853,0.3448747660915147,0.24454618352305912,-0.4898199946560051,0.6408174656207424,0.499257249992012,0.23476367706998924,-0.6463288439244316,0.6783707063161306,0.3632263657684411,5.643067179371183,0.431288714711356,0.18231169418683557,0.16059714996607102,0.6570911558470934
