kind,trend_n,trend_buffer,prox_n,prox_thr,mom_n,mom_thr,vol_n,vol_max,abs_vol_max,vix_max,require_slope,confirm_style,confirm_up,cb_vol_pct,cb_drop,cb_drop_n,cb_vix,crash_mom_thr,er_min,er_cash,rsi_n,rsi_max,macd_pos,sizing,target_vol,max_leverage,min_weight,tecl_w,xlk_w,IS_CAGR,IS_maxDD,IS_Sharpe,IS_Calmar,OOS_CAGR,OOS_maxDD,OOS_Sharpe,OOS_Calmar,ALL_CAGR,ALL_maxDD,ALL_Sharpe,ALL_Calmar,trades_per_yr,vol,pct_BIL,pct_TECL,pct_XLK,core,vol_max_v,v_xlk,v_tecl,use_credit
v2vol,100,0.0,60,0.96,60,0.0,20,0.7,,,True,sym,5,0.9,,10,,,,,14,75,False,fixed,,1.0,0.0,0.5,0.7,0.17559730697539022,-0.18780518977570027,1.0147681127735688,0.9349970955813831,0.256907771207356,-0.16175782546376172,1.081765799645799,1.5882246838494407,0.20726618205909775,-0.18780518977570027,1.046281941463757,1.1036232934065355,8.892105858403076,0.18434481264695501,0.27437231395611855,0.5084822438362362,0.21714544220764534,A-andchain,,,,
v2vol,100,0.0,60,0.96,60,0.0,20,0.7,,,True,sym,5,0.9,,10,,,,,14,75,False,fixed,,1.0,0.0,0.5,1.0,0.1822943079729904,-0.2235822844234141,1.0081692949038665,0.8153343116745616,0.26892899638842804,-0.20306685254592505,1.056542856304333,1.324337246659239,0.21588723409749533,-0.2235822844234141,1.0300198388652448,0.9655829157226693,8.892105858403076,0.19640542308074022,0.27437231395611855,0.5084822438362362,0.21714544220764534,A-andchain,,,,
v2vol,100,0.0,60,0.96,60,0.0,20,0.7,,,True,sym,5,0.9,,10,,,,,14,75,False,fixed,,1.0,0.0,0.55,0.7,0.19075849940009637,-0.20267293278766096,1.0142442647291123,0.9412134949463268,0.2765075306577365,-0.1800796680781176,1.0842147149099883,1.5354733469288104,0.2242400743958457,-0.20267293278766096,1.047294783053928,1.1064135270138933,8.892105858403076,0.20047877053751367,0.27437231395611855,0.5084822438362362,0.21714544220764534,A-andchain,,,,
v2vol,100,0.0,60,0.96,60,0.0,20,0.7,,,True,sym,5,0.9,,10,,,,,14,75,False,fixed,,1.0,0.0,0.55,1.0,0.19754233408095567,-0.23242456692560876,1.0116326778302165,0.8499201986001002,0.2887163807830897,-0.20310671913659184,1.066205891890885,1.4215008839216405,0.232982697341652,-0.23242456692560876,1.036710549129465,1.0024013400279752,8.892105858403076,0.2116172785399541,0.27437231395611855,0.5084822438362362,0.21714544220764534,A-andchain,,,,
v2vol,100,0.0,60,0.96,60,0.0,20,0.7,,,True,sym,5,0.9,,10,,,,,14,75,False,fixed,,1.0,0.0,0.6,0.7,0.20579748183107638,-0.22256731741821933,1.0132276977656567,0.9246527487428386,0.29595142297956634,-0.19809079599933443,1.0852700668968787,1.4940190506405997,0.2410821004356547,-0.22256731741821933,1.0473645356409789,1.0831873395977758,8.892105858403076,0.216776770771132,0.27437231395611855,0.5084822438362362,0.21714544220764534,A-andchain,,,,
v2vol,100,0.0,60,0.96,60,0.0,20,0.7,,,True,sym,5,0.9,,10,,,,,14,75,False,fixed,,1.0,0.0,0.6,1.0,0.2126674614667099,-0.24127018926961175,1.0135989624116053,0.8814493912841457,0.30834640657262935,-0.20314658572726174,1.0730594913131457,1.5178517791414206,0.24994535767663173,-0.24127018926961175,1.041200671712621,1.035956238245935,8.892105858403076,0.22711309597009863,0.27437231395611855,0.5084822438362362,0.21714544220764534,A-andchain,,,,
v2vol,100,0.0,60,0.96,60,0.0,20,0.7,,,True,sym,5,0.9,,10,,,,,14,75,False,fixed,,1.0,0.0,0.65,0.7,0.22070444648294374,-0.24222805414675097,1.0119406976938277,0.9111432086608456,0.3152227081990884,-0.21579451674711003,1.0854082872026705,1.4607540216997192,0.2577799900249067,-0.24222805414675097,1.0468429856159156,1.0642036940474855,8.892105858403076,0.23320442251171297,0.27437231395611855,0.5084822438362362,0.21714544220764534,A-andchain,,,,
v2vol,100,0.0,60,0.96,60,0.0,20,0.7,,,True,sym,5,0.9,,10,,,,,14,75,False,fixed,,1.0,0.0,0.65,1.0,0.2276598261731715,-0.2501169482120972,1.0145533954850108,0.9102135133206478,0.32780217331703954,-0.20474351573567218,1.077851770384057,1.6010381190300476,0.2667628570018652,-0.2501169482120972,1.0441293229479223,1.066552502374419,8.892105858403076,0.24283852159186922,0.27437231395611855,0.5084822438362362,0.21714544220764534,A-andchain,,,,
v2vol,100,0.0,60,0.96,60,0.0,20,0.7,,,True,sym,5,0.9,,10,,,,,14,75,False,fixed,,1.0,0.0,0.7,0.7,0.23546953539995896,-0.26164791913102103,1.010517792304131,0.899948053024824,0.3343045270535767,-0.23319414305145958,1.0849435850267404,1.4335888658224356,0.2743213961043569,-0.26164791913102103,1.0459546587843567,1.0484371403198112,8.892105858403076,0.24973614162835525,0.27437231395611855,0.5084822438362362,0.21714544220764534,A-andchain,,,,
v2vol,100,0.0,60,0.96,60,0.0,20,0.7,,,True,sym,5,0.9,,10,,,,,14,75,False,fixed,,1.0,0.0,0.7,1.0,0.24250951377494245,-0.258962662072297,1.0148205090049163,0.9364651715977449,0.34706666014003273,-0.22238951357953096,1.0811247853853907,1.5606251147085437,0.2834227597504173,-0.258962662072297,1.0459425398325637,1.094454148263627,8.892105858403076,0.25875169603320664,0.27437231395611855,0.5084822438362362,0.21714544220764534,A-andchain,,,,
v2vol,100,0.0,60,0.96,60,0.0,20,0.7,,,True,sym,5,0.9,,10,,,,,14,75,False,fixed,,1.0,0.0,0.75,0.7,0.249765607316762,-0.2812879931170804,1.008027674116982,0.8879355444539083,0.35289135804077,-0.25037152087746684,1.0833600028849917,1.4094708407889447,0.29038591727696383,-0.2812879931170804,1.043954063093278,1.032343805574725,8.892105858403076,0.26635048113060744,0.27437231395611855,0.5084822438362362,0.21714544220764534,A-andchain,,,,
v2vol,100,0.0,60,0.96,60,0.0,20,0.7,,,True,sym,5,0.9,,10,,,,,14,75,False,fixed,,1.0,0.0,0.75,1.0,0.2572065682811808,-0.2730974805838702,1.0146202187242248,0.941812307207246,0.3661227463988104,-0.2397304538257703,1.0832730939169504,1.5272266854544005,0.29991256545366385,-0.2730974805838702,1.0469545647852825,1.098188693694516,8.892105858403076,0.2748200070128301,0.27437231395611855,0.5084822438362362,0.21714544220764534,A-andchain,,,,
v2vol,100,0.0,60,0.96,60,0.0,20,0.7,,,True,sym,5,0.9,,10,,,,,14,75,False,fixed,,1.0,0.0,0.8,0.7,0.26389285941580365,-0.3006492562976917,1.0056550127699542,0.8777432635805584,0.37124687143551816,-0.26724829394242444,1.0816088426154133,1.38914589859084,0.306261530892487,-0.3006492562976917,1.041931853141188,1.0186671826962321,8.892105858403076,0.28303460373070005,0.27437231395611855,0.5084822438362362,0.21714544220764534,A-andchain,,,,
v2vol,100,0.0,60,0.96,60,0.0,20,0.7,,,True,sym,5,0.9,,10,,,,,14,75,False,fixed,,1.0,0.0,0.8,1.0,0.2717410012344077,-0.29221919983687117,1.0141033343027628,0.9299217894857859,0.3849532329061194,-0.2567697040586119,1.0845856086793382,1.4992159387240152,0.3162197216135243,-0.29221919983687117,1.0473889379734134,1.0821319125849747,8.892105858403076,0.29101775844841105,0.27437231395611855,0.5084822438362362,0.21714544220764534,A-andchain,,,,
v2vol,100,0.0,60,0.96,60,0.0,20,0.7,,,True,sym,5,0.9,,10,,,,,14,75,False,fixed,,1.0,0.0,0.85,0.7,0.27784147298151374,-0.31972624577136144,1.0034098855160745,0.8689980151964134,0.38935412966952243,-0.2838278568931145,1.0797730985024843,1.3717967430383256,0.32193587787034783,-0.31972624577136144,1.039933410802497,1.0069110125559304,8.892105858403076,0.2997768582911009,0.27437231395611855,0.5084822438362362,0.21714544220764534,A-andchain,,,,
v2vol,100,0.0,60,0.96,60,0.0,20,0.7,,,True,sym,5,0.9,,10,,,,,14,75,False,fixed,,1.0,0.0,0.85,1.0,0.28610280099615615,-0.3110780502124736,1.0133743536766753,0.9197138814543206,0.40354086367505126,-0.27351063400154874,1.0852752826986496,1.4754119712682405,0.3323316368676552,-0.3110780502124736,1.0474061710697897,1.0683223603872563,8.892105858403076,0.30732448427269543,0.27437231395611855,0.5084822438362362,0.21714544220764534,A-andchain,,,,
v2vol,100,0.0,60,0.96,60,0.0,20,0.7,,,True,sym,5,0.9,,10,,,,,14,75,False,fixed,,1.0,0.0,0.9,0.7,0.29160162550368174,-0.3385139214975653,1.0012940793834157,0.8614169373408739,0.40719617524801754,-0.30011360461913383,1.077907948896403,1.3568067857662744,0.3373965855581771,-0.3385139214975653,1.0379862627735859,0.9966992910234084,8.892105858403076,0.31656802171440396,0.27437231395611855,0.5084822438362362,0.21714544220764534,A-andchain,,,,
v2vol,100,0.0,60,0.96,60,0.0,20,0.7,,,True,sym,5,0.9,,10,,,,,14,75,False,fixed,,1.0,0.0,0.9,1.0,0.30028194220983373,-0.3296683983371287,1.0125063121163078,0.9108605608680651,0.42186834815537866,-0.28995661451341015,1.085500139258524,1.4549361078150806,0.3482356944321712,-0.3296683983371287,1.0471225272742697,1.0563211281053848,8.892105858403076,0.32372371701491615,0.27437231395611855,0.5084822438362362,0.21714544220764534,A-andchain,,,,
v2vol,100,0.0,60,0.96,60,0.0,20,0.7,,,True,sym,5,0.9,,10,,,,,14,75,False,fixed,,1.0,0.0,0.95,0.7,0.3051635002439528,-0.35700766156526476,0.9993046553773555,0.8547813761362812,0.4247560532334218,-0.31610893127892725,1.076049914242334,1.3437015256573905,0.35263128133883814,-0.35700766156526476,1.0361064452780053,0.9877414949381231,8.892105858403076,0.3334007044456565,0.27437231395611855,0.5084822438362362,0.21714544220764534,A-andchain,,,,
v2vol,100,0.0,60,0.96,60,0.0,20,0.7,,,True,sym,5,0.9,,10,,,,,14,75,False,fixed,,1.0,0.0,0.95,1.0,0.31426839543078855,-0.34798502067461157,1.0115505981318031,0.9031089752700872,0.43991838392849636,-0.30611101660541706,1.085378210346279,1.437120391180039,0.3639192658057062,-0.34798502067461157,1.046622885618193,1.0457900317094229,8.892105858403076,0.34020207922022394,0.27437231395611855,0.5084822438362362,0.21714544220764534,A-andchain,,,,
v2vol,100,0.0,60,0.96,60,0.0,20,0.7,,,True,sym,5,0.9,,10,,,,,14,75,False,fixed,,1.0,0.0,1.0,0.7,0.31851729594366174,-0.37520325693034495,0.9974360897946314,0.8489193258863242,0.4420168341205635,-0.3318172293468272,1.0742228891700365,1.3321093512553914,0.3676276064607398,-0.37520325693034495,1.0343025671881731,0.9798092091961462,8.892105858403076,0.3502689207237045,0.27437231395611855,0.5084822438362362,0.21714544220764534,A-andchain,,,,
v2vol,100,0.0,60,0.96,60,0.0,20,0.7,,,True,sym,5,0.9,,10,,,,,14,75,False,fixed,,1.0,0.0,1.0,1.0,0.32805213691309887,-0.3660230995238736,1.0105435344877096,0.8962607478594447,0.45767367982648666,-0.3219772104790781,1.0849982012548922,1.4214474345730939,0.3793697247178791,-0.3660230995238736,1.04596964277106,1.0364638876927903,8.892105858403076,0.3567486059915418,0.27437231395611855,0.5084822438362362,0.21714544220764534,A-andchain,,,,
v2vol,100,0.0,60,0.96,60,0.0,20,0.7,,,True,sym,5,0.95,,10,,,,,14,75,False,fixed,,1.0,0.0,0.5,0.7,0.16880213878460792,-0.2050689496402438,0.9724725033165944,0.8231482098130438,0.24932203804016062,-0.16832151765188585,1.0448627662548375,1.481224988452136,0.20017282433310402,-0.2050689496402438,1.0064214578416633,0.9761244921977259,9.17710925130061,0.18610406763780887,0.2522053833974214,0.5102917891879665,0.23750282741461207,A-andchain,,,,
v2vol,100,0.0,60,0.96,60,0.0,20,0.7,,,True,sym,5,0.95,,10,,,,,14,75,False,fixed,,1.0,0.0,0.5,1.0,0.17290132899138366,-0.24725533437203984,0.9504628380236224,0.6992825025615937,0.25961763375820346,-0.22736140182750608,1.0121265800257966,1.1418720665487867,0.206503148372839,-0.24725533437203984,0.9783397877494692,0.8351817723055395,9.17710925130061,0.19946839146660084,0.2522053833974214,0.5102917891879665,0.23750282741461207,A-andchain,,,,
v2vol,100,0.0,60,0.96,60,0.0,20,0.7,,,True,sym,5,0.95,,10,,,,,14,75,False,fixed,,1.0,0.0,0.55,0.7,0.1837442572539325,-0.2141220724323063,0.9752902887181433,0.8581285206457284,0.26835596872627643,-0.18007966807811704,1.0490552844661019,1.4902069266912792,0.21680186883548935,-0.2141220724323063,1.010077006868384,1.012515273987133,9.17710925130061,0.2021566777903267,0.2522053833974214,0.5102917891879665,0.23750282741461207,A-andchain,,,,
v2vol,100,0.0,60,0.96,60,0.0,20,0.7,,,True,sym,5,0.95,,10,,,,,14,75,False,fixed,,1.0,0.0,0.55,1.0,0.1878963135240146,-0.2558280148402595,0.9584918461757487,0.7344633997232013,0.2788085910950642,-0.22919920706640196,1.0239064159417748,1.216446577907618,0.22322026093137892,-0.2558280148402595,0.9884578398978635,0.8725403317176148,9.17710925130061,0.21451927123151454,0.2522053833974214,0.5102917891879665,0.23750282741461207,A-andchain,,,,
v2vol,100,0.0,60,0.96,60,0.0,20,0.7,,,True,sym,5,0.95,,10,,,,,14,75,False,fixed,,1.0,0.0,0.6,0.7,0.19856000026960574,-0.2231786147032161,0.9770539397020425,0.8896909792797653,0.28722038451937326,-0.19809079599933477,1.0515808394387742,1.4499431085144299,0.23329171908100022,-0.2231786147032161,1.0123604670810187,1.0453139490592886,9.17710925130061,0.2183892083374436,0.2522053833974214,0.5102917891879665,0.23750282741461207,A-andchain,,,,
v2vol,100,0.0,60,0.96,60,0.0,20,0.7,,,True,sym,5,0.95,,10,,,,,14,75,False,fixed,,1.0,0.0,0.6,1.0,0.20276448668058444,-0.264403933318192,0.9643455988769757,0.7668739422139053,0.2978286357186135,-0.23103701230529916,1.0326399679563392,1.2890949062527433,0.23979744990662555,-0.264403933318192,0.9959190059578338,0.9069360160313718,9.17710925130061,0.22987675355345655,0.2522053833974214,0.5102917891879665,0.23750282741461207,A-andchain,,,,
v2vol,100,0.0,60,0.96,60,0.0,20,0.7,,,True,sym,5,0.95,,10,,,,,14,75,False,fixed,,1.0,0.0,0.65,0.7,0.21323959575879825,-0.2322363206742969,0.9781091525506683,0.9182008875255095,0.3058987811673084,-0.21579451674711003,1.052967257399897,1.4175465891276178,0.24963020272142167,-0.2322363206742969,1.0137122354470984,1.0748973373183908,9.17710925130061,0.2347643410325305,0.2522053833974214,0.5102917891879665,0.23750282741461207,A-andchain,,,,
v2vol,100,0.0,60,0.96,60,0.0,20,0.7,,,True,sym,5,0.95,,10,,,,,14,75,False,fixed,,1.0,0.0,0.65,1.0,0.21749604181420001,-0.2729809537396114,0.9686319503795241,0.7967443839384603,0.3166611270064841,-0.23287481754419825,1.039094057663703,1.359791197459054,0.2562224784195122,-0.2729809537396114,1.0014285929210993,0.9386093605047455,9.17710925130061,0.2454833018313113,0.2522053833974214,0.5102917891879665,0.23750282741461207,A-andchain,,,,
v2vol,100,0.0,60,0.96,60,0.0,20,0.7,,,True,sym,5,0.95,,10,,,,,14,75,False,fixed,,1.0,0.0,0.7,0.7,0.2277732267858088,-0.24801454137015666,0.9786819457039136,0.9183865813975072,0.32437456005191123,-0.23319414305145947,1.0535702077585525,1.3910064627151926,0.265805081488832,-0.24801454137015666,1.0144246665396213,1.071731842900789,9.17710925130061,0.251254195749585,0.2522053833974214,0.5102917891879665,0.23750282741461207,A-andchain,,,,
v2vol,100,0.0,60,0.96,60,0.0,20,0.7,,,True,sym,5,0.95,,10,,,,,14,75,False,fixed,,1.0,0.0,0.7,1.0,0.23208112724575636,-0.28155696094340354,0.971774981246677,0.8242777108693383,0.3352893291867751,-0.23471262278309624,1.0438342478818123,1.4285100017676693,0.2724830433123311,-0.28155696094340354,1.0054922087449454,0.9677723555451487,9.17710925130061,0.26129429134766474,0.2522053833974214,0.5102917891879665,0.23750282741461207,A-andchain,,,,
v2vol,100,0.0,60,0.96,60,0.0,20,0.7,,,True,sym,5,0.95,,10,,,,,14,75,False,fixed,,1.0,0.0,0.75,0.7,0.24182446669064483,-0.2664226248409236,0.9778782246138034,0.9076724127128245,0.3423343763395639,-0.25037152087746706,1.052883495303651,1.367305575090163,0.2814871678974482,-0.2664226248409236,1.0137763290610295,1.05654378289201,9.17710925130061,0.26783574159210777,0.2522053833974214,0.5102917891879665,0.23750282741461207,A-andchain,,,,
v2vol,100,0.0,60,0.96,60,0.0,20,0.7,,,True,sym,5,0.95,,10,,,,,14,75,False,fixed,,1.0,0.0,0.75,1.0,0.2465098552496241,-0.2901298613898805,0.9740745578836507,0.8496535105649148,0.35369643216110513,-0.2397304538257704,1.0472790545841892,1.4753921603058495,0.2885667878210436,-0.2901298613898805,1.008475392507596,0.9946125036514721,9.17710925130061,0.2772747508571661,0.2522053833974214,0.5102917891879665,0.23750282741461207,A-andchain,,,,
v2vol,100,0.0,60,0.96,60,0.0,20,0.7,,,True,sym,5,0.95,,10,,,,,14,75,False,fixed,,1.0,0.0,0.8,0.7,0.25570276228485245,-0.2846312958943228,0.9769695361647918,0.8983648880964556,0.3600503148487595,-0.2672482939424242,1.0519100978827505,1.3472501902157268,0.2969733895368054,-0.2846312958943228,1.0129290157194375,1.0433616886846657,9.17710925130061,0.2844944504630336,0.2522053833974214,0.5102917891879665,0.23750282741461207,A-andchain,,,,
v2vol,100,0.0,60,0.96,60,0.0,20,0.7,,,True,sym,5,0.95,,10,,,,,14,75,False,fixed,,1.0,0.0,0.8,1.0,0.2607723112295601,-0.29870750472601837,0.975745530150318,0.8730022081927493,0.371865572833354,-0.2567697040586121,1.0497397669695816,1.4482455171131454,0.304461314539459,-0.29870750472601837,1.0106448859719002,1.0192623543848294,9.17710925130061,0.29339699009035225,0.2522053833974214,0.5102917891879665,0.23750282741461207,A-andchain,,,,
v2vol,100,0.0,60,0.96,60,0.0,20,0.7,,,True,sym,5,0.95,,10,,,,,14,75,False,fixed,,1.0,0.0,0.85,0.7,0.2693983602512271,-0.30263321010852584,0.9760059708310447,0.8901810880392784,0.3775057880276962,-0.2838278568931145,1.0507536333357816,1.3300519271082663,0.3122515398218504,-0.30263321010852584,1.0119593680662795,1.031782135575522,9.17710925130061,0.30121752022745657,0.2522053833974214,0.5102917891879665,0.23750282741461207,A-andchain,,,,
v2vol,100,0.0,60,0.96,60,0.0,20,0.7,,,True,sym,5,0.95,,10,,,,,14,75,False,fixed,,1.0,0.0,0.85,1.0,0.27485856307546697,-0.3072891112884687,0.976943785369474,0.8944624231004481,0.38977985691317785,-0.27351063400154896,1.0514493313542028,1.4250994603411669,0.32015419866011596,-0.3072891112884687,1.012197193768385,1.0418663951927998,9.17710925130061,0.30963886333017465,0.2522053833974214,0.5102917891879665,0.23750282741461207,A-andchain,,,,
v2vol,100,0.0,60,0.96,60,0.0,20,0.7,,,True,sym,5,0.95,,10,,,,,14,75,False,fixed,,1.0,0.0,0.9,0.7,0.28290150945036263,-0.3204214056552369,0.9750205265352841,0.8829045265307759,0.39468421396344366,-0.3001136046191336,1.049485720614021,1.3151160356903084,0.3273094102817764,-0.3204214056552369,1.0109195296713762,1.0214967056038409,9.17710925130061,0.3179947969972758,0.2522053833974214,0.5102917891879665,0.23750282741461207,A-andchain,,,,
v2vol,100,0.0,60,0.96,60,0.0,20,0.7,,,True,sym,5,0.95,,10,,,,,14,75,False,fixed,,1.0,0.0,0.9,1.0,0.2887586706910841,-0.31586334187409404,0.9777837740024976,0.9141886139043823,0.40742238116175233,-0.28995661451341004,1.0525832064743255,1.4051149750298582,0.3356330014758844,-0.31586334187409404,1.0132784349963981,1.0625892814420697,9.17710925130061,0.3259824889988363,0.2522053833974214,0.5102917891879665,0.23750282741461207,A-andchain,,,,
v2vol,100,0.0,60,0.96,60,0.0,20,0.7,,,True,sym,5,0.95,,10,,,,,14,75,False,fixed,,1.0,0.0,0.95,0.7,0.2962024705584754,-0.33798930302693864,0.9740349062279465,0.8763664054032717,0.4115690388269515,-0.31610893127892714,1.0481560677134902,1.3019848479503813,0.34213480421984976,-0.33798930302693864,1.0098451140515237,1.0122651845954447,9.17710925130061,0.3348181321558685,0.2522053833974214,0.5102917891879665,0.23750282741461207,A-andchain,,,,
v2vol,100,0.0,60,0.96,60,0.0,20,0.7,,,True,sym,5,0.95,,10,,,,,14,75,False,fixed,,1.0,0.0,0.95,1.0,0.30246269568231154,-0.3325678016726661,0.9783504501657406,0.9094767868719117,0.4247762560456696,-0.3061110166054173,1.0532744250348278,1.3876542594127346,0.35088528412557896,-0.3325678016726661,1.0139982391085094,1.055078941379124,9.17710925130061,0.34241329726297115,0.2522053833974214,0.5102917891879665,0.23750282741461207,A-andchain,,,,
v2vol,100,0.0,60,0.96,60,0.0,20,0.7,,,True,sym,5,0.95,,10,,,,,14,75,False,fixed,,1.0,0.0,1.0,0.7,0.3092915258394371,-0.3553307041652848,0.9730632625859936,0.8704328734157681,0.4281437596580382,-0.331817229346827,1.0467992204043786,1.2902999657396552,0.3567155505784574,-0.3553307041652848,1.0087604490110704,1.003897345196852,9.17710925130061,0.3516809158896687,0.2522053833974214,0.5102917891879665,0.23750282741461207,A-andchain,,,,
v2vol,100,0.0,60,0.96,60,0.0,20,0.7,,,True,sym,5,0.95,,10,,,,,14,75,False,fixed,,1.0,0.0,1.0,1.0,0.3159607111954077,-0.3495951300613399,0.978707512778948,0.9037903678462834,0.4418246287633445,-0.32197721047907757,1.0536245054017994,1.372223295263485,0.36589862156612885,-0.3495951300613399,1.0144395554699674,1.0466353507325126,9.17710925130061,0.35891931504207575,0.2522053833974214,0.5102917891879665,0.23750282741461207,A-andchain,,,,
vote,100,0.0,60,0.96,60,0.0,20,,,,,sym,3,0.9,,10,,,,,14,75,,,,,,0.5,0.7,0.19680627143567264,-0.24763589542406994,1.0673981644322768,0.7947404842042269,0.2566450266136977,-0.2752590925881715,0.9725897904110147,0.9323761994582929,0.2197525120981363,-0.2752590925881705,1.0202296136638311,0.7983478766564107,9.804116715675185,0.20261730581855703,0.2825152680389052,0.6333408731056323,0.08414385885546256,B-vote,0.7,0.45,0.7,True
vote,100,0.0,60,0.96,60,0.0,20,,,,,sym,3,0.9,,10,,,,,14,75,,,,,,0.5,1.0,0.19378410527697398,-0.2588514600885077,1.0357295871760948,0.7486305281442663,0.2334357275454073,-0.3426036454213405,0.8744132958779008,0.6813579793009021,0.20973953243806553,-0.34260364542134036,0.9602422827376407,0.6121929385197403,9.804116715675185,0.20779246890990322,0.2825152680389052,0.6333408731056323,0.08414385885546256,B-vote,0.7,0.45,0.7,True
vote,100,0.0,60,0.96,60,0.0,20,,,,,sym,3,0.9,,10,,,,,14,75,,,,,,0.55,0.7,0.216532347543277,-0.2672629743311372,1.0733349012289741,0.8101846059491754,0.2837710077794038,-0.28389848083869085,0.992932222000816,0.9995509906960034,0.2421807818391708,-0.28389848083868974,1.0322242322768829,0.853054166136159,9.804116715675185,0.22190979869341562,0.2825152680389052,0.6333408731056323,0.08414385885546256,B-vote,0.7,0.45,0.7,True
vote,100,0.0,60,0.96,60,0.0,20,,,,,sym,3,0.9,,10,,,,,14,75,,,,,,0.55,1.0,0.21346019375338954,-0.2781870674837742,1.0459407029856478,0.7673260863064385,0.26006128365573455,-0.3504402423121705,0.9044700253958061,0.7420988010391603,0.2319837853569522,-0.35044024231216986,0.9789504158102972,0.6619781558942724,9.804116715675185,0.22664716157248246,0.2825152680389052,0.6333408731056323,0.08414385885546256,B-vote,0.7,0.45,0.7,True
vote,100,0.0,60,0.96,60,0.0,20,,,,,sym,3,0.9,,10,,,,,14,75,,,,,,0.6,0.7,0.23619656903035402,-0.2865497102991086,1.0780493416840482,0.8242778147770781,0.3107869279129465,-0.29251173907571404,1.0096864025388637,1.0624767706587737,0.26452271091468305,-0.29251173907571415,1.0419839436571794,0.9043148550226684,9.804116715675185,0.24127548410109526,0.2825152680389052,0.6333408731056323,0.08414385885546256,B-vote,0.7,0.45,0.7,True
vote,100,0.0,60,0.96,60,0.0,20,,,,,sym,3,0.9,,10,,,,,14,75,,,,,,0.6,1.0,0.2330745744067857,-0.297187352463259,1.0540634089370577,0.784268147600933,0.28657882961393644,-0.3582531372490455,0.9293667594619017,0.7999339009687904,0.25414240535648225,-0.3582531372490455,0.9942179905181595,0.7093933839853885,9.804116715675185,0.24564176333664622,0.2825152680389052,0.6333408731056323,0.08414385885546256,B-vote,0.7,0.45,0.7,True
vote,100,0.0,60,0.96,60,0.0,20,,,,,sym,3,0.9,,10,,,,,14,75,,,,,,0.65,0.7,0.2557852263761007,-0.30549626500463745,1.0818677227999642,0.837277753206632,0.3376605700568813,-0.3010974815000569,1.0237047258258865,1.1214327279480003,0.28675843856299776,-0.30549626500463745,1.0500642538201892,0.9386643026835197,9.804116715675185,0.260698051456791,0.2825152680389052,0.6333408731056323,0.08414385885546256,B-vote,0.7,0.45,0.7,True
vote,100,0.0,60,0.96,60,0.0,20,,,,,sym,3,0.9,,10,,,,,14,75,,,,,,0.65,1.0,0.25261357217436875,-0.31585247544464,1.0606434441336057,0.7997834173018686,0.3129567429392368,-0.36604107320435264,0.9502774674423352,0.8549771210088218,0.27619569444060255,-0.36604107320435275,1.0068758558658495,0.7545483680909452,9.804116715675185,0.2647461619636722,0.2825152680389052,0.6333408731056323,0.08414385885546256,B-vote,0.7,0.45,0.7,True
vote,100,0.0,60,0.96,60,0.0,20,,,,,sym,3,0.9,,10,,,,,14,75,,,,,,0.7,0.7,0.275284422245494,-0.32410301913698536,1.0850128449354846,0.8493732115748737,0.3643591542908551,-0.30965434846174456,1.0355940026110335,1.176664096922472,0.30886780981243667,-0.32410301913698536,1.0568541264294757,0.9529926954549307,9.804116715675185,0.2801656709370393,0.2825152680389052,0.6333408731056323,0.08414385885546256,B-vote,0.7,0.45,0.7,True
vote,100,0.0,60,0.96,60,0.0,20,,,,,sym,3,0.9,,10,,,,,14,75,,,,,,0.7,1.0,0.2720633246616617,-0.33418281260274785,1.0660585987352098,0.8141152518967837,0.33916284853190315,-0.3738028168698464,0.9680563335314946,0.9073309060963967,0.2981236628138859,-0.3738028168698463,1.0175155277721402,0.7975425795619112,9.804116715675185,0.2839381957168444,0.2825152680389052,0.6333408731056323,0.08414385885546256,B-vote,0.7,0.45,0.7,True
vote,100,0.0,60,0.96,60,0.0,20,,,,,sym,3,0.9,,10,,,,,14,75,,,,,,0.75,0.7,0.29439651064877914,-0.3425376067456062,1.0868103527064739,0.8594574868604714,0.3905337139875038,-0.321602774620553,1.045151882428385,1.2143356488397212,0.3305349582548782,-0.3425376067456062,1.0618919611194917,0.9649596182890307,9.804116715675185,0.2996693526946721,0.2825152680389052,0.6333408731056323,0.08414385885546256,B-vote,0.7,0.45,0.7,True
vote,100,0.0,60,0.96,60,0.0,20,,,,,sym,3,0.9,,10,,,,,14,75,,,,,,0.75,1.0,0.29140979506691034,-0.3521789498312172,1.0705769679655421,0.8274480777643562,0.36516447112082484,-0.3815371586984495,0.9833365971466643,0.957087567477104,0.3199060527594457,-0.3815371586984493,1.0265673800994988,0.8384663078446989,9.804116715675185,0.3032012236658408,0.2825152680389052,0.6333408731056323,0.08414385885546256,B-vote,0.7,0.45,0.7,True
vote,100,0.0,60,0.96,60,0.0,20,,,,,sym,3,0.9,,10,,,,,14,75,,,,,,0.8,0.7,0.31338236556501187,-0.36063402780496223,1.0883062509950827,0.868976140361594,0.41645452884663126,-0.34275281970668925,1.0534308707116418,1.2150287463805907,0.35202505723937727,-0.36063402780496223,1.066214993962797,0.9761282355467553,9.804116715675185,0.3192027192301523,0.2825152680389052,0.6333408731056323,0.08414385885546256,B-vote,0.7,0.45,0.7,True
vote,100,0.0,60,0.96,60,0.0,20,,,,,sym,3,0.9,,10,,,,,14,75,,,,,,0.8,1.0,0.3106387856147417,-0.3698505910916078,1.0743930482239274,0.8399034450584398,0.390928490313317,-0.3892429129373619,0.9965958679635959,1.004330399655154,0.3415223635347797,-0.3892429129373616,1.0343507474194058,0.877401622954504,9.804116715675185,0.32252252543205956,0.2825152680389052,0.6333408731056323,0.08414385885546256,B-vote,0.7,0.45,0.7,True
vote,100,0.0,60,0.96,60,0.0,20,,,,,sym,3,0.9,,10,,,,,14,75,,,,,,0.85,0.7,0.3322276898563781,-0.3783942289012149,1.0895658705362563,0.8779935434562633,0.4420876601507391,-0.3634183907383933,1.0606677019534396,1.2164702486643715,0.37331734438803776,-0.3783942289012149,1.0699619488206786,0.9865830815445589,9.804116715675185,0.3387606355969366,0.2825152680389052,0.6333408731056323,0.08414385885546256,B-vote,0.7,0.45,0.7,True
vote,100,0.0,60,0.96,60,0.0,20,,,,,sym,3,0.9,,10,,,,,14,75,,,,,,0.85,1.0,0.329735951486829,-0.387199431532278,1.0776507466749041,0.8515920340635659,0.4164213981536393,-0.39691891765261866,1.0082001068177713,1.049134671172537,0.362951877255169,-0.3969189176526179,1.0411068032946733,0.9144232262893129,9.804116715675185,0.3418922215008231,0.2825152680389052,0.6333408731056323,0.08414385885546256,B-vote,0.7,0.45,0.7,True
vote,100,0.0,60,0.96,60,0.0,20,,,,,sym,3,0.9,,10,,,,,14,75,,,,,,0.9,0.7,0.35091806601262854,-0.39581093968320136,1.0906376386430487,0.8865800078529812,0.4673988661857049,-0.3836043469592231,1.067044788075448,1.2184399626612916,0.394390883928216,-0.39581093968320136,1.0732384148649716,0.9964122877550531,9.804116715675185,0.3583390820756156,0.2825152680389052,0.6333408731056323,0.08414385885546256,B-vote,0.7,0.45,0.7,True
vote,100,0.0,60,0.96,60,0.0,20,,,,,sym,3,0.9,,10,,,,,14,75,,,,,,0.9,1.0,0.3486868152360574,-0.4042180786572177,1.0804584321349342,0.8626205349210727,0.44160935908583654,-0.40456403474521496,1.0184337957517104,1.0915685062414207,0.38417368573112887,-0.4045640347452134,1.0470206226578658,0.9495992049146781,9.804116715675185,0.3613025285927934,0.2825152680389052,0.6333408731056323,0.08414385885546256,B-vote,0.7,0.45,0.7,True
vote,100,0.0,60,0.96,60,0.0,20,,,,,sym,3,0.9,,10,,,,,14,75,,,,,,0.95,0.7,0.36943897120419056,-0.41288562878813695,1.091558080934879,0.8947731416289132,0.4923536659141199,-0.40331572016865325,1.0727047956036726,1.2207648779676477,0.4152245948493576,-0.41288562878813695,1.0761260575978144,1.0056649248560328,9.804116715675185,0.3779348680688067,0.2825152680389052,0.6333408731056323,0.08414385885546256,B-vote,0.7,0.45,0.7,True
vote,100,0.0,60,0.96,60,0.0,20,,,,,sym,3,0.9,,10,,,,,14,75,,,,,,0.95,1.0,0.36747678166950215,-0.4209077513366798,1.0828990134011802,0.8730577674146021,0.46645827220562963,-0.41217714995893573,1.0275210053646167,1.131693671646043,0.40516671822330474,-0.4209077513366798,1.0522362959638114,0.9626021781176846,9.804116715675185,0.3807472357685723,0.2825152680389052,0.6333408731056323,0.08414385885546256,B-vote,0.7,0.45,0.7,True
vote,100,0.0,60,0.96,60,0.0,20,,,,,sym,3,0.9,,10,,,,,14,75,,,,,,1.0,0.7,0.38777579276962615,-0.42961995244927587,1.0923551770626312,0.9026019172501302,0.5169174047639606,-0.42255770587106434,1.077760809190068,1.2233060658505384,0.4357972799070571,-0.42961995244927587,1.0786889502722905,1.0143785860562669,9.804116715675185,0.3975454294897821,0.2825152680389052,0.6333408731056323,0.08414385885546256,B-vote,0.7,0.45,0.7,True
vote,100,0.0,60,0.96,60,0.0,20,,,,,sym,3,0.9,,10,,,,,14,75,,,,,,1.0,1.0,0.3860911531843305,-0.4372698540485729,1.0850368329699962,0.8829585428988724,0.4909338356754813,-0.41975717288001657,1.0356403546829787,1.169566281159917,0.4259097700751422,-0.4372698540485729,1.0568674828425,0.9740204272756274,9.804116715675185,0.4002213290872382,0.2825152680389052,0.6333408731056323,0.08414385885546256,B-vote,0.7,0.45,0.7,True
vote,100,0.0,60,0.96,60,0.0,20,,,,,sym,3,0.9,-0.1,10,,,,,14,75,,,,,,0.5,0.7,0.19680627143567264,-0.24763589542406994,1.0673981644322768,0.7947404842042269,0.2586750670781255,-0.2752590925881713,0.9796080389067021,0.9397512163754097,0.2204888830433227,-0.2752590925881715,1.0233050051272545,0.80102306873912,9.9181180728342,0.20259306923923148,0.2827414612078715,0.6333408731056323,0.08391766568649627,B-vote,0.7,0.45,0.7,True
vote,100,0.0,60,0.96,60,0.0,20,,,,,sym,3,0.9,-0.1,10,,,,,14,75,,,,,,0.5,1.0,0.19378410527697398,-0.2588514600885077,1.0357295871760948,0.7486305281442663,0.2362919648494315,-0.34260364542134003,0.8842085802959074,0.6896948354382962,0.2107861967689897,-0.3426036454213407,0.9645703862308217,0.615247968274712,9.9181180728342,0.20774630262995097,0.2827414612078715,0.6333408731056323,0.08391766568649627,B-vote,0.7,0.45,0.7,True
vote,100,0.0,60,0.96,60,0.0,20,,,,,sym,3,0.9,-0.1,10,,,,,14,75,,,,,,0.55,0.7,0.216532347543277,-0.2672629743311372,1.0733349012289741,0.8101846059491754,0.2858448687645332,-0.2838984808386894,0.9993339550786821,1.0068559293452144,0.24293069284762758,-0.2838984808386905,1.0350250773198506,0.8556956420829156,9.9181180728342,0.2218874299601691,0.2827414612078715,0.6333408731056323,0.08391766568649627,B-vote,0.7,0.45,0.7,True
vote,100,0.0,60,0.96,60,0.0,20,,,,,sym,3,0.9,-0.1,10,,,,,14,75,,,,,,0.55,1.0,0.21346019375338954,-0.2781870674837742,1.0459407029856478,0.7673260863064385,0.2629791771165453,-0.3504402423121701,0.9134489978300289,0.7504251663034892,0.23304969537297948,-0.35044024231217064,0.982907292581928,0.6650197872120515,9.9181180728342,0.22660450162688694,0.2827414612078715,0.6333408731056323,0.08391766568649627,B-vote,0.7,0.45,0.7,True
vote,100,0.0,60,0.96,60,0.0,20,,,,,sym,3,0.9,-0.1,10,,,,,14,75,,,,,,0.6,0.7,0.23619656903035402,-0.2865497102991086,1.0780493416840482,0.8242778147770781,0.3129044316212728,-0.29251173907571426,1.0155685091895188,1.0697158090475134,0.26528610986210066,-0.29251173907571404,1.0445542512044863,0.9069246612131137,9.9181180728342,0.24125469068594282,0.2827414612078715,0.6333408731056323,0.08391766568649627,B-vote,0.7,0.45,0.7,True
vote,100,0.0,60,0.96,60,0.0,20,,,,,sym,3,0.9,-0.1,10,,,,,14,75,,,,,,0.6,1.0,0.2330745744067857,-0.297187352463259,1.0540634089370577,0.784268147600933,0.2895581291150342,-0.3582531372490453,0.937647929002893,0.8082500863453523,0.25522748696817454,-0.3582531372490452,0.9978595934772799,0.7124221965731153,9.9181180728342,0.24560209362260843,0.2827414612078715,0.6333408731056323,0.08391766568649627,B-vote,0.7,0.45,0.7,True
vote,100,0.0,60,0.96,60,0.0,20,,,,,sym,3,0.9,-0.1,10,,,,,14,75,,,,,,0.65,0.7,0.2557852263761007,-0.30549626500463745,1.0818677227999642,0.837277753206632,0.3398214866461926,-0.301097481500056,1.0291434483434003,1.1286095285593727,0.2875352613350217,-0.30549626500463745,1.0524384325265452,0.941207125169458,9.9181180728342,0.2606786034846263,0.2827414612078715,0.6333408731056323,0.08391766568649627,B-vote,0.7,0.45,0.7,True
vote,100,0.0,60,0.96,60,0.0,20,,,,,sym,3,0.9,-0.1,10,,,,,14,75,,,,,,0.65,1.0,0.25261357217436875,-0.31585247544464,1.0606434441336057,0.7997834173018686,0.3159971251367073,-0.36604107320435164,0.957956684610361,0.8632832440645095,0.27729985651585354,-0.3660410732043532,1.0102469085850518,0.7575648658451035,9.9181180728342,0.26470906852454323,0.2827414612078715,0.6333408731056323,0.08391766568649627,B-vote,0.7,0.45,0.7,True
vote,100,0.0,60,0.96,60,0.0,20,,,,,sym,3,0.9,-0.1,10,,,,,14,75,,,,,,0.7,0.7,0.275284422245494,-0.32410301913698536,1.0850128449354846,0.8493732115748737,0.3665632009647879,-0.30965434846174433,1.0406502802631845,1.1837818612454405,0.3096579801270509,-0.32410301913698536,1.0590595383297072,0.9554307175280305,9.9181180728342,0.2801473847539972,0.2827414612078715,0.6333408731056323,0.08391766568649627,B-vote,0.7,0.45,0.7,True
vote,100,0.0,60,0.96,60,0.0,20,,,,,sym,3,0.9,-0.1,10,,,,,14,75,,,,,,0.7,1.0,0.2720633246616617,-0.33418281260274785,1.0660585987352098,0.8141152518967837,0.3422639155747329,-0.3738028168698464,0.9752118571289221,0.9156269030843206,0.29924679692545575,-0.37380281686984695,1.020652203689506,0.8005471960625953,9.9181180728342,0.283903342459257,0.2827414612078715,0.6333408731056323,0.08391766568649627,B-vote,0.7,0.45,0.7,True
vote,100,0.0,60,0.96,60,0.0,20,,,,,sym,3,0.9,-0.1,10,,,,,14,75,,,,,,0.75,0.7,0.29439651064877914,-0.3425376067456062,1.0868103527064739,0.8594574868604714,0.3927800442134324,-0.321602774620553,1.049875083413168,1.2213204462457103,0.3313382091398698,-0.3425376067456062,1.0639506478431533,0.9673046188646554,9.9181180728342,0.2996520811644097,0.2827414612078715,0.6333408731056323,0.08391766568649627,B-vote,0.7,0.45,0.7,True
vote,100,0.0,60,0.96,60,0.0,20,,,,,sym,3,0.9,-0.1,10,,,,,14,75,,,,,,0.75,1.0,0.29140979506691034,-0.3521789498312172,1.0705769679655421,0.8274480777643562,0.3683257494926653,-0.38153715869844873,0.990032936147052,0.9653732044059562,0.3210480329531573,-0.3815371586984493,1.029499270667037,0.8414594113149015,9.9181180728342,0.3031683345816794,0.2827414612078715,0.6333408731056323,0.08391766568649627,B-vote,0.7,0.45,0.7,True
vote,100,0.0,60,0.96,60,0.0,20,,,,,sym,3,0.9,-0.1,10,,,,,14,75,,,,,,0.8,0.7,0.31338236556501187,-0.36063402780496223,1.0883062509950827,0.868976140361594,0.41874273271381934,-0.34275281970668947,1.0578615535008238,1.221704705659776,0.35284128180906693,-0.36063402780496223,1.06814503949488,0.9783915399128399,9.9181180728342,0.3191863398619326,0.2827414612078715,0.6333408731056323,0.08391766568649627,B-vote,0.7,0.45,0.7,True
vote,100,0.0,60,0.96,60,0.0,20,,,,,sym,3,0.9,-0.1,10,,,,,14,75,,,,,,0.8,1.0,0.3106387856147417,-0.3698505910916078,1.0743930482239274,0.8399034450584398,0.39414942980172407,-0.389242912937362,1.0028866926694981,1.0126052824631688,0.3426830461192525,-0.38924291293736124,1.037102318341529,0.8803835207512144,9.9181180728342,0.3224913714498485,0.2827414612078715,0.6333408731056323,0.08391766568649627,B-vote,0.7,0.45,0.7,True
vote,100,0.0,60,0.96,60,0.0,20,,,,,sym,3,0.9,-0.1,10,,,,,14,75,,,,,,0.85,0.7,0.3322276898563781,-0.3783942289012149,1.0895658705362563,0.8779935434562633,0.44441727292233124,-0.363418390738393,1.0648395378292739,1.2228805262699138,0.37414642322238967,-0.3783942289012149,1.0717783226769668,0.9887741266795743,9.9181180728342,0.3387450466197101,0.2827414612078715,0.6333408731056323,0.08391766568649627,B-vote,0.7,0.45,0.7,True
vote,100,0.0,60,0.96,60,0.0,20,,,,,sym,3,0.9,-0.1,10,,,,,14,75,,,,,,0.85,1.0,0.329735951486829,-0.387199431532278,1.0776507466749041,0.8515920340635659,0.4197013709526076,-0.39691891765261833,1.0141304648581595,1.0573982551265757,0.3641311006139474,-0.3969189176526189,1.0436984826532005,0.9173941689839857,9.9181180728342,0.34186261064828843,0.2827414612078715,0.6333408731056323,0.08391766568649627,B-vote,0.7,0.45,0.7,True
vote,100,0.0,60,0.96,60,0.0,20,,,,,sym,3,0.9,-0.1,10,,,,,14,75,,,,,,0.9,0.7,0.35091806601262854,-0.39581093968320136,1.0906376386430487,0.8865800078529812,0.4697693678092525,-0.38360434695922296,1.070986017713859,1.224619511048421,0.39523268496815933,-0.39581093968320136,1.074953641466566,0.9985390633328507,9.9181180728342,0.35832419805388444,0.2827414612078715,0.6333408731056323,0.08391766568649627,B-vote,0.7,0.45,0.7,True
vote,100,0.0,60,0.96,60,0.0,20,,,,,sym,3,0.9,-0.1,10,,,,,14,75,,,,,,0.9,1.0,0.3486868152360574,-0.4042180786572177,1.0804584321349342,0.8626205349210727,0.44494765903718125,-0.4045640347452145,1.0240418110547285,1.0998201046650118,0.38537127015803296,-0.4045640347452143,1.0494696228835902,0.9525593900128356,9.9181180728342,0.3612742985489093,0.2827414612078715,0.6333408731056323,0.08391766568649627,B-vote,0.7,0.45,0.7,True
vote,100,0.0,60,0.96,60,0.0,20,,,,,sym,3,0.9,-0.1,10,,,,,14,75,,,,,,0.95,0.7,0.36943897120419056,-0.41288562878813695,1.091558080934879,0.8947731416289132,0.4947644806349696,-0.4033157201686528,1.0764393245627024,1.2267423655791945,0.4160789733091055,-0.41288562878813695,1.0777507166629654,1.0077342108766085,9.9181180728342,0.37792061661037557,0.2827414612078715,0.6333408731056323,0.08391766568649627,B-vote,0.7,0.45,0.7,True
vote,100,0.0,60,0.96,60,0.0,20,,,,,sym,3,0.9,-0.1,10,,,,,14,75,,,,,,0.95,1.0,0.36747678166950215,-0.4209077513366798,1.0828990134011802,0.8730577674146021,0.4698541141845256,-0.4121771499589354,1.0328391917204398,1.139932464066328,0.40638246578179094,-0.4209077513366798,1.0545572417066584,0.965490572438353,9.9181180728342,0.38072024815845257,0.2827414612078715,0.6333408731056323,0.08391766568649627,B-vote,0.7,0.45,0.7,True
vote,100,0.0,60,0.96,60,0.0,20,,,,,sym,3,0.9,-0.1,10,,,,,14,75,,,,,,1.0,0.7,0.38777579276962615,-0.42961995244927587,1.0923551770626312,0.9026019172501302,0.5193679008449115,-0.4225577058710642,1.081309043356933,1.22910526450886,0.4366640782039366,-0.42961995244927587,1.0802320564905539,1.0163961792614657,9.9181180728342,0.3975317487371429,0.2827414612078715,0.6333408731056323,0.08391766568649627,B-vote,0.7,0.45,0.7,True
vote,100,0.0,60,0.96,60,0.0,20,,,,,sym,3,0.9,-0.1,10,,,,,14,75,,,,,,1.0,1.0,0.3860911531843305,-0.4372698540485729,1.0850368329699962,0.8829585428988724,0.4943863551251668,-0.41975717288001657,1.0406966403790139,1.1777913209513688,0.4271434644824379,-0.4372698540485729,1.0590728958518456,0.9768417843755355,9.9181180728342,0.40019546506269293,0.2827414612078715,0.6333408731056323,0.08391766568649627,B-vote,0.7,0.45,0.7,True
vote,100,0.0,60,0.96,60,0.0,20,,,,,sym,3,0.95,,10,,,,,14,75,,,,,,0.5,0.7,0.19669362559389625,-0.24763589542406994,1.0590100505226407,0.7942855992547591,0.252238688019502,-0.29942294347402654,0.9477075831300048,0.8424160322950751,0.218079815974362,-0.2994229434740263,1.0042162800103316,0.7283336856024177,10.08912010857272,0.2049532665642641,0.26487220085953406,0.6444243383849808,0.09070346075548519,B-vote,0.7,0.45,0.7,True
vote,100,0.0,60,0.96,60,0.0,20,,,,,sym,3,0.95,,10,,,,,14,75,,,,,,0.5,1.0,0.1923712412798051,-0.2588514600885077,1.019709071056921,0.7431723244444077,0.2244507666330724,-0.3645221370125937,0.8348973540258078,0.6157397420977974,0.20554290463311387,-0.3645221370125944,0.9335450413789443,0.5638694711866354,10.08912010857272,0.21064736248461594,0.26487220085953406,0.6444243383849808,0.09070346075548519,B-vote,0.7,0.45,0.7,True
vote,100,0.0,60,0.96,60,0.0,20,,,,,sym,3,0.95,,10,,,,,14,75,,,,,,0.55,0.7,0.21667355464773275,-0.2672629743311372,1.0665279192005808,0.8107129511298319,0.2798368061585368,-0.31038707827121537,0.9712810154932059,0.9015736341769233,0.2408462507578346,-0.3103870782712166,1.0185132079762258,0.7759545020343369,10.08912010857272,0.22438103879631374,0.26487220085953406,0.6444243383849808,0.09070346075548519,B-vote,0.7,0.45,0.7,True
vote,100,0.0,60,0.96,60,0.0,20,,,,,sym,3,0.95,,10,,,,,14,75,,,,,,0.55,1.0,0.21227880564437518,-0.2781870674837742,1.0322510357620456,0.7630793464428635,0.25143703384426974,-0.37446745977976237,0.869264488139391,0.6714522911874607,0.22807510162994804,-0.3744674597797636,0.9554447999049344,0.6090652089345396,10.08912010857272,0.22959695543514103,0.26487220085953406,0.6444243383849808,0.09070346075548519,B-vote,0.7,0.45,0.7,True
vote,100,0.0,60,0.96,60,0.0,20,,,,,sym,3,0.95,,10,,,,,14,75,,,,,,0.6,0.7,0.23659513698422474,-0.2865497102991086,1.0725434252797432,0.825668735582598,0.3073329833337137,-0.3213015969066555,0.9907510857070999,0.9565249170641379,0.26353083730747473,-0.3213015969066555,1.030192677187633,0.820197720287197,10.08912010857272,0.24388897665668868,0.26487220085953406,0.6444243383849808,0.09070346075548519,B-vote,0.7,0.45,0.7,True
vote,100,0.0,60,0.96,60,0.0,20,,,,,sym,3,0.95,,10,,,,,14,75,,,,,,0.6,1.0,0.23212822377201925,-0.297187352463259,1.0423082671676784,0.781083790571865,0.27832364072974314,-0.3843677768303665,0.8978413103316659,0.7241076320832588,0.25052629127234183,-0.3843677768303667,0.9734075934595875,0.6517879655216435,10.08912010857272,0.2486989863988805,0.26487220085953406,0.6444243383849808,0.09070346075548519,B-vote,0.7,0.45,0.7,True
vote,100,0.0,60,0.96,60,0.0,20,,,,,sym,3,0.95,,10,,,,,14,75,,,,,,0.65,0.7,0.2564443930563416,-0.30549626500463745,1.0774492075305073,0.8394354446606695,0.334693915105859,-0.3321635652510534,1.0070808070932127,1.0076177826815327,0.28611317480512244,-0.33216356525105295,1.039895764131472,0.8613623068167482,10.08912010857272,0.26345927306770645,0.26487220085953406,0.6444243383849808,0.09070346075548519,B-vote,0.7,0.45,0.7,True
vote,100,0.0,60,0.96,60,0.0,20,,,,,sym,3,0.95,,10,,,,,14,75,,,,,,0.65,1.0,0.25190556644601303,-0.31585247544464,1.0505145314964408,0.797541846367973,0.3050780213538875,-0.39422042668099466,0.9219214702408935,0.7738767468808975,0.2728762824425095,-0.3942204266809948,0.9883651157653638,0.6921921442272762,10.08912010857272,0.2679208521074058,0.26487220085953406,0.6444243383849808,0.09070346075548519,B-vote,0.7,0.45,0.7,True
vote,100,0.0,60,0.96,60,0.0,20,,,,,sym,3,0.95,,10,,,,,14,75,,,,,,0.7,0.7,0.2762071459862834,-0.32410301913698536,1.0815154761873127,0.8522202191197167,0.36188568902442286,-0.34297012509722624,1.020958925011508,1.0551522203918908,0.3085725494844791,-0.3429701250972259,1.0480738622691623,0.8997067875722536,10.08912010857272,0.2830789950940641,0.26487220085953406,0.6444243383849808,0.09070346075548519,B-vote,0.7,0.45,0.7,True
vote,100,0.0,60,0.96,60,0.0,20,,,,,sym,3,0.95,,10,,,,,14,75,,,,,,0.7,1.0,0.2715967078410537,-0.33418281260274785,1.0573126168643088,0.8127189597985343,0.33166701520635566,-0.4040228167154981,0.94245273140584,0.820911595792142,0.29510457429169423,-0.4040228167154969,1.0009858382177022,0.7304156153623862,10.08912010857272,0.2872384957130045,0.26487220085953406,0.6444243383849808,0.09070346075548519,B-vote,0.7,0.45,0.7,True
vote,100,0.0,60,0.96,60,0.0,20,,,,,sym,3,0.95,,10,,,,,14,75,,,,,,0.75,0.7,0.2955674448207155,-0.3425376067456062,1.0840570024157337,0.8628758974200045,0.38855861203272024,-0.3537827836907379,1.0322527221347382,1.0982971188682316,0.33058108821435694,-0.3537827836907388,1.054290578717768,0.9344182460369136,10.08912010857272,0.3027384654121016,0.26487220085953406,0.6444243383849808,0.09070346075548519,B-vote,0.7,0.45,0.7,True
vote,100,0.0,60,0.96,60,0.0,20,,,,,sym,3,0.95,,10,,,,,14,75,,,,,,0.75,1.0,0.2911873387807704,-0.3521789498312172,1.0630192808873067,0.8268164208006265,0.35805692215362783,-0.41377242350308363,0.9601417738273654,0.8653474756056561,0.3171903810380803,-0.41377242350308396,1.0117593385121868,0.7665817319401813,10.08912010857272,0.306633815996156,0.26487220085953406,0.6444243383849808,0.09070346075548519,B-vote,0.7,0.45,0.7,True
vote,100,0.0,60,0.96,60,0.0,20,,,,,sym,3,0.95,,10,,,,,14,75,,,,,,0.8,0.7,0.31480322776788827,-0.36063402780496223,1.0861964121127936,0.872916040907099,0.41498107345914725,-0.36453241705285433,1.0420529554870122,1.138392784965893,0.35241426284221133,-0.36453241705285355,1.0596419335484923,0.9667569915767321,10.08912010857272,0.3224305329775337,0.26487220085953406,0.6444243383849808,0.09070346075548519,B-vote,0.7,0.45,0.7,True
vote,100,0.0,60,0.96,60,0.0,20,,,,,sym,3,0.95,,10,,,,,14,75,,,,,,0.8,1.0,0.31066298052963526,-0.3698505910916078,1.0678659690338508,0.8399688631366485,0.3842135602112826,-0.4234667930625142,0.9755242238806828,0.9073050508462494,0.33911265785040534,-0.42346679306251456,1.0210509493596611,0.8008010625766909,10.08912010857272,0.3260929531171176,0.26487220085953406,0.6444243383849808,0.09070346075548519,B-vote,0.7,0.45,0.7,True
vote,100,0.0,60,0.96,60,0.0,20,,,,,sym,3,0.95,,10,,,,,14,75,,,,,,0.85,0.7,0.3338998956927435,-0.3783942289012149,1.0880177568383165,0.8824127594713204,0.44111788316409206,-0.37521641572511033,1.0506332324305279,1.175635885523895,0.3740507058828437,-0.3783942289012149,1.0642933270499748,0.9885211700215832,10.08912010857272,0.342149569533226,0.26487220085953406,0.6444243383849808,0.09070346075548519,B-vote,0.7,0.45,0.7,True
vote,100,0.0,60,0.96,60,0.0,20,,,,,sym,3,0.95,,10,,,,,14,75,,,,,,0.85,1.0,0.3300089991066548,-0.387199431532278,1.07202502968269,0.8522972200674431,0.41010232603762664,-0.43310354107322857,0.9890122398255637,0.9468921104209745,0.3608501277854097,-0.43310354107322846,1.0291379571403043,0.8331728872297485,10.08912010857272,0.34560512771124263,0.26487220085953406,0.6444243383849808,0.09070346075548519,B-vote,0.7,0.45,0.7,True
vote,100,0.0,60,0.96,60,0.0,20,,,,,sym,3,0.95,,10,,,,,14,75,,,,,,0.9,0.7,0.35284272220359814,-0.39581093968320136,1.0895838742904107,0.891442572269493,0.46693351655522686,-0.3917858479025379,1.0582049760111103,1.1918080223035084,0.39546886335202913,-0.39581093968320136,1.0683711598245478,0.9991357582702337,10.08912010857272,0.3618911665775507,0.26487220085953406,0.6444243383849808,0.09070346075548519,B-vote,0.7,0.45,0.7,True
vote,100,0.0,60,0.96,60,0.0,20,,,,,sym,3,0.95,,10,,,,,14,75,,,,,,0.9,1.0,0.34921062010692183,-0.4042180786572177,1.075627009342214,0.8639163821345484,0.43568825803736067,-0.4426803530342517,1.0009274020754706,0.9842050930226172,0.38238130974389284,-0.4426803530342527,1.0362340853523218,0.8637864931726614,10.08912010857272,0.3651618378135227,0.26487220085953406,0.6444243383849808,0.09070346075548519,B-vote,0.7,0.45,0.7,True
vote,100,0.0,60,0.96,60,0.0,20,,,,,sym,3,0.95,,10,,,,,14,75,,,,,,0.95,0.7,0.37161686917131465,-0.41288562878813695,1.0909425477391936,0.9000479630692149,0.4923921819468713,-0.4115955548601957,1.0649339611780604,1.196301019611641,0.416647024197619,-0.41288562878813695,1.0719735513001847,1.0091100177560604,10.08912010857272,0.38165182318632046,0.26487220085953406,0.6444243383849808,0.09070346075548519,B-vote,0.7,0.45,0.7,True
vote,100,0.0,60,0.96,60,0.0,20,,,,,sym,3,0.95,,10,,,,,14,75,,,,,,0.95,1.0,0.36825294401582664,-0.4209077513366798,1.0787723212213463,0.8749017874970539,0.46093610195187784,-0.4521949843717892,1.0115238274817644,1.019330416926743,0.40368454740676296,-0.4521949843717895,1.0425063817672409,0.8927223020122181,10.08912010857272,0.384756292421291,0.26487220085953406,0.6444243383849808,0.09070346075548519,B-vote,0.7,0.45,0.7,True
vote,100,0.0,60,0.96,60,0.0,20,,,,,sym,3,0.95,,10,,,,,14,75,,,,,,1.0,0.7,0.39020740270477416,-0.42961995244927587,1.0921306694448127,0.9082618264821976,0.5174578902304241,-0.4310065258649449,1.0709518877831914,1.200580174956721,0.43756335063737195,-0.43100652586494403,1.075177742018094,1.0152128201754478,10.08912010857272,0.4014287247015558,0.26487220085953406,0.6444243383849808,0.09070346075548519,B-vote,0.7,0.45,0.7,True
vote,100,0.0,60,0.96,60,0.0,20,,,,,sym,3,0.95,,10,,,,,14,75,,,,,,1.0,1.0,0.38712096199947754,-0.4372698540485729,1.0815392802484793,0.8853136305080737,0.4858103788010937,-0.4616452604964184,1.0210046732259472,1.0523456436630367,0.4247380391091633,-0.46164526049641974,1.0480870801066073,0.920052853250201,10.08912010857272,0.4043830048204178,0.26487220085953406,0.6444243383849808,0.09070346075548519,B-vote,0.7,0.45,0.7,True
vote,100,0.0,60,0.96,60,0.0,20,,,,,sym,3,0.95,-0.1,10,,,,,14,75,,,,,,0.5,0.7,0.19669362559389625,-0.24763589542406994,1.0590100505226407,0.7942855992547591,0.2542616102878936,-0.29942294347402687,0.9546195667925638,0.8491721019700325,0.21881517710418508,-0.29942294347402576,1.00725340896084,0.7307896133990373,10.203121465731735,0.20492931667046552,0.26509839402850033,0.6444243383849808,0.09047726758651889,B-vote,0.7,0.45,0.7,True
vote,100,0.0,60,0.96,60,0.0,20,,,,,sym,3,0.95,-0.1,10,,,,,14,75,,,,,,0.5,1.0,0.1923712412798051,-0.2588514600885077,1.019709071056921,0.7431723244444077,0.22728619768026492,-0.3645221370125937,0.8445156440386965,0.6235182300393803,0.2065859380496835,-0.3645221370125946,0.9378057864143986,0.5667308431327059,10.203121465731735,0.21060186847658427,0.26509839402850033,0.6444243383849808,0.09047726758651889,B-vote,0.7,0.45,0.7,True
vote,100,0.0,60,0.96,60,0.0,20,,,,,sym,3,0.95,-0.1,10,,,,,14,75,,,,,,0.55,0.7,0.21667355464773275,-0.2672629743311372,1.0665279192005808,0.8107129511298319,0.2819043116587703,-0.3103870782712157,0.977589241331095,0.9082346895009681,0.24159535610292648,-0.3103870782712156,1.0212807662695955,0.7783679573536272,10.203121465731735,0.22435892201163052,0.26509839402850033,0.6444243383849808,0.09047726758651889,B-vote,0.7,0.45,0.7,True
vote,100,0.0,60,0.96,60,0.0,20,,,,,sym,3,0.95,-0.1,10,,,,,14,75,,,,,,0.55,1.0,0.21227880564437518,-0.2781870674837742,1.0322510357620456,0.7630793464428635,0.25433495633822645,-0.3744674597797626,0.8780897311416948,0.679191074406865,0.22913762986028696,-0.37446745977976315,0.9593441437111024,0.6119026470151785,10.203121465731735,0.2295548807698407,0.26509839402850033,0.6444243383849808,0.09047726758651889,B-vote,0.7,0.45,0.7,True
vote,100,0.0,60,0.96,60,0.0,20,,,,,sym,3,0.95,-0.1,10,,,,,14,75,,,,,,0.6,0.7,0.23659513698422474,-0.2865497102991086,1.0725434252797432,0.825668735582598,0.30944490738580543,-0.3213015969066544,0.9965497317839225,0.963097944003392,0.26429363745562906,-0.3213015969066547,1.0327335474279222,0.8225718141463587,10.203121465731735,0.24386840756605044,0.26509839402850033,0.6444243383849808,0.09047726758651889,B-vote,0.7,0.45,0.7,True
vote,100,0.0,60,0.96,60,0.0,20,,,,,sym,3,0.95,-0.1,10,,,,,14,75,,,,,,0.6,1.0,0.23212822377201925,-0.297187352463259,1.0423082671676784,0.781083790571865,0.2812838238894564,-0.3843677768303665,0.9059869333232279,0.7318090663297088,0.25160824422904127,-0.3843677768303666,0.9769991768182987,0.6546028553795334,10.203121465731735,0.24865983357202362,0.26509839402850033,0.6444243383849808,0.09047726758651889,B-vote,0.7,0.45,0.7,True
vote,100,0.0,60,0.96,60,0.0,20,,,,,sym,3,0.95,-0.1,10,,,,,14,75,,,,,,0.65,0.7,0.2564443930563416,-0.30549626500463745,1.0774492075305073,0.8394354446606695,0.33685003922834955,-0.3321635652510515,1.0124441678814662,1.0141089344755676,0.2868896080280545,-0.3321635652510535,1.042243561837464,0.8636998094936139,10.203121465731735,0.2634400269487634,0.26509839402850033,0.6444243383849808,0.09047726758651889,B-vote,0.7,0.45,0.7,True
vote,100,0.0,60,0.96,60,0.0,20,,,,,sym,3,0.95,-0.1,10,,,,,14,75,,,,,,0.65,1.0,0.25190556644601303,-0.31585247544464,1.0505145314964408,0.797541846367973,0.3081001589861998,-0.3942204266809948,0.9294796523633678,0.781542858091207,0.27397757256884514,-0.3942204266809952,0.9916920313699338,0.6949857339344542,10.203121465731735,0.26788422059961026,0.26509839402850033,0.6444243383849808,0.09047726758651889,B-vote,0.7,0.45,0.7,True
vote,100,0.0,60,0.96,60,0.0,20,,,,,sym,3,0.95,-0.1,10,,,,,14,75,,,,,,0.7,0.7,0.2762071459862834,-0.32410301913698536,1.0815154761873127,0.8522202191197167,0.36408573995216464,-0.34297012509722535,1.0259464996528045,1.0615669217514307,0.30936254154889475,-0.3429701250972269,1.05025537336011,0.9020101720556422,10.203121465731735,0.2830608921347357,0.26509839402850033,0.6444243383849808,0.09047726758651889,B-vote,0.7,0.45,0.7,True
vote,100,0.0,60,0.96,60,0.0,20,,,,,sym,3,0.95,-0.1,10,,,,,14,75,,,,,,0.7,1.0,0.2715967078410537,-0.33418281260274785,1.0573126168643088,0.8127189597985343,0.3347507243291161,-0.40402281671549856,0.9494990181579924,0.8285441081037711,0.29622509629364613,-0.40402281671549667,1.0040830793037496,0.7331890280400695,10.203121465731735,0.2872040593860718,0.26509839402850033,0.6444243383849808,0.09047726758651889,B-vote,0.7,0.45,0.7,True
vote,100,0.0,60,0.96,60,0.0,20,,,,,sym,3,0.95,-0.1,10,,,,,14,75,,,,,,0.75,0.7,0.2955674448207155,-0.3425376067456062,1.0840570024157337,0.8628758974200045,0.39080175159079444,-0.3537827836907399,1.0369127883138987,1.1046375618221569,0.33138436694824547,-0.3537827836907387,1.056327413562547,0.93668878821963,10.203121465731735,0.30272136146937356,0.26509839402850033,0.6444243383849808,0.09047726758651889,B-vote,0.7,0.45,0.7,True
vote,100,0.0,60,0.96,60,0.0,20,,,,,sym,3,0.95,-0.1,10,,,,,14,75,,,,,,0.75,1.0,0.2911873387807704,-0.3521789498312172,1.0630192808873067,0.8268164208006265,0.36120174174610353,-0.4137724235030832,0.9667386265240259,0.8729478361271509,0.31833001163781005,-0.41377242350308363,1.0146556223995737,0.7693359768704782,10.203121465731735,0.30660130638469124,0.26509839402850033,0.6444243383849808,0.09047726758651889,B-vote,0.7,0.45,0.7,True
vote,100,0.0,60,0.96,60,0.0,20,,,,,sym,3,0.95,-0.1,10,,,,,14,75,,,,,,0.8,0.7,0.31480322776788827,-0.36063402780496223,1.0861964121127936,0.872916040907099,0.4172668970407365,-0.3645324170528541,1.0464252259970965,1.144663348226274,0.35323072237735054,-0.3645324170528552,1.0615518481690287,0.9689967362385058,10.203121465731735,0.3224143078449265,0.26509839402850033,0.6444243383849808,0.09047726758651889,B-vote,0.7,0.45,0.7,True
vote,100,0.0,60,0.96,60,0.0,20,,,,,sym,3,0.95,-0.1,10,,,,,14,75,,,,,,0.8,1.0,0.31066298052963526,-0.3698505910916078,1.0678659690338508,0.8399688631366485,0.3874189500983416,-0.42346679306251467,0.9817237377812476,0.9148744516577679,0.3402712555621261,-0.423466793062515,1.0237700806121726,0.8035370450213625,10.203121465731735,0.32606214697990293,0.26509839402850033,0.6444243383849808,0.09047726758651889,B-vote,0.7,0.45,0.7,True
vote,100,0.0,60,0.96,60,0.0,20,,,,,sym,3,0.95,-0.1,10,,,,,14,75,,,,,,0.85,0.7,0.3338998956927435,-0.3783942289012149,1.0880177568383165,0.8824127594713204,0.4434459293146549,-0.37521641572511,1.05475071129,1.1818404278972992,0.3748802274513494,-0.3783942289012149,1.066091035363465,0.9907133851907058,10.203121465731735,0.3421341232555854,0.26509839402850033,0.6444243383849808,0.09047726758651889,B-vote,0.7,0.45,0.7,True
vote,100,0.0,60,0.96,60,0.0,20,,,,,sym,3,0.95,-0.1,10,,,,,14,75,,,,,,0.85,1.0,0.3300089991066548,-0.387199431532278,1.07202502968269,0.8522972200674431,0.41336766591401886,-0.4331035410732288,0.9948582299543564,0.9544315082017004,0.362027532714565,-0.4331035410732288,1.0316998542758078,0.8358914171365633,10.203121465731735,0.3455758376635608,0.26509839402850033,0.6444243383849808,0.09047726758651889,B-vote,0.7,0.45,0.7,True
vote,100,0.0,60,0.96,60,0.0,20,,,,,sym,3,0.95,-0.1,10,,,,,14,75,,,,,,0.9,0.7,0.35284272220359814,-0.39581093968320136,1.0895838742904107,0.891442572269493,0.46930326643221165,-0.3917858479025379,1.0620953686360675,1.1978566069822851,0.3963113151737656,-0.39581093968320136,1.0700689834682016,1.0012641780213674,10.203121465731735,0.3618764151863263,0.26509839402850033,0.6444243383849808,0.09047726758651889,B-vote,0.7,0.45,0.7,True
vote,100,0.0,60,0.96,60,0.0,20,,,,,sym,3,0.95,-0.1,10,,,,,14,75,,,,,,0.9,1.0,0.34921062010692183,-0.4042180786572177,1.075627009342214,0.8639163821345484,0.439012846638112,-0.4426803530342517,1.0064570125735117,0.9917152266392634,0.38357734341051963,-0.4426803530342508,1.0386555613407762,0.8664882929214655,10.203121465731735,0.36513390520189054,0.26509839402850033,0.6444243383849808,0.09047726758651889,B-vote,0.7,0.45,0.7,True
vote,100,0.0,60,0.96,60,0.0,20,,,,,sym,3,0.95,-0.1,10,,,,,14,75,,,,,,0.95,0.7,0.37161686917131465,-0.41288562878813695,1.0909425477391936,0.9000479630692149,0.4948030588882393,-0.4115955548601965,1.0686207374555823,1.2021584126590124,0.4175022613853743,-0.41288562878813695,1.073581906563044,1.0111813835971661,10.203121465731735,0.38163769549120524,0.26509839402850033,0.6444243383849808,0.09047726758651889,B-vote,0.7,0.45,0.7,True
vote,100,0.0,60,0.96,60,0.0,20,,,,,sym,3,0.95,-0.1,10,,,,,14,75,,,,,,0.95,1.0,0.36825294401582664,-0.4209077513366798,1.0787723212213463,0.8749017874970539,0.4643191563745803,-0.4521949843717895,1.016768782254503,1.0268118232660945,0.40489901259389205,-0.4521949843717894,1.0448017432844487,0.8954080133294642,10.203121465731735,0.3847295818448043,0.26509839402850033,0.6444243383849808,0.09047726758651889,B-vote,0.7,0.45,0.7,True
vote,100,0.0,60,0.96,60,0.0,20,,,,,sym,3,0.95,-0.1,10,,,,,14,75,,,,,,1.0,0.7,0.39020740270477416,-0.42961995244927587,1.0921306694448127,0.9082618264821976,0.5199092594357211,-0.43100652586494415,1.0744550943815656,1.2062677204071721,0.43843121512035044,-0.43100652586494403,1.0767055100329526,1.017226396376497,10.203121465731735,0.4014151598421048,0.26509839402850033,0.6444243383849808,0.09047726758651889,B-vote,0.7,0.45,0.7,True
vote,100,0.0,60,0.96,60,0.0,20,,,,,sym,3,0.95,-0.1,10,,,,,14,75,,,,,,1.0,1.0,0.38712096199947754,-0.4372698540485729,1.0815392802484793,0.8853136305080737,0.4892510339855207,-0.4616452604964191,1.0259922555982381,1.059798671948709,0.4259707197370677,-0.46164526049641963,1.050268592273266,0.9227230434013551,10.203121465731735,0.40435739987337477,0.26509839402850033,0.6444243383849808,0.09047726758651889,B-vote,0.7,0.45,0.7,True
vote,100,0.0,60,0.96,60,0.0,20,,,,,sym,5,0.9,,10,,,,,14,75,,,,,,0.5,0.7,0.18163844003735408,-0.28110205544854705,0.982118693036074,0.6461654638117763,0.29483737849398284,-0.2789207817693914,1.0829768397698354,1.057064936587447,0.22468514754153324,-0.28110205544854705,1.0243989609325437,0.7993009769459322,6.441076679484279,0.206544965884085,0.2926939606423886,0.6500791676091382,0.0572268717484732,B-vote,0.7,0.45,0.7,True
vote,100,0.0,60,0.96,60,0.0,20,,,,,sym,5,0.9,,10,,,,,14,75,,,,,,0.5,1.0,0.18230723968165963,-0.29768129325498105,0.9752418089007543,0.6124242396565479,0.27841214518231316,-0.30794400879887485,1.014143281456828,0.9040998922766846,0.2192851784147214,-0.3079440087988752,0.9900623447414338,0.7120943163337892,6.441076679484279,0.20996516391174003,0.2926939606423886,0.6500791676091382,0.0572268717484732,B-vote,0.7,0.45,0.7,True
vote,100,0.0,60,0.96,60,0.0,20,,,,,sym,5,0.9,,10,,,,,14,75,,,,,,0.55,0.7,0.19864858948784048,-0.3016250774585325,0.983057843383663,0.6585944085340542,0.324794416185739,-0.2971685213385784,1.0969952467928632,1.0929637322375916,0.24649777202290135,-0.3016250774585325,1.0310876261583741,0.8172323538210775,6.441076679484279,0.22655855624650317,0.2926939606423886,0.6500791676091382,0.0572268717484732,B-vote,0.7,0.45,0.7,True
vote,100,0.0,60,0.96,60,0.0,20,,,,,sym,5,0.9,,10,,,,,14,75,,,,,,0.55,1.0,0.19932715432767223,-0.31773101294857153,0.9777582568484767,0.6273456043144761,0.30798900269300744,-0.3254572822027616,1.0354493314524438,0.9463269668095141,0.24100165391490358,-0.32545728220276304,1.0009325749176805,0.7405016482770148,6.441076679484279,0.2296821701297361,0.2926939606423886,0.6500791676091382,0.0572268717484732,B-vote,0.7,0.45,0.7,True
vote,100,0.0,60,0.96,60,0.0,20,,,,,sym,5,0.9,,10,,,,,14,75,,,,,,0.6,0.7,0.21550255915014405,-0.32213372679801855,0.9836934496362296,0.6689847762673623,0.35468177868617823,-0.31506418566592886,1.1084840836879928,1.1257445143646285,0.2681694265282992,-0.32213372679801855,1.0364850415669573,0.8324785771234828,6.441076679484279,0.2466212044692848,0.2926939606423886,0.6500791676091382,0.0572268717484732,B-vote,0.7,0.45,0.7,True
vote,100,0.0,60,0.96,60,0.0,20,,,,,sym,5,0.9,,10,,,,,14,75,,,,,,0.6,1.0,0.21619080379097544,-0.33776669143445204,0.9795787427488951,0.6400595715132261,0.3374970579212413,-0.34263265129002884,1.052941187917188,0.9850113719476186,0.2625777803014857,-0.34263265129002707,1.009696803050401,0.766353642342225,6.441076679484279,0.24949491197911225,0.2926939606423886,0.6500791676091382,0.0572268717484732,B-vote,0.7,0.45,0.7,True
vote,100,0.0,60,0.96,60,0.0,20,,,,,sym,5,0.9,,10,,,,,14,75,,,,,,0.65,0.7,0.23218657720284597,-0.34264142820130494,0.9841256137475747,0.6776371976433458,0.3844628638623051,-0.3326117360831422,1.1180595262223607,1.1558908545734592,0.28967881535911766,-0.34264142820130494,1.040922669961068,0.8454284611168756,6.441076679484279,0.2667218404784288,0.2926939606423886,0.6500791676091382,0.0572268717484732,B-vote,0.7,0.45,0.7,True
vote,100,0.0,60,0.96,60,0.0,20,,,,,sym,5,0.9,,10,,,,,14,75,,,,,,0.65,1.0,0.2328844083650643,-0.3578014438454592,0.9809175387217312,0.6508761000574699,0.36690017284304655,-0.35947391794993033,1.0675288547028214,1.0206586751424636,0.2839923556709958,-0.3594739179499299,1.0168900398704397,0.7900221448348648,6.441076679484279,0.2693822665662379,0.2926939606423886,0.6500791676091382,0.0572268717484732,B-vote,0.7,0.45,0.7,True
vote,100,0.0,60,0.96,60,0.0,20,,,,,sym,5,0.9,,10,,,,,14,75,,,,,,0.7,0.7,0.2486868070348489,-0.3628155974625501,0.9844182465790552,0.6854358213211008,0.41410029555430516,-0.34981516170961535,1.1261553355515694,1.1837688610479766,0.3110044081422212,-0.3628155974625501,1.044629494203721,0.8571969075125639,6.441076679484279,0.28685247862178,0.2926939606423886,0.6500791676091382,0.0572268717484732,B-vote,0.7,0.45,0.7,True
vote,100,0.0,60,0.96,60,0.0,20,,,,,sym,5,0.9,,10,,,,,14,75,,,,,,0.7,1.0,0.24939412351169077,-0.37751035603890104,0.9819149870248559,0.660628561633397,0.3961614452453801,-0.3759849107409824,1.0798608918105095,1.0536631495786208,0.3052239444792091,-0.37751035603890104,1.0228850183552483,0.8085180700254933,6.441076679484279,0.2893288485205046,0.2926939606423886,0.6500791676091382,0.0572268717484732,B-vote,0.7,0.45,0.7,True
vote,100,0.0,60,0.96,60,0.0,20,,,,,sym,5,0.9,,10,,,,,14,75,,,,,,0.75,0.7,0.2648343873237937,-0.3826798317656649,0.9841660977380291,0.6920521159995854,0.44342351474756736,-0.36671006016373076,1.132824971165464,1.209193755277903,0.331976581668159,-0.3826798317656649,1.0474062492824026,0.8675047758237906,6.441076679484279,0.3070071900297522,0.2926939606423886,0.6500791676091382,0.0572268717484732,B-vote,0.7,0.45,0.7,True
vote,100,0.0,60,0.96,60,0.0,20,,,,,sym,5,0.9,,10,,,,,14,75,,,,,,0.75,1.0,0.2657060560861888,-0.39688659009060134,0.9826655988978038,0.6694760234290944,0.42524326937412393,-0.39216948255384576,1.0904101884562103,1.0843354424339662,0.3262509068826265,-0.39688659009060134,1.0279481425962282,0.8220255232310819,6.441076679484279,0.30932320029538246,0.2926939606423886,0.6500791676091382,0.0572268717484732,B-vote,0.7,0.45,0.7,True
vote,100,0.0,60,0.96,60,0.0,20,,,,,sym,5,0.9,,10,,,,,14,75,,,,,,0.8,0.7,0.28076649321828273,-0.40219522752860415,0.9838998940423452,0.6980850940065285,0.4725208254760225,-0.3832672373415008,1.1385920679798436,1.232875600726066,0.35271669100606395,-0.40219522752860415,1.0497779886068621,0.8769788074647871,6.441076679484279,0.3271815897423746,0.2926939606423886,0.6500791676091382,0.0572268717484732,B-vote,0.7,0.45,0.7,True
vote,100,0.0,60,0.96,60,0.0,20,,,,,sym,5,0.9,,10,,,,,14,75,,,,,,0.8,1.0,0.2818062809261215,-0.41592391754137514,0.983234579689203,0.6775428607038162,0.45410740012044015,-0.4080315083211735,1.099528624903057,1.1129223867755795,0.34705142910822495,-0.41592391754137514,1.0322741597069716,0.8344108488872873,6.441076679484279,0.32935662207505756,0.2926939606423886,0.6500791676091382,0.0572268717484732,B-vote,0.7,0.45,0.7,True
vote,100,0.0,60,0.96,60,0.0,20,,,,,sym,5,0.9,,10,,,,,14,75,,,,,,0.85,0.7,0.2964692770760673,-0.4213560777932701,0.9836295707750435,0.7036074538873128,0.5013529781339576,-0.3994908009822561,1.1436259389526084,1.2549800318336388,0.3732027655751844,-0.4213560777932701,1.0518252202326168,0.8857182446013958,6.441076679484279,0.3473722474530862,0.2926939606423886,0.6500791676091382,0.0572268717484732,B-vote,0.7,0.45,0.7,True
vote,100,0.0,60,0.96,60,0.0,20,,,,,sym,5,0.9,,10,,,,,14,75,,,,,,0.85,1.0,0.2976808577805601,-0.4346167118208666,0.983667878895555,0.6849273156878823,0.4827150206431565,-0.4235748827744732,1.107482832006195,1.1396214465817882,0.36760355480528206,-0.4346167118208666,1.0360083020915596,0.8458109060398834,6.441076679484279,0.3494223939265284,0.2926939606423886,0.6500791676091382,0.0572268717484732,B-vote,0.7,0.45,0.7,True
vote,100,0.0,60,0.96,60,0.0,20,,,,,sym,5,0.9,,10,,,,,14,75,,,,,,0.9,0.7,0.31192890015708863,-0.4401572839673906,0.9833613222506173,0.7086759926940074,0.529880230400499,-0.41538487635304144,1.1480564568208425,1.2756367902767514,0.3934127337747799,-0.4401572839673906,1.0536087946895611,0.8938003484316442,6.441076679484279,0.3675764840584151,0.2926939606423886,0.6500791676091382,0.0572268717484732,B-vote,0.7,0.45,0.7,True
vote,100,0.0,60,0.96,60,0.0,20,,,,,sym,5,0.9,,10,,,,,14,75,,,,,,0.9,1.0,0.31331584855611316,-0.45295993969658954,0.9839984862187555,0.6917076348208288,0.5110268133096942,-0.4388035182479013,1.1144781534423958,1.1645914220336548,0.3878852173294549,-0.45295993969658954,1.0392608150777491,0.856334486421196,6.441076679484279,0.369515245773349,0.2926939606423886,0.6500791676091382,0.0572268717484732,B-vote,0.7,0.45,0.7,True
vote,100,0.0,60,0.96,60,0.0,20,,,,,sym,5,0.9,,10,,,,,14,75,,,,,,0.95,0.7,0.32713155013387984,-0.4585943459743943,0.9830989591356772,0.7133353322069638,0.5580624225356949,-0.43095360400521165,1.1519848135222146,1.2949478026153045,0.41332445633557624,-0.4585943459743943,1.0551754852354336,0.9012855478132177,6.441076679484279,0.3877921771551896,0.2926939606423886,0.6500791676091382,0.0572268717484732,B-vote,0.7,0.45,0.7,True
vote,100,0.0,60,0.96,60,0.0,20,,,,,sym,5,0.9,,10,,,,,14,75,,,,,,0.95,1.0,0.32869733485479524,-0.470949151795654,0.9842504811315257,0.6979465481602944,0.539003033822854,-0.453721342529,1.1206750582758578,1.1879605019647124,0.4078742729057907,-0.470949151795654,1.0421167228160957,0.866068600719698,6.441076679484279,0.38963098817916125,0.2926939606423886,0.6500791676091382,0.0572268717484732,B-vote,0.7,0.45,0.7,True
vote,100,0.0,60,0.96,60,0.0,20,,,,,sym,5,0.9,,10,,,,,14,75,,,,,,1.0,0.7,0.34206345885471867,-0.4766633515070319,0.982844755323733,0.7176206389126445,0.5858590557121215,-0.4462011375804832,1.1554909635192168,1.3129931915658724,0.43291576047458524,-0.4766633515070319,1.0565617876187299,0.9082211986842852,6.441076679484279,0.40801762387261553,0.2926939606423886,0.6500791676091382,0.0572268717484732,B-vote,0.7,0.45,0.7,True
vote,100,0.0,60,0.96,60,0.0,20,,,,,sym,5,0.9,,10,,,,,14,75,,,,,,1.0,1.0,0.3438114357777504,-0.48858047224782086,0.9844416994772729,0.703694591386289,0.5666035883858125,-0.4683322967562895,1.1262006091378383,1.209832403851194,0.42754853461388964,-0.48858047224782086,1.0446425384287936,0.8750831416713392,6.441076679484279,0.40976625001205225,0.2926939606423886,0.6500791676091382,0.0572268717484732,B-vote,0.7,0.45,0.7,True
vote,100,0.0,60,0.96,60,0.0,20,,,,,sym,5,0.9,-0.1,10,,,,,14,75,,,,,,0.5,0.7,0.18163844003735408,-0.28110205544854705,0.982118693036074,0.6461654638117763,0.30086292418859206,-0.2644525535420357,1.1029756735137577,1.1376820535815655,0.22681292597407632,-0.28110205544854705,1.0331358626277578,0.8068703930754152,6.555078036643293,0.20646343503868894,0.2931463469803212,0.6498529744401719,0.0570006785795069,B-vote,0.7,0.45,0.7,True
vote,100,0.0,60,0.96,60,0.0,20,,,,,sym,5,0.9,-0.1,10,,,,,14,75,,,,,,0.5,1.0,0.18230723968165963,-0.29768129325498105,0.9752418089007543,0.6124242396565479,0.2852591551148467,-0.2940581225139043,1.0366831277621769,0.9700774550152358,0.22172277053248934,-0.29768129325498105,0.9999654930788808,0.7448327306968904,6.555078036643293,0.2098626487819099,0.2931463469803212,0.6498529744401719,0.0570006785795069,B-vote,0.7,0.45,0.7,True
vote,100,0.0,60,0.96,60,0.0,20,,,,,sym,5,0.9,-0.1,10,,,,,14,75,,,,,,0.55,0.7,0.19864858948784048,-0.3016250774585325,0.983057843383663,0.6585944085340542,0.3313669610440082,-0.2816250315338159,1.116429210651557,1.1766246744448907,0.24880640926332465,-0.3016250774585325,1.0395691046139584,0.824886350166062,6.555078036643293,0.22647290280362445,0.2931463469803212,0.6498529744401719,0.0570006785795069,B-vote,0.7,0.45,0.7,True
vote,100,0.0,60,0.96,60,0.0,20,,,,,sym,5,0.9,-0.1,10,,,,,14,75,,,,,,0.55,1.0,0.19932715432767223,-0.31773101294857153,0.9777582568484767,0.6273456043144761,0.31539712695983124,-0.31053941330348456,1.057242085643664,1.0156428248661606,0.243625029772214,-0.31773101294857153,1.0104895932979368,0.7667650303045727,6.555078036643293,0.2295771939469593,0.2931463469803212,0.6498529744401719,0.0570006785795069,B-vote,0.7,0.45,0.7,True
vote,100,0.0,60,0.96,60,0.0,20,,,,,sym,5,0.9,-0.1,10,,,,,14,75,,,,,,0.6,0.7,0.21550255915014405,-0.32213372679801855,0.9836934496362296,0.6689847762673623,0.3618203559160036,-0.2985061127349744,1.127441288091204,1.2121036738609172,0.27066395813397515,-0.32213372679801855,1.044751870096582,0.8402223536925225,6.555078036643293,0.24653114090093994,0.2931463469803212,0.6498529744401719,0.0570006785795069,B-vote,0.7,0.45,0.7,True
vote,100,0.0,60,0.96,60,0.0,20,,,,,sym,5,0.9,-0.1,10,,,,,14,75,,,,,,0.6,1.0,0.21619080379097544,-0.33776669143445204,0.9795787427488951,0.6400595715132261,0.34548505316572276,-0.3267410359377916,1.0740956620479805,1.0573665844393658,0.26539191788980565,-0.33776669143445204,1.0189603371862206,0.785725545531799,6.555078036643293,0.2493869416001055,0.2931463469803212,0.6498529744401719,0.0570006785795069,B-vote,0.7,0.45,0.7,True
vote,100,0.0,60,0.96,60,0.0,20,,,,,sym,5,0.9,-0.1,10,,,,,14,75,,,,,,0.65,0.7,0.23218657720284597,-0.34264142820130494,0.9841256137475747,0.6776371976433458,0.3921863063018991,-0.31509809777198017,1.13660930625231,1.2446482827887575,0.2923642011065082,-0.34264142820130494,1.0490066990799123,0.8532657671936318,6.555078036643293,0.26662714264836673,0.2931463469803212,0.6498529744401719,0.0570006785795069,B-vote,0.7,0.45,0.7,True
vote,100,0.0,60,0.96,60,0.0,20,,,,,sym,5,0.9,-0.1,10,,,,,14,75,,,,,,0.65,1.0,0.2328844083650643,-0.3578014438454592,0.9809175387217312,0.6508761000574699,0.37548657246651973,-0.3426651984437573,1.088132691700977,1.0957826303103537,0.28700215197406287,-0.3578014438454592,1.0259019149259108,0.8021268692756427,6.555078036643293,0.26927088096198465,0.2931463469803212,0.6498529744401719,0.0570006785795069,B-vote,0.7,0.45,0.7,True
vote,100,0.0,60,0.96,60,0.0,20,,,,,sym,5,0.9,-0.1,10,,,,,14,75,,,,,,0.7,0.7,0.2486868070348489,-0.3628155974625501,0.9844182465790552,0.6854358213211008,0.42242718585288896,-0.33140333445985315,1.1443531415000843,1.274661845335363,0.31388552156731286,-0.3628155974625501,1.0525560478379397,0.8651378930855148,6.555078036643293,0.28675296858627297,0.2931463469803212,0.6498529744401719,0.0570006785795069,B-vote,0.7,0.45,0.7,True
vote,100,0.0,60,0.96,60,0.0,20,,,,,sym,5,0.9,-0.1,10,,,,,14,75,,,,,,0.7,1.0,0.24939412351169077,-0.37751035603890104,0.9819149870248559,0.660628561633397,0.40536450965101123,-0.35831415413753565,1.0999854571264198,1.1313103458799334,0.3084342049957529,-0.37751035603890104,1.0316789245721973,0.8170218381081178,6.555078036643293,0.28921371001514845,0.2931463469803212,0.6498529744401719,0.0570006785795069,B-vote,0.7,0.45,0.7,True
vote,100,0.0,60,0.96,60,0.0,20,,,,,sym,5,0.9,-0.1,10,,,,,14,75,,,,,,0.75,0.7,0.2648343873237937,-0.3826798317656649,0.9841660977380291,0.6920521159995854,0.4523713132768006,-0.34745675910945883,1.150715532308804,1.3019499589999073,0.33505785737599836,-0.3826798317656649,1.055195642888453,0.8755566130309476,6.555078036643293,0.30690272752384606,0.2931463469803212,0.6498529744401719,0.0570006785795069,B-vote,0.7,0.45,0.7,True
vote,100,0.0,60,0.96,60,0.0,20,,,,,sym,5,0.9,-0.1,10,,,,,14,75,,,,,,0.75,1.0,0.2657060560861888,-0.39688659009060134,0.9826655988978038,0.6694760234290944,0.4350809351815199,-0.3736901996753096,1.1101142126167682,1.1642824338437328,0.3296663350364084,-0.39688659009060134,1.0365515646694146,0.8306310751420252,6.555078036643293,0.3092040342891788,0.2931463469803212,0.6498529744401719,0.0570006785795069,B-vote,0.7,0.45,0.7,True
vote,100,0.0,60,0.96,60,0.0,20,,,,,sym,5,0.9,-0.1,10,,,,,14,75,,,,,,0.8,0.7,0.28076649321828273,-0.40219522752860415,0.9838998940423452,0.6980850940065285,0.48210734302112623,-0.3632266947332816,1.1562123943058686,1.3272905048323582,0.3560027526962264,-0.40219522752860415,1.0574469807952558,0.8851491224393194,6.555078036643293,0.3270720572751911,0.2931463469803212,0.6498529744401719,0.0570006785795069,B-vote,0.7,0.45,0.7,True
vote,100,0.0,60,0.96,60,0.0,20,,,,,sym,5,0.9,-0.1,10,,,,,14,75,,,,,,0.8,1.0,0.2818062809261215,-0.41592391754137514,0.983234579689203,0.6775428607038162,0.4645972284792883,-0.38879567312883645,1.1188609276056263,1.1949650178471334,0.3506766155672574,-0.41592391754137514,1.0407097814621378,0.8431268334848113,6.555078036643293,0.32923320247808413,0.2931463469803212,0.6498529744401719,0.0570006785795069,B-vote,0.7,0.45,0.7,True
vote,100,0.0,60,0.96,60,0.0,20,,,,,sym,5,0.9,-0.1,10,,,,,14,75,,,,,,0.85,0.7,0.2964692770760673,-0.4213560777932701,0.9836295707750435,0.7036074538873128,0.5115956149194656,-0.3787156604363582,1.1610067941494497,1.3508699754586395,0.3766981171801602,-0.4213560777932701,1.0593876955138872,0.8940137262360307,6.555078036643293,0.34725754773509143,0.2931463469803212,0.6498529744401719,0.0570006785795069,B-vote,0.7,0.45,0.7,True
vote,100,0.0,60,0.96,60,0.0,20,,,,,sym,5,0.9,-0.1,10,,,,,14,75,,,,,,0.85,1.0,0.2976808577805601,-0.4346167118208666,0.983667878895555,0.6849273156878823,0.4938741447819408,-0.40363295208609484,1.1264843757711576,1.2235724120873994,0.3714429667329471,-0.4346167118208666,1.0442950436436622,0.8546449242063259,6.555078036643293,0.3492945325087995,0.2931463469803212,0.6498529744401719,0.0570006785795069,B-vote,0.7,0.45,0.7,True
vote,100,0.0,60,0.96,60,0.0,20,,,,,sym,5,0.9,-0.1,10,,,,,14,75,,,,,,0.9,0.7,0.31192890015708863,-0.4401572839673906,0.9833613222506173,0.7086759926940074,0.540795922888148,-0.3939262140426931,1.1652236765529551,1.372835580902817,0.39712174870756534,-0.4401572839673906,1.061076380977946,0.9022269156336088,6.555078036643293,0.36745653564451203,0.2931463469803212,0.6498529744401719,0.0570006785795069,B-vote,0.7,0.45,0.7,True
vote,100,0.0,60,0.96,60,0.0,20,,,,,sym,5,0.9,-0.1,10,,,,,14,75,,,,,,0.9,1.0,0.31331584855611316,-0.45295993969658954,0.9839984862187555,0.6917076348208288,0.5228718854630285,-0.4182044517773852,1.1331836068719676,1.2502781432402326,0.39194318759103264,-0.45295993969658954,1.0474146093479384,0.8652932704238075,6.555078036643293,0.3693827842501605,0.2931463469803212,0.6498529744401719,0.0570006785795069,B-vote,0.7,0.45,0.7,True
vote,100,0.0,60,0.96,60,0.0,20,,,,,sym,5,0.9,-0.1,10,,,,,14,75,,,,,,0.95,0.7,0.32713155013387984,-0.4585943459743943,0.9830989591356772,0.7133353322069638,0.5696675897181103,-0.40886095016033486,1.1689602964133543,1.3933039814506987,0.417251366714126,-0.4585943459743943,1.062558014980518,0.9098484758410503,6.555078036643293,0.3876669111967868,0.2931463469803212,0.6498529744401719,0.0570006785795069,B-vote,0.7,0.45,0.7,True
vote,100,0.0,60,0.96,60,0.0,20,,,,,sym,5,0.9,-0.1,10,,,,,14,75,,,,,,0.95,1.0,0.32869733485479524,-0.470949151795654,0.9842504811315257,0.6979465481602944,0.5515501716881193,-0.4325126232272051,1.1391139982656948,1.2752232930745748,0.41215498925467187,-0.470949151795654,1.050151104705905,0.8751581517520324,6.555078036643293,0.38949379224007497,0.2931463469803212,0.6498529744401719,0.0570006785795069,B-vote,0.7,0.45,0.7,True
vote,100,0.0,60,0.96,60,0.0,20,,,,,sym,5,0.9,-0.1,10,,,,,14,75,,,,,,1.0,0.7,0.34206345885471867,-0.4766633515070319,0.982844755323733,0.7176206389126445,0.5981695450597639,-0.42352249827416644,1.1722934268779144,1.4123678139821987,0.4370646463479839,-0.4766633515070319,1.0638676475091953,0.9169252155974408,6.555078036643293,0.40788698165786313,0.2931463469803212,0.6498529744401719,0.0570006785795069,B-vote,0.7,0.45,0.7,True
vote,100,0.0,60,0.96,60,0.0,20,,,,,sym,5,0.9,-0.1,10,,,,,14,75,,,,,,1.0,1.0,0.3438114357777504,-0.48858047224782086,0.9844416994772729,0.703694591386289,0.5798683212665539,-0.44655995143220706,1.1443984549538486,1.2985228957652835,0.43205602888244066,-0.48858047224782086,1.0525690975044002,0.8843088363615369,6.555078036643293,0.40962420475358013,0.2931463469803212,0.6498529744401719,0.0570006785795069,B-vote,0.7,0.45,0.7,True
vote,100,0.0,60,0.96,60,0.0,20,,,,,sym,5,0.95,,10,,,,,14,75,,,,,,0.5,0.7,0.17887590014865484,-0.2811020554485455,0.9519697590984173,0.6363379302340153,0.27530522929443024,-0.30296254694094393,1.0092491557936674,0.9087104398686452,0.21596164300061282,-0.3029625469409446,0.9759040234623512,0.7128328078213227,6.555078036643293,0.21025755214799857,0.27437231395611855,0.6656864962678127,0.059941189776068764,B-vote,0.7,0.45,0.7,True
vote,100,0.0,60,0.96,60,0.0,20,,,,,sym,5,0.95,,10,,,,,14,75,,,,,,0.5,1.0,0.17906435932956377,-0.29768129325498227,0.9436198073633816,0.6015304400608881,0.25341330289145136,-0.33101809997411524,0.922808281785514,0.7655572396532625,0.20823578063192283,-0.33101809997411435,0.9329620509764933,0.6290767201195551,6.555078036643293,0.21394014986919163,0.27437231395611855,0.6656864962678127,0.059941189776068764,B-vote,0.7,0.45,0.7,True
vote,100,0.0,60,0.96,60,0.0,20,,,,,sym,5,0.95,,10,,,,,14,75,,,,,,0.55,0.7,0.19557838097997804,-0.3016250774585342,0.9532594109593908,0.6484155184572314,0.30409192254975626,-0.3231662599315269,1.0271120420907032,0.9409767053472347,0.23719049208353638,-0.3231662599315277,0.984460658622049,0.7339580936877265,6.555078036643293,0.2305943946954456,0.27437231395611855,0.6656864962678127,0.059941189776068764,B-vote,0.7,0.45,0.7,True
vote,100,0.0,60,0.96,60,0.0,20,,,,,sym,5,0.95,,10,,,,,14,75,,,,,,0.55,1.0,0.1957696474311954,-0.31773101294857165,0.9465514201205015,0.6161490048278131,0.28170567631462906,-0.3504086194429066,0.9493410978892113,0.8039347798079164,0.22932977638438135,-0.3504086194429057,0.9463986578090726,0.6544638563656894,6.555078036643293,0.23395900918527268,0.27437231395611855,0.6656864962678127,0.059941189776068764,B-vote,0.7,0.45,0.7,True
vote,100,0.0,60,0.96,60,0.0,20,,,,,sym,5,0.95,,10,,,,,14,75,,,,,,0.6,0.7,0.21209895251012711,-0.3217352708972563,0.9541974730242055,0.6592343821012379,0.33276159767912095,-0.34293631557552695,1.0418243669355514,0.9703305907415187,0.25824674408204795,-0.3429363155755276,0.9914229529567895,0.7530457765858052,6.555078036643293,0.25098384939683965,0.27437231395611855,0.6656864962678127,0.059941189776068764,B-vote,0.7,0.45,0.7,True
vote,100,0.0,60,0.96,60,0.0,20,,,,,sym,5,0.95,,10,,,,,14,75,,,,,,0.6,1.0,0.21229300007792662,-0.33737742473110544,0.9487383050960362,0.6292448294284276,0.30988302982883975,-0.36938293614611517,0.9712663612007469,0.8389208041441868,0.25025227095738667,-0.36938293614611595,0.9573308431619302,0.6774873619456936,6.555078036643293,0.25408036011321844,0.27437231395611855,0.6656864962678127,0.059941189776068764,B-vote,0.7,0.45,0.7,True
vote,100,0.0,60,0.96,60,0.0,20,,,,,sym,5,0.95,,10,,,,,14,75,,,,,,0.65,0.7,0.22842321111161046,-0.3438860258327131,0.9548929385985436,0.6642410390433523,0.36127734290140046,-0.3622770172238833,1.054138571203786,0.9972405803433425,0.2791085186106257,-0.3622770172238824,0.9971896440604605,0.7704284438174568,6.555078036643293,0.2714140593531551,0.27437231395611855,0.6656864962678127,0.059941189776068764,B-vote,0.7,0.45,0.7,True
vote,100,0.0,60,0.96,60,0.0,20,,,,,sym,5,0.95,,10,,,,,14,75,,,,,,0.65,1.0,0.22862001124105258,-0.35662277393472674,0.9504018457807526,0.6410695781388803,0.3379090851149724,-0.3879451802260673,0.9896537107545712,0.8710227690367558,0.27098152288420785,-0.38794518022606683,0.9663769607232077,0.6985046771976884,6.555078036643293,0.27428164717125536,0.27437231395611855,0.6656864962678127,0.059941189776068764,B-vote,0.7,0.45,0.7,True
vote,100,0.0,60,0.96,60,0.0,20,,,,,sym,5,0.95,,10,,,,,14,75,,,,,,0.7,0.7,0.24453671619964368,-0.36587766312323156,0.9554166412870543,0.6683565050465545,0.38960157642790594,-0.3811927952124725,1.0645882790874615,1.022059129451139,0.2997537465084512,-0.3811927952124732,1.0020386945648083,0.7863573243596363,6.555078036643293,0.2918764665649946,0.27437231395611855,0.6656864962678127,0.059941189776068764,B-vote,0.7,0.45,0.7,True
vote,100,0.0,60,0.96,60,0.0,20,,,,,sym,5,0.95,,10,,,,,14,75,,,,,,0.7,1.0,0.24473623792310306,-0.37546950851622174,0.951688485050713,0.6518138820120183,0.3657469053676048,-0.40609960369892373,1.0052733722308416,0.9006334949264422,0.2914956031214935,-0.40609960369892373,0.9739720719197962,0.7177933700659408,6.555078036643293,0.2945464237061743,0.27437231395611855,0.6656864962678127,0.059941189776068764,B-vote,0.7,0.45,0.7,True
vote,100,0.0,60,0.96,60,0.0,20,,,,,sym,5,0.95,,10,,,,,14,75,,,,,,0.75,0.7,0.26027059160525545,-0.38757388238967105,0.9553785960601312,0.6715380045747679,0.4175660161246102,-0.3997181368749707,1.0733050164310862,1.044651161914182,0.32001364303486635,-0.39971813687497126,1.0058135245159434,0.8005982554025667,6.555078036643293,0.3123647064619036,0.27437231395611855,0.6656864962678127,0.059941189776068764,B-vote,0.7,0.45,0.7,True
vote,100,0.0,60,0.96,60,0.0,20,,,,,sym,5,0.95,,10,,,,,14,75,,,,,,0.75,1.0,0.2606272184842524,-0.3950774109979317,0.9526978721253481,0.659686459486333,0.3933589609918746,-0.42385057376537283,1.0186918883341018,0.9280604659736118,0.31177242744127365,-0.4238505737653715,0.9804299011904526,0.7355715592681011,6.555078036643293,0.31486243126899616,0.27437231395611855,0.6656864962678127,0.059941189776068764,B-vote,0.7,0.45,0.7,True
vote,100,0.0,60,0.96,60,0.0,20,,,,,sym,5,0.95,,10,,,,,14,75,,,,,,0.8,0.7,0.2757610194467117,-0.4088667854076179,0.9553028322358122,0.6744519958298716,0.44525687125682345,-0.4178259654931311,1.0808652499839402,1.065651510507054,0.34000796315740134,-0.41782596549313133,1.00905976108844,0.8137549870940004,6.555078036643293,0.33287408108000655,0.27437231395611855,0.6656864962678127,0.059941189776068764,B-vote,0.7,0.45,0.7,True
vote,100,0.0,60,0.96,60,0.0,20,,,,,sym,5,0.95,,10,,,,,14,75,,,,,,0.8,1.0,0.27627849132089155,-0.4160223976272607,0.953499508147874,0.6640952335658282,0.42070719866474615,-0.44120256622001686,1.030334027800868,0.9535465812656897,0.33178978981777285,-0.44120256622001786,0.985981647253405,0.7520123753140563,6.555078036643293,0.33522035542991024,0.27437231395611855,0.6656864962678127,0.059941189776068764,B-vote,0.7,0.45,0.7,True
vote,100,0.0,60,0.96,60,0.0,20,,,,,sym,5,0.95,,10,,,,,14,75,,,,,,0.85,0.7,0.2909936546440266,-0.42974718522880817,0.9552029392159838,0.6771275406704392,0.47263504386505795,-0.435521112433069,1.0874822724856166,1.0852172957233908,0.35971436515833743,-0.4355211124330687,1.0118793599362133,0.8259401321528785,6.555078036643293,0.3534009108221838,0.27437231395611855,0.6656864962678127,0.059941189776068764,B-vote,0.7,0.45,0.7,True
vote,100,0.0,60,0.96,60,0.0,20,,,,,sym,5,0.95,,10,,,,,14,75,,,,,,0.85,1.0,0.2916756138680674,-0.4365661035060888,0.954142928730278,0.6681132857672707,0.44775311363089343,-0.4581601589628791,1.040523785279315,0.9772851368055578,0.3515253967521048,-0.45816015896287876,0.9908010075851644,0.7672543975622862,6.555078036643293,0.355612997411362,0.27437231395611855,0.6656864962678127,0.059941189776068764,B-vote,0.7,0.45,0.7,True
vote,100,0.0,60,0.96,60,0.0,20,,,,,sym,5,0.95,,10,,,,,14,75,,,,,,0.9,0.7,0.30595419741623187,-0.45020684819510615,0.9550880634153434,0.6795858362501862,0.4996610678085984,-0.4528085078261209,1.0933204405711292,1.103471024003968,0.379110464619997,-0.45280850782612003,1.0143499610262054,0.8372423619866627,6.555078036643293,0.37394232120515897,0.27437231395611855,0.6656864962678127,0.059941189776068764,B-vote,0.7,0.45,0.7,True
vote,100,0.0,60,0.96,60,0.0,20,,,,,sym,5,0.95,,10,,,,,14,75,,,,,,0.9,1.0,0.3068041818961731,-0.4567002078220471,0.9546641219508825,0.6717846338614304,0.4744578250880296,-0.4747280256162084,1.0495121428312075,0.9994308308892694,0.37095690247407176,-0.47472802561620786,0.995020739228452,0.7814093174561607,6.555078036643293,0.37603470893607327,0.27437231395611855,0.6656864962678127,0.059941189776068764,B-vote,0.7,0.45,0.7,True
vote,100,0.0,60,0.96,60,0.0,20,,,,,sym,5,0.95,,10,,,,,14,75,,,,,,0.95,0.7,0.3206284127974315,-0.47023847990240364,0.9549644229854642,0.6818421428717973,0.5262951886059224,-0.4696931740075684,1.0985083405018634,1.1205084887979273,0.3981738706774003,-0.47023847990240364,1.016531660258524,0.8467488044790378,6.555078036643293,0.39449603459340143,0.27437231395611855,0.6656864962678127,0.059941189776068764,B-vote,0.7,0.45,0.7,True
vote,100,0.0,60,0.96,60,0.0,20,,,,,sym,5,0.95,,10,,,,,14,75,,,,,,0.95,1.0,0.32164984907119054,-0.4764173133106201,0.9550896824789433,0.6751430732776026,0.5007821545012812,-0.49091092924959745,1.0574962565569062,1.0201079761389154,0.39006194495667357,-0.4909109292495979,0.9987438790530152,0.7945676531441637,6.555078036643293,0.39648099813835624,0.27437231395611855,0.6656864962678127,0.059941189776068764,B-vote,0.7,0.45,0.7,True
vote,100,0.0,60,0.96,60,0.0,20,,,,,sym,5,0.95,,10,,,,,14,75,,,,,,1.0,0.7,0.3350021503700964,-0.48983570921519415,0.9548362725887781,0.6839071632952827,0.5524974460326868,-0.4861802190730251,1.1031479484340778,1.1364046177898914,0.4168822229960649,-0.48983570921519415,1.0184716550096649,0.8510653983638433,6.555078036643293,0.41506022326259706,0.27437231395611855,0.6656864962678127,0.059941189776068764,B-vote,0.7,0.45,0.7,True
vote,100,0.0,60,0.96,60,0.0,20,,,,,sym,5,0.95,,10,,,,,14,75,,,,,,1.0,1.0,0.3361983467466234,-0.49571093114702136,0.9554395649229104,0.6782145109624613,0.5266867066712217,-0.5067137162161797,1.064632968964483,1.039416715624333,0.4088181826753168,-0.5067137162161793,1.0020515088338866,0.8068030716202335,6.555078036643293,0.4169482493167983,0.27437231395611855,0.6656864962678127,0.059941189776068764,B-vote,0.7,0.45,0.7,True
vote,100,0.0,60,0.96,60,0.0,20,,,,,sym,5,0.95,-0.1,10,,,,,14,75,,,,,,0.5,0.7,0.17887590014865484,-0.2811020554485455,0.9519697590984173,0.6363379302340153,0.28123988183174364,-0.2889767091870582,1.0289054641450164,0.9732268134097048,0.21807426514187944,-0.288976709187059,0.9844596502723377,0.7546430497992719,6.669079393802307,0.21017766871911042,0.2748247002940511,0.6654603030988464,0.059714996607102465,B-vote,0.7,0.45,0.7,True
vote,100,0.0,60,0.96,60,0.0,20,,,,,sym,5,0.95,-0.1,10,,,,,14,75,,,,,,0.5,1.0,0.17906435932956377,-0.29768129325498227,0.9436198073633816,0.6015304400608881,0.26012642226129423,-0.3175951880875495,0.9448856044772401,0.8190502627816477,0.21065128281911671,-0.31759518808754983,0.9426435734213794,0.6632697557150884,6.669079393802307,0.21383984367630193,0.2748247002940511,0.6654603030988464,0.059714996607102465,B-vote,0.7,0.45,0.7,True
vote,100,0.0,60,0.96,60,0.0,20,,,,,sym,5,0.95,-0.1,10,,,,,14,75,,,,,,0.55,0.7,0.19557838097997804,-0.3016250774585342,0.9532594109593908,0.6484155184572314,0.31056175859038704,-0.3081977238632364,1.046224991612787,1.0076705132585588,0.2394818913203649,-0.3081977238632382,0.9927685900593937,0.777039779264023,6.669079393802307,0.23051044842582705,0.2748247002940511,0.6654603030988464,0.059714996607102465,B-vote,0.7,0.45,0.7,True
vote,100,0.0,60,0.96,60,0.0,20,,,,,sym,5,0.95,-0.1,10,,,,,14,75,,,,,,0.55,1.0,0.1957696474311954,-0.31773101294857165,0.9465514201205015,0.6161490048278131,0.288964938360476,-0.33604256256084797,0.9707108902761217,0.8599057695501071,0.2319284788485283,-0.3360425625608502,0.9557469572734834,0.6901759023651385,6.669079393802307,0.23385625294587356,0.2748247002940511,0.6654603030988464,0.059714996607102465,B-vote,0.7,0.45,0.7,True
vote,100,0.0,60,0.96,60,0.0,20,,,,,sym,5,0.95,-0.1,10,,,,,14,75,,,,,,0.6,0.7,0.21209895251012711,-0.3217352708972563,0.9541974730242055,0.6592343821012379,0.33978466519480355,-0.32705204119638764,1.0604774319749262,1.038931492223191,0.26072175744003734,-0.32705204119638864,0.9995224541711123,0.7971873726465409,6.669079393802307,0.2508955603008473,0.2748247002940511,0.6654603030988464,0.059714996607102465,B-vote,0.7,0.45,0.7,True
vote,100,0.0,60,0.96,60,0.0,20,,,,,sym,5,0.95,-0.1,10,,,,,14,75,,,,,,0.6,1.0,0.21229300007792662,-0.33737742473110544,0.9487383050960362,0.6292448294284276,0.31770610454226067,-0.35413799915162014,0.992028737202733,0.8971251469861002,0.2530389364329535,-0.35413799915162036,0.9663959653124969,0.7145207151989855,6.669079393802307,0.2539746370805322,0.2748247002940511,0.6654603030988464,0.059714996607102465,B-vote,0.7,0.45,0.7,True
vote,100,0.0,60,0.96,60,0.0,20,,,,,sym,5,0.95,-0.1,10,,,,,14,75,,,,,,0.65,0.7,0.22842321111161046,-0.3438860258327131,0.9548929385985436,0.6642410390433523,0.3688714412890528,-0.3455418567979174,1.07239775397411,1.0675159435309143,0.28177189475074327,-0.3455418567979156,1.0051114543373978,0.8154493853852642,6.669079393802307,0.27132120901949586,0.2748247002940511,0.6654603030988464,0.059714996607102465,B-vote,0.7,0.45,0.7,True
vote,100,0.0,60,0.96,60,0.0,20,,,,,sym,5,0.95,-0.1,10,,,,,14,75,,,,,,0.65,1.0,0.22862001124105258,-0.35662277393472674,0.9504018457807526,0.6410695781388803,0.3463133726356764,-0.37188360509855,1.0098900413619614,0.9312413020840286,0.273960820597273,-0.3718836050985491,0.9751988226001115,0.7366843196130505,6.669079393802307,0.27417254869591945,0.2748247002940511,0.6654603030988464,0.059714996607102465,B-vote,0.7,0.45,0.7,True
vote,100,0.0,60,0.96,60,0.0,20,,,,,sym,5,0.95,-0.1,10,,,,,14,75,,,,,,0.7,0.7,0.24453671619964368,-0.36587766312323156,0.9554166412870543,0.6683565050465545,0.39778420669962844,-0.36366951462442554,1.0825065659307895,1.0938068512848385,0.3026101350492687,-0.36587766312323156,1.0098072970324492,0.8270801023109912,6.669079393802307,0.29177888149907344,0.2748247002940511,0.6654603030988464,0.059714996607102465,B-vote,0.7,0.45,0.7,True
vote,100,0.0,60,0.96,60,0.0,20,,,,,sym,5,0.95,-0.1,10,,,,,14,75,,,,,,0.7,1.0,0.24473623792310306,-0.37546950851622174,0.951688485050713,0.6518138820120183,0.3747494865337684,-0.38928163001468186,1.025050389266212,0.9626693315059193,0.29467209812798467,-0.3892816300146824,0.9825829279837491,0.7569637902432504,6.669079393802307,0.29443362168164333,0.2748247002940511,0.6654603030988464,0.059714996607102465,B-vote,0.7,0.45,0.7,True
vote,100,0.0,60,0.96,60,0.0,20,,,,,sym,5,0.95,-0.1,10,,,,,14,75,,,,,,0.75,0.7,0.26027059160525545,-0.38757388238967105,0.9553785960601312,0.6715380045747679,0.42635352373036617,-0.3814683484271174,1.0909252829824465,1.1176642190323804,0.32306724474849835,-0.38757388238967105,1.0134485914603955,0.8335629912845443,6.669079393802307,0.3122622498666792,0.2748247002940511,0.6654603030988464,0.059714996607102465,B-vote,0.7,0.45,0.7,True
vote,100,0.0,60,0.96,60,0.0,20,,,,,sym,5,0.95,-0.1,10,,,,,14,75,,,,,,0.75,1.0,0.2606272184842524,-0.3950774109979317,0.9526978721253481,0.659686459486333,0.402976547057724,-0.4063344604375506,1.0380648240940815,0.9917360851545529,0.31515056988535184,-0.4063344604375505,0.9888561319764855,0.7755940009271926,6.669079393802307,0.3147456586430485,0.2748247002940511,0.6654603030988464,0.059714996607102465,B-vote,0.7,0.45,0.7,True
vote,100,0.0,60,0.96,60,0.0,20,,,,,sym,5,0.95,-0.1,10,,,,,14,75,,,,,,0.8,0.7,0.2757610194467117,-0.4088667854076179,0.9553028322358122,0.6744519958298716,0.45466589292482307,-0.3989083981927636,1.0982230612380282,1.1397751839386343,0.3432631524084253,-0.4088667854076179,1.0165775365182093,0.8395476586982008,6.669079393802307,0.3327666383104122,0.2748247002940511,0.6654603030988464,0.059714996607102465,B-vote,0.7,0.45,0.7,True
vote,100,0.0,60,0.96,60,0.0,20,,,,,sym,5,0.95,-0.1,10,,,,,14,75,,,,,,0.8,1.0,0.27627849132089155,-0.4160223976272607,0.953499508147874,0.6640952335658282,0.43095608032296373,-0.4230446144148322,1.0493490094727675,1.0187012566489586,0.33537390413441925,-0.42304461441483177,0.9942450711212705,0.7927624952709035,6.669079393802307,0.33509939216991774,0.2748247002940511,0.6654603030988464,0.059714996607102465,B-vote,0.7,0.45,0.7,True
vote,100,0.0,60,0.96,60,0.0,20,,,,,sym,5,0.95,-0.1,10,,,,,14,75,,,,,,0.85,0.7,0.2909936546440266,-0.42974718522880817,0.9552029392159838,0.6771275406704392,0.4826817591222978,-0.4159924719999545,1.1046072543639034,1.1603136874129556,0.36317538337626565,-0.42974718522880817,1.0192933154837969,0.8450907786234876,6.669079393802307,0.3532883869173838,0.2748247002940511,0.6654603030988464,0.059714996607102465,B-vote,0.7,0.45,0.7,True
vote,100,0.0,60,0.96,60,0.0,20,,,,,sym,5,0.95,-0.1,10,,,,,14,75,,,,,,0.85,1.0,0.2916756138680674,-0.4365661035060888,0.954142928730278,0.6681132857672707,0.45864910948470916,-0.4394147361295141,1.059219667041491,1.0437727089551359,0.35531967083877225,-0.4394147361295153,0.9989198548290885,0.8086202888153563,6.669079393802307,0.3554876602226507,0.2748247002940511,0.6654603030988464,0.059714996607102465,B-vote,0.7,0.45,0.7,True
vote,100,0.0,60,0.96,60,0.0,20,,,,,sym,5,0.95,-0.1,10,,,,,14,75,,,,,,0.9,0.7,0.30595419741623187,-0.45020684819510615,0.9550880634153434,0.6795858362501862,0.5103611466295488,-0.4327235032227418,1.1102375184516498,1.1794162850610024,0.38278140947592587,-0.45020684819510615,1.0216713884559296,0.8502345333273116,6.669079393802307,0.37382463665015936,0.2748247002940511,0.6654603030988464,0.059714996607102465,B-vote,0.7,0.45,0.7,True
vote,100,0.0,60,0.96,60,0.0,20,,,,,sym,5,0.95,-0.1,10,,,,,14,75,,,,,,0.9,1.0,0.3068041818961731,-0.4567002078220471,0.9546641219508825,0.6717846338614304,0.4860162297247812,-0.4554475905684868,1.0679219167761191,1.0671177975014399,0.3749653768570249,-0.4567002078220471,1.0030103847646108,0.8210317631454416,6.669079393802307,0.37590484360862625,0.2748247002940511,0.6654603030988464,0.059714996607102465,B-vote,0.7,0.45,0.7,True
vote,100,0.0,60,0.96,60,0.0,20,,,,,sym,5,0.95,-0.1,10,,,,,14,75,,,,,,0.95,0.7,0.3206284127974315,-0.47023847990240364,0.9549644229854642,0.6818421428717973,0.5376637387854852,-0.44910454499473595,1.1152386743680562,1.1971905979971484,0.40205868527829924,-0.47023847990240364,1.023770114791069,0.8550101756065245,6.669079393802307,0.3943731221574594,0.2748247002940511,0.6654603030988464,0.059714996607102465,B-vote,0.7,0.45,0.7,True
vote,100,0.0,60,0.96,60,0.0,20,,,,,sym,5,0.95,-0.1,10,,,,,14,75,,,,,,0.95,1.0,0.32164984907119054,-0.4764173133106201,0.9550896824789433,0.6751430732776026,0.5130176863257259,-0.47114605823826816,1.075648147940657,1.088871863311403,0.3942885019783118,-0.4764173133106201,1.00661740045109,0.8276116147803365,6.669079393802307,0.39634647376531723,0.2748247002940511,0.6654603030988464,0.059714996607102465,B-vote,0.7,0.45,0.7,True
vote,100,0.0,60,0.96,60,0.0,20,,,,,sym,5,0.95,-0.1,10,,,,,14,75,,,,,,1.0,0.7,0.3350021503700964,-0.48983570921519415,0.9548362725887781,0.6839071632952827,0.5645489604486664,-0.46513876472770077,1.1197096486677718,1.2137215886084272,0.42098468512357434,-0.48983570921519415,1.0256352920750613,0.8594405781441871,6.669079393802307,0.414932025603572,0.2748247002940511,0.6654603030988464,0.059714996607102465,B-vote,0.7,0.45,0.7,True
vote,100,0.0,60,0.96,60,0.0,20,,,,,sym,5,0.95,-0.1,10,,,,,14,75,,,,,,1.0,1.0,0.3361983467466234,-0.49571093114702136,0.9554395649229104,0.6782145109624613,0.53961345566293,-0.486513129931457,1.082551293728401,1.1091446920229142,0.4132665357294263,-0.49571093114702136,1.0098201164331888,0.8336845321792125,6.669079393802307,0.41680895386723804,0.2748247002940511,0.6654603030988464,0.059714996607102465,B-vote,0.7,0.45,0.7,True
vote,100,0.0,60,0.96,60,0.0,20,,,,,sym,3,0.9,,10,,,,,14,75,,,,,,0.5,0.7,0.1759585071743328,-0.2618303488183208,1.0087529729240632,0.6720325125351574,0.2499780186548093,-0.24649590006675637,0.9724126544212236,1.014126476696407,0.20400863458397311,-0.2618303488183208,0.9863427068483397,0.7791634373352606,8.607102465505541,0.19486045288427659,0.3499208323908618,0.620221669305587,0.029857498303551232,B-vote,0.7,0.65,0.7,True
vote,100,0.0,60,0.96,60,0.0,20,,,,,sym,3,0.9,,10,,,,,14,75,,,,,,0.5,1.0,0.17696917301680948,-0.26183034881832057,1.0114948408090088,0.6758925151935128,0.24126310032365827,-0.24649590006675637,0.9312579051399932,0.9787712503872035,0.20188206773710848,-0.26183034881832057,0.9701246022035824,0.7710415108417813,8.607102465505541,0.19666086616994702,0.3499208323908618,0.620221669305587,0.029857498303551232,B-vote,0.7,0.65,0.7,True
vote,100,0.0,60,0.96,60,0.0,20,,,,,sym,3,0.9,,10,,,,,14,75,,,,,,0.55,0.7,0.19251260471214815,-0.28475253889971397,1.00805649094756,0.6760698445605379,0.2730821913107073,-0.26932342163004996,0.9806704025505146,1.0139563416278756,0.22293862723518343,-0.28475253889971397,0.9894190943386131,0.782920595182821,8.607102465505541,0.2140086910001577,0.3499208323908618,0.620221669305587,0.029857498303551232,B-vote,0.7,0.65,0.7,True
vote,100,0.0,60,0.96,60,0.0,20,,,,,sym,3,0.9,,10,,,,,14,75,,,,,,0.55,1.0,0.19353743917598587,-0.28475253889971475,1.0107773517962984,0.6796688799468321,0.26420663995758664,-0.2693234216300504,0.9441211484538429,0.9810013490787581,0.22077875063937435,-0.28475253889971475,0.9753387050098945,0.77533549478598,8.607102465505541,0.2156492456543172,0.3499208323908618,0.620221669305587,0.029857498303551232,B-vote,0.7,0.65,0.7,True
vote,100,0.0,60,0.96,60,0.0,20,,,,,sym,3,0.9,,10,,,,,14,75,,,,,,0.6,0.7,0.20894214642380993,-0.30711904934821355,1.0074424823098496,0.6803294906885115,0.29594478194237483,-0.2916495663212846,0.9874049409185051,1.014727317017021,0.24169676474240087,-0.30711904934821355,0.991879309135939,0.7869807009866182,8.607102465505541,0.23318319871418913,0.3499208323908618,0.620221669305587,0.029857498303551232,B-vote,0.7,0.65,0.7,True
vote,100,0.0,60,0.96,60,0.0,20,,,,,sym,3,0.9,,10,,,,,14,75,,,,,,0.6,1.0,0.2099810399528519,-0.3071190493482141,1.010111237500177,0.6837121969428007,0.286910293662229,-0.29164956632128436,0.9546038303271951,0.9837501124420169,0.23950388361236596,-0.3071190493482141,0.9794920199524336,0.7798405345440311,8.607102465505541,0.23468970713152873,0.3499208323908618,0.620221669305587,0.029857498303551232,B-vote,0.7,0.65,0.7,True
vote,100,0.0,60,0.96,60,0.0,20,,,,,sym,3,0.9,,10,,,,,14,75,,,,,,0.65,0.7,0.22523521644692113,-0.32893775268341896,1.0068990670317506,0.6847350740664154,0.3185365998130336,-0.3134786686455391,0.9929950261786413,1.0161348495875286,0.26026547547033974,-0.32893775268341896,0.9938864284606176,0.7912301745456023,8.607102465505541,0.2523779885711223,0.3499208323908618,0.620221669305587,0.029857498303551232,B-vote,0.7,0.65,0.7,True
vote,100,0.0,60,0.96,60,0.0,20,,,,,sym,3,0.9,,10,,,,,14,75,,,,,,0.65,1.0,0.2262880492242978,-0.3289377526834196,1.0094990598775655,0.6879357792721493,0.3093450737120531,-0.3134786686455395,0.9632927700963214,0.9868137919835291,0.25803992590255476,-0.3289377526834196,0.9828660623197857,0.7844643060807336,8.607102465505541,0.25377052770038905,0.3499208323908618,0.620221669305587,0.029857498303551232,B-vote,0.7,0.65,0.7,True
vote,100,0.0,60,0.96,60,0.0,20,,,,,sym,3,0.9,,10,,,,,14,75,,,,,,0.7,0.7,0.2413798194618968,-0.3502166083129552,1.006415867257033,0.689230075708456,0.3408282431675116,-0.334815262448779,0.9977050360074029,1.0179590998174777,0.27862707272619214,-0.3502166083129552,0.995551714861276,0.7955849783035123,8.607102465505541,0.2715887602266973,0.3499208323908618,0.620221669305587,0.029857498303551232,B-vote,0.7,0.65,0.7,True
vote,100,0.0,60,0.96,60,0.0,20,,,,,sym,3,0.9,,10,,,,,14,75,,,,,,0.7,1.0,0.24244646134449033,-0.35021660831295487,1.008938866660881,0.6922757390415912,0.33148178279910967,-0.3348152624487789,0.9706005152727393,0.9900438240918626,0.2763692218968994,-0.35021660831295487,0.9856533081922569,0.7891379658669266,8.607102465505541,0.2728832414034059,0.3499208323908618,0.620221669305587,0.029857498303551232,B-vote,0.7,0.65,0.7,True
vote,100,0.0,60,0.96,60,0.0,20,,,,,sym,3,0.9,,10,,,,,14,75,,,,,,0.75,0.7,0.25727792765897006,-0.37096365363913253,1.0057157392473892,0.6935394482318904,0.36261513976126314,-0.3556640718379682,1.0013529461580268,1.019543913691855,0.29664600127061647,-0.37096365363913253,0.9966432696485634,0.7996632509965219,8.607102465505541,0.29081131508571184,0.3499208323908618,0.620221669305587,0.029857498303551232,B-vote,0.7,0.65,0.7,True
vote,100,0.0,60,0.96,60,0.0,20,,,,,sym,3,0.9,,10,,,,,14,75,,,,,,0.75,1.0,0.2584442033086043,-0.3709636536391332,1.008426856257973,0.69668335637004,0.35329106756899464,-0.3556640718379681,0.97682450597183,0.9933279618132063,0.29447402438328574,-0.3709636536391332,0.9879891950459407,0.7938082922531942,8.607102465505541,0.2920215861233029,0.3499208323908618,0.620221669305587,0.029857498303551232,B-vote,0.7,0.65,0.7,True
vote,100,0.0,60,0.96,60,0.0,20,,,,,sym,3,0.9,,10,,,,,14,75,,,,,,0.8,0.7,0.2730012058985041,-0.3911956078513905,1.0050930739644266,0.6978636784751766,0.3840372645627983,-0.3760300021531737,1.00449561278098,1.0212942115357138,0.3144189872067713,-0.3911956078513905,0.9975660095444017,0.8037385412727192,8.607102465505541,0.3100443592804666,0.3499208323908618,0.620221669305587,0.029857498303551232,B-vote,0.7,0.65,0.7,True
vote,100,0.0,60,0.96,60,0.0,20,,,,,sym,3,0.9,,10,,,,,14,75,,,,,,0.8,1.0,0.2742691472262593,-0.39119560785139285,1.007958642136856,0.7011048736785626,0.3747434737552333,-0.3760300021531735,0.9821839977108343,0.9965786549196249,0.3123365184302933,-0.39119560785139285,0.9899714306219405,0.7984151973120913,8.607102465505541,0.3111808327946215,0.3499208323908618,0.620221669305587,0.029857498303551232,B-vote,0.7,0.65,0.7,True
vote,100,0.0,60,0.96,60,0.0,20,,,,,sym,3,0.9,,10,,,,,14,75,,,,,,0.85,0.7,0.28853753128619886,-0.410921189832854,1.004535879091847,0.7021724321482768,0.40506506787089647,-0.3959181310002856,1.007229771241277,1.0231031017637437,0.33192821262156924,-0.410921189832854,0.9983549532877825,0.8077661138783915,8.607102465505541,0.32928605482275763,0.3499208323908618,0.620221669305587,0.029857498303551232,B-vote,0.7,0.65,0.7,True
vote,100,0.0,60,0.96,60,0.0,20,,,,,sym,3,0.9,,10,,,,,14,75,,,,,,0.85,1.0,0.2899091230905222,-0.4109211898328542,1.0075298459950155,0.7055102785243206,0.3958095027927895,-0.3959181310002854,0.9868438068934361,0.9997256296214031,0.3299388458499637,-0.4109211898328542,0.9916720568062574,0.8029248771137094,8.607102465505541,0.3303573447786248,0.3499208323908618,0.620221669305587,0.029857498303551232,B-vote,0.7,0.65,0.7,True
vote,100,0.0,60,0.96,60,0.0,20,,,,,sym,3,0.9,,10,,,,,14,75,,,,,,0.9,0.7,0.30387475520909213,-0.430140284230049,1.00403447406865,0.706455001658419,0.42566902858504685,-0.41533369935273834,1.0096292005509804,1.0248843983727187,0.34915584771139985,-0.430140284230049,0.9990362743742961,0.8117255242353985,8.607102465505541,0.3485349688613532,0.3499208323908618,0.620221669305587,0.029857498303551232,B-vote,0.7,0.65,0.7,True
vote,100,0.0,60,0.96,60,0.0,20,,,,,sym,3,0.9,,10,,,,,14,75,,,,,,0.9,1.0,0.30535193182747755,-0.430140284230049,1.0071363621030278,0.7098891757465996,0.41645966978385496,-0.415333699352739,0.9909299983512774,1.0027110018591574,0.3472631302050815,-0.430140284230049,0.9931452210893823,0.807325291158633,8.607102465505541,0.3495482805182377,0.3499208323908618,0.620221669305587,0.029857498303551232,B-vote,0.7,0.65,0.7,True
vote,100,0.0,60,0.96,60,0.0,20,,,,,sym,3,0.9,,10,,,,,14,75,,,,,,0.95,0.7,0.31900071664637575,-0.44886100508518956,1.0035809699565965,0.7106893070068148,0.445819713727706,-0.43428210273027656,1.0117510956366196,1.026567088362366,0.3660840763310951,-0.44886100508518956,0.9996298848709544,0.8155844953865302,8.607102465505541,0.3677899680211248,0.3499208323908618,0.620221669305587,0.029857498303551232,B-vote,0.7,0.65,0.7,True
vote,100,0.0,60,0.96,60,0.0,20,,,,,sym,3,0.9,,10,,,,,14,75,,,,,,0.95,1.0,0.32058535861064175,-0.4488610050851901,1.0067744591407588,0.7142196692933869,0.4366645626815624,-0.4342821027302761,0.9945405025606014,1.0054859731412096,0.36429150232045737,-0.4488610050851901,0.9944323200620435,0.8115908893696788,8.607102465505541,0.3687513880529462,0.3499208323908618,0.620221669305587,0.029857498303551232,B-vote,0.7,0.65,0.7,True
vote,100,0.0,60,0.96,60,0.0,20,,,,,sym,3,0.9,,10,,,,,14,75,,,,,,1.0,0.7,0.3339032557228243,-0.46709151236887503,1.0031688801830332,0.7148561831693737,0.4654878390050299,-0.45276888246256985,1.01364044289389,1.0280914988531957,0.382695121991268,-0.46709151236887503,1.000151173758493,0.8193150846402945,8.607102465505541,0.3870501441339646,0.3499208323908618,0.620221669305587,0.029857498303551232,B-vote,0.7,0.65,0.7,True
vote,100,0.0,60,0.96,60,0.0,20,,,,,sym,3,0.9,,10,,,,,14,75,,,,,,1.0,1.0,0.33559718642365177,-0.4670915123688756,1.0064408023970535,0.7184827331193744,0.45639490255031245,-0.4527688824625705,0.9977524589794968,1.0080085452604877,0.3810061262556448,-0.4670915123688756,0.9955654864221035,0.815699099997247,8.607102465505541,0.38796485998391267,0.3499208323908618,0.620221669305587,0.029857498303551232,B-vote,0.7,0.65,0.7,True
vote,100,0.0,60,0.96,60,0.0,20,,,,,sym,3,0.9,-0.1,10,,,,,14,75,,,,,,0.5,0.7,0.1759585071743328,-0.2618303488183208,1.0087529729240632,0.6720325125351574,0.2499780186548093,-0.24649590006675637,0.9724126544212236,1.014126476696407,0.20400863458397311,-0.2618303488183208,0.9863427068483397,0.7791634373352606,8.607102465505541,0.19486045288427659,0.3499208323908618,0.620221669305587,0.029857498303551232,B-vote,0.7,0.65,0.7,True
vote,100,0.0,60,0.96,60,0.0,20,,,,,sym,3,0.9,-0.1,10,,,,,14,75,,,,,,0.5,1.0,0.17696917301680948,-0.26183034881832057,1.0114948408090088,0.6758925151935128,0.24126310032365827,-0.24649590006675637,0.9312579051399932,0.9787712503872035,0.20188206773710848,-0.26183034881832057,0.9701246022035824,0.7710415108417813,8.607102465505541,0.19666086616994702,0.3499208323908618,0.620221669305587,0.029857498303551232,B-vote,0.7,0.65,0.7,True
vote,100,0.0,60,0.96,60,0.0,20,,,,,sym,3,0.9,-0.1,10,,,,,14,75,,,,,,0.55,0.7,0.19251260471214815,-0.28475253889971397,1.00805649094756,0.6760698445605379,0.2730821913107073,-0.26932342163004996,0.9806704025505146,1.0139563416278756,0.22293862723518343,-0.28475253889971397,0.9894190943386131,0.782920595182821,8.607102465505541,0.2140086910001577,0.3499208323908618,0.620221669305587,0.029857498303551232,B-vote,0.7,0.65,0.7,True
vote,100,0.0,60,0.96,60,0.0,20,,,,,sym,3,0.9,-0.1,10,,,,,14,75,,,,,,0.55,1.0,0.19353743917598587,-0.28475253889971475,1.0107773517962984,0.6796688799468321,0.26420663995758664,-0.2693234216300504,0.9441211484538429,0.9810013490787581,0.22077875063937435,-0.28475253889971475,0.9753387050098945,0.77533549478598,8.607102465505541,0.2156492456543172,0.3499208323908618,0.620221669305587,0.029857498303551232,B-vote,0.7,0.65,0.7,True
vote,100,0.0,60,0.96,60,0.0,20,,,,,sym,3,0.9,-0.1,10,,,,,14,75,,,,,,0.6,0.7,0.20894214642380993,-0.30711904934821355,1.0074424823098496,0.6803294906885115,0.29594478194237483,-0.2916495663212846,0.9874049409185051,1.014727317017021,0.24169676474240087,-0.30711904934821355,0.991879309135939,0.7869807009866182,8.607102465505541,0.23318319871418913,0.3499208323908618,0.620221669305587,0.029857498303551232,B-vote,0.7,0.65,0.7,True
vote,100,0.0,60,0.96,60,0.0,20,,,,,sym,3,0.9,-0.1,10,,,,,14,75,,,,,,0.6,1.0,0.2099810399528519,-0.3071190493482141,1.010111237500177,0.6837121969428007,0.286910293662229,-0.29164956632128436,0.9546038303271951,0.9837501124420169,0.23950388361236596,-0.3071190493482141,0.9794920199524336,0.7798405345440311,8.607102465505541,0.23468970713152873,0.3499208323908618,0.620221669305587,0.029857498303551232,B-vote,0.7,0.65,0.7,True
vote,100,0.0,60,0.96,60,0.0,20,,,,,sym,3,0.9,-0.1,10,,,,,14,75,,,,,,0.65,0.7,0.22523521644692113,-0.32893775268341896,1.0068990670317506,0.6847350740664154,0.3185365998130336,-0.3134786686455391,0.9929950261786413,1.0161348495875286,0.26026547547033974,-0.32893775268341896,0.9938864284606176,0.7912301745456023,8.607102465505541,0.2523779885711223,0.3499208323908618,0.620221669305587,0.029857498303551232,B-vote,0.7,0.65,0.7,True
vote,100,0.0,60,0.96,60,0.0,20,,,,,sym,3,0.9,-0.1,10,,,,,14,75,,,,,,0.65,1.0,0.2262880492242978,-0.3289377526834196,1.0094990598775655,0.6879357792721493,0.3093450737120531,-0.3134786686455395,0.9632927700963214,0.9868137919835291,0.25803992590255476,-0.3289377526834196,0.9828660623197857,0.7844643060807336,8.607102465505541,0.25377052770038905,0.3499208323908618,0.620221669305587,0.029857498303551232,B-vote,0.7,0.65,0.7,True
vote,100,0.0,60,0.96,60,0.0,20,,,,,sym,3,0.9,-0.1,10,,,,,14,75,,,,,,0.7,0.7,0.2413798194618968,-0.3502166083129552,1.006415867257033,0.689230075708456,0.3408282431675116,-0.334815262448779,0.9977050360074029,1.0179590998174777,0.27862707272619214,-0.3502166083129552,0.995551714861276,0.7955849783035123,8.607102465505541,0.2715887602266973,0.3499208323908618,0.620221669305587,0.029857498303551232,B-vote,0.7,0.65,0.7,True
vote,100,0.0,60,0.96,60,0.0,20,,,,,sym,3,0.9,-0.1,10,,,,,14,75,,,,,,0.7,1.0,0.24244646134449033,-0.35021660831295487,1.008938866660881,0.6922757390415912,0.33148178279910967,-0.3348152624487789,0.9706005152727393,0.9900438240918626,0.2763692218968994,-0.35021660831295487,0.9856533081922569,0.7891379658669266,8.607102465505541,0.2728832414034059,0.3499208323908618,0.620221669305587,0.029857498303551232,B-vote,0.7,0.65,0.7,True
vote,100,0.0,60,0.96,60,0.0,20,,,,,sym,3,0.9,-0.1,10,,,,,14,75,,,,,,0.75,0.7,0.25727792765897006,-0.37096365363913253,1.0057157392473892,0.6935394482318904,0.36261513976126314,-0.3556640718379682,1.0013529461580268,1.019543913691855,0.29664600127061647,-0.37096365363913253,0.9966432696485634,0.7996632509965219,8.607102465505541,0.29081131508571184,0.3499208323908618,0.620221669305587,0.029857498303551232,B-vote,0.7,0.65,0.7,True
vote,100,0.0,60,0.96,60,0.0,20,,,,,sym,3,0.9,-0.1,10,,,,,14,75,,,,,,0.75,1.0,0.2584442033086043,-0.3709636536391332,1.008426856257973,0.69668335637004,0.35329106756899464,-0.3556640718379681,0.97682450597183,0.9933279618132063,0.29447402438328574,-0.3709636536391332,0.9879891950459407,0.7938082922531942,8.607102465505541,0.2920215861233029,0.3499208323908618,0.620221669305587,0.029857498303551232,B-vote,0.7,0.65,0.7,True
vote,100,0.0,60,0.96,60,0.0,20,,,,,sym,3,0.9,-0.1,10,,,,,14,75,,,,,,0.8,0.7,0.2730012058985041,-0.3911956078513905,1.0050930739644266,0.6978636784751766,0.3840372645627983,-0.3760300021531737,1.00449561278098,1.0212942115357138,0.3144189872067713,-0.3911956078513905,0.9975660095444017,0.8037385412727192,8.607102465505541,0.3100443592804666,0.3499208323908618,0.620221669305587,0.029857498303551232,B-vote,0.7,0.65,0.7,True
vote,100,0.0,60,0.96,60,0.0,20,,,,,sym,3,0.9,-0.1,10,,,,,14,75,,,,,,0.8,1.0,0.2742691472262593,-0.39119560785139285,1.007958642136856,0.7011048736785626,0.3747434737552333,-0.3760300021531735,0.9821839977108343,0.9965786549196249,0.3123365184302933,-0.39119560785139285,0.9899714306219405,0.7984151973120913,8.607102465505541,0.3111808327946215,0.3499208323908618,0.620221669305587,0.029857498303551232,B-vote,0.7,0.65,0.7,True
vote,100,0.0,60,0.96,60,0.0,20,,,,,sym,3,0.9,-0.1,10,,,,,14,75,,,,,,0.85,0.7,0.28853753128619886,-0.410921189832854,1.004535879091847,0.7021724321482768,0.40506506787089647,-0.3959181310002856,1.007229771241277,1.0231031017637437,0.33192821262156924,-0.410921189832854,0.9983549532877825,0.8077661138783915,8.607102465505541,0.32928605482275763,0.3499208323908618,0.620221669305587,0.029857498303551232,B-vote,0.7,0.65,0.7,True
vote,100,0.0,60,0.96,60,0.0,20,,,,,sym,3,0.9,-0.1,10,,,,,14,75,,,,,,0.85,1.0,0.2899091230905222,-0.4109211898328542,1.0075298459950155,0.7055102785243206,0.3958095027927895,-0.3959181310002854,0.9868438068934361,0.9997256296214031,0.3299388458499637,-0.4109211898328542,0.9916720568062574,0.8029248771137094,8.607102465505541,0.3303573447786248,0.3499208323908618,0.620221669305587,0.029857498303551232,B-vote,0.7,0.65,0.7,True
vote,100,0.0,60,0.96,60,0.0,20,,,,,sym,3,0.9,-0.1,10,,,,,14,75,,,,,,0.9,0.7,0.30387475520909213,-0.430140284230049,1.00403447406865,0.706455001658419,0.42566902858504685,-0.41533369935273834,1.0096292005509804,1.0248843983727187,0.34915584771139985,-0.430140284230049,0.9990362743742961,0.8117255242353985,8.607102465505541,0.3485349688613532,0.3499208323908618,0.620221669305587,0.029857498303551232,B-vote,0.7,0.65,0.7,True
vote,100,0.0,60,0.96,60,0.0,20,,,,,sym,3,0.9,-0.1,10,,,,,14,75,,,,,,0.9,1.0,0.30535193182747755,-0.430140284230049,1.0071363621030278,0.7098891757465996,0.41645966978385496,-0.415333699352739,0.9909299983512774,1.0027110018591574,0.3472631302050815,-0.430140284230049,0.9931452210893823,0.807325291158633,8.607102465505541,0.3495482805182377,0.3499208323908618,0.620221669305587,0.029857498303551232,B-vote,0.7,0.65,0.7,True
vote,100,0.0,60,0.96,60,0.0,20,,,,,sym,3,0.9,-0.1,10,,,,,14,75,,,,,,0.95,0.7,0.31900071664637575,-0.44886100508518956,1.0035809699565965,0.7106893070068148,0.445819713727706,-0.43428210273027656,1.0117510956366196,1.026567088362366,0.3660840763310951,-0.44886100508518956,0.9996298848709544,0.8155844953865302,8.607102465505541,0.3677899680211248,0.3499208323908618,0.620221669305587,0.029857498303551232,B-vote,0.7,0.65,0.7,True
vote,100,0.0,60,0.96,60,0.0,20,,,,,sym,3,0.9,-0.1,10,,,,,14,75,,,,,,0.95,1.0,0.32058535861064175,-0.4488610050851901,1.0067744591407588,0.7142196692933869,0.4366645626815624,-0.4342821027302761,0.9945405025606014,1.0054859731412096,0.36429150232045737,-0.4488610050851901,0.9944323200620435,0.8115908893696788,8.607102465505541,0.3687513880529462,0.3499208323908618,0.620221669305587,0.029857498303551232,B-vote,0.7,0.65,0.7,True
vote,100,0.0,60,0.96,60,0.0,20,,,,,sym,3,0.9,-0.1,10,,,,,14,75,,,,,,1.0,0.7,0.3339032557228243,-0.46709151236887503,1.0031688801830332,0.7148561831693737,0.4654878390050299,-0.45276888246256985,1.01364044289389,1.0280914988531957,0.382695121991268,-0.46709151236887503,1.000151173758493,0.8193150846402945,8.607102465505541,0.3870501441339646,0.3499208323908618,0.620221669305587,0.029857498303551232,B-vote,0.7,0.65,0.7,True
vote,100,0.0,60,0.96,60,0.0,20,,,,,sym,3,0.9,-0.1,10,,,,,14,75,,,,,,1.0,1.0,0.33559718642365177,-0.4670915123688756,1.0064408023970535,0.7184827331193744,0.45639490255031245,-0.4527688824625705,0.9977524589794968,1.0080085452604877,0.3810061262556448,-0.4670915123688756,0.9955654864221035,0.815699099997247,8.607102465505541,0.38796485998391267,0.3499208323908618,0.620221669305587,0.029857498303551232,B-vote,0.7,0.65,0.7,True
vote,100,0.0,60,0.96,60,0.0,20,,,,,sym,3,0.95,,10,,,,,14,75,,,,,,0.5,0.7,0.1719661327264892,-0.2618303488183208,0.9851562975017006,0.6567845687201574,0.24706073587164323,-0.24649590006675626,0.9554531947180117,1.0022914612564915,0.20039856519055155,-0.2618303488183208,0.9655144603097304,0.7653756185827197,8.493101108346528,0.19623691374177848,0.3404207192942773,0.6297217824021715,0.029857498303551232,B-vote,0.7,0.65,0.7,True
vote,100,0.0,60,0.96,60,0.0,20,,,,,sym,3,0.95,,10,,,,,14,75,,,,,,0.5,1.0,0.17297336736245605,-0.26183034881832057,0.9879607944256767,0.6606314666848616,0.23836615700312636,-0.2464959000667567,0.9150471671147526,0.9670187493527128,0.1982783745885628,-0.26183034881832057,0.9496585283579431,0.7572780446706147,8.493101108346528,0.19802473554696629,0.3404207192942773,0.6297217824021715,0.029857498303551232,B-vote,0.7,0.65,0.7,True
vote,100,0.0,60,0.96,60,0.0,20,,,,,sym,3,0.95,,10,,,,,14,75,,,,,,0.55,0.7,0.18804248312222716,-0.28475253889971397,0.9844504418976557,0.6603715768394016,0.26974566519189125,-0.26932342163005063,0.9635688366777772,1.0015677936931182,0.21886989996135542,-0.28475253889971397,0.9685266487709392,0.7686319525264653,8.493101108346528,0.21552448893490353,0.3404207192942773,0.6297217824021715,0.029857498303551232,B-vote,0.7,0.65,0.7,True
vote,100,0.0,60,0.96,60,0.0,20,,,,,sym,3,0.95,,10,,,,,14,75,,,,,,0.55,1.0,0.1890634760043115,-0.28475253889971475,0.9872210442836603,0.6639571212774914,0.26089337510902544,-0.2693234216300503,0.9276707793593262,0.9686991704249005,0.21671720929345595,-0.28475253889971475,0.9547528468197943,0.7610720878235269,8.493101108346528,0.21715351479157702,0.3404207192942773,0.6297217824021715,0.029857498303551232,B-vote,0.7,0.65,0.7,True
vote,100,0.0,60,0.96,60,0.0,20,,,,,sym,3,0.95,,10,,,,,14,75,,,,,,0.6,0.7,0.20398001498553642,-0.30711904934821355,0.9838296908673196,0.6641724615208175,0.2921638089594545,-0.2916495663212847,0.970190107899351,1.001763220993798,0.23715106227300087,-0.30711904934821355,0.9709369419319127,0.7721795921688904,8.493101108346528,0.23483815299014432,0.3404207192942773,0.6297217824021715,0.029857498303551232,B-vote,0.7,0.65,0.7,True
vote,100,0.0,60,0.96,60,0.0,20,,,,,sym,3,0.95,,10,,,,,14,75,,,,,,0.6,1.0,0.20501464435168448,-0.3071190493482141,0.9865385180527105,0.6675412833778253,0.28315567917588824,-0.29164956632128447,0.9379616755687428,0.9708763937058652,0.23496620901696086,-0.3071190493482141,0.9588128409859592,0.7650655650166273,8.493101108346528,0.23633403444625434,0.3404207192942773,0.6297217824021715,0.029857498303551232,B-vote,0.7,0.65,0.7,True
vote,100,0.0,60,0.96,60,0.0,20,,,,,sym,3,0.95,,10,,,,,14,75,,,,,,0.65,0.7,0.21976687483737956,-0.32893775268341896,0.9832813316387405,0.6681108296161151,0.3142856088789767,-0.3134786686455395,0.975688177774168,1.0025741471881444,0.2552244267566408,-0.32893775268341896,0.9729044070454014,0.7759049384710718,8.493101108346528,0.25417195876495013,0.3404207192942773,0.6297217824021715,0.029857498303551232,B-vote,0.7,0.65,0.7,True
vote,100,0.0,60,0.96,60,0.0,20,,,,,sym,3,0.95,,10,,,,,14,75,,,,,,0.65,1.0,0.22081500872167248,-0.3289377526834196,0.9859139820984187,0.6712972497692961,0.3051237164598617,-0.3134786686455391,0.9464944862543018,0.9733476213173388,0.253007779363837,-0.3289377526834196,0.9621127070438056,0.7691661334092591,8.493101108346528,0.2555546447286157,0.3404207192942773,0.6297217824021715,0.029857498303551232,B-vote,0.7,0.65,0.7,True
vote,100,0.0,60,0.96,60,0.0,20,,,,,sym,3,0.95,,10,,,,,14,75,,,,,,0.7,0.7,0.23539114924705018,-0.3502166083129552,0.9827944506776857,0.6721301721839061,0.3360813464784196,-0.3348152624487788,0.9803222074778931,1.0037814406081158,0.27307228275555007,-0.3502166083129552,0.9745376189006861,0.7797239658935061,8.493101108346528,0.273521635156012,0.3404207192942773,0.6297217824021715,0.029857498303551232,B-vote,0.7,0.65,0.7,True
vote,100,0.0,60,0.96,60,0.0,20,,,,,sym,3,0.95,,10,,,,,14,75,,,,,,0.7,1.0,0.23645264543098476,-0.35021660831295487,0.9853443168205314,0.6751611426140299,0.32676797512198075,-0.33481526244877824,0.9536732194023034,0.9759649925515907,0.2708242407965753,-0.35021660831295487,0.9648399670022175,0.7733049614670637,8.493101108346528,0.2748069336834727,0.3404207192942773,0.6297217824021715,0.029857498303551232,B-vote,0.7,0.65,0.7,True
vote,100,0.0,60,0.96,60,0.0,20,,,,,sym,3,0.95,,10,,,,,14,75,,,,,,0.75,0.7,0.2507553581524664,-0.37096365363913253,0.9820928646353703,0.6759566757890443,0.3573468632531942,-0.3556640718379681,0.9839097477914691,1.0047314068202895,0.29055963466794843,-0.37096365363913253,0.9756049282165115,0.7832563428184265,8.493101108346528,0.2928830074924658,0.3404207192942773,0.6297217824021715,0.029857498303551232,B-vote,0.7,0.65,0.7,True
vote,100,0.0,60,0.96,60,0.0,20,,,,,sym,3,0.95,,10,,,,,14,75,,,,,,0.75,1.0,0.25191558333877784,-0.3709636536391332,0.9848249373232134,0.6790842738028368,0.34805884070477333,-0.35566407183796833,0.9597891967828855,0.9786168136300825,0.2883978528898268,-0.3709636536391332,0.9671266107681581,0.7774288668462789,8.493101108346528,0.2940846798323132,0.3404207192942773,0.6297217824021715,0.029857498303551232,B-vote,0.7,0.65,0.7,True
vote,100,0.0,60,0.96,60,0.0,20,,,,,sym,3,0.95,,10,,,,,14,75,,,,,,0.8,0.7,0.26593091753152165,-0.3911956078513905,0.9814692446315804,0.6797901412853922,0.3782213914292698,-0.3760300021531737,0.9870013433635445,1.0058276979590672,0.3077827940415596,-0.3911956078513905,0.9765075772210822,0.7867746668528083,8.493101108346528,0.31225479570424297,0.3404207192942773,0.6297217824021715,0.029857498303551232,B-vote,0.7,0.65,0.7,True
vote,100,0.0,60,0.96,60,0.0,20,,,,,sym,3,0.95,,10,,,,,14,75,,,,,,0.8,1.0,0.26719181667363134,-0.39119560785139285,0.9843509170039207,0.6830133347896176,0.3689666541281742,-0.3760300021531735,0.9650572003197712,0.9812159987645823,0.3057108391614849,-0.39119560785139285,0.969067887884973,0.7814781992072317,8.493101108346528,0.3133831852174805,0.3404207192942773,0.6297217824021715,0.029857498303551232,B-vote,0.7,0.65,0.7,True
vote,100,0.0,60,0.96,60,0.0,20,,,,,sym,3,0.95,,10,,,,,14,75,,,,,,0.85,0.7,0.28090584991567247,-0.410921189832854,0.9809114563606431,0.6836003030895864,0.398675244557686,-0.3959181310002856,0.9896918222250132,1.006963847678394,0.32472401903489034,-0.410921189832854,0.977279671069822,0.7902343005649693,8.493101108346528,0.3316351745304146,0.3404207192942773,0.6297217824021715,0.029857498303551232,B-vote,0.7,0.65,0.7,True
vote,100,0.0,60,0.96,60,0.0,20,,,,,sym,3,0.95,,10,,,,,14,75,,,,,,0.85,1.0,0.2822693181292064,-0.4109211898328542,0.9839174963368394,0.686918380247127,0.38946177107153934,-0.39591813100028583,0.9696387147976386,0.9836926894142621,0.3227454124402993,-0.4109211898328542,0.9707340495391731,0.7854192493007695,8.493101108346528,0.33269883738217537,0.3404207192942773,0.6297217824021715,0.029857498303551232,B-vote,0.7,0.65,0.7,True
vote,100,0.0,60,0.96,60,0.0,20,,,,,sym,3,0.95,,10,,,,,14,75,,,,,,0.9,0.7,0.2956681729373325,-0.430140284230049,0.9804097199363241,0.687376150937777,0.41867882697040715,-0.41533369935273834,0.9920535303863109,1.008054072238496,0.3413655893570362,-0.430140284230049,0.9779467091085061,0.7936145529081995,8.493101108346528,0.35102272107997806,0.3404207192942773,0.6297217824021715,0.029857498303551232,B-vote,0.7,0.65,0.7,True
vote,100,0.0,60,0.96,60,0.0,20,,,,,sym,3,0.95,,10,,,,,14,75,,,,,,0.9,1.0,0.2971360522122426,-0.430140284230049,0.9835202949089031,0.6907887103485693,0.40951462260090343,-0.41533369935273867,0.9736572823520857,0.9859893941644905,0.33948380072775675,-0.430140284230049,0.9721779137540337,0.7892397275354776,8.493101108346528,0.3520288138310082,0.3404207192942773,0.6297217824021715,0.029857498303551232,B-vote,0.7,0.65,0.7,True
vote,100,0.0,60,0.96,60,0.0,20,,,,,sym,3,0.95,,10,,,,,14,75,,,,,,0.95,0.7,0.3102059129021888,-0.44886100508518956,0.9799560757770901,0.6910957053248915,0.43820269581960636,-0.43428210273027634,0.9941425680810946,1.0090277565312542,0.357689832603306,-0.44886100508518956,0.9785280969889837,0.7968832858078635,8.493101108346528,0.3704163098812186,0.3404207192942773,0.6297217824021715,0.029857498303551232,B-vote,0.7,0.65,0.7,True
vote,100,0.0,60,0.96,60,0.0,20,,,,,sym,3,0.95,,10,,,,,14,75,,,,,,0.95,1.0,0.31177998882588764,-0.4488610050851901,0.9831553798649333,0.6946025279400566,0.4290957768931434,-0.4342821027302768,0.9772088943469817,0.9880577030355899,0.355908273509983,-0.4488610050851901,0.9734398732212194,0.7929142194974913,8.493101108346528,0.3713708778195997,0.3404207192942773,0.6297217824021715,0.029857498303551232,B-vote,0.7,0.65,0.7,True
vote,100,0.0,60,0.96,60,0.0,20,,,,,sym,3,0.95,,10,,,,,14,75,,,,,,1.0,0.7,0.3245071185732813,-0.46709151236887503,0.9795439863413823,0.6947399170829057,0.4572176240177386,-0.4527688824625703,0.996003072897532,1.0098256345068857,0.37367915098106796,-0.46709151236887503,0.979038837182514,0.8000127193190427,8.493101108346528,0.3898150391156032,0.3404207192942773,0.6297217824021715,0.029857498303551232,B-vote,0.7,0.65,0.7,True
vote,100,0.0,60,0.96,60,0.0,20,,,,,sym,3,0.95,,10,,,,,14,75,,,,,,1.0,1.0,0.3261891170705411,-0.4670915123688756,0.9828192662323167,0.6983409212816957,0.4481760019017327,-0.4527688824625701,0.9803691792371063,0.989856015422577,0.3720011684734128,-0.4670915123688756,0.974551290976001,0.7964203129849056,8.493101108346528,0.39072323423511873,0.3404207192942773,0.6297217824021715,0.029857498303551232,B-vote,0.7,0.65,0.7,True
vote,100,0.0,60,0.96,60,0.0,20,,,,,sym,3,0.95,-0.1,10,,,,,14,75,,,,,,0.5,0.7,0.1719661327264892,-0.2618303488183208,0.9851562975017006,0.6567845687201574,0.24706073587164323,-0.24649590006675626,0.9554531947180117,1.0022914612564915,0.20039856519055155,-0.2618303488183208,0.9655144603097304,0.7653756185827197,8.493101108346528,0.19623691374177848,0.3404207192942773,0.6297217824021715,0.029857498303551232,B-vote,0.7,0.65,0.7,True
vote,100,0.0,60,0.96,60,0.0,20,,,,,sym,3,0.95,-0.1,10,,,,,14,75,,,,,,0.5,1.0,0.17297336736245605,-0.26183034881832057,0.9879607944256767,0.6606314666848616,0.23836615700312636,-0.2464959000667567,0.9150471671147526,0.9670187493527128,0.1982783745885628,-0.26183034881832057,0.9496585283579431,0.7572780446706147,8.493101108346528,0.19802473554696629,0.3404207192942773,0.6297217824021715,0.029857498303551232,B-vote,0.7,0.65,0.7,True
vote,100,0.0,60,0.96,60,0.0,20,,,,,sym,3,0.95,-0.1,10,,,,,14,75,,,,,,0.55,0.7,0.18804248312222716,-0.28475253889971397,0.9844504418976557,0.6603715768394016,0.26974566519189125,-0.26932342163005063,0.9635688366777772,1.0015677936931182,0.21886989996135542,-0.28475253889971397,0.9685266487709392,0.7686319525264653,8.493101108346528,0.21552448893490353,0.3404207192942773,0.6297217824021715,0.029857498303551232,B-vote,0.7,0.65,0.7,True
vote,100,0.0,60,0.96,60,0.0,20,,,,,sym,3,0.95,-0.1,10,,,,,14,75,,,,,,0.55,1.0,0.1890634760043115,-0.28475253889971475,0.9872210442836603,0.6639571212774914,0.26089337510902544,-0.2693234216300503,0.9276707793593262,0.9686991704249005,0.21671720929345595,-0.28475253889971475,0.9547528468197943,0.7610720878235269,8.493101108346528,0.21715351479157702,0.3404207192942773,0.6297217824021715,0.029857498303551232,B-vote,0.7,0.65,0.7,True
vote,100,0.0,60,0.96,60,0.0,20,,,,,sym,3,0.95,-0.1,10,,,,,14,75,,,,,,0.6,0.7,0.20398001498553642,-0.30711904934821355,0.9838296908673196,0.6641724615208175,0.2921638089594545,-0.2916495663212847,0.970190107899351,1.001763220993798,0.23715106227300087,-0.30711904934821355,0.9709369419319127,0.7721795921688904,8.493101108346528,0.23483815299014432,0.3404207192942773,0.6297217824021715,0.029857498303551232,B-vote,0.7,0.65,0.7,True
vote,100,0.0,60,0.96,60,0.0,20,,,,,sym,3,0.95,-0.1,10,,,,,14,75,,,,,,0.6,1.0,0.20501464435168448,-0.3071190493482141,0.9865385180527105,0.6675412833778253,0.28315567917588824,-0.29164956632128447,0.9379616755687428,0.9708763937058652,0.23496620901696086,-0.3071190493482141,0.9588128409859592,0.7650655650166273,8.493101108346528,0.23633403444625434,0.3404207192942773,0.6297217824021715,0.029857498303551232,B-vote,0.7,0.65,0.7,True
vote,100,0.0,60,0.96,60,0.0,20,,,,,sym,3,0.95,-0.1,10,,,,,14,75,,,,,,0.65,0.7,0.21976687483737956,-0.32893775268341896,0.9832813316387405,0.6681108296161151,0.3142856088789767,-0.3134786686455395,0.975688177774168,1.0025741471881444,0.2552244267566408,-0.32893775268341896,0.9729044070454014,0.7759049384710718,8.493101108346528,0.25417195876495013,0.3404207192942773,0.6297217824021715,0.029857498303551232,B-vote,0.7,0.65,0.7,True
vote,100,0.0,60,0.96,60,0.0,20,,,,,sym,3,0.95,-0.1,10,,,,,14,75,,,,,,0.65,1.0,0.22081500872167248,-0.3289377526834196,0.9859139820984187,0.6712972497692961,0.3051237164598617,-0.3134786686455391,0.9464944862543018,0.9733476213173388,0.253007779363837,-0.3289377526834196,0.9621127070438056,0.7691661334092591,8.493101108346528,0.2555546447286157,0.3404207192942773,0.6297217824021715,0.029857498303551232,B-vote,0.7,0.65,0.7,True
vote,100,0.0,60,0.96,60,0.0,20,,,,,sym,3,0.95,-0.1,10,,,,,14,75,,,,,,0.7,0.7,0.23539114924705018,-0.3502166083129552,0.9827944506776857,0.6721301721839061,0.3360813464784196,-0.3348152624487788,0.9803222074778931,1.0037814406081158,0.27307228275555007,-0.3502166083129552,0.9745376189006861,0.7797239658935061,8.493101108346528,0.273521635156012,0.3404207192942773,0.6297217824021715,0.029857498303551232,B-vote,0.7,0.65,0.7,True
vote,100,0.0,60,0.96,60,0.0,20,,,,,sym,3,0.95,-0.1,10,,,,,14,75,,,,,,0.7,1.0,0.23645264543098476,-0.35021660831295487,0.9853443168205314,0.6751611426140299,0.32676797512198075,-0.33481526244877824,0.9536732194023034,0.9759649925515907,0.2708242407965753,-0.35021660831295487,0.9648399670022175,0.7733049614670637,8.493101108346528,0.2748069336834727,0.3404207192942773,0.6297217824021715,0.029857498303551232,B-vote,0.7,0.65,0.7,True
vote,100,0.0,60,0.96,60,0.0,20,,,,,sym,3,0.95,-0.1,10,,,,,14,75,,,,,,0.75,0.7,0.2507553581524664,-0.37096365363913253,0.9820928646353703,0.6759566757890443,0.3573468632531942,-0.3556640718379681,0.9839097477914691,1.0047314068202895,0.29055963466794843,-0.37096365363913253,0.9756049282165115,0.7832563428184265,8.493101108346528,0.2928830074924658,0.3404207192942773,0.6297217824021715,0.029857498303551232,B-vote,0.7,0.65,0.7,True
vote,100,0.0,60,0.96,60,0.0,20,,,,,sym,3,0.95,-0.1,10,,,,,14,75,,,,,,0.75,1.0,0.25191558333877784,-0.3709636536391332,0.9848249373232134,0.6790842738028368,0.34805884070477333,-0.35566407183796833,0.9597891967828855,0.9786168136300825,0.2883978528898268,-0.3709636536391332,0.9671266107681581,0.7774288668462789,8.493101108346528,0.2940846798323132,0.3404207192942773,0.6297217824021715,0.029857498303551232,B-vote,0.7,0.65,0.7,True
vote,100,0.0,60,0.96,60,0.0,20,,,,,sym,3,0.95,-0.1,10,,,,,14,75,,,,,,0.8,0.7,0.26593091753152165,-0.3911956078513905,0.9814692446315804,0.6797901412853922,0.3782213914292698,-0.3760300021531737,0.9870013433635445,1.0058276979590672,0.3077827940415596,-0.3911956078513905,0.9765075772210822,0.7867746668528083,8.493101108346528,0.31225479570424297,0.3404207192942773,0.6297217824021715,0.029857498303551232,B-vote,0.7,0.65,0.7,True
vote,100,0.0,60,0.96,60,0.0,20,,,,,sym,3,0.95,-0.1,10,,,,,14,75,,,,,,0.8,1.0,0.26719181667363134,-0.39119560785139285,0.9843509170039207,0.6830133347896176,0.3689666541281742,-0.3760300021531735,0.9650572003197712,0.9812159987645823,0.3057108391614849,-0.39119560785139285,0.969067887884973,0.7814781992072317,8.493101108346528,0.3133831852174805,0.3404207192942773,0.6297217824021715,0.029857498303551232,B-vote,0.7,0.65,0.7,True
vote,100,0.0,60,0.96,60,0.0,20,,,,,sym,3,0.95,-0.1,10,,,,,14,75,,,,,,0.85,0.7,0.28090584991567247,-0.410921189832854,0.9809114563606431,0.6836003030895864,0.398675244557686,-0.3959181310002856,0.9896918222250132,1.006963847678394,0.32472401903489034,-0.410921189832854,0.977279671069822,0.7902343005649693,8.493101108346528,0.3316351745304146,0.3404207192942773,0.6297217824021715,0.029857498303551232,B-vote,0.7,0.65,0.7,True
vote,100,0.0,60,0.96,60,0.0,20,,,,,sym,3,0.95,-0.1,10,,,,,14,75,,,,,,0.85,1.0,0.2822693181292064,-0.4109211898328542,0.9839174963368394,0.686918380247127,0.38946177107153934,-0.39591813100028583,0.9696387147976386,0.9836926894142621,0.3227454124402993,-0.4109211898328542,0.9707340495391731,0.7854192493007695,8.493101108346528,0.33269883738217537,0.3404207192942773,0.6297217824021715,0.029857498303551232,B-vote,0.7,0.65,0.7,True
vote,100,0.0,60,0.96,60,0.0,20,,,,,sym,3,0.95,-0.1,10,,,,,14,75,,,,,,0.9,0.7,0.2956681729373325,-0.430140284230049,0.9804097199363241,0.687376150937777,0.41867882697040715,-0.41533369935273834,0.9920535303863109,1.008054072238496,0.3413655893570362,-0.430140284230049,0.9779467091085061,0.7936145529081995,8.493101108346528,0.35102272107997806,0.3404207192942773,0.6297217824021715,0.029857498303551232,B-vote,0.7,0.65,0.7,True
vote,100,0.0,60,0.96,60,0.0,20,,,,,sym,3,0.95,-0.1,10,,,,,14,75,,,,,,0.9,1.0,0.2971360522122426,-0.430140284230049,0.9835202949089031,0.6907887103485693,0.40951462260090343,-0.41533369935273867,0.9736572823520857,0.9859893941644905,0.33948380072775675,-0.430140284230049,0.9721779137540337,0.7892397275354776,8.493101108346528,0.3520288138310082,0.3404207192942773,0.6297217824021715,0.029857498303551232,B-vote,0.7,0.65,0.7,True
vote,100,0.0,60,0.96,60,0.0,20,,,,,sym,3,0.95,-0.1,10,,,,,14,75,,,,,,0.95,0.7,0.3102059129021888,-0.44886100508518956,0.9799560757770901,0.6910957053248915,0.43820269581960636,-0.43428210273027634,0.9941425680810946,1.0090277565312542,0.357689832603306,-0.44886100508518956,0.9785280969889837,0.7968832858078635,8.493101108346528,0.3704163098812186,0.3404207192942773,0.6297217824021715,0.029857498303551232,B-vote,0.7,0.65,0.7,True
vote,100,0.0,60,0.96,60,0.0,20,,,,,sym,3,0.95,-0.1,10,,,,,14,75,,,,,,0.95,1.0,0.31177998882588764,-0.4488610050851901,0.9831553798649333,0.6946025279400566,0.4290957768931434,-0.4342821027302768,0.9772088943469817,0.9880577030355899,0.355908273509983,-0.4488610050851901,0.9734398732212194,0.7929142194974913,8.493101108346528,0.3713708778195997,0.3404207192942773,0.6297217824021715,0.029857498303551232,B-vote,0.7,0.65,0.7,True
vote,100,0.0,60,0.96,60,0.0,20,,,,,sym,3,0.95,-0.1,10,,,,,14,75,,,,,,1.0,0.7,0.3245071185732813,-0.46709151236887503,0.9795439863413823,0.6947399170829057,0.4572176240177386,-0.4527688824625703,0.996003072897532,1.0098256345068857,0.37367915098106796,-0.46709151236887503,0.979038837182514,0.8000127193190427,8.493101108346528,0.3898150391156032,0.3404207192942773,0.6297217824021715,0.029857498303551232,B-vote,0.7,0.65,0.7,True
vote,100,0.0,60,0.96,60,0.0,20,,,,,sym,3,0.95,-0.1,10,,,,,14,75,,,,,,1.0,1.0,0.3261891170705411,-0.4670915123688756,0.9828192662323167,0.6983409212816957,0.4481760019017327,-0.4527688824625701,0.9803691792371063,0.989856015422577,0.3720011684734128,-0.4670915123688756,0.974551290976001,0.7964203129849056,8.493101108346528,0.39072323423511873,0.3404207192942773,0.6297217824021715,0.029857498303551232,B-vote,0.7,0.65,0.7,True
vote,100,0.0,60,0.96,60,0.0,20,,,,,sym,5,0.9,,10,,,,,14,75,,,,,,0.5,0.7,0.18765057211743574,-0.24263762335506678,1.040730942441989,0.7733778856003504,0.2770596254499962,-0.21330143740247554,1.0431231605658922,1.2989111973362664,0.22224853916988407,-0.24263762335506678,1.0387547339870937,0.9159689915222007,6.099072608007238,0.2006113264106876,0.3404207192942773,0.6365075774711604,0.023071703234562316,B-vote,0.7,0.65,0.7,True
vote,100,0.0,60,0.96,60,0.0,20,,,,,sym,5,0.9,,10,,,,,14,75,,,,,,0.5,1.0,0.18588868165005468,-0.2426376233550661,1.0295868206910999,0.7661164788860163,0.26496504929342524,-0.2133014374024751,0.9941502285479624,1.2422093939923475,0.21677605842145953,-0.2426376233550661,1.0104357595097297,0.8934148604985229,6.099072608007238,0.2020864957945669,0.3404207192942773,0.6365075774711604,0.023071703234562316,B-vote,0.7,0.65,0.7,True
vote,100,0.0,60,0.96,60,0.0,20,,,,,sym,5,0.9,,10,,,,,14,75,,,,,,0.55,0.7,0.20610733666000458,-0.26429048010866074,1.0429632587629132,0.7798515352322389,0.30401014502626755,-0.23384253871548055,1.053151461245275,1.3000634815898955,0.2439717873889169,-0.26429048010866074,1.0444793693800134,0.923119846347133,6.099072608007238,0.22039314280680855,0.3404207192942773,0.6365075774711604,0.023071703234562316,B-vote,0.7,0.65,0.7,True
vote,100,0.0,60,0.96,60,0.0,20,,,,,sym,5,0.9,,10,,,,,14,75,,,,,,0.55,1.0,0.20431824118840347,-0.2642904801086605,1.0330887551541346,0.773082106871197,0.29166052712339874,-0.23384253871548066,1.0092965893949926,1.2472517991188334,0.2384022270251196,-0.2642904801086605,1.0192494827541223,0.9020462141773051,6.099072608007238,0.22173768623048182,0.3404207192942773,0.6365075774711604,0.023071703234562316,B-vote,0.7,0.65,0.7,True
vote,100,0.0,60,0.96,60,0.0,20,,,,,sym,5,0.9,,10,,,,,14,75,,,,,,0.6,0.7,0.22446885498349056,-0.2854867517086922,1.0447847261952083,0.7862671512425778,0.33079798376360703,-0.25405262905484705,1.0613948906389552,1.3020844735765027,0.265573288020978,-0.2854867517086922,1.0491680589049355,0.930247328226167,6.099072608007238,0.24019641496614882,0.3404207192942773,0.6365075774711604,0.023071703234562316,B-vote,0.7,0.65,0.7,True
vote,100,0.0,60,0.96,60,0.0,20,,,,,sym,5,0.9,,10,,,,,14,75,,,,,,0.6,1.0,0.22265270047850816,-0.28548675170868887,1.0359314886327133,0.7799055442884556,0.31819487221227716,-0.25405262905484693,1.0217363066923748,1.2524762030452465,0.259907198851437,-0.28548675170868887,1.0264470854697805,0.9104002105031014,6.099072608007238,0.24143156061602408,0.3404207192942773,0.6365075774711604,0.023071703234562316,B-vote,0.7,0.65,0.7,True
vote,100,0.0,60,0.96,60,0.0,20,,,,,sym,5,0.9,,10,,,,,14,75,,,,,,0.65,0.7,0.24272183663566893,-0.306230549161002,1.0462981965000007,0.7926114403042686,0.3573889607777947,-0.2739303078466869,1.0682862936853592,1.3046711172164922,0.28703286455471533,-0.306230549161002,1.053076042380869,0.9373097012728361,6.099072608007238,0.2600162406143886,0.3404207192942773,0.6365075774711604,0.023071703234562316,B-vote,0.7,0.65,0.7,True
vote,100,0.0,60,0.96,60,0.0,20,,,,,sym,5,0.9,,10,,,,,14,75,,,,,,0.65,1.0,0.24087878871118606,-0.3062305491610021,1.0382824696637876,0.7865929423799679,0.34453422726394023,-0.2739303078466875,1.0321227622604663,1.257744095468137,0.28127088763352726,-0.3062305491610021,1.0324287524980231,0.9184938877069635,6.099072608007238,0.26115846278160587,0.3404207192942773,0.6365075774711604,0.023071703234562316,B-vote,0.7,0.65,0.7,True
vote,100,0.0,60,0.96,60,0.0,20,,,,,sym,5,0.9,,10,,,,,14,75,,,,,,0.7,0.7,0.2608528545538551,-0.32652613816146436,1.0475750620717377,0.7988728131310138,0.3837483941318527,-0.2934744296949926,1.0741301193190844,1.3076041906979141,0.3083300955551027,-0.32652613816146436,1.0563816737591747,0.9442738559650503,6.099072608007238,0.27984910265750385,0.3404207192942773,0.6365075774711604,0.023071703234562316,B-vote,0.7,0.65,0.7,True
vote,100,0.0,60,0.96,60,0.0,20,,,,,sym,5,0.9,,10,,,,,14,75,,,,,,0.7,1.0,0.25898309866225455,-0.32652613816146614,1.0402574459929543,0.793146607253194,0.3706442386548232,-0.2934744296949926,1.040917578135818,1.2629524113566999,0.3024729632661487,-0.32652613816146614,1.0374741845372581,0.9263361425497176,6.099072608007238,0.2809114347222895,0.3404207192942773,0.6365075774711604,0.023071703234562316,B-vote,0.7,0.65,0.7,True
vote,100,0.0,60,0.96,60,0.0,20,,,,,sym,5,0.9,,10,,,,,14,75,,,,,,0.75,0.7,0.278767275633794,-0.3463779315087432,1.0484291020672936,0.8048066873647157,0.40977719438518734,-0.3126840996749639,1.0790187089179355,1.3105149728149017,0.3293690124895774,-0.3463779315087432,1.0590262013312646,0.9508949113903451,6.099072608007238,0.29969149902814773,0.3404207192942773,0.6365075774711604,0.023071703234562316,B-vote,0.7,0.65,0.7,True
vote,100,0.0,60,0.96,60,0.0,20,,,,,sym,5,0.9,,10,,,,,14,75,,,,,,0.75,1.0,0.27695210007283055,-0.34637793150874585,1.0419388335646576,0.7995662392996237,0.3964901175483837,-0.31268409967496413,1.0484553657034794,1.2680213607296826,0.32349287785424097,-0.34637793150874585,1.0417843434821479,0.9339303934438818,6.099072608007238,0.30068533866376007,0.3404207192942773,0.6365075774711604,0.023071703234562316,B-vote,0.7,0.65,0.7,True
vote,100,0.0,60,0.96,60,0.0,20,,,,,sym,5,0.9,,10,,,,,14,75,,,,,,0.8,0.7,0.29653032303300586,-0.36579945334138597,1.0491646436915023,0.8106363208702392,0.43550156454184297,-0.3315586684715969,1.083258502529327,1.313497748526368,0.3502018083563885,-0.36579945334138597,1.0613143390035567,0.9573601194793453,6.099072608007238,0.31954238976071647,0.3404207192942773,0.6365075774711604,0.023071703234562316,B-vote,0.7,0.65,0.7,True
vote,100,0.0,60,0.96,60,0.0,20,,,,,sym,5,0.9,,10,,,,,14,75,,,,,,0.8,1.0,0.29477215345830654,-0.3657994533413851,1.0433868207663992,0.8058299452492845,0.42203670370102064,-0.3315586684715969,1.0549841494242242,1.272886954355635,0.3443098927287316,-0.3657994533413851,1.0455070979796968,0.9412531636765509,6.099072608007238,0.3204763000149407,0.3404207192942773,0.6365075774711604,0.023071703234562316,B-vote,0.7,0.65,0.7,True
vote,100,0.0,60,0.96,60,0.0,20,,,,,sym,5,0.9,,10,,,,,14,75,,,,,,0.85,0.7,0.31412827517247455,-0.3847960320759801,1.0498045196263939,0.8163500893648721,0.46088574987603836,-0.35009772737228584,1.0869697417515058,1.3164488479696501,0.37080752868239175,-0.3847960320759801,1.063313077562246,0.9636469655933815,6.099072608007238,0.3394002844002407,0.3404207192942773,0.6365075774711604,0.023071703234562316,B-vote,0.7,0.65,0.7,True
vote,100,0.0,60,0.96,60,0.0,20,,,,,sym,5,0.9,,10,,,,,14,75,,,,,,0.85,1.0,0.31242952433121585,-0.3847960320759798,1.044646336403726,0.8119354106788844,0.44724853183519486,-0.3500977273722854,1.0606914098762201,1.2774962442404023,0.3649031063922017,-0.3847960320759798,1.048753529533242,0.9483026745976161,6.099072608007238,0.3402813425821546,0.3404207192942773,0.6365075774711604,0.023071703234562316,B-vote,0.7,0.65,0.7,True
vote,100,0.0,60,0.96,60,0.0,20,,,,,sym,5,0.9,,10,,,,,14,75,,,,,,0.9,0.7,0.33154733342023346,-0.40336382262325454,1.0503660917743025,0.8219560476793222,0.48589376360062686,-0.3683011031222274,1.0902448494178423,1.3192840300545452,0.3911650891078371,-0.40336382262325454,1.0650737012595224,0.9697574922904993,6.099072608007238,0.3592640215505336,0.3404207192942773,0.6365075774711604,0.023071703234562316,B-vote,0.7,0.65,0.7,True
vote,100,0.0,60,0.96,60,0.0,20,,,,,sym,5,0.9,,10,,,,,14,75,,,,,,0.9,1.0,0.32991039782207654,-0.40336382262325443,1.0457515655181122,0.8178978364408648,0.4720899004434087,-0.3683011031222265,1.0657213354118302,1.2818041989049873,0.3852514833538436,-0.40336382262325443,1.0516086165798681,0.9550967680948227,6.099072608007238,0.36009814301393206,0.3404207192942773,0.6365075774711604,0.023071703234562316,B-vote,0.7,0.65,0.7,True
vote,100,0.0,60,0.96,60,0.0,20,,,,,sym,5,0.9,,10,,,,,14,75,,,,,,0.95,0.7,0.34877363713016285,-0.4215076006930475,1.0508627882463588,0.8274432929719544,0.510489458654056,-0.3861688526513761,1.0931559975546752,1.3219332816438034,0.4112533052205414,-0.4215076006930475,1.0666361153382404,0.9756723355506618,6.099072608007238,0.3791326829001735,0.3404207192942773,0.6365075774711604,0.023071703234562316,B-vote,0.7,0.65,0.7,True
vote,100,0.0,60,0.96,60,0.0,20,,,,,sym,5,0.9,,10,,,,,14,75,,,,,,0.95,1.0,0.3472008936812412,-0.4215076006930466,1.0467289595723872,0.8237120590716996,0.49652494287455706,-0.38616885265137624,1.0701865363304939,1.2857715982671643,0.4053338838100091,-0.4215076006930466,1.0541384225048287,0.961628884374933,6.099072608007238,0.3799248614515402,0.3404207192942773,0.6365075774711604,0.023071703234562316,B-vote,0.7,0.65,0.7,True
vote,100,0.0,60,0.96,60,0.0,20,,,,,sym,5,0.9,,10,,,,,14,75,,,,,,1.0,0.7,0.36579327903849057,-0.4392322605896206,1.0513051519934993,0.8328014853632418,0.5346366016096906,-0.40370125768175547,1.095760341947729,1.3243372207454298,0.43105092318212,-0.4392322605896206,1.0680318228254888,0.9813735507575923,6.099072608007238,0.39900553284162377,0.3404207192942773,0.6365075774711604,0.023071703234562316,B-vote,0.7,0.65,0.7,True
vote,100,0.0,60,0.96,60,0.0,20,,,,,sym,5,0.9,,10,,,,,14,75,,,,,,1.0,1.0,0.3642870816437589,-0.43923226058962084,1.047599293335689,0.8293723260553396,0.5205177005424444,-0.40370125768175535,1.0741761766680515,1.2893635841798081,0.425129094123623,-0.43923226058962084,1.0563950462471696,0.9678913237222924,6.099072608007238,0.39976002220104884,0.3404207192942773,0.6365075774711604,0.023071703234562316,B-vote,0.7,0.65,0.7,True
vote,100,0.0,60,0.96,60,0.0,20,,,,,sym,5,0.9,-0.1,10,,,,,14,75,,,,,,0.5,0.7,0.18765057211743574,-0.24263762335506678,1.040730942441989,0.7733778856003504,0.2770596254499962,-0.21330143740247554,1.0431231605658922,1.2989111973362664,0.22224853916988407,-0.24263762335506678,1.0387547339870937,0.9159689915222007,6.099072608007238,0.2006113264106876,0.3404207192942773,0.6365075774711604,0.023071703234562316,B-vote,0.7,0.65,0.7,True
vote,100,0.0,60,0.96,60,0.0,20,,,,,sym,5,0.9,-0.1,10,,,,,14,75,,,,,,0.5,1.0,0.18588868165005468,-0.2426376233550661,1.0295868206910999,0.7661164788860163,0.26496504929342524,-0.2133014374024751,0.9941502285479624,1.2422093939923475,0.21677605842145953,-0.2426376233550661,1.0104357595097297,0.8934148604985229,6.099072608007238,0.2020864957945669,0.3404207192942773,0.6365075774711604,0.023071703234562316,B-vote,0.7,0.65,0.7,True
vote,100,0.0,60,0.96,60,0.0,20,,,,,sym,5,0.9,-0.1,10,,,,,14,75,,,,,,0.55,0.7,0.20610733666000458,-0.26429048010866074,1.0429632587629132,0.7798515352322389,0.30401014502626755,-0.23384253871548055,1.053151461245275,1.3000634815898955,0.2439717873889169,-0.26429048010866074,1.0444793693800134,0.923119846347133,6.099072608007238,0.22039314280680855,0.3404207192942773,0.6365075774711604,0.023071703234562316,B-vote,0.7,0.65,0.7,True
vote,100,0.0,60,0.96,60,0.0,20,,,,,sym,5,0.9,-0.1,10,,,,,14,75,,,,,,0.55,1.0,0.20431824118840347,-0.2642904801086605,1.0330887551541346,0.773082106871197,0.29166052712339874,-0.23384253871548066,1.0092965893949926,1.2472517991188334,0.2384022270251196,-0.2642904801086605,1.0192494827541223,0.9020462141773051,6.099072608007238,0.22173768623048182,0.3404207192942773,0.6365075774711604,0.023071703234562316,B-vote,0.7,0.65,0.7,True
vote,100,0.0,60,0.96,60,0.0,20,,,,,sym,5,0.9,-0.1,10,,,,,14,75,,,,,,0.6,0.7,0.22446885498349056,-0.2854867517086922,1.0447847261952083,0.7862671512425778,0.33079798376360703,-0.25405262905484705,1.0613948906389552,1.3020844735765027,0.265573288020978,-0.2854867517086922,1.0491680589049355,0.930247328226167,6.099072608007238,0.24019641496614882,0.3404207192942773,0.6365075774711604,0.023071703234562316,B-vote,0.7,0.65,0.7,True
vote,100,0.0,60,0.96,60,0.0,20,,,,,sym,5,0.9,-0.1,10,,,,,14,75,,,,,,0.6,1.0,0.22265270047850816,-0.28548675170868887,1.0359314886327133,0.7799055442884556,0.31819487221227716,-0.25405262905484693,1.0217363066923748,1.2524762030452465,0.259907198851437,-0.28548675170868887,1.0264470854697805,0.9104002105031014,6.099072608007238,0.24143156061602408,0.3404207192942773,0.6365075774711604,0.023071703234562316,B-vote,0.7,0.65,0.7,True
vote,100,0.0,60,0.96,60,0.0,20,,,,,sym,5,0.9,-0.1,10,,,,,14,75,,,,,,0.65,0.7,0.24272183663566893,-0.306230549161002,1.0462981965000007,0.7926114403042686,0.3573889607777947,-0.2739303078466869,1.0682862936853592,1.3046711172164922,0.28703286455471533,-0.306230549161002,1.053076042380869,0.9373097012728361,6.099072608007238,0.2600162406143886,0.3404207192942773,0.6365075774711604,0.023071703234562316,B-vote,0.7,0.65,0.7,True
vote,100,0.0,60,0.96,60,0.0,20,,,,,sym,5,0.9,-0.1,10,,,,,14,75,,,,,,0.65,1.0,0.24087878871118606,-0.3062305491610021,1.0382824696637876,0.7865929423799679,0.34453422726394023,-0.2739303078466875,1.0321227622604663,1.257744095468137,0.28127088763352726,-0.3062305491610021,1.0324287524980231,0.9184938877069635,6.099072608007238,0.26115846278160587,0.3404207192942773,0.6365075774711604,0.023071703234562316,B-vote,0.7,0.65,0.7,True
vote,100,0.0,60,0.96,60,0.0,20,,,,,sym,5,0.9,-0.1,10,,,,,14,75,,,,,,0.7,0.7,0.2608528545538551,-0.32652613816146436,1.0475750620717377,0.7988728131310138,0.3837483941318527,-0.2934744296949926,1.0741301193190844,1.3076041906979141,0.3083300955551027,-0.32652613816146436,1.0563816737591747,0.9442738559650503,6.099072608007238,0.27984910265750385,0.3404207192942773,0.6365075774711604,0.023071703234562316,B-vote,0.7,0.65,0.7,True
vote,100,0.0,60,0.96,60,0.0,20,,,,,sym,5,0.9,-0.1,10,,,,,14,75,,,,,,0.7,1.0,0.25898309866225455,-0.32652613816146614,1.0402574459929543,0.793146607253194,0.3706442386548232,-0.2934744296949926,1.040917578135818,1.2629524113566999,0.3024729632661487,-0.32652613816146614,1.0374741845372581,0.9263361425497176,6.099072608007238,0.2809114347222895,0.3404207192942773,0.6365075774711604,0.023071703234562316,B-vote,0.7,0.65,0.7,True
vote,100,0.0,60,0.96,60,0.0,20,,,,,sym,5,0.9,-0.1,10,,,,,14,75,,,,,,0.75,0.7,0.278767275633794,-0.3463779315087432,1.0484291020672936,0.8048066873647157,0.40977719438518734,-0.3126840996749639,1.0790187089179355,1.3105149728149017,0.3293690124895774,-0.3463779315087432,1.0590262013312646,0.9508949113903451,6.099072608007238,0.29969149902814773,0.3404207192942773,0.6365075774711604,0.023071703234562316,B-vote,0.7,0.65,0.7,True
vote,100,0.0,60,0.96,60,0.0,20,,,,,sym,5,0.9,-0.1,10,,,,,14,75,,,,,,0.75,1.0,0.27695210007283055,-0.34637793150874585,1.0419388335646576,0.7995662392996237,0.3964901175483837,-0.31268409967496413,1.0484553657034794,1.2680213607296826,0.32349287785424097,-0.34637793150874585,1.0417843434821479,0.9339303934438818,6.099072608007238,0.30068533866376007,0.3404207192942773,0.6365075774711604,0.023071703234562316,B-vote,0.7,0.65,0.7,True
vote,100,0.0,60,0.96,60,0.0,20,,,,,sym,5,0.9,-0.1,10,,,,,14,75,,,,,,0.8,0.7,0.29653032303300586,-0.36579945334138597,1.0491646436915023,0.8106363208702392,0.43550156454184297,-0.3315586684715969,1.083258502529327,1.313497748526368,0.3502018083563885,-0.36579945334138597,1.0613143390035567,0.9573601194793453,6.099072608007238,0.31954238976071647,0.3404207192942773,0.6365075774711604,0.023071703234562316,B-vote,0.7,0.65,0.7,True
vote,100,0.0,60,0.96,60,0.0,20,,,,,sym,5,0.9,-0.1,10,,,,,14,75,,,,,,0.8,1.0,0.29477215345830654,-0.3657994533413851,1.0433868207663992,0.8058299452492845,0.42203670370102064,-0.3315586684715969,1.0549841494242242,1.272886954355635,0.3443098927287316,-0.3657994533413851,1.0455070979796968,0.9412531636765509,6.099072608007238,0.3204763000149407,0.3404207192942773,0.6365075774711604,0.023071703234562316,B-vote,0.7,0.65,0.7,True
vote,100,0.0,60,0.96,60,0.0,20,,,,,sym,5,0.9,-0.1,10,,,,,14,75,,,,,,0.85,0.7,0.31412827517247455,-0.3847960320759801,1.0498045196263939,0.8163500893648721,0.46088574987603836,-0.35009772737228584,1.0869697417515058,1.3164488479696501,0.37080752868239175,-0.3847960320759801,1.063313077562246,0.9636469655933815,6.099072608007238,0.3394002844002407,0.3404207192942773,0.6365075774711604,0.023071703234562316,B-vote,0.7,0.65,0.7,True
vote,100,0.0,60,0.96,60,0.0,20,,,,,sym,5,0.9,-0.1,10,,,,,14,75,,,,,,0.85,1.0,0.31242952433121585,-0.3847960320759798,1.044646336403726,0.8119354106788844,0.44724853183519486,-0.3500977273722854,1.0606914098762201,1.2774962442404023,0.3649031063922017,-0.3847960320759798,1.048753529533242,0.9483026745976161,6.099072608007238,0.3402813425821546,0.3404207192942773,0.6365075774711604,0.023071703234562316,B-vote,0.7,0.65,0.7,True
vote,100,0.0,60,0.96,60,0.0,20,,,,,sym,5,0.9,-0.1,10,,,,,14,75,,,,,,0.9,0.7,0.33154733342023346,-0.40336382262325454,1.0503660917743025,0.8219560476793222,0.48589376360062686,-0.3683011031222274,1.0902448494178423,1.3192840300545452,0.3911650891078371,-0.40336382262325454,1.0650737012595224,0.9697574922904993,6.099072608007238,0.3592640215505336,0.3404207192942773,0.6365075774711604,0.023071703234562316,B-vote,0.7,0.65,0.7,True
vote,100,0.0,60,0.96,60,0.0,20,,,,,sym,5,0.9,-0.1,10,,,,,14,75,,,,,,0.9,1.0,0.32991039782207654,-0.40336382262325443,1.0457515655181122,0.8178978364408648,0.4720899004434087,-0.3683011031222265,1.0657213354118302,1.2818041989049873,0.3852514833538436,-0.40336382262325443,1.0516086165798681,0.9550967680948227,6.099072608007238,0.36009814301393206,0.3404207192942773,0.6365075774711604,0.023071703234562316,B-vote,0.7,0.65,0.7,True
vote,100,0.0,60,0.96,60,0.0,20,,,,,sym,5,0.9,-0.1,10,,,,,14,75,,,,,,0.95,0.7,0.34877363713016285,-0.4215076006930475,1.0508627882463588,0.8274432929719544,0.510489458654056,-0.3861688526513761,1.0931559975546752,1.3219332816438034,0.4112533052205414,-0.4215076006930475,1.0666361153382404,0.9756723355506618,6.099072608007238,0.3791326829001735,0.3404207192942773,0.6365075774711604,0.023071703234562316,B-vote,0.7,0.65,0.7,True
vote,100,0.0,60,0.96,60,0.0,20,,,,,sym,5,0.9,-0.1,10,,,,,14,75,,,,,,0.95,1.0,0.3472008936812412,-0.4215076006930466,1.0467289595723872,0.8237120590716996,0.49652494287455706,-0.38616885265137624,1.0701865363304939,1.2857715982671643,0.4053338838100091,-0.4215076006930466,1.0541384225048287,0.961628884374933,6.099072608007238,0.3799248614515402,0.3404207192942773,0.6365075774711604,0.023071703234562316,B-vote,0.7,0.65,0.7,True
vote,100,0.0,60,0.96,60,0.0,20,,,,,sym,5,0.9,-0.1,10,,,,,14,75,,,,,,1.0,0.7,0.36579327903849057,-0.4392322605896206,1.0513051519934993,0.8328014853632418,0.5346366016096906,-0.40370125768175547,1.095760341947729,1.3243372207454298,0.43105092318212,-0.4392322605896206,1.0680318228254888,0.9813735507575923,6.099072608007238,0.39900553284162377,0.3404207192942773,0.6365075774711604,0.023071703234562316,B-vote,0.7,0.65,0.7,True
vote,100,0.0,60,0.96,60,0.0,20,,,,,sym,5,0.9,-0.1,10,,,,,14,75,,,,,,1.0,1.0,0.3642870816437589,-0.43923226058962084,1.047599293335689,0.8293723260553396,0.5205177005424444,-0.40370125768175535,1.0741761766680515,1.2893635841798081,0.425129094123623,-0.43923226058962084,1.0563950462471696,0.9678913237222924,6.099072608007238,0.39976002220104884,0.3404207192942773,0.6365075774711604,0.023071703234562316,B-vote,0.7,0.65,0.7,True
vote,100,0.0,60,0.96,60,0.0,20,,,,,sym,5,0.95,,10,,,,,14,75,,,,,,0.5,0.7,0.1843623818602229,-0.2305070563108067,1.0173353493989459,0.7998123129542546,0.2741020520000146,-0.21330143740247498,1.0247117879607792,1.2850454986987074,0.2190714239572371,-0.2305070563108067,1.0176041648068326,0.9503892308695737,5.9850712508482244,0.20261892065531967,0.3313729925356254,0.6455553042298122,0.023071703234562316,B-vote,0.7,0.65,0.7,True
vote,100,0.0,60,0.96,60,0.0,20,,,,,sym,5,0.95,,10,,,,,14,75,,,,,,0.5,1.0,0.18260536945311134,-0.23050705631080615,1.0063948579956012,0.792189932818776,0.262035485966555,-0.21330143740247476,0.976578075859233,1.228475012440375,0.21361316838583688,-0.23050705631080615,0.9897884724333769,0.9267098882118808,5.9850712508482244,0.2040793998269604,0.3313729925356254,0.6455553042298122,0.023071703234562316,B-vote,0.7,0.65,0.7,True
vote,100,0.0,60,0.96,60,0.0,20,,,,,sym,5,0.95,,10,,,,,14,75,,,,,,0.55,0.7,0.20239651488502686,-0.25132834820920513,1.0195300809983185,0.8053071463174241,0.3006024617841019,-0.23384253871548044,1.0345762622332828,1.2854909266523538,0.2403600000098174,-0.25132834820920513,1.023233423742364,0.9563584916801438,5.9850712508482244,0.22260427173039238,0.3313729925356254,0.6455553042298122,0.023071703234562316,B-vote,0.7,0.65,0.7,True
vote,100,0.0,60,0.96,60,0.0,20,,,,,sym,5,0.95,,10,,,,,14,75,,,,,,0.55,1.0,0.2006129239106067,-0.251328348209205,1.0098303853684105,0.7982104897439467,0.2882851163187874,-0.2338425387154801,0.9914591602697405,1.2328172534491186,0.2348066104852895,-0.251328348209205,0.9984406717434519,0.934262339120763,5.9850712508482244,0.22393536011967963,0.3313729925356254,0.6455553042298122,0.023071703234562316,B-vote,0.7,0.65,0.7,True
vote,100,0.0,60,0.96,60,0.0,20,,,,,sym,5,0.95,,10,,,,,14,75,,,,,,0.6,0.7,0.2203173725287053,-0.27175364143594827,1.02132179031058,0.8107246378173506,0.3269087711432983,-0.2540526290548475,1.042687538789526,1.286775784842289,0.2615038513150023,-0.27175364143594827,1.027845898481947,0.9622827864723873,5.9850712508482244,0.2426108708037811,0.3313729925356254,0.6455553042298122,0.023071703234562316,B-vote,0.7,0.65,0.7,True
vote,100,0.0,60,0.96,60,0.0,20,,,,,sym,5,0.95,,10,,,,,14,75,,,,,,0.6,1.0,0.2185073755781044,-0.2717536414359455,1.0126208118508495,0.804064204709501,0.3143424917641675,-0.25405262905484705,1.0036846059298346,1.2373124928233061,0.2558559813916037,-0.2717536414359455,1.00550947528307,0.9414997349793048,5.9850712508482244,0.24383360647086322,0.3313729925356254,0.6455553042298122,0.023071703234562316,B-vote,0.7,0.65,0.7,True
vote,100,0.0,60,0.96,60,0.0,20,,,,,sym,5,0.95,,10,,,,,14,75,,,,,,0.65,0.7,0.23811147825600298,-0.29178493867777866,1.0228111994054627,0.8160512990663721,0.3529861095478368,-0.2739303078466869,1.0494703595010728,1.288598228953168,0.28248246178853775,-0.29178493867777866,1.031691764394644,0.9681187215097701,5.9850712508482244,0.26263386210878925,0.3313729925356254,0.6455553042298122,0.023071703234562316,B-vote,0.7,0.65,0.7,True
vote,100,0.0,60,0.96,60,0.0,20,,,,,sym,5,0.95,,10,,,,,14,75,,,,,,0.65,1.0,0.23627526783223174,-0.29178493867777855,1.0149297198335892,0.8097582723183434,0.3401730718786502,-0.27393030784668726,1.0138950118201195,1.241823420535991,0.2767408567758245,-0.29178493867777855,1.0113864600794706,0.948441197924313,5.9850712508482244,0.26376456894682415,0.3313729925356254,0.6455553042298122,0.023071703234562316,B-vote,0.7,0.65,0.7,True
vote,100,0.0,60,0.96,60,0.0,20,,,,,sym,5,0.95,,10,,,,,14,75,,,,,,0.7,0.7,0.2557652390867664,-0.3114244271183423,1.0240682627406852,0.8212754582336432,0.3787991643746482,-0.2934744296949925,1.0552235600595394,1.290739928409891,0.3032751029894878,-0.3114244271183423,1.0349459141084039,0.973832097230582,5.9850712508482244,0.28266976222200896,0.3313729925356254,0.6455553042298122,0.023071703234562316,B-vote,0.7,0.65,0.7,True
vote,100,0.0,60,0.96,60,0.0,20,,,,,sym,5,0.95,,10,,,,,14,75,,,,,,0.7,1.0,0.25390302777022034,-0.31142442711834273,1.0168702486292656,0.8152958010379064,0.3657418783115274,-0.2934744296949926,1.0225430271689082,1.2462478543416617,0.29744060089170454,-0.31142442711834273,1.0163454103901544,0.9550972081540532,5.9850712508482244,0.28372135286805444,0.3313729925356254,0.6455553042298122,0.023071703234562316,B-vote,0.7,0.65,0.7,True
vote,100,0.0,60,0.96,60,0.0,20,,,,,sym,5,0.95,,10,,,,,14,75,,,,,,0.75,0.7,0.27318423108355705,-0.33067447190748,1.024907805866821,0.8261424884349456,0.40424852995051386,-0.31268409967496436,1.0600368020566513,1.292833663018781,0.3237858502078814,-0.33067447190748,1.0375489389452064,0.9791679664297582,5.9850712508482244,0.302715100692586,0.3313729925356254,0.6455553042298122,0.023071703234562316,B-vote,0.7,0.65,0.7,True
vote,100,0.0,60,0.96,60,0.0,20,,,,,sym,5,0.95,,10,,,,,14,75,,,,,,0.75,1.0,0.2713769805033286,-0.3306744719074787,1.0185229995727696,0.8206771418969975,0.39101356048886315,-0.312684099674964,1.0299568139459219,1.2505066963600733,0.31793439450890504,-0.3306744719074787,1.0205831085072157,0.9614724495511154,5.9850712508482244,0.30369886790917283,0.3313729925356254,0.6455553042298122,0.023071703234562316,B-vote,0.7,0.65,0.7,True
vote,100,0.0,60,0.96,60,0.0,20,,,,,sym,5,0.95,,10,,,,,14,75,,,,,,0.8,0.7,0.2904332654787425,-0.3495468113026736,1.025631134872547,0.8308851807183429,0.4293597148588577,-0.3315586684715971,1.0642121328704524,1.2949735768879127,0.34406640617824946,-0.3495468113026736,1.039801793615867,0.9843213986018066,5.9850712508482244,0.3227688498505711,0.3313729925356254,0.6455553042298122,0.023071703234562316,B-vote,0.7,0.65,0.7,True
vote,100,0.0,60,0.96,60,0.0,20,,,,,sym,5,0.95,,10,,,,,14,75,,,,,,0.8,1.0,0.28868336386422566,-0.3495468113026742,1.0199468649738719,0.8258789796661982,0.4159524639526604,-0.3315586684715972,1.0363796617169394,1.254536537591062,0.33820126378682347,-0.3495468113026742,1.0242443988684427,0.9675421226886074,5.9850712508482244,0.323693275679008,0.3313729925356254,0.6455553042298122,0.023071703234562316,B-vote,0.7,0.65,0.7,True
vote,100,0.0,60,0.96,60,0.0,20,,,,,sym,5,0.95,,10,,,,,14,75,,,,,,0.85,0.7,0.3074985241882404,-0.3680448513266038,1.0262606021447416,0.8354919871311162,0.4540965426810999,-0.3500977273722856,1.0678676511895524,1.2970565278712147,0.36409562242065396,-0.3680448513266038,1.0417702077696347,0.9892697075051723,5.9850712508482244,0.34282953375440267,0.3313729925356254,0.6455553042298122,0.023071703234562316,B-vote,0.7,0.65,0.7,True
vote,100,0.0,60,0.96,60,0.0,20,,,,,sym,5,0.95,,10,,,,,14,75,,,,,,0.85,1.0,0.30580834351115427,-0.3680448513266047,1.021185826477675,0.8308996645622915,0.44052270119030434,-0.3500977273722852,1.04199550842473,1.2582849494531665,0.35822011004532284,-0.3680448513266047,1.027438128192896,0.9733055869525985,5.9850712508482244,0.3437016280507823,0.3313729925356254,0.6455553042298122,0.023071703234562316,B-vote,0.7,0.65,0.7,True
vote,100,0.0,60,0.96,60,0.0,20,,,,,sym,5,0.95,,10,,,,,14,75,,,,,,0.9,0.7,0.32436613581478424,-0.38616259415852694,1.0268132119480078,0.8399729562662558,0.47842268205792915,-0.36830110312222686,1.071094155162873,1.2989987757358321,0.3838522605511485,-0.38616259415852694,1.043504517382994,0.9940171998988852,5.9850712508482244,0.3628960023595249,0.3313729925356254,0.6455553042298122,0.023071703234562316,B-vote,0.7,0.65,0.7,True
vote,100,0.0,60,0.96,60,0.0,20,,,,,sym,5,0.95,,10,,,,,14,75,,,,,,0.9,1.0,0.32273802841049126,-0.3861625941585253,1.0222733629158185,0.8357568373854529,0.464688224796191,-0.36830110312222664,1.0469458464424453,1.2617073933714957,0.3779697403853213,-0.3861625941585253,1.0302475924255834,0.9787839270371156,5.9850712508482244,0.36372162375114475,0.3313729925356254,0.6455553042298122,0.023071703234562316,B-vote,0.7,0.65,0.7,True
vote,100,0.0,60,0.96,60,0.0,20,,,,,sym,5,0.95,,10,,,,,14,75,,,,,,0.95,0.7,0.34102219151987545,-0.40390290049074484,1.027302121236891,0.8443172631479772,0.5023017227351887,-0.3861688526513758,1.0739625646523305,1.3007308054144255,0.40331502385163276,-0.40390290049074484,1.04504390226102,0.9985445099839645,5.9850712508482244,0.3829673463582111,0.3313729925356254,0.6455553042298122,0.023071703234562316,B-vote,0.7,0.65,0.7,True
vote,100,0.0,60,0.96,60,0.0,20,,,,,sym,5,0.95,,10,,,,,14,75,,,,,,0.95,1.0,0.3394584866782995,-0.40390290049074407,1.0232353897745858,0.840445776115635,0.48841290279506255,-0.38616885265137635,1.051341202837371,1.2647651395023036,0.3974288991090511,-0.40390290049074407,1.0327375670736336,0.9839713917037313,5.9850712508482244,0.38375144051591425,0.3313729925356254,0.6455553042298122,0.023071703234562316,B-vote,0.7,0.65,0.7,True
vote,100,0.0,60,0.96,60,0.0,20,,,,,sym,5,0.95,,10,,,,,14,75,,,,,,1.0,0.7,0.3574527612285998,-0.4212687840057687,1.0277376640530633,0.84851471269636,0.5256972535867448,-0.40370125768175513,1.0765290561398817,1.3021937474397498,0.42246258957848104,-0.4212687840057687,1.0464193018800032,1.002833833452744,5.9850712508482244,0.4030428373741908,0.3313729925356254,0.6455553042298122,0.023071703234562316,B-vote,0.7,0.65,0.7,True
vote,100,0.0,60,0.96,60,0.0,20,,,,,sym,5,0.95,,10,,,,,14,75,,,,,,1.0,1.0,0.35595576176036925,-0.42126878400576884,1.024092268576354,0.844961163216629,0.5116605959445601,-0.40370125768175524,1.0552691095601103,1.2674238343540438,0.41657629988666556,-0.42126878400576884,1.034959150512075,0.9888610685214241,5.9850712508482244,0.40378961683823456,0.3313729925356254,0.6455553042298122,0.023071703234562316,B-vote,0.7,0.65,0.7,True
vote,100,0.0,60,0.96,60,0.0,20,,,,,sym,5,0.95,-0.1,10,,,,,14,75,,,,,,0.5,0.7,0.1843623818602229,-0.2305070563108067,1.0173353493989459,0.7998123129542546,0.2741020520000146,-0.21330143740247498,1.0247117879607792,1.2850454986987074,0.2190714239572371,-0.2305070563108067,1.0176041648068326,0.9503892308695737,5.9850712508482244,0.20261892065531967,0.3313729925356254,0.6455553042298122,0.023071703234562316,B-vote,0.7,0.65,0.7,True
vote,100,0.0,60,0.96,60,0.0,20,,,,,sym,5,0.95,-0.1,10,,,,,14,75,,,,,,0.5,1.0,0.18260536945311134,-0.23050705631080615,1.0063948579956012,0.792189932818776,0.262035485966555,-0.21330143740247476,0.976578075859233,1.228475012440375,0.21361316838583688,-0.23050705631080615,0.9897884724333769,0.9267098882118808,5.9850712508482244,0.2040793998269604,0.3313729925356254,0.6455553042298122,0.023071703234562316,B-vote,0.7,0.65,0.7,True
vote,100,0.0,60,0.96,60,0.0,20,,,,,sym,5,0.95,-0.1,10,,,,,14,75,,,,,,0.55,0.7,0.20239651488502686,-0.25132834820920513,1.0195300809983185,0.8053071463174241,0.3006024617841019,-0.23384253871548044,1.0345762622332828,1.2854909266523538,0.2403600000098174,-0.25132834820920513,1.023233423742364,0.9563584916801438,5.9850712508482244,0.22260427173039238,0.3313729925356254,0.6455553042298122,0.023071703234562316,B-vote,0.7,0.65,0.7,True
vote,100,0.0,60,0.96,60,0.0,20,,,,,sym,5,0.95,-0.1,10,,,,,14,75,,,,,,0.55,1.0,0.2006129239106067,-0.251328348209205,1.0098303853684105,0.7982104897439467,0.2882851163187874,-0.2338425387154801,0.9914591602697405,1.2328172534491186,0.2348066104852895,-0.251328348209205,0.9984406717434519,0.934262339120763,5.9850712508482244,0.22393536011967963,0.3313729925356254,0.6455553042298122,0.023071703234562316,B-vote,0.7,0.65,0.7,True
vote,100,0.0,60,0.96,60,0.0,20,,,,,sym,5,0.95,-0.1,10,,,,,14,75,,,,,,0.6,0.7,0.2203173725287053,-0.27175364143594827,1.02132179031058,0.8107246378173506,0.3269087711432983,-0.2540526290548475,1.042687538789526,1.286775784842289,0.2615038513150023,-0.27175364143594827,1.027845898481947,0.9622827864723873,5.9850712508482244,0.2426108708037811,0.3313729925356254,0.6455553042298122,0.023071703234562316,B-vote,0.7,0.65,0.7,True
vote,100,0.0,60,0.96,60,0.0,20,,,,,sym,5,0.95,-0.1,10,,,,,14,75,,,,,,0.6,1.0,0.2185073755781044,-0.2717536414359455,1.0126208118508495,0.804064204709501,0.3143424917641675,-0.25405262905484705,1.0036846059298346,1.2373124928233061,0.2558559813916037,-0.2717536414359455,1.00550947528307,0.9414997349793048,5.9850712508482244,0.24383360647086322,0.3313729925356254,0.6455553042298122,0.023071703234562316,B-vote,0.7,0.65,0.7,True
vote,100,0.0,60,0.96,60,0.0,20,,,,,sym,5,0.95,-0.1,10,,,,,14,75,,,,,,0.65,0.7,0.23811147825600298,-0.29178493867777866,1.0228111994054627,0.8160512990663721,0.3529861095478368,-0.2739303078466869,1.0494703595010728,1.288598228953168,0.28248246178853775,-0.29178493867777866,1.031691764394644,0.9681187215097701,5.9850712508482244,0.26263386210878925,0.3313729925356254,0.6455553042298122,0.023071703234562316,B-vote,0.7,0.65,0.7,True
vote,100,0.0,60,0.96,60,0.0,20,,,,,sym,5,0.95,-0.1,10,,,,,14,75,,,,,,0.65,1.0,0.23627526783223174,-0.29178493867777855,1.0149297198335892,0.8097582723183434,0.3401730718786502,-0.27393030784668726,1.0138950118201195,1.241823420535991,0.2767408567758245,-0.29178493867777855,1.0113864600794706,0.948441197924313,5.9850712508482244,0.26376456894682415,0.3313729925356254,0.6455553042298122,0.023071703234562316,B-vote,0.7,0.65,0.7,True
vote,100,0.0,60,0.96,60,0.0,20,,,,,sym,5,0.95,-0.1,10,,,,,14,75,,,,,,0.7,0.7,0.2557652390867664,-0.3114244271183423,1.0240682627406852,0.8212754582336432,0.3787991643746482,-0.2934744296949925,1.0552235600595394,1.290739928409891,0.3032751029894878,-0.3114244271183423,1.0349459141084039,0.973832097230582,5.9850712508482244,0.28266976222200896,0.3313729925356254,0.6455553042298122,0.023071703234562316,B-vote,0.7,0.65,0.7,True
vote,100,0.0,60,0.96,60,0.0,20,,,,,sym,5,0.95,-0.1,10,,,,,14,75,,,,,,0.7,1.0,0.25390302777022034,-0.31142442711834273,1.0168702486292656,0.8152958010379064,0.3657418783115274,-0.2934744296949926,1.0225430271689082,1.2462478543416617,0.29744060089170454,-0.31142442711834273,1.0163454103901544,0.9550972081540532,5.9850712508482244,0.28372135286805444,0.3313729925356254,0.6455553042298122,0.023071703234562316,B-vote,0.7,0.65,0.7,True
vote,100,0.0,60,0.96,60,0.0,20,,,,,sym,5,0.95,-0.1,10,,,,,14,75,,,,,,0.75,0.7,0.27318423108355705,-0.33067447190748,1.024907805866821,0.8261424884349456,0.40424852995051386,-0.31268409967496436,1.0600368020566513,1.292833663018781,0.3237858502078814,-0.33067447190748,1.0375489389452064,0.9791679664297582,5.9850712508482244,0.302715100692586,0.3313729925356254,0.6455553042298122,0.023071703234562316,B-vote,0.7,0.65,0.7,True
vote,100,0.0,60,0.96,60,0.0,20,,,,,sym,5,0.95,-0.1,10,,,,,14,75,,,,,,0.75,1.0,0.2713769805033286,-0.3306744719074787,1.0185229995727696,0.8206771418969975,0.39101356048886315,-0.312684099674964,1.0299568139459219,1.2505066963600733,0.31793439450890504,-0.3306744719074787,1.0205831085072157,0.9614724495511154,5.9850712508482244,0.30369886790917283,0.3313729925356254,0.6455553042298122,0.023071703234562316,B-vote,0.7,0.65,0.7,True
vote,100,0.0,60,0.96,60,0.0,20,,,,,sym,5,0.95,-0.1,10,,,,,14,75,,,,,,0.8,0.7,0.2904332654787425,-0.3495468113026736,1.025631134872547,0.8308851807183429,0.4293597148588577,-0.3315586684715971,1.0642121328704524,1.2949735768879127,0.34406640617824946,-0.3495468113026736,1.039801793615867,0.9843213986018066,5.9850712508482244,0.3227688498505711,0.3313729925356254,0.6455553042298122,0.023071703234562316,B-vote,0.7,0.65,0.7,True
vote,100,0.0,60,0.96,60,0.0,20,,,,,sym,5,0.95,-0.1,10,,,,,14,75,,,,,,0.8,1.0,0.28868336386422566,-0.3495468113026742,1.0199468649738719,0.8258789796661982,0.4159524639526604,-0.3315586684715972,1.0363796617169394,1.254536537591062,0.33820126378682347,-0.3495468113026742,1.0242443988684427,0.9675421226886074,5.9850712508482244,0.323693275679008,0.3313729925356254,0.6455553042298122,0.023071703234562316,B-vote,0.7,0.65,0.7,True
vote,100,0.0,60,0.96,60,0.0,20,,,,,sym,5,0.95,-0.1,10,,,,,14,75,,,,,,0.85,0.7,0.3074985241882404,-0.3680448513266038,1.0262606021447416,0.8354919871311162,0.4540965426810999,-0.3500977273722856,1.0678676511895524,1.2970565278712147,0.36409562242065396,-0.3680448513266038,1.0417702077696347,0.9892697075051723,5.9850712508482244,0.34282953375440267,0.3313729925356254,0.6455553042298122,0.023071703234562316,B-vote,0.7,0.65,0.7,True
vote,100,0.0,60,0.96,60,0.0,20,,,,,sym,5,0.95,-0.1,10,,,,,14,75,,,,,,0.85,1.0,0.30580834351115427,-0.3680448513266047,1.021185826477675,0.8308996645622915,0.44052270119030434,-0.3500977273722852,1.04199550842473,1.2582849494531665,0.35822011004532284,-0.3680448513266047,1.027438128192896,0.9733055869525985,5.9850712508482244,0.3437016280507823,0.3313729925356254,0.6455553042298122,0.023071703234562316,B-vote,0.7,0.65,0.7,True
vote,100,0.0,60,0.96,60,0.0,20,,,,,sym,5,0.95,-0.1,10,,,,,14,75,,,,,,0.9,0.7,0.32436613581478424,-0.38616259415852694,1.0268132119480078,0.8399729562662558,0.47842268205792915,-0.36830110312222686,1.071094155162873,1.2989987757358321,0.3838522605511485,-0.38616259415852694,1.043504517382994,0.9940171998988852,5.9850712508482244,0.3628960023595249,0.3313729925356254,0.6455553042298122,0.023071703234562316,B-vote,0.7,0.65,0.7,True
vote,100,0.0,60,0.96,60,0.0,20,,,,,sym,5,0.95,-0.1,10,,,,,14,75,,,,,,0.9,1.0,0.32273802841049126,-0.3861625941585253,1.0222733629158185,0.8357568373854529,0.464688224796191,-0.36830110312222664,1.0469458464424453,1.2617073933714957,0.3779697403853213,-0.3861625941585253,1.0302475924255834,0.9787839270371156,5.9850712508482244,0.36372162375114475,0.3313729925356254,0.6455553042298122,0.023071703234562316,B-vote,0.7,0.65,0.7,True
vote,100,0.0,60,0.96,60,0.0,20,,,,,sym,5,0.95,-0.1,10,,,,,14,75,,,,,,0.95,0.7,0.34102219151987545,-0.40390290049074484,1.027302121236891,0.8443172631479772,0.5023017227351887,-0.3861688526513758,1.0739625646523305,1.3007308054144255,0.40331502385163276,-0.40390290049074484,1.04504390226102,0.9985445099839645,5.9850712508482244,0.3829673463582111,0.3313729925356254,0.6455553042298122,0.023071703234562316,B-vote,0.7,0.65,0.7,True
vote,100,0.0,60,0.96,60,0.0,20,,,,,sym,5,0.95,-0.1,10,,,,,14,75,,,,,,0.95,1.0,0.3394584866782995,-0.40390290049074407,1.0232353897745858,0.840445776115635,0.48841290279506255,-0.38616885265137635,1.051341202837371,1.2647651395023036,0.3974288991090511,-0.40390290049074407,1.0327375670736336,0.9839713917037313,5.9850712508482244,0.38375144051591425,0.3313729925356254,0.6455553042298122,0.023071703234562316,B-vote,0.7,0.65,0.7,True
vote,100,0.0,60,0.96,60,0.0,20,,,,,sym,5,0.95,-0.1,10,,,,,14,75,,,,,,1.0,0.7,0.3574527612285998,-0.4212687840057687,1.0277376640530633,0.84851471269636,0.5256972535867448,-0.40370125768175513,1.0765290561398817,1.3021937474397498,0.42246258957848104,-0.4212687840057687,1.0464193018800032,1.002833833452744,5.9850712508482244,0.4030428373741908,0.3313729925356254,0.6455553042298122,0.023071703234562316,B-vote,0.7,0.65,0.7,True
vote,100,0.0,60,0.96,60,0.0,20,,,,,sym,5,0.95,-0.1,10,,,,,14,75,,,,,,1.0,1.0,0.35595576176036925,-0.42126878400576884,1.024092268576354,0.844961163216629,0.5116605959445601,-0.40370125768175524,1.0552691095601103,1.2674238343540438,0.41657629988666556,-0.42126878400576884,1.034959150512075,0.9888610685214241,5.9850712508482244,0.40378961683823456,0.3313729925356254,0.6455553042298122,0.023071703234562316,B-vote,0.7,0.65,0.7,True
